0,smiles
0,6.242123444852196,C[C@@](N)(Cc1ccc(O)c(O)c1)C(=O)O
1,6.057865419352669,C[C@](N)(Cc1ccc(O)c(Cl)c1)C(=O)O
2,7.409586580993194,CC1(C)CC[C@]2(C(=O)OCCO)CC[C@]3(C)C(=CC[C@@H]4[C@@]5(C)CC[C@H](O)[C@@](C)(CO)[C@@H]5CC[C@]43C)[C@@H]2C1
3,7.3804645685854915,CC1(C)CC[C@]2(C(=O)OCCCO)CC[C@]3(C)C(=CC[C@@H]4[C@@]5(C)CC[C@H](O)[C@@](C)(CO)[C@@H]5CC[C@]43C)[C@@H]2C1
4,6.794317068546573,CC1(C)CC[C@]2(C(=O)O)CC[C@]3(C)C(=CC[C@@H]4[C@@]5(C)CC[C@H](O)C(C)(C)[C@@H]5CC[C@]43C)[C@@H]2C1
5,8.541425268802682,COc1cc2ncnc(C#C[C@](C)(Cc3ccccc3)N3CCC(C(=O)O)CC3)c2cc1OC
6,8.542428754254756,COc1cc2ncnc(C#CC(C)(Cc3ccccc3)N3CCC(C(=O)O)CC3)c2cc1OC
7,7.9575276317054815,COc1cc2ncnc(C#CCCc3ccccc3)c2cc1OC
8,8.445029944024936,COc1cc2ncnc(C#CC(C)(C)Cc3ccccc3)c2cc1OC
9,8.953228273059473,COc1cc2ncnc(Nc3cccc(Cl)c3F)c2cc1CN(C)[C@@H](CN(C)C)C(N)=O
10,9.038704242219795,COc1cc2ncnc(Nc3cccc(Cl)c3F)c2cc1CN(C)[C@H](C)C(N)=O
11,9.223248967219165,COc1cc2ncnc(Nc3ccc(F)c(Cl)c3)c2cc1CN(C(C)C)[C@@H](C)C(N)=O
12,9.08363705397162,COc1cc2ncnc(Nc3ccc(F)c(Cl)c3)c2cc1CN(C)[C@H](C)C(N)=O
13,8.941794183934425,COc1cc2ncnc(Nc3ccc(F)c(Cl)c3)c2cc1CN(C)[C@@H](CN(C)C)C(N)=O
14,8.999435133749005,COc1cc2ncnc(Nc3ccc(F)c(Cl)c3)c2cc1CN(C(C)C)[C@@H](C)C(=O)N(C)C
15,6.6725937415799725,C[C@H](NC(=O)[C@H](C)NC(=O)c1ccc(S(=O)(=O)Oc2ccc(Cl)cc2)cc1)C(=O)O
16,6.6419632418500925,C[C@H](NC(=O)[C@H](C)NC(=O)c1ccc(S(=O)(=O)Oc2ccc(F)cc2)cc1)C(=O)O
17,8.693374871333443,NCC#Cc1cc2c(Nc3ccc(OCc4cccc(F)c4)c(Cl)c3)ncnc2s1
18,8.565431787772742,COc1cccc(COc2ccc(Nc3ncnc4sc(C#C[C@@H](C)N)cc34)cc2Cl)c1
19,8.694279171132626,CC(C)(N)C#Cc1cc2ncnc(Nc3ccc(OCc4cccc(F)c4)c(Cl)c3)c2s1
20,8.70261906108971,NCCCCNCc1cc2ncnc(Nc3ccc(OCc4cccc(F)c4)c(Cl)c3)c2s1
21,8.543345228664665,Fc1cccc(Cn2ncc3cc(Nc4ncnn5ccc(COC[C@@H]6CNCCO6)c45)ccc32)c1
22,8.450714766152796,C[C@H](c1ccccc1)n1ncc2cc(Nc3ncnn4ccc(COC[C@@H]5CNCCO5)c34)ccc21
23,8.229435175924621,COc1cc2ncnc(N[C@@H](C)c3ccccc3)c2cc1OCCCCCCC(=O)NO
24,8.397423953644282,COc1cc2ncnc(N[C@@H](C)c3ccc(F)cc3)c2cc1OCCCCCCC(=O)NO
25,8.315213120982385,COc1cc2ncnc(N[C@@H](C)c3ccc(Cl)cc3)c2cc1OCCCCCCC(=O)NO
26,8.572348659660053,C[C@H](c1cccc(F)c1)n1ncc2cc(Nc3ncnn4ccc(COC[C@@H]5CNCCO5)c34)ccc21
27,8.467352683848857,c1ccc(Cn2ncc3cc(Nc4ncnn5ccc(COC[C@@H]6CNCCO6)c45)ccc32)nc1
28,7.023625970277333,N#C/C(=C\c1ccc(O)c(O)c1)C(=O)NC(c1ccccc1)C(F)(F)F
29,7.09036171948436,N#C/C(=C\c1ccc(O)c(O)c1)C(=O)NC(c1ccccc1)C1CC1
30,8.6593878018512,COc1ccccc1-c1cc2c(N[C@H](C)c3ccccn3)ncnc2s1
31,9.016405652141371,COc1ccccc1-c1cc2c(N[C@H](C)c3ccccc3)ncnc2s1
32,8.229435175924621,COc1cc2ncnc(N[C@H](C)c3ccccc3)c2cc1OCCCCCCC(=O)NO
33,7.606473031892263,O=c1oc2cc3ncnc(NCc4ccccc4)c3cc2n1CCCN1CCOCC1
34,7.9013058765527955,O=c1oc2cc3ncnc(Nc4ccccc4)c3cc2n1CCCN1CCOCC1
35,8.955846171578175,CC(=O)N1CCC(Oc2cc3c(Nc4ccc(Cl)c(Cl)c4F)ncnc3cc2O[C@@H](C)CC(C)C)CC1
36,9.118827594737535,CC(C)C[C@H](C)Oc1cc2ncnc(Nc3ccc(Cl)c(Cl)c3F)c2cc1OC1CCN(C(=O)CN(C)C)CC1
37,9.786082532682293,CC(C)N1C=C([C@@H](Nc2cc(C#N)c3ncc(C#N)c(NCC(C)(C)C)c3c2)c2cccc3ncccc23)NN1
38,9.483632497455389,CC(C)N1C=C([C@@H](Nc2cc(C#N)c3ncc(C#N)c(NCC(C)(C)C)c3c2)c2cccc3ncccc23)NN1C
39,9.62754449645186,CC(C)N1C=C([C@@H](Nc2cc(Cl)c3ncc(C#N)c(NCC(C)(C)C)c3c2)c2cccc3ncccc23)NN1
40,8.677710170661365,CC(C)(C)CNc1c(C#N)cnc2c(Cl)cc(N[C@@H](C3=CNNC3)c3cccnc3)cc12
41,8.920915142327607,Cn1cc([C@@H](Nc2cc(C#N)c3ncc(C#N)c(NCC(C)(C)C)c3c2)c2cccc3c(=O)n(C)ccc23)[nH]c1=O
42,8.685597061847778,CC(C)n1cc([C@@H](Nc2cc(C#N)c3ncc(C#N)c(NCC(F)(F)F)c3c2)c2cccc3c(=O)n(C)ccc23)[nH]1
43,9.82033336959531,CC(C)N1C=C([C@@H](Nc2cc(Cl)c3ncc(C#N)c(NCC(C)(C)C)c3c2)c2cccc3c(=O)n(C)ccc23)NN1
44,9.626170692052465,CC(C)N1C=C([C@@H](Nc2cc(Cl)c3ncc(C#N)c(NCC4CC4)c3c2)c2cccc3c(=O)n(C)ccc23)NN1
45,9.167523598509323,COc1nccc2c([C@H](Nc3cc(C#N)c4ncc(C#N)c(NCC(C)(C)C)c4c3)C3=CNCCN3)cccc12
46,9.584370163045952,COc1nccc2c([C@H](Nc3cc(C#N)c4ncc(C)c(NCC(C)(C)C)c4c3)C3=CN([C@@H](C)CF)NN3)cccc12
47,9.026729439332943,COc1nccc2c([C@H](Nc3cc(Cl)c4ncc(C#N)c(NCC(C)(C)C)c4c3)C3=CNCCN3)cccc12
48,8.904329791319867,COc1nccc2c([C@H](Nc3cc(Cl)c4ncc(C#N)c(NCC(C)(C)C)c4c3)C3=CN(C)CN3)cccc12
49,9.409606449642148,CN1C=C([C@@H](Nc2cc(Cl)c3ncc(C#N)c(Nc4cnc(F)c(F)c4)c3c2)c2cccnc2)NN1
50,8.356125128877927,N#Cc1cnc2c(Cl)cc(N[C@@H](C(=O)O)c3cccnc3)cc2c1Nc1cnc(F)c(F)c1
51,8.648812995556723,C[C@@H](CO)Oc1cccc2ncnc(Nc3ccc(OCc4ccccn4)c(Cl)c3)c12
52,8.648812995556723,C[C@H](CO)Oc1cccc2ncnc(Nc3ccc(OCc4ccccn4)c(Cl)c3)c12
53,6.353817113039868,C[C@@H](CN)n1nc(-c2cccc(O)c2)c2c(N)ncnc21
54,6.603483616021225,C[C@@H](CN)n1nc(-c2ccc(Cl)cc2)c2c(N)ncnc21
55,8.450933660005386,C[C@H](CO)Nc1ncnc2oc(-c3ccccc3)c(-c3cccc(NC(=O)c4ccco4)c3)c12
56,8.16344415399491,C[C@H](CO)Nc1ncnc2oc(-c3ccccc3)c(-c3cccc(NC(=O)c4ccccc4)c3)c12
57,8.273231545598417,C#CCOc1ccc(Nc2ncc(F)c(Nc3cccc(NC(=O)C=C)c3)n2)cc1F
58,7.947903204516926,CC(C)Oc1ccc(Nc2ncc(F)c(Nc3cccc(NC(=O)C4CC4)c3)n2)cc1F
59,8.22403107526491,C#CCOc1cc(Nc2ncc(F)c(Nc3cccc(NC(=O)C=C)c3)n2)ccc1Cl
60,8.574142423294628,CC(C)Oc1cc(Nc2ncc(F)c(Nc3cccc(NC(=O)CN4CCCC4)c3)n2)ccc1Cl
61,8.330602378976362,CC(C)C(=O)Nc1cccc(Nc2nc(Nc3ccc(O[C@@H](C)COC(=O)[C@@H](N)C(C)C)c(F)c3)ncc2F)c1
62,8.17492601089775,C[C@H](COC(=O)[C@@H](N)C(C)(C)C)Oc1ccc(Nc2ncc(F)c(Nc3cccc(N)c3)n2)cc1F
63,8.567951429685138,CC(C)[C@H](N)C(=O)OC[C@@H](C)Oc1cc(Nc2ncc(F)c(Nc3cccc(NC(=O)C4CC4)c3)n2)ccc1Cl
64,8.567951429685138,CC(C)[C@H](N)C(=O)OC[C@H](C)Oc1cc(Nc2ncc(F)c(Nc3cccc(NC(=O)C4CC4)c3)n2)ccc1Cl
65,9.339652890257911,COCCOc1cc2ncnc(Nc3ccc(F)c(Cl)c3)c2cc1NC(=O)/C=C/CN(C)C
66,9.234631335884107,CN(C)C/C=C/C(=O)Nc1cc2c(Nc3ccc(F)c(Cl)c3)ncnc2cc1OCCCN(C)C
67,8.706885896107929,C[C@H](COc1cc2ncnc(Nc3ccc(Br)c(Cl)c3F)c2cc1N)NC(=O)CN(C)C
68,8.781079328896178,CC(=O)Nc1cc2c(Nc3ccc(Br)c(Cl)c3F)ncnc2cc1OC[C@@H](C)NC(=O)CN(C)C
69,8.888759062693827,CC(=O)N[C@@H](C)COc1cc2ncnc(Nc3ccc(Br)cc3F)c2cc1NC(=O)CN1CCOCC1
70,8.860667845376744,CC(=O)NC(C)COc1cc2ncnc(Nc3ccc(Br)cc3F)c2cc1NC(=O)CN1CCCC1
71,8.602028275607053,CN(CCO)CCOc1cccc2ncnc(Nc3ccc(OCc4ccccn4)c(Cl)c3)c12
72,8.697166500287711,C[C@@H](Oc1cccc2ncnc(Nc3ccc(OCc4ccccn4)c(Cl)c3)c12)C(=O)N(C)CCO
73,7.159765828608802,CNC(=O)C1(c2ccc(Nc3nc(N4CCC[C@@H](NC(=O)OC)[C@H]4C)cnc3C(N)=O)cc2)CC1
74,7.159765828608802,CNC(=O)C1(c2ccc(Nc3nc(N4CCC[C@H](NC(=O)OC)[C@H]4C)cnc3C(N)=O)cc2)CC1
75,7.318809451184674,CNC(=O)N[C@H]1CCCN(c2cnc(C(N)=O)c(Nc3ccc(C4(C#N)CC4)cc3)n2)[C@H]1C
76,7.416989354721103,C[C@@H]1[C@H](NC(=O)N2CCOCC2)CCCN1c1cnc(C(N)=O)c(Nc2ccc(C3(C#N)CC3)cc2)n1
77,7.513653287682346,CNC(=O)N[C@H]1CCCN(c2cnc(C(N)=O)c(Nc3ccc(C4(C)CCN(C(=O)OC(C)(C)C)CC4)cc3)n2)C1
78,7.620322608261118,C[C@@H]1[C@H](NC(=O)C2CC2)CCCN1c1cnc(C(N)=O)c(Nc2ccc(C3(C)CCN(C(=O)OC(C)(C)C)CC3)cc2)n1
79,7.6144974075332295,C[C@@H]1[C@H](NC(=O)C2CC2)CCCN1c1cnc(C(N)=O)c(Nc2ccc(C3(C)CCN(C4CC4)CC3)cc2)n1
80,7.583526234698974,C[C@@H]1[C@H](NC(=O)N2CCOCC2)CCCN1c1cnc(C(N)=O)c(Nc2ccc(C3(C)CCN(C)CC3)cc2)n1
81,7.181698450462531,C[C@@H]1[C@H](NC(=O)N(C)C)CCCN1c1cnc(C(N)=O)c(Nc2ccc(C3(C)CCNCC3)cc2)n1
82,7.338962423013083,C[C@@H]1[C@H](N2CCN(C)C2=O)CCCN1c1cnc(C(N)=O)c(Nc2ccc(C3(C)CCNCC3)cc2)n1
83,7.722705004190573,C[C@@H]1[C@H](N2CCN(C)C2=O)CCCN1c1cnc(C(N)=O)c(Nc2ccc(C3(C(F)F)CCN(C)CC3)cc2)n1
84,7.469084285468891,C[C@@H]1[C@H](NC(=O)C2CC2)CCCN1c1cnc(C(N)=O)c(Nc2ccc(C3CCN(C)CC3)cc2)n1
85,7.416759153549445,C[C@@H]1[C@H](NC(=O)N2CCOCC2)CCCN1c1cnc(C(N)=O)c(Nc2ccc(C3CCN(C)CC3)cc2)n1
86,7.880651926760488,C[C@@H]1[C@H](N2CCCN(C)C2=O)CCCN1c1cnc(C#N)c(Nc2ccc(N3CCN(C)CC3)cc2)n1
87,7.580879824199038,C[C@@H]1[C@H](N2CCCN(C)C2=O)CCCN1c1cnc(C#N)c(Nc2ccc(C3CCN(CCO)CC3)cc2)n1
88,11.202155656511058,COc1cccc(-c2cc3c(-c4cn([C@H]5CCO[C@@H]5C)nc4-c4ccc(F)cc4)ncnc3o2)c1
89,11.64523889230703,C[C@H]1OCC[C@@H]1n1cc(-c2ncnc3oc(-c4ccc(O)cc4)cc23)c(-c2ccc(F)cc2)n1
90,9.407326653686342,C[C@@H]1[C@@H](CS(C)(=O)=O)CN1c1cccc2cnc(Nc3ccnc(-c4cnn(S(=O)(=O)C5CC5)c4)n3)cc12
91,8.984580819739389,C[C@@H]1[C@@H](CS(C)(=O)=O)CN1c1cccc2cnc(Nc3ccnc(-c4cnn(S(C)(=O)=O)c4)c3)nc12
92,9.528165459334994,CO[C@@H]1[C@H](O)CN(c2nccc(Nc3cc4c(C(C)C)ccc(N5CC(C)(O)C5)c4cn3)n2)CC1(F)F
93,9.561391656703735,CC(C)c1ccc(N2C[C@@H](C)N[C@@H](C)C2)c2cnc(Nc3ccnc(N4CC[C@@](C)(O)[C@@H](F)C4)n3)cc12
94,9.724602507526285,CC(C)c1ccc(N2C[C@@H](C)O[C@@H](C)C2)c2cnc(Nc3ccnc(N4CC[C@@](C)(O)[C@@H](F)C4)n3)cc12
95,9.524404144841911,CC(C)c1ccc(N2C[C@@H](C)N[C@@H](C)C2)c2cnc(Nc3ccnc(N4CC[C@@H](O)[C@@](C)(F)C4)n3)cc12
96,9.694320473740206,CC(C)c1ccc(N2C[C@@H](C)O[C@@H](C)C2)c2cnc(Nc3ccnc(N4CC[C@@H](O)[C@@](C)(F)C4)n3)cc12
97,8.570634940082996,CC(C)c1ccc(N2C[C@H](O)[C@H]2C)c2cnc(Nc3ccnc(N4CCN(C)CC4)n3)cc12
98,8.72046775186599,CC(C)c1ccc(N2C[C@H](O)[C@H]2C)c2cnc(Nc3ccnc(N4CCC(C)(O)CC4)n3)cc12
99,9.314474980144876,C[C@@H]1[C@@H](NS(C)(=O)=O)CN1c1cccc2cc(Nc3ccnc(N4CCC(O)C(F)C4)n3)ncc12
100,9.36694937086252,C[C@@H]1[C@@H](NS(C)(=O)=O)CN1c1ccc(Cl)c2cc(Nc3ccnc(N4CCC(O)C(F)C4)n3)ncc12
101,8.474342329381791,CC(C)c1ncc(N2C[C@H](O)[C@H]2C)c2cnc(Nc3ccnc(N4CCN(C)CC4)n3)cc12
102,8.693870441135584,CC(C)c1ncc(N2C[C@H](O)[C@H]2C)c2cnc(Nc3ccnc(N4CCC(C)(O)CC4)n3)cc12
103,9.702421230964552,CC(C)c1cnc(N2CC[C@@H](O)C2)c2cnc(Nc3ccnc(N4CC[C@@H](O)[C@@](C)(F)C4)n3)cc12
104,9.680087120987803,CC(C)c1cnc(N2C[C@@H](C)N[C@@H](C)C2)c2cnc(Nc3ccnc(N4CC[C@@H](O)[C@@](C)(F)C4)n3)cc12
105,8.445715611318706,CC(C)c1cnc(N2C[C@H](O)[C@H]2C)c2cnc(Nc3ccnc(N4CCN(C)CC4)n3)cc12
106,8.630084748997302,CC(C)c1cnc(N2C[C@H](O)[C@H]2C)c2cnc(Nc3ccnc(N4CCC(C)(O)CC4)n3)cc12
107,9.12980347945721,COc1cc2ncnc(Nc3ccc(F)c(Cl)c3)c2cc1NC(=O)[C@@H]1COC(=O)N1
108,8.781283914872041,COc1cc2ncnc(Nc3ccc(F)c(Cl)c3)c2cc1NC(=O)[C@@H]1CCC(=O)N1
109,7.295795317316694,C[C@@H]1[C@@H]2CN(c3nc(Nc4cnn(C)c4)ncc3F)C[C@]12NC(=O)C1CCC1
110,7.3293221378890525,C[C@@H]1[C@@H]2CN(c3nc(Nc4cnn(C)c4)ncc3F)C[C@]12NC(=O)C1CCCC1
111,12.076800426777682,C[C@@H]1C[C@H](n2cc(-c3ncnc4oc(-c5ccc(F)cc5)cc34)c(-c3ccccc3)n2)CN1S(C)(=O)=O
112,11.391925279617077,C[C@@H]1C[C@H](n2cc(-c3ncnc4oc(-c5ccccc5)cc34)c(-c3ccc(F)cc3)n2)CN1
113,12.145834940915508,C[C@@H]1C[C@H](n2cc(-c3ncnc4oc(-c5ccccc5)cc34)c(-c3ccc(F)cc3)n2)CN1S(C)(=O)=O
114,12.145834940915508,C[C@H]1C[C@@H](n2cc(-c3ncnc4oc(-c5ccccc5)cc34)c(-c3ccc(F)cc3)n2)CN1S(C)(=O)=O
115,10.43541228851895,Cc1cc2cc(n1)-c1cnn(C)c1OCCCCCn1c(nc3ccc(CN4CCN(C)CC4)cc31)NC2=O
116,10.329694601806485,Cc1cc2cc(n1)-c1cnn(C)c1OCCCCCn1c(nc3ccc(CN4CCOCC4)cc31)NC2=O
117,9.972779336854817,Cc1cc2cc(n1)-c1cnn(C)c1OCCCCCn1c(nc3ccccc31)NC2=O
118,9.289936257612867,COc1cc2cc(n1)-c1cnn(C)c1OCCC[C@@H](C)Cn1c(nc3ccccc31)NC2=O
119,9.355374331863787,Cc1cc2cc(n1)-c1cnn(C)c1OCCC[C@@H](C)CN1C(=O)N=C1Cc1ccc(NC3CCN(C)CC3)cc1-2
120,9.013865076817906,Cc1cc2cc(n1)-c1cnn(C)c1OCCC[C@@H](C)CN1C(=O)N=C1Cc1cc(CC3COC3)ccc1-2
121,10.007603680756779,Cc1cc2cc(n1)-c1cnn(C3CC3)c1OCCn1c(nc3ccc(N4CCOCC4)cc31)NC2=O
122,10.383934879723714,Cc1cc2cc(n1)-c1cnn(C3CC3)c1OCCCCn1c(nc3ccc(N4CC[C@H](O)C4)cc31)NC2=O
123,10.55665024737134,Cc1cc2cc(n1)-c1cnn(C3CC3)c1OCCCCCn1c(nc3ccc(NCCN(C)C)cc31)NC2=O
124,9.703423952953676,Cc1cc2cc(n1)-c1cnn(C3CC3)c1OCCC[C@@H](C)Cn1c(nc3ccc(C(=O)O)cc31)NC2=O
125,9.825887057654949,Cc1cc2cc(n1)-c1cnn(C3CC3)c1OCCC[C@@H](C)Cn1c(nc3cc(F)ccc31)NC2=O
126,10.458687024806466,Cc1cc2cc(n1)-c1cnn(C3CC3)c1OCCC[C@@H](C)Cn1c(nc3cc(NCCO)ccc31)NC2=O
127,10.597491132753861,Cc1cc2cc(n1)-c1cnn(C3CC3)c1OCCCCCn1c(nc3cc(NCC4COCCO4)ccc31)NC2=O
128,10.868468559078135,Cc1cc2cc(n1)-c1cnn(C3CC3)c1OCCCCn1c(nc3cc(NC4CCN(C)CC4)ccc31)NC2=O
129,10.291850197898029,Cc1cc2cc(n1)-c1cnn(C3CC3)c1OCCn1c(nc3cc(NC4CCN(C)CC4)ccc31)NC2=O
130,10.578938500673164,Cc1cc2cc(n1)-c1cnn(C3CC3)c1OCCCCn1c(nc3cc(NCCN4CCOCC4)ccc31)NC2=O
131,10.243573517355745,Cc1cc2cc(n1)-c1cnn(C3CC3)c1OCCn1c(nc3cc(NCCN4CCOCC4)ccc31)NC2=O
132,8.382498695353473,CC(C)c1ncc(N2CC[C@H]2C)c2cnc(Nc3ccnc(N4CCN(C)CC4)n3)cc12
133,8.32567096116192,CC(C)c1ncc(N2CC[C@H]2C)c2cnc(Nc3ccnc(N4CCC(O)CC4)n3)cc12
134,8.383894032520434,CC(C)c1cnc(N2CC[C@H]2C)c2cnc(Nc3ccnc(N4CCN(C)CC4)n3)cc12
135,8.274329695385727,CC(C)c1cnc(N2CC[C@H]2C)c2cnc(Nc3ccnc(N4CCC(O)CC4)n3)cc12
136,8.295066057988564,CC(C)c1nnc(N2CC[C@H]2C)c2cnc(Nc3ccnc(N4CCN(C)CC4)n3)cc12
137,8.281449866397976,CC(C)c1nnc(N2CC[C@H]2C)c2cnc(Nc3ccnc(N4CCC(O)CC4)n3)cc12
138,9.473363384365246,Cc1c(C(=O)N2C[C@@H](C)N[C@@H](C)C2)n(C)c2cc(-n3ncc4c(-c5cnn(C)c5)cc(Cl)nc43)n(C)c12
139,9.15615951595099,Cc1c(C(=O)N2C[C@@H](C)N[C@@H](C)C2)n(C)c2cc(-n3ncc4c(-c5cnn(C)c5)cc(Cl)cc43)n(C)c12
140,8.533704158540136,C[C@@H]1CN(C/C=C/C(=O)Nc2cccc(Nc3ncc(F)c(Nc4ccccc4)n3)c2)C[C@H](C)N1
141,8.58767933000099,C[C@@H]1CN(C/C=C/C(=O)Nc2cccc(Nc3ncc(F)c(Nc4cccc(Cl)c4)n3)c2)C[C@H](C)N1
142,8.605973246139081,COc1cc(N2CCN(C)CC2)ccc1Nc1ncc(Cl)c(Nc2ccccc2NS(C)(=O)=O)n1
143,9.89825564144968,COc1cc(N2CCC(N3CCNCC3)CC2)ccc1Nc1ncc(Cl)c(Nc2ccccc2NS(C)(=O)=O)n1
144,8.436882915735998,COc1cc(-n2cc(CO)nn2)ccc1Nc1ncc(Cl)c(Nc2ccccc2S(=O)(=O)C(C)C)n1
145,8.327771182056823,COc1cc(-n2cc(CN3CCN(C)CC3)nn2)ccc1Nc1ncc(Cl)c(Nc2ccccc2S(=O)(=O)C(C)C)n1
146,8.745393872008718,O=C1CCc2c(Oc3ccc4c(c3)[C@@H]3[C@@H]5NC(=O)C4=CC=C(CN4CCOCC4)C(C(F)(F)F)=CO[C@H]53)ccnc2N1
147,8.922883511479805,COc1cc2ncnc(N(C)c3cccc(Cl)c3F)c2cc1OC(=O)N1CCN(C)C[C@H]1C
148,7.703215247365238,COc1cc2c(cc1OC(=O)N1CCN(C)CC1)-c1cc(OC)c(F)c(ncn1)-n-2C(=O)C1CC1
149,9.074936387238575,COc1cc2ncnc(Nc3ccc(Cl)c(Cl)c3F)c2cc1OC(=O)N1CCN(C(=O)C2CC2)C[C@H]1C
150,8.93332787166574,COc1cc2ncnc(Nc3ccc(Cl)c(Cl)c3F)c2cc1OC(=O)N1CCN(C(=O)C(C)(C)N)C[C@H]1C
151,9.112605449105972,COc1cc2ncnc(Nc3ccc(Cl)c(Cl)c3F)c2cc1OC(=O)N1CCN(C(C)=O)C[C@H]1C
152,9.06563565972957,COc1cc2ncnc(Nc3ccc(Cl)c(Cl)c3F)c2cc1OC(=O)N1CCN(C(=O)C(C)C)C[C@H]1C
153,9.16788990881229,COc1cc2ncnc(Nc3cccc(Cl)c3F)c2cc1OC(=O)N1CCN(C)[C@@H](C)C1
154,9.179979227352026,COc1cc2ncnc(Nc3cccc(Cl)c3F)c2cc1OC(=O)N1CCN(C)C2CC21
155,8.920776295575278,COc1cc2ncnc(Nc3cccc(Cl)c3F)c2cc1OC(=O)N1CCN(C(C)=O)CC1
156,8.926079121718868,COc1cc2ncnc(Nc3cccc(Cl)c3F)c2cc1OC(=O)N1CCN(C(=O)C2CC2)C[C@H]1C
157,9.173723452714217,COc1cc2ncnc(Nc3cccc(Cl)c3F)c2cc1OC(=O)N1CCN(C)C[C@@H]1C
158,8.206983607886064,C=CC(=O)Nc1cccc(Nc2nc3c(c(Nc4ccc(N5CCN(C)CC5)cc4)n2)C(=O)NC3)c1
159,8.282414491974244,C=CC(=O)Nc1cccc(Nc2nc3c(c(Nc4ccc(N5CCN(C(C)C)CC5)cc4)n2)C(=O)NC3)c1
160,8.630335794073366,C[C@@H]1CN(c2nnc(C(F)(F)F)o2)CCN1c1ncc(OCc2ccc(CS(C)(=N)=O)cc2F)cn1
161,7.950789849653943,C[C@@H]1CN(c2nc(C(F)(F)F)no2)CCN1c1ncc(OCc2ccc(S(C)(=O)=O)cc2)cn1
162,8.716216387037528,Clc1cc(Nc2ncnc3ccc(NC4=NCCO4)cc23)ccc1OCc1nccs1
163,8.674900264522982,C[C@@H]1COC(Nc2ccc3ncnc(Nc4ccc(OCc5ccncn5)c(Cl)c4)c3c2)=N1
164,9.201164454262331,COc1cc2ncnc(Nc3cccc(Cl)c3F)c2cc1CN(C(C)C)[C@@H](C)C(N)=O
165,8.574331912441975,CNC(=O)[C@@H](C)Oc1cccc2ncnc(Nc3ccc(OCc4ccccn4)c(Cl)c3)c12
166,8.677386783765163,C[C@@H](Oc1cccc2ncnc(Nc3ccc(OCc4ccccn4)c(Cl)c3)c12)C(=O)N1CCOCC1
167,8.600529856018726,C[C@@H](Oc1cccc2ncnc(Nc3ccc4c(cnn4Cc4cccc(F)c4)c3)c12)C(=O)N(C)C
168,8.474409180655371,C[C@H](Oc1cccc2ncnc(Nc3ccc4c(cnn4Cc4ccccn4)c3)c12)C(=O)N(C)C
169,9.071533600816316,COc1cc2ncnc(Nc3cccc(Cl)c3F)c2cc1CN(C)C1(C(N)=O)CN(C)C1
170,8.592829483398896,C[C@@H](Oc1cccc2ncnc(Nc3ccc4c(cnn4Cc4ccccn4)c3)c12)C(=O)N1CCOCC1
171,8.592829483398896,C[C@H](Oc1cccc2ncnc(Nc3ccc4c(cnn4Cc4ccccn4)c3)c12)C(=O)N1CCOCC1
172,7.941198495174149,CC(Oc1cc(-c2cnn(C3CCNCC3)c2)cnc1N)c1c(Cl)ccc(F)c1Cl
173,8.068630612790896,CC(Oc1cc(-c2cnn(C3CCN(C(=O)N(C)C)CC3)c2)cnc1N)c1c(Cl)ccc(F)c1Cl
174,8.450714766152796,C[C@@H](c1ccccc1)n1ncc2cc(Nc3ncnn4ccc(COC[C@@H]5CNCCO5)c34)ccc21
175,9.01624446510444,COc1ccc(-c2cc3c(N[C@H](C)c4ccccc4)ncnc3o2)cc1
176,8.86556135999247,COc1ccc(-c2cc3c(N[C@H](C)c4ccc(F)cc4)ncnc3o2)cc1
177,9.01624446510444,COc1ccc(-c2cc3c(N[C@@H](C)c4ccccc4)ncnc3o2)cc1
178,8.211729181745353,COc1ccc([C@@H](C)Nc2ncnc3sc(Br)cc23)cc1
179,8.211729181745353,COc1ccc([C@H](C)Nc2ncnc3sc(Br)cc23)cc1
180,9.01148489708327,COc1ccccc1-c1cc2c(NC(C)c3ccccc3)ncnc2s1
181,8.363360316473015,C[C@@H](Nc1ncnc2ccc(-c3cnc(N)c(NS(C)(=O)=O)c3)cc12)c1ccc(F)cc1
182,8.51822308335562,C[C@@H](Nc1ncnc2ccc(-c3cnc(Cl)c(NS(C)(=O)=O)c3)cc12)c1ccc(Cl)cc1
183,8.686515829670165,C[C@@H](Nc1ncnc2[nH]c(-c3ccc(Br)cc3)cc12)c1ccccc1
184,8.71440977687947,C[C@@H](Nc1ncnc2[nH]c(-c3ccc(F)cc3)cc12)c1ccc(F)cc1
185,8.913643569637065,C[C@@H](Nc1ncnc2[nH]c(-c3ccc(C#N)cc3)cc12)c1ccccc1
186,9.015046643742494,C[C@@H](Nc1ncnc2[nH]c(-c3ccc(F)cc3)cc12)c1ccccc1
187,8.30746544623579,C[C@@H](Nc1ncnc2[nH]c(-c3ccc(Br)cc3)cc12)c1ccc(Br)cc1
188,8.393714174845163,C[C@@H](Nc1ncnc2[nH]c(-c3ccc(OCCCCC(=O)NO)cc3)cc12)c1ccc(F)cc1
189,8.149396060120544,C[C@@H](Nc1ncnc2[nH]c(-c3ccc(OCCCCCC(=O)NO)cc3)cc12)c1ccccc1
190,8.744665743782079,C[C@@H](Nc1ncnc2[nH]c(-c3ccc(C#N)cc3)cc12)c1ccc(F)cc1
191,9.450282640796672,C[C@@H](Nc1ncnc2[nH]c(-c3ccc(CO)cc3)cc12)c1ccccc1
192,9.112620905800197,C[C@@H](c1ccccc1)N(C)c1ncnc2[nH]c(-c3ccc(CO)cc3)cc12
193,8.572348659660053,C[C@@H](c1cccc(F)c1)n1ncc2cc(Nc3ncnn4ccc(COC[C@@H]5CNCCO5)c34)ccc21
194,7.650655545259972,C[C@H](NC(=O)/C(C#N)=C/c1ccc(O)c(O)c1)c1ccccc1
195,8.153680505832696,COCCC(=O)Nc1cccc(-c2c(-c3ccccc3)oc3ncnc(N[C@H](C)c4ccccc4)c23)c1
196,7.972249443039543,C[C@@H](Nc1ncnc2oc(-c3ccccc3)c(-c3cccc(N)c3)c12)c1ccccc1
197,8.323264913805218,C[C@@H](Nc1ncnc2oc(-c3ccccc3)c(-c3ccoc3)c12)c1ccccc1
198,8.071006884635713,C[C@@H](Nc1ncnc2oc(-c3ccccc3)c(-c3ccc(O)cc3)c12)c1ccccc1
199,8.443353952289545,C[C@@H](Nc1c(C#N)cnc2c(Cl)cc(N[C@H](C3=CN(C)CC3)c3cccnc3)cc12)c1ccccc1
200,8.662007371979755,C[C@@H](Nc1c(C#N)cnc2c(Cl)cc(N[C@H](C3=CNNC3)c3cccnc3)cc12)c1ccccc1
201,8.489549759479843,C[C@@H](Nc1c(C#N)cnc2c(Cl)cc(N[C@H](C3=CCN(C)CC3)c3cccnc3)cc12)c1ccccc1
202,8.798430085389677,CC(C)Nc1c(C#N)cnc2c(Cl)cc(N[C@H](C3=CNNC3)c3csc4c3CCN(C)C4)cc12
203,9.157715715758156,COCCN1CCc2c([C@H](Nc3cc(Cl)c4ncc(C#N)c(N[C@H](C)c5ccccc5)c4c3)C3=CNNC3)csc2C1
204,7.822797875010174,CC(=O)Nc1cc(-c2ccc3ncc(C#N)c(N[C@H](C)c4ccccc4)c3c2)cnc1Cl
205,8.068358097940386,C[C@@H](Nc1c(C#N)cnc2ccc(-c3cnc(Cl)c(NC(=O)C4CC4)c3)cc12)c1ccccc1
206,7.809050390863983,C[C@@H](Nc1c(C#N)cnc2ccc(-c3ccc(N)nc3)cc12)c1ccccc1
207,8.022097318918732,C[C@@H](Nc1c(C#N)cnc2ccc(-c3cnc(N)nc3)cc12)c1ccc(F)cc1
208,8.685198899933713,C[C@@H](Nc1ncnc2oc(-c3ccc(Br)cc3)cc12)c1ccccc1
209,8.293425885684089,C[C@@H](Nc1ncnc2oc(-c3cccc([N+](=O)[O-])c3)cc12)c1ccccc1
210,8.812076906610178,C[C@@H](Nc1ncnc2oc(-c3ccccc3)cc12)c1ccccc1
211,8.830972302403971,C[C@@H](Nc1ncnc2oc(-c3cccc(O)c3)cc12)c1ccccc1
212,8.814279308296863,C[C@@H](Nc1ncnc2oc(-c3ccc(O)cc3)cc12)c1ccccc1
213,8.672219308333712,C[C@@H](Nc1ncnc2oc(-c3ccc(F)cc3)cc12)c1ccccc1
214,8.67127578482847,C[C@@H](Nc1ncnc2oc(-c3ccc(C#N)cc3)cc12)c1ccccc1
215,8.973024175705126,C[C@@H](Nc1ncnc2oc(-c3ccc(NCCN4CCCC4)cc3)cc12)c1ccccc1
216,8.565019657022887,C[C@@H](Nc1ncnc2oc(-c3ccc(OCCN4CCCCC4)cc3)cc12)c1ccccc1
217,8.674201847318983,C[C@@H](Nc1ncnc2oc(-c3ccc(OCCN4CCOCC4)cc3)cc12)c1ccccc1
218,9.036444851461415,C[C@@H](Nc1ncnc2oc(-c3ccc(NCCN4CCCCC4)cc3)cc12)c1ccccc1
219,8.705358078122128,COc1ccccc1-c1cc2c(NCc3ccccc3)ncnc2o1
220,8.097919998300576,CC(C)C(Nc1ncnc2sc(Br)cc12)c1ccccc1
221,8.613006946744534,OC[C@H](Nc1ncnc2sc(Br)cc12)c1ccccc1
222,9.266992675427629,COc1cc(C(=O)NCCN(C)C)ccc1-c1cc2c(N[C@H](C)c3ccccc3)ncnc2s1
223,9.163938000282668,C[C@@H](Nc1ncnc2sc(-c3cccc(C(=O)NCCN(C)C)c3)cc12)c1ccccc1
224,9.07927781457819,COC(=O)c1ccc(OC)c(-c2cc3c(N[C@H](C)c4ccccc4)ncnc3s2)c1
225,9.1123628481591,COc1cccc(OC)c1-c1cc2c(N[C@H](C)c3ccccc3)ncnc2s1
226,9.046922546154537,COc1cc(CO)ccc1-c1cc2c(N[C@H](C)c3ccccc3)ncnc2s1
227,8.969301606935893,COc1ccc(-c2cc3c(N[C@H](C)c4ccccc4)ncnc3s2)c(OC)c1
228,9.13754439756607,C[C@@H](Nc1ncnc2sc(-c3ccc(C(=O)NCCN(C)C)cc3)cc12)c1ccccc1
229,8.912371701586746,C[C@@H](Nc1ncnc2sc(-c3ccc(C(=O)NCCN(C)C)cc3F)cc12)c1ccccc1
230,8.669144524589644,C[C@@H](Nc1ncnc2sc(-c3ccc(C(=O)O)cc3F)cc12)c1ccccc1
231,8.900701401002745,C[C@@H](Nc1ncnc2sc(-c3ccc(CO)cc3)cc12)c1ccccc1
232,8.71659374359505,COc1ccc(-c2cc3c(N[C@H](C)c4ccccc4)ncnc3s2)cc1OC
233,8.68814084904427,COc1cc(C(=O)O)cc(OC)c1-c1cc2c(N[C@H](C)c3ccccc3)ncnc2s1
234,9.10041177593295,COC(=O)c1ccc(-c2cc3c(N[C@H](C)c4ccccc4)ncnc3s2)c(OC)c1
235,8.149889181743537,COC(=O)c1cc(OC)c(-c2cc3c(N[C@H](C)c4ccccc4)ncnc3s2)c(OC)c1OC
236,8.901560369085463,COC(=O)c1cccc(-c2cc3c(N[C@H](C)c4ccccc4)ncnc3s2)c1
237,9.054245555204691,COC(=O)c1cccc(-c2cc3c(N[C@H](C)c4ccccc4)ncnc3s2)c1OC
238,9.110686502272193,COc1cc(C(N)=O)ccc1-c1cc2c(N[C@H](C)c3ccccc3)ncnc2s1
239,8.872317967836304,COc1cccc(-c2cc3c(N[C@H](C)c4ccccc4)ncnc3s2)c1OC
240,8.966423332193088,C[C@@H](Nc1ncnc2sc(-c3cccc(C(=O)O)c3)cc12)c1ccccc1
241,8.977201369911842,C[C@@H](Nc1ncnc2sc(-c3ccc(C(=O)NCCN(C)C)c(F)c3)cc12)c1ccccc1
242,9.111627914998326,C[C@@H](Nc1ncnc2sc(-c3ccc(C(N)=O)cc3)cc12)c1ccccc1
243,8.942472598283913,C[C@@H](Nc1ncnc2sc(-c3ccc(C(=O)O)cc3)cc12)c1ccccc1
244,9.121577329709478,C[C@@H](Nc1ncnc2sc(-c3cccc(C(N)=O)c3)cc12)c1ccccc1
245,8.994557536083018,C[C@@H](Nc1ncnc2sc(-c3ccc(S(C)(=O)=O)cc3)cc12)c1ccccc1
246,8.59963953646876,C[C@@H](Nc1ncnc2sc(-c3ccc(C(=O)NCCN4CCN(C)CC4)cc3)cc12)c1ccccc1
247,8.882252759999762,COc1ccc(-c2cc3c(N[C@H](C)c4ccccc4)ncnc3s2)cc1
248,8.428873231194345,C[C@@H](Nc1ncnc2sc(-c3ccccc3)cc12)c1ccccc1
249,8.308981611586464,CN(C)C/C=C/C(=O)N1CCc2c(sc3ncnc(NCc4ccccc4)c23)C1
250,8.127949255053755,C[C@@H](Nc1ncnc2sc3c(c12)CCN(C(=O)/C=C/CN)C3)c1ccccc1
251,8.070230590231565,C[C@@H](Nc1ncnc2sc3c(c12)CCN(C(=O)C1CCCCC1)C3)c1ccccc1
252,8.237360231021635,C[C@@H](Nc1ncnc2sc3c(c12)CCN(C(=O)c1ccccn1)C3)c1ccccc1
253,8.594114945058113,C[C@@H](Nc1ncnc2ccc(-c3cnc(Cl)c(NS(=O)(=O)C4CC4)c3)cc12)c1ccccc1
254,8.56957654030718,C[C@@H](Nc1ncnc2ccc(-c3cnc(Cl)c(NS(C)(=O)=O)c3)cc12)c1ccccn1
255,8.234740104935176,O=C(CCCCCOc1ccc2ncnc(NCc3ccccc3)c2c1)NO
256,8.298956208774603,C[C@H](Nc1ncnc2ccc(OCCCCCC(=O)NO)cc12)c1ccccc1
257,8.196602201749762,O=C(CCCCCCOc1ccc2ncnc(NCc3ccccc3)c2c1)NO
258,9.408054449787992,C[C@@H](Nc1ncnc2[nH]c(-c3ccc(C(N)=O)cc3)cc12)c1ccccc1
259,9.425746414213082,COc1cc(CO)ccc1-c1cc2c(N[C@H](C)c3ccccc3)ncnc2[nH]1
260,9.164725937595417,C[C@@H](Nc1ncnc2[nH]c(-c3ccc(CNCCN(C)C)cc3)cc12)c1ccccc1
261,9.000175239932235,C[C@@H](Nc1ncnc2[nH]c(-c3ccc(CN(C)CCN(C)C)cc3)cc12)c1ccccc1
262,9.130340893851043,C[C@@H](Nc1ncnc2[nH]c(-c3ccc(NS(C)(=O)=O)cc3)cc12)c1ccccc1
263,8.843086430956527,C[C@@H](Nc1ncnc2[nH]c(-c3ccc(NS(C)(=O)=O)cc3F)cc12)c1ccccc1
264,9.065837132560677,COC(=O)c1ccc(-c2cc3c(N[C@H](C)c4ccccc4)ncnc3[nH]2)c(OC)c1
265,8.992644698588466,COc1cccc(-c2cc3c(N[C@H](C)c4ccccc4)ncnc3[nH]2)c1OC
266,8.64986860420545,C[C@@H](Nc1ncnc2[nH]c(-c3ccc(C(N)=O)c(F)c3)cc12)c1ccccc1
267,9.156567621093386,C[C@@H](Nc1ncnc2[nH]c(-c3ccc(O)cc3)cc12)c1ccccc1
268,9.20490973205402,C[C@@H](Nc1ncnc2[nH]c(-c3cccc(C(=O)O)c3)cc12)c1ccccc1
269,8.677092377980237,C[C@@H](Nc1ncnc2[nH]c(-c3ccc(CNCCC(=O)O)cc3)cc12)c1ccccc1
270,7.973240537914793,C[C@@H](Nc1ncnc2[nH]c(-c3ccc(CNCCCCC(=O)NO)cc3)cc12)c1ccccc1
271,7.902805969176319,C[C@@H](Nc1ncnc2[nH]c(-c3ccc(CNCCCCCC(=O)NO)cc3)cc12)c1ccccc1
272,7.707951268910414,C[C@@H](Nc1ncnc2[nH]c(-c3ccc(NC(=O)CCCCCC(=O)NO)cc3)cc12)c1ccccc1
273,7.889832126308418,C[C@@H](Nc1ncnc2[nH]c(-c3ccc(NC(=O)CCCC(=O)NO)cc3)cc12)c1ccccc1
274,9.256540191440754,C[C@@H](Nc1ncnc2[nH]c(-c3ccc(C(=O)O)cc3)cc12)c1ccccc1
275,8.927235813302804,C[C@@H](Nc1ncnc2[nH]c(-c3ccc(S(=O)(=O)N(C)C)cc3)cc12)c1ccccc1
276,8.910000556950624,C[C@@H](Nc1ncnc2[nH]c(-c3ccc(S(=O)(=O)NCCN(C)C)cc3)cc12)c1ccccc1
277,9.35179534232876,COc1ccccc1-c1cc2c(N[C@H](C)c3ccccc3)ncnc2[nH]1
278,8.960034326552597,C[C@@H](Nc1ncnc2[nH]c(-c3ccccc3)cc12)c1ccccc1
279,9.155512657110467,C[C@@H](Nc1ncnc2[nH]c(-c3ccccc3O)cc12)c1ccccc1
280,8.758568783608899,C[C@@H](Nc1ncnc2[nH]c(-c3ccccc3OC(F)(F)F)cc12)c1ccccc1
281,8.126805939221184,COc1cc2c(cc1OC)Nc1ncnc(N[C@@H](C)c3ccccc3)c1NC2
282,7.9366435250385186,COc1cc2c(cc1OC)Nc1ncnc(NCc3ccccc3)c1NC2
283,8.37887393987376,COc1cc2ncnc(N[C@@H](C)c3ccccc3)c2cc1O[C@H]1CCN(C(=O)C2CC2)C1
284,8.46372071459092,COc1cc2ncnc(N[C@@H](C)c3ccccc3)c2cc1O[C@H]1CCN(C(=O)c2ccco2)C1
285,8.57222351543064,COc1cc2ncnc(N[C@@H](C)c3ccccc3)c2cc1OC
286,8.573558677212626,COc1cc2ncnc(NC(C)c3ccccc3)c2cc1OC
287,8.43074501447264,COc1cc2ncnc(N[C@@H](C)c3ccccc3)c2cc1OC1CCN(C(C)=O)CC1
288,8.385935147200602,COc1cc2ncnc(N[C@@H](C)c3ccccc3)c2cc1OC1CCN(C(=O)C(C)(C)C)CC1
289,8.909345719599319,COc1ccc(-c2cc3c(N[C@H](C)c4cccc(F)c4)ncnc3o2)cc1
290,7.753777107727408,C[C@H](Nc1ncnc2sc(Br)cc12)c1ccccn1
291,7.958119147292681,CC(C)C(Nc1ncnc2sc(Br)cc12)c1ccccn1
292,8.477865006011957,COc1ccccc1-c1cc2c(NCc3ccccn3)ncnc2s1
293,7.660086387198264,COc1cc2ncnc(N[C@@H](C)c3cccc4ccccc34)c2cc1OC
294,8.051029975438832,COc1cc2ncnc(NCc3cccc4ccccc34)c2cc1OC
295,7.834485727514673,CC(C)C(Nc1ncnc2sc(Br)cc12)c1cccs1
296,7.827673536590353,C[C@H](Nc1ncnc2sc(Br)cc12)c1cccs1
297,8.653938677870382,CO[C@H]1CCN(c2nccc(Nc3cc4c(cn3)nc([C@@H](C)O)n4[C@H](C)C(F)(F)F)n2)C[C@H]1F
298,8.216486487266415,C[C@@H](O)c1nc2cnc(Nc3ccnc(N4CCC(O)CC4)n3)cc2n1[C@H](C)C(F)(F)F
299,8.023923588259779,CO[C@H]1CCN(c2nccc(Nc3cc4c(cn3)nc(CO)n4C(C)C)n2)C[C@H]1F
300,8.023923588259779,CO[C@H]1CCN(c2nccc(Nc3cc4c(cn3)nc(CO)n4C(C)C)n2)C[C@@H]1F
301,9.52709044401232,C[C@H](Cc1ccc2c(c1)CC1=NC(=O)c3cc(F)nc(c3)-c3cnn(C)c3OCCC[C@@H](CO)CN12)C(F)(F)F
302,9.099072291526866,C[C@H](Cc1ccc2c(c1)CC1=NC(=O)c3cc(F)nc(c3)-c3cnn(C)c3OCCCN12)C(F)(F)F
303,6.353817113039868,C[C@H](CN)n1nc(-c2cccc(O)c2)c2c(N)ncnc21
304,6.603483616021225,C[C@H](CN)n1nc(-c2ccc(Cl)cc2)c2c(N)ncnc21
305,8.271447993500093,C[C@H](CO)Oc1ccc(Nc2ncc(F)c(Nc3cccc(NC(=O)C4CC4)c3)n2)cc1F
306,8.1975401948089,CC(C)C(=O)Nc1cccc(Nc2nc(Nc3ccc(Cl)c(O[C@H](C)CO)c3)ncc2F)c1
307,8.07044750867512,CC(C)Oc1cc(Nc2ncc(F)c(Nc3cccc(NC(=O)C4CC4)c3)n2)ccc1Cl
308,8.330602378976362,CC(C)C(=O)Nc1cccc(Nc2nc(Nc3ccc(O[C@H](C)COC(=O)[C@@H](N)C(C)C)c(F)c3)ncc2F)c1
309,8.869686016623183,CC(=O)N[C@@H](C)COc1cc2ncnc(Nc3ccc(Br)cc3F)c2cc1NC(=O)CN1CCCC1
310,12.01561522732734,C[C@@H]1OCC[C@@H]1n1cc(-c2ncnc3oc(-c4ccccc4)cc23)c(-c2ccc(F)cc2)n1
311,11.64523889230703,C[C@@H]1OCC[C@@H]1n1cc(-c2ncnc3oc(-c4ccc(O)cc4)cc23)c(-c2ccc(F)cc2)n1
312,7.9845257723641945,CC(=O)N1C[C@@H](Nc2cncc(-c3cnc(Oc4cccc(Cl)c4)nc3)n2)[C@@H]1C
313,7.965397033468534,C[C@H]1[C@@H](Nc2cncc(-c3cnc(Oc4cccc(Cl)c4)nc3)n2)CCCN1C
314,10.345461434927872,CC(C)c1ccc(N2CCN(S(C)(=O)=O)CC2)c2cnc(Nc3ccnc(N4CCC(O)C(F)C4)n3)cc12
315,9.386096808549041,CC(=O)N[C@@H]1CN(c2ccc(C(C)C)c3cc(Nc4ccnc(N5CCC(O)C(F)C5)n4)ncc23)C[C@H]1F
316,6.099449476988325,CC(=O)N1CCC[C@H](Nc2nc(-c3cnn(C)c3)c3c(c2F)CNC3=O)[C@@H]1C
317,6.552356778308239,C[C@@H]1C(=O)NCCC[C@H]1Nc1nc(-c2cnn(C)c2)c2c(c1F)CNC2=O
318,9.276032885994033,C=CC(=O)Nc1cc(Nc2nccc(Nc3cc(C)ccc3C(C)(C)O)n2)c(OC)cc1N(C)C[C@H]1C[C@H](C)CN1C
319,9.571892118778866,C=CC(=O)Nc1cc(Nc2nccc(Nc3cc(Cl)ccc3C(C)(C)O)n2)c(OC)cc1N(C)C[C@H]1C[C@H](C)CN1C
320,9.097105825618982,C=CC(=O)Nc1cc(Nc2nccc(Nc3cccc(F)c3)n2)c(OC)cc1N1C[C@@H](C)C[C@@H]1CN(C)C
321,9.301885774318304,C=CC(=O)Nc1cc(Nc2nccc(Nc3cc(C)ccc3C(C)(C)O)n2)c(OC)cc1N1C[C@@H](C)C[C@@H]1CN(C)C
322,10.255962051966437,C[C@H]1C[C@@H](n2cc(-c3ncnc4oc(-c5ccccc5)cc34)c(-c3ccccc3)n2)CN1S(C)(=O)=O
323,9.593805471901593,C=CC(=O)Nc1cc(Nc2ncnc(Nc3cc(Cl)c(F)cc3C(C)(C)O)n2)c(OC)cc1N(C)CCO
324,9.535231396852511,C=CC(=O)Nc1cc(Nc2ncnc(Nc3cc(Cl)c(F)cc3C(C)(C)O)n2)c(C)cc1N(C)CCN1CCC[C@@H]1C
325,8.383894032520434,CC(C)c1cnc(N2CC[C@@H]2C)c2cnc(Nc3ccnc(N4CCN(C)CC4)n3)cc12
326,8.10437178616527,CC(C)c1cnc(N2CC[C@@H]2C)c2cnc(Nc3ccnc(N4CCC(N)CC4)n3)cc12
327,9.16788990881229,COc1cc2ncnc(Nc3cccc(Cl)c3F)c2cc1OC(=O)N1CCN(C)[C@H](C)C1
328,9.393026269065844,Cc1nc(-n2ncc3cc(-c4c(F)cccc4F)nc(C)c32)cc2c1nc(N1CCN(C)C[C@@H]1C)n2C
329,9.598742848700011,Cc1nc(-c2c(F)cccc2F)cc2cnn(-c3cc4c(nc(N5CCN(C)C[C@@H]5C)n4C)c(C(C)C)n3)c12
330,9.242964807647777,Cc1nc(-c2ccccc2)cc2cnn(-c3cc4c(nc(N5CCN(C6CC6)C[C@@H]5C)n4C)c(C(C)C)n3)c12
331,9.205670035337247,Cc1nc(-n2ncc3cc(-c4ccccc4)nc(C)c32)cc2c1nc(N1CCN(C3CC3)C[C@@H]1C)n2C
332,10.779141805069566,COc1ccc(-c2cc3c(cnn3-c3cc4c(nc(C)n4C)c(N4CCOC[C@@H]4C)n3)c(C)n2)cn1
333,9.90488993464688,Cc1nc(-c2cccc3[nH]ncc23)cc2c1cnn2-c1cc2c(nc(C)n2C)c(N2CCOC[C@@H]2C)n1
334,8.319211112308952,Nc1ncnc2c1c(-c1ccc(Oc3ccccc3)cc1)nn2C1CCN(C(=O)c2c(F)cccc2F)C1
335,8.166200306547067,Nc1ncnc2c1c(-c1ccc(Oc3ccccc3)cc1)nn2C1CN(C(=O)c2c(F)cccc2F)C1
336,7.997561425244226,C/C(=N\Nc1ncc(Cl)c(Nc2cccc(NC(=O)CN)c2)n1)c1ccc(F)cc1F
337,8.146351328765673,C/C(=N\Nc1ncc(Cl)c(Nc2cccc(NC(=O)/C=C/CN)c2)n1)c1ccc(F)cc1F
338,7.991880723642569,C/C(=N\Nc1ncc(Cl)c(Nc2cccc(NC(=O)/C=C/CN)c2)n1)c1ccc(F)cc1
339,8.011928923056988,C/C(=N\Nc1ncc(Cl)c(Nc2cccc(NC(=O)CN(C)C)c2)n1)c1ccc(F)cc1
340,8.077989706233954,C/C(=N\Nc1ncc(Cl)c(Nc2cccc(NC(=O)CN(C)C)c2)n1)c1ccccn1
341,8.070206035129225,C/C(=N\Nc1ncc(Cl)c(Nc2cccc(NC(=O)/C=C/CO)c2)n1)c1ccccn1
342,8.031818680421885,C/C(=N\Nc1ncc(Cl)c(Nc2cccc(NC(=O)/C=C/CO)c2)n1)c1cccnc1
343,7.758390156854237,C/C(=N\Nc1ncc(Cl)c(Nc2cccc(NC(=O)/C=C/c3ccccc3)c2)n1)c1cccnc1
344,7.6904706726106715,C=CC(=O)Nc1cccc(Nc2nc(N/N=C(\C)c3ccccc3)ncc2Cl)c1
345,7.734915906598565,C=CC(=O)Nc1cccc(Nc2nc(N/N=C(\C)c3ccc(Cl)cc3)ncc2Cl)c1
346,8.01883218795704,C=CC(=O)Nc1cccc(Nc2nc(N/N=C(\C)c3ccc(OC)cc3)ncc2Cl)c1
347,6.897722721249685,C/C=C(\C)[C@H](O)[C@H](C)/C=C(C)/C=C/CC(C)/C=C/c1oc(OC)cc(=O)c1C
348,7.016982202070609,C/C=C(\C)[C@H](O)[C@H](C)/C=C(C)/C=C/CC(C)/C=C/c1oc(OC)c(C)c(=O)c1C
349,7.928724787804263,CC(C)C(=O)Nc1cc2c(Nc3ccc(F)c(Cl)c3)ncnc2s1
350,7.814912119506903,CC(C)(C)C(=O)Nc1cc2c(Nc3ccc(F)c(Cl)c3)ncnc2s1
351,7.070435359076396,C/C=C(\C)C(O[C@@H]1O[C@H](CO)[C@@H](O)[C@H](O)[C@H]1O)C(C)/C=C(C)/C=C/c1oc(OC)c(C)c(=O)c1C
352,7.2762420599105155,C/C=C(\C)C(O[C@@H]1O[C@H](CO)[C@@H](O)[C@H](O)[C@H]1O)C(C)/C=C/CC(C)/C=C/c1oc(OC)c(C)c(=O)c1C
353,9.094884461310986,O=C(O)Cc1ccc2ncnc(Nc3cccc(Br)c3)c2c1
354,9.048845579357865,CC(=O)OCc1ccc2ncnc(Nc3cccc(Br)c3)c2c1
355,9.202264130955914,O=C(O)Cc1cc2c(Nc3cccc(Br)c3)ncnc2cn1
356,9.36290302087219,CC(=O)Cc1cc2c(Nc3cccc(Br)c3)ncnc2cn1
357,8.401872470663735,COc1cc(N(C)CCN(C)C(=O)/C=C/C#N)c(OC)cc1Nc1nccc(Nc2cn(C)c3ccccc23)n1
358,8.52319095410634,COc1cc(N(C)CCN(C)C(=O)/C=C/C=C(C)C)c(OC)cc1Nc1nccc(Nc2cn(C)c3ccccc23)n1
359,8.122693626143757,CC(=O)N1CCC[C@@H](n2nc(C(=O)Nc3nc4cc(Cl)ccc4o3)c3c(N)ncnc32)C1
360,8.14113204836805,CC(C)C(=O)N1CCC[C@@H](n2nc(C(=O)Nc3nc4cc(Cl)ccc4o3)c3c(N)ncnc32)C1
361,8.175303950265855,CC(=O)N1CCC[C@@H](n2nc(C(=O)Nc3nc4ccccc4o3)c3c(N)ncnc32)C1
362,8.209934891480765,CC(C)C(=O)N1CCC[C@@H](n2nc(C(=O)Nc3nc4ccccc4o3)c3c(N)ncnc32)C1
363,8.580206712649222,O=C(Nc1cc2c(N3CCc4ccccc43)ncnc2cc1OC1CCOC1)C1CC1
364,8.537135807454382,C/C=C/C(=O)Nc1cc2c(N3CCc4ccccc43)ncnc2cc1OCC1CC1
365,9.046845073128932,C/C=C/C(=O)Nc1cc2c(Nc3ccc(F)c(Cl)c3)ncnc2cc1OCCOC
366,8.922440319929448,CC(C)OC(=O)Nc1cc2c(Nc3ccc(F)c(Cl)c3)ncnc2cc1OCCCN1CCOCC1
367,8.848085539121852,COc1cc(N(C)CCN(C)C)c(NC(=O)CN(C)C)cc1Nc1ncc(Cl)c(N2CCc3sccc3C2)n1
368,8.430152026741105,COc1cc(Nc2ncc(Cl)c(N3CCc4sccc4C3)n2)cc(NC(=O)CN(C)C)c1OC
369,8.614030418570458,CN(C)CCn1ncc2cc(Nc3nccc(-c4cn(C)c5ccccc45)n3)cc(F)c21
370,8.479735483451575,CN(C)CCn1ncc2cc(Nc3nccc(-c4cn(C)c5ccccc45)n3)cc(Cl)c21
371,8.37612469225426,CC(=O)Nc1cccc(-c2c(-c3ccccc3)oc3ncnc(N[C@H](CO)c4ccccc4)c23)c1
372,8.228224834831579,OC[C@@H](Nc1ncnc2oc(-c3ccccc3)c(-c3cccc(NC4CC4)c3)c12)c1ccccc1
373,8.267365027858357,COCCOc1cc(Nc2ncc(F)c(Nc3cccc(NC(C)=O)c3)n2)ccc1Cl
374,8.503721093506112,COCCOc1cc(Nc2ncc(F)c(Nc3cccc(NC(=O)CN(C)C)c3)n2)ccc1Cl
375,9.269929589851573,CC(=O)Nc1ccc2c(Nc3cccc(Br)c3)ncnc2c1
376,8.892800710245693,CC(C)(C)C(=O)Nc1ccc2c(Nc3cccc(Br)c3)ncnc2c1
377,8.861389498570373,C=CCOc1cc2ncnc(Nc3ccc(Br)cc3F)c2cc1OCCNC(=O)/C=C/C
378,8.835641762406759,C=CCC(=O)Nc1cc2c(Nc3ccc(Br)cc3F)ncnc2cc1OCCNC(=O)/C=C/C
379,7.64955377858303,Cc1cnc(Nc2ccccc2)nc1Nc1cccc(COC(=O)C2CC2)c1
380,7.6584976400651295,Cc1cnc(Nc2ccccc2)nc1Nc1cccc(COC(=O)C2CCC2)c1
381,7.636160067148543,Cc1cnc(Nc2ccccc2)nc1Nc1ccc(COC(=O)C2CC2)cc1
382,7.64073325043457,Cc1cnc(Nc2ccccc2)nc1Nc1ccc(COC(=O)C2CCC2)cc1
383,8.637378790971178,C/C=C/c1ccc(Nc2ncnc3cc(OC)c(OCCCN4CCOCC4)cc23)cc1
384,8.633327198372353,C/C=C/c1ccc(Nc2ncnc3cc(OCCCN4CCOCC4)c(OC)cc23)cc1
385,8.583401806607352,COc1cc(Nc2nccc(-c3cn(C)c4ccccc34)n2)cc(NC(=O)CCN(C)C)c1N(C)C
386,8.323636919120807,COc1cc(Nc2nccc(-c3cn(C)c4ccccc34)n2)cc(NC(=O)CCN(C)C)c1OC
387,7.846622145189056,NC(=O)c1c(-c2ccc(Oc3ccccc3)cc2)nc2c(C3CC3)c[nH]n12
388,8.16202233627991,NC(=O)c1c(-c2ccc(Oc3ccccc3)cc2)nc2c(C3CCN(C(=O)c4ccccc4)CC3)c[nH]n12
389,8.329657122488358,NC(=O)c1c(-c2ccc(Oc3ccc(F)cc3)cc2)nc2c(C3CCNCC3)c[nH]n12
390,8.362760360073272,NC(=O)c1c(-c2ccc(Oc3ccc(F)cc3)cc2)nc2c(C3CCN(C(=O)C4CC4)CC3)c[nH]n12
391,8.305062858474068,NC(=O)c1c(-c2ccc(Oc3ccccc3)cc2)nc2c(C3CCNCC3)c[nH]n12
392,8.24818648428681,NC(=O)c1c(-c2ccc(Oc3ccc(F)cc3F)cc2)nc2c(C3CCNCC3)c[nH]n12
393,8.609664122725903,NC(=O)c1c(-c2ccc(Oc3ccc(F)cc3F)cc2)nc2c(C3CCN(C(=O)C4CC4)CC3)c[nH]n12
394,8.338242560930905,NC(=O)c1c(-c2ccc(Oc3ccccc3F)cc2)nc2c(C3CCNCC3)c[nH]n12
395,8.34384250980529,NC(=O)c1c(-c2ccc(Oc3ccccc3F)cc2)nc2c(C3CCN(C(=O)c4ccccc4)CC3)c[nH]n12
396,9.328314561701811,CC(=O)Nc1ccc2ncnc(Nc3cccc(Br)c3)c2c1
397,9.121387445918032,O=C(CCCl)Nc1ccc2ncnc(Nc3cccc(Br)c3)c2c1
398,8.94761387989324,O=C(Nc1cc2c(Nc3cccc(Br)c3)ncnc2cn1)C1CC1
399,8.872947532809336,O=C(CC1CC1)Nc1cc2c(Nc3cccc(Br)c3)ncnc2cn1
400,8.108979769650732,C#Cc1cccc(Nc2ncnc3cc4c(cc23)OCO4)c1F
401,8.542189028075866,C#Cc1cccc(Nc2ncnc3cc4c(cc23)OCCO4)c1
402,6.775056612151238,C#Cc1cccc(NC(=O)c2cc(NC(=O)CCCCCC(=O)NO)ccc2OC)c1
403,7.071752172760758,O=C(CCCCCC(=O)Nc1ccc(O)c(C(=O)Nc2cccc(F)c2)c1)NO
404,6.680509759935009,C#Cc1cccc(NC(=O)c2cccc(NC(=O)CCCCCCC(=O)NO)c2)c1
405,6.7963420099304095,C#Cc1cccc(NC(=O)c2cc(NC(=O)CCCCCCC(=O)NO)ccc2OC)c1
406,6.574179750245055,C#Cc1cccc(NC(=O)c2cc(NC(=O)CCCCCCC(=O)NO)ccc2O)c1
407,6.989666577148018,C#Cc1cccc(NC(=O)c2cc(OCCCCCCC(=O)NO)ccc2OC)c1
408,7.031931199094551,C#Cc1cccc(NC(=O)c2cccc(NC(=O)CCCCCC(=O)NO)n2)c1
409,8.572821533105717,Brc1cccc(Nc2ncnc3sc(Br)cc23)c1
410,8.195878386616528,C#Cc1cccc(Nc2ncnc3sc(C(C)=O)cc23)c1
411,8.432608430297078,O=C(c1cc2ccccc2[nH]1)c1cc2c(Nc3cccc(Cl)c3)ncnc2s1
412,8.504870860647898,O=C(c1cc2ccccc2[nH]1)c1cc2c(Nc3ccc(F)cc3)ncnc2s1
413,8.347669174606462,C#Cc1cccc(Nc2ncnc3ccc(-c4ccco4)cc23)c1
414,8.63135792906757,C#Cc1cccc(Nc2ncnc3ccc(-c4ccc(COC)o4)cc23)c1
415,9.331848673834605,NC(=O)Nc1ccc2ncnc(Nc3cccc(Br)c3)c2c1
416,8.96866438936073,NC(=O)Nc1ccc2ncnc(Nc3cccc(Cl)c3)c2c1
417,8.371402468483527,C#Cc1cccc(Nc2ncnc3cc(OCc4ccc(C(=O)Nc5ccccc5N)cc4)ccc23)c1
418,8.404991124786601,C#Cc1cccc(Nc2ncnc3ccc(OCc4ccc(C(=O)Nc5ccccc5N)cc4)cc23)c1
419,8.744452218753636,O=C(CCCOc1ccc2ncnc(Nc3cccc(Br)c3)c2c1)NO
420,8.629047202243552,O=C(CCCOc1ccc2ncnc(Nc3ccc(F)c(Cl)c3)c2c1)NO
421,8.341197895253524,C#Cc1cccc(Nc2ncnc3ccc(OCCCCCCC(=O)NO)cc23)c1
422,8.630698859333116,O=C(CCCCCCOc1ccc2ncnc(Nc3ccc(F)c(Cl)c3)c2c1)NO
423,8.318529929907706,C#Cc1cccc(Nc2ncnc3ccc(OCCCCCC(=O)NO)cc23)c1
424,8.072891268486519,C#Cc1cccc(Nc2ncnc3ccc(S(=O)(=O)n4ccc(/C=C/C(=O)NO)c4)cc23)c1
425,8.267932504256255,C#Cc1cccc(Nc2ncnc3ccc(S(=O)(=O)n4ccc(C(=O)Nc5ccccc5N)c4)cc23)c1
426,8.03394578897272,C#Cc1cccc(Nc2ncnc3ccc(S(=O)(=O)n4ccc(C(=O)NO)c4)cc23)c1
427,8.51977122265175,O=C(/C=C/c1ccn(S(=O)(=O)c2ccc3ncnc(Nc4ccc(F)c(Cl)c4)c3c2)c1)NO
428,8.558661871052381,c1ccc(Nc2ncnc3nc(Nc4ccc(CN5CCOCC5)cc4)sc23)nc1
429,8.310557349362135,COc1ccc(Nc2ncnc3nc(Nc4ccc(CN5CCOCC5)cc4)sc23)cc1
430,8.893901551688103,C#Cc1cccc(Nc2ncnc3cc(OC)c(NC(=O)/C=C/CN4CCCCC4)cc23)c1
431,8.80085945337832,C#Cc1cccc(Nc2ncnc3cc(OCCCN4CCOCC4)c(NC(=O)/C=C/CN4CCCCC4)cc23)c1
432,8.940809334052917,C#Cc1cccc(Nc2ncnc3cc(OC)c(NC(=O)/C=C/CNC4CC4)cc23)c1
433,8.726669225892811,C#Cc1cccc(Nc2ncnc3cc(OCC4CC4)c(NC(=O)/C=C/CNC4CC4)cc23)c1
434,8.673652740354356,C#Cc1cccc(Nc2ncnc3cc(OC)c4c(c23)OCCO4)c1
435,8.76316775947361,C#Cc1cccc(Nc2ncnc3cc(OCC)c4c(c23)OCCO4)c1
436,8.606505672936438,C#Cc1cccc(Nc2ncnc3cc(OC4CCOC4)c4c(c23)OCCO4)c1
437,8.826993967077305,O=C1COc2cc3ncnc(Nc4ccc(F)c(Cl)c4)c3cc2N1CCCN1CCCCC1
438,8.583213651831162,O=C1COc2cc3ncnc(Nc4cccc(Cl)c4)c3cc2N1CCCN1CCOCC1
439,8.807752427498892,O=C1COc2cc3ncnc(Nc4ccc(F)c(Cl)c4)c3cc2N1CCCN1CCOCC1
440,8.745347425385738,O=C1COc2cc3ncnc(Nc4cccc(Br)c4)c3cc2N1CCCN1CCCCC1
441,8.815172187818295,O=c1oc2cc3ncnc(Nc4ccc(F)c(Cl)c4)c3cc2n1CCCN1CCOCC1
442,8.367268932649253,O=c1oc2cc3ncnc(Nc4ccc(Cl)cc4)c3cc2n1CCCN1CCOCC1
443,8.504768177640203,O=C(CBr)OCCn1c(=O)oc2cc3ncnc(Nc4ccc(F)c(Cl)c4)c3cc21
444,8.33550287495272,O=C(CBr)OCCn1c(=O)oc2cc3ncnc(Nc4cccc(Br)c4)c3cc21
445,8.780676260965304,C#Cc1cccc(Nc2ncnc3cc4c(cc23)N(C(=O)/C=C/CN(C)C)CCO4)c1
446,8.65734716371673,C#Cc1cccc(Nc2ncnc3cc4c(cc23)N(C(=O)/C=C/CN2CCC(OC)CC2)CCO4)c1
447,8.257845318959165,C#Cc1cccc(Nc2ncnc3cc4c(cc23)N(C(=O)/C=C/CN2CCCCC2)CCCO4)c1
448,8.665974926549033,C#Cc1cccc(Nc2ncnc3cc4c(cc23)N(C(=O)/C=C/CN2CCCCC2)CCO4)c1
449,8.151597216188744,C#Cc1cccc(Nc2ncnc3cc4c(cc23)OCO4)c1
450,8.51524416219825,Fc1cccc(Nc2ncnc3cc4c(cc23)OCCO4)c1
451,8.436916613650064,C#Cc1cccc(Nc2ncnc3cc4c(cc23)OCCCO4)c1
452,8.483265893488143,C#Cc1cccc(Nc2ncnc3cc4c(cc23)OCCOCC4)c1
453,8.683241895424706,NC1CCN(Cc2ccn3ncnc(Nc4cccc(Cl)c4)c23)CC1
454,8.794575396026275,NC1CCN(Cc2ccn3ncnc(Nc4ccc(F)c(Cl)c4)c23)CC1
455,8.09202772358443,COc1ccc(Nc2ncnn3ccc(COC[C@@H]4CNCCO4)c23)cc1
456,8.223121250069655,Fc1ccc(Nc2ncnn3ccc(COC[C@@H]4CNCCO4)c23)cc1
457,8.705426990247755,Fc1ccc(Nc2ncnc3ccc(Br)cc23)cc1Cl
458,8.437136585759358,Fc1ccc(Nc2ncnc3ccc(Cl)cc23)cc1Cl
459,8.703045395060947,C#Cc1cc2c(Nc3ccc(OCc4cccc(F)c4)c(Cl)c3)ncnc2[nH]1
460,8.437898227683235,Fc1cccc(COc2ccc(Nc3ncnc4sccc34)cc2Cl)c1
461,8.714814998223249,Fc1cccc(COc2ccc(Nc3ncnc4cc(C5CCNCC5)sc34)cc2Cl)c1
462,8.447483848691796,Fc1cccc(COc2ccc(Nc3ncnc4cc(C5CC5)sc34)cc2Cl)c1
463,8.02752990480613,Fc1cccc(COc2ccc(Nc3ncncc3C3CC3)cc2Cl)c1
464,7.794286157125122,Fc1cccc(COc2ccc(Nc3ncncc3C(F)(F)F)cc2Cl)c1
465,11.690949022666935,CCn1cc(-c2ncnc3oc(-c4ccccc4)cc23)c(-c2ccc(F)cc2)n1
466,12.126084679004089,OCCCn1cc(-c2ncnc3oc(-c4ccccc4)cc23)c(-c2ccc(F)cc2)n1
467,8.32526916683212,O=C(O)c1cc(Nc2cc(C3CC3)[nH]n2)nc(N2CCN(Cc3ccc(S(=O)(=O)C4CC4)cc3)CC2)n1
468,8.557462502941265,CC(C)(C)c1cc(Nc2cc(C(=O)NC3CC3)nc(N3CCN(Cc4ccc(S(N)(=O)=O)cc4)CC3)n2)n[nH]1
469,8.356361713606479,CN(C)CCN(C)C(=O)Nc1cc2c(Nc3ccc(F)c(Cl)c3)ncnc2cc1O[C@H]1CCOC1
470,8.49884426749417,O=C(NCCN1CCOCC1)Nc1cc2c(Nc3ccc(F)c(Cl)c3)ncnc2cc1O[C@H]1CCOC1
471,7.536676966885303,NC(=O)c1c(-c2ccc(Oc3ccc(F)cc3F)cc2)nn([C@@H]2CCCN(C(=O)C3CC3)C2)c1N
472,7.390739058948531,CC(C)(C)C(=O)N1CCC[C@@H](n2nc(-c3ccc(Oc4ccc(F)cc4F)cc3)c(C(N)=O)c2N)C1
473,7.623014060060555,N#CC(O)c1cccc(Nc2nc(Nc3cccc(OC(F)(F)F)c3)ncc2F)c1
474,7.778425526724098,C=C(C#N)C(O)c1cccc(Nc2nc(Nc3cccc(OC(F)(F)F)c3)ncc2C)c1
475,7.588197092879886,N#CC(O)c1ccc(Nc2ncc(F)c(Nc3ccccc3)n2)cc1
476,8.059409532753671,C=C(C#N)C(O)c1ccc(Nc2ncc(F)c(Nc3ccccc3)n2)cc1
477,9.208942245294157,C=CCOC(=O)Cc1cc2c(Nc3cccc(Br)c3)ncnc2cn1
478,9.50761765508071,C=CCC(=O)Nc1cc2c(Nc3cccc(Br)c3)ncnc2cn1
479,9.650840603795846,C=CC(=O)Cc1ccc2ncnc(Nc3cccc(Br)c3)c2c1
480,9.53253645779014,C=CCC(=O)Cc1ccc2ncnc(Nc3cccc(Br)c3)c2c1
481,8.876647049940075,C=CCOc1cc2c(Nc3ccc(F)c(Cl)c3)ncnc2cc1O
482,8.970625311663218,C=CCCCCCOc1cc2c(Nc3ccc(F)c(Cl)c3)ncnc2cc1O
483,9.059047670657378,C=CCCCCOc1cc2c(Nc3ccc(F)c(Cl)c3)ncnc2cc1O
484,8.825399337727013,C=CCCCOc1cc2c(Nc3cccc(Cl)c3)ncnc2cc1O
485,8.721062944095312,C=CCCCCOc1cc2c(Nc3cccc(Cl)c3)ncnc2cc1O
486,8.90480938053421,C=CCOc1cc2ncnc(Nc3ccc(F)c(Cl)c3)c2cc1OC
487,8.67500976277738,C=CCOc1cc2c(Nc3cccc(Cl)c3)ncnc2cc1O
488,8.588922170082133,CCOc1cc2c(Nc3cccc(Cl)c3)ncnc2cc1O
489,8.937931065507005,O=C(O)C(CCCN1CCOCC1)c1ccc2ncnc(Nc3cccc(Br)c3)c2c1
490,8.902035293679962,CC(C)C(=O)C(CCCN1CCOCC1)c1ccc2ncnc(Nc3cccc(Br)c3)c2c1
491,9.01116244114828,O=C(O)C(CCCN1CCOCC1)c1cc2c(Nc3cccc(Br)c3)ncnc2cn1
492,8.785675921223326,C=CC(CCCN1CCOCC1)c1cc2c(Nc3cccc(Cl)c3)ncnc2cn1
493,7.835752574063784,O=C(O)C1CCOc2ccc(Nc3ncc(F)c(Nc4cccc(Cl)c4)n3)cc21
494,8.236125098190454,CN(C)CC1CCOc2ccc(Nc3ncc(F)c(Nc4cccc(Cl)c4)n3)cc21
495,9.091473393106256,C=CCc1cc2c(Nc3cccc(Br)c3)ncnc2cn1
496,8.398646609426821,C=CCN[C@@H]1Cn2c(c(-c3ccc(Oc4ccccc4)cc3)c3c(N)ncnc32)C1=C
497,7.639124426578456,CC1c2ncnc(N)c2C(c2ccc(Oc3ccccc3)cc2)=C2C(=O)[C@@H](N)CN21
498,7.891323034759222,NC(=O)c1c(-c2ccc(Oc3ccccc3)cc2)nn2c1NCCC2C1CNC1
499,7.861870587973434,NC(=O)c1c(-c2ccc(Oc3ccccc3)cc2)nn2c1NCCC2C1CN(C(=O)c2ccccc2)C1
500,8.172162751677742,CC(=O)N1CCC[C@@H](Cn2nc(C(=O)Nc3nc4cc(Cl)ccc4o3)c3c(N)ncnc32)C1
501,8.206170499512556,Nc1ncnc2c1c(C(=O)Nc1nc3cc(Cl)ccc3o1)nn2CC1CCN(C(=O)C2CC2)CC1
502,8.076111392233878,CC(=O)N1CC(Cn2nc(C(=O)Nc3nc4cc(Cl)ccc4o3)c3c(N)ncnc32)C1
503,8.14733050324882,CC(=O)N1CCC[C@@H](Cn2nc(C(=O)Nc3nc4cc(F)ccc4o3)c3c(N)ncnc32)C1
504,8.176824979111858,CC(=O)N1CCC[C@@H](Cn2nc(C(=O)Nc3nc4ccccc4o3)c3c(N)ncnc32)C1
505,8.176824979111858,CC(=O)N1CCC[C@H](Cn2nc(C(=O)Nc3nc4ccccc4o3)c3c(N)ncnc32)C1
506,8.138585376514728,CC(=O)N1CCC[C@@H](n2nc(C(=O)Nc3nc4cc(F)ccc4o3)c3c(N)ncnc32)C1
507,7.962216089729263,CC(=O)N1CC(n2nc(C(=O)Nc3nc4cc(Cl)ccc4o3)c3c(N)ncnc32)C1
508,8.94084719822215,CN1CCC(Nc2cc3c(Nc4ccc(F)c(Cl)c4)ncnc3cc2O[C@H]2CCOC2)CC1
509,8.798190274444847,Fc1ccc(Nc2ncnc3cc(O[C@H]4CCOC4)c(NC4CCCC4)cc23)cc1Cl
510,8.946215398484725,Fc1ccc(Nc2ncnc3cc(OCCN4CCOCC4)c(NC4CCCCC4)cc23)cc1Cl
511,8.894737470524346,Fc1ccc(Nc2ncnc3cc(OCCN4CCCC4)c(NC4CC4)cc23)cc1Cl
512,7.663679161614615,CN1CC(Nc2cncc(-c3cnc(Nc4cccc(C(F)(F)F)c4)nc3)c2)C1
513,7.82053232990367,O=C(O)C1CCN(c2cncc(-c3cnc(Nc4cccc(C(F)(F)F)c4)nc3)c2)CC1
514,8.068477797583602,CN1CC(Nc2cncc(-c3cnc(Oc4cccc(Cl)c4F)nc3)c2)C1
515,8.00384556684396,CN1CCC(Nc2cncc(-c3cnc(Oc4cccc(Cl)c4F)nc3)c2)CC1
516,8.048015522445015,CN1CC(Nc2cncc(-c3cnc(Oc4ccc(F)c(Cl)c4)nc3)c2)C1
517,8.014071149720824,CN1CCC(Nc2cncc(-c3cnc(Oc4ccc(F)c(Cl)c4)nc3)c2)CC1
518,7.813124316659576,CN1CCC(Nc2cncc(-c3cnc(Oc4ccc(F)c(OC(F)F)c4)nc3)c2)CC1
519,7.872453870293596,CN1CCC(Nc2cncc(-c3cnc(Oc4ccc(F)c(OC(F)F)c4)nc3)c2)C1
520,7.839995922953414,CN1CC(Nc2cncc(-c3cnc(Oc4cccc(Cl)c4)nc3)c2)C1
521,7.806402777936292,CN1CCC(Nc2cncc(-c3cnc(Oc4cccc(Cl)c4)nc3)c2)CC1
522,7.878364797735578,CN1CC(Nc2cncc(-c3cnc(Oc4cccc(F)c4)nc3)c2)C1
523,7.868614544884225,CN1CCC(Nc2cncc(-c3cnc(Oc4cccc(F)c4)nc3)c2)CC1
524,7.7666937823641105,CN1CC(Nc2cncc(-c3cnc(Oc4cccc(OC(F)F)c4)nc3)c2)C1
525,7.769150430759599,CN1CCC(Nc2cncc(-c3cnc(Oc4cccc(OC(F)F)c4)nc3)c2)CC1
526,7.576852099042952,CN1CC(Nc2cncc(-c3cnc(Oc4cccc(C(F)(F)F)c4)nc3)c2)C1
527,7.65628068777698,O=C(O)C1CCN(c2cncc(-c3cnc(Oc4cccc(C(F)(F)F)c4)nc3)c2)CC1
528,8.094340093409448,C=CCOc1cccc(Oc2ncc(-c3cncc(NC4CN(C(=O)C=C)C4)c3)cn2)c1
529,8.092137416082464,C=CCc1cccc(Oc2ncc(-c3cncc(NC4CN(C(=O)COC)C4)c3)cn2)c1
530,7.550330114242528,N#Cc1cccc(Oc2ncc(-c3cncc(NC4CCOCC4)c3)cn2)c1
531,7.6765178556869875,CN1CC(Nc2cncc(-c3cnc(Oc4cccc(C#N)c4)nc3)c2)C1
532,8.384704532947376,CN1CCC(Nc2cncc(-c3cnc(Nc4ccc(F)c(Cl)c4)nc3)n2)CC1
533,8.558255957651314,O=C(C1CC1)N1CCC(Nc2cncc(-c3cnc(Nc4ccc(F)c(Cl)c4)nc3)n2)CC1
534,8.133654059285256,CN1CCC(Nc2cncc(-c3cnc(Nc4cccc(OC(F)(F)F)c4)nc3)n2)CC1
535,8.035110785295158,O=C(O)C1CCN(c2cncc(-c3cnc(Nc4cccc(OC(F)(F)F)c4)nc3)n2)CC1
536,7.9933915298755,FC(F)(F)Oc1ccccc1Nc1ncc(-c2cncc(NC3CCNCC3)n2)cn1
537,8.10409364945274,CN1CCC(Nc2cncc(-c3cnc(Nc4ccccc4OC(F)(F)F)nc3)n2)CC1
538,7.951604605945377,CN1CCC(Nc2cncc(-c3cnc(Oc4cc(F)cc(F)c4)nc3)n2)CC1
539,7.796724654147901,CC(=O)N1CCC(Nc2cncc(-c3cnc(Oc4cc(F)cc(F)c4)nc3)n2)CC1
540,7.896893822888546,CN1CCC(Nc2cncc(-c3cnc(Oc4cccc(Cl)c4)nc3)n2)CC1
541,7.882074493700188,CN1CC(Nc2cncc(-c3cnc(Oc4cccc(Cl)c4)nc3)n2)C1
542,7.975281659527888,CN1CCC(Nc2cncc(-c3cnc(Oc4cccc(F)c4)nc3)n2)CC1
543,8.037940222677763,CC(C)(C)OC(=O)N1CCC(Nc2cncc(-c3cnc(Oc4cccc(F)c4)nc3)n2)CC1
544,7.857351231789967,CN1CCC(Nc2cncc(-c3cnc(Oc4cccc(OC(F)F)c4)nc3)n2)CC1
545,8.343176284826843,O=C([C@@H]1CCCN1)N1CC(Nc2cncc(-c3cnc(Oc4cccc(OC(F)F)c4)nc3)n2)C1
546,7.828426733050071,CN1CCC(Nc2cncc(-c3cnc(Oc4ccc(Cl)cc4)nc3)n2)CC1
547,7.78691805037783,CN1CC(Nc2cncc(-c3cnc(Oc4ccc(Cl)cc4)nc3)n2)C1
548,7.748847454239551,O=C(O)C1CCN(c2cncc(-c3cnc(Oc4cccc(C(F)(F)F)c4)nc3)n2)CC1
549,7.630445269099714,CC(=O)N1CCC(Nc2cncc(-c3cnc(Oc4cccc(C(F)(F)F)c4)nc3)n2)CC1
550,7.738236283249921,CS(=O)(=O)N1CC(Nc2cncc(-c3cnc(Oc4ccccc4)nc3)n2)C1
551,7.641276312959702,CN1CC(Nc2cncc(-c3cnc(Oc4ccccc4)nc3)n2)C1
552,8.698246810034158,CC(C)N1CC(Oc2cc3c(Nc4ccc(Cl)cc4Cl)ncnc3cn2)C1
553,8.483911094256332,O=C(c1ccccc1)N1CC(Oc2cc3c(Nc4ccc(Cl)cc4Cl)ncnc3cn2)C1
554,8.500321688501142,CN1CC(Oc2cc3c(Nc4ccc(Cl)c(C5CC5)c4)ncnc3cn2)C1
555,8.35691322334917,Clc1ccc(Nc2ncnc3cnc(OC4CCNCC4)cc23)cc1C1CC1
556,8.505357896869889,C=CC(=O)N1CC(Oc2ccc3ncnc(Nc4cccc(Cl)c4)c3n2)C1
557,8.697234583913108,C=CC(=O)N1CC(Oc2ccc3ncnc(Nc4cccc(Br)c4)c3n2)C1
558,8.367270981090646,CC(=O)N1CC(Oc2ccc3ncnc(Nc4ccc(Cl)c(Cl)c4)c3n2)C1
559,8.472232333115915,O=C(C1CC1)N1CC(Oc2ccc3ncnc(Nc4ccc(Cl)c(Cl)c4)c3n2)C1
560,8.183081866878094,Nc1ncnc2c1c(-c1cnc3ccccc3c1)cn2[C@H]1CCN(C(=O)[C@H](N)CO)C1
561,8.30731430311881,Nc1ncnc2c1c(-c1cnc3ccccc3c1)cn2[C@H]1CCCN(C(=O)C2CC2)C1
562,8.155067342574409,CN1CC[C@H](N2C(=O)N(c3ccccc3)Cc3cnc(Nc4ccccc4)nc32)C1
563,8.207438204863635,CC(C)C(=O)N1CC[C@H](N2C(=O)N(c3ccccc3)Cc3cnc(Nc4ccccc4)nc32)C1
564,8.008475376562872,Nc1ncnc2c1c(-c1cnc3ccccc3c1)nn2[C@@H]1CCCN(C(=O)C2CC2)C1
565,7.9536269184457895,Nc1ncnc2c1c(-c1cnc3ccccc3c1)nn2[C@@H]1CCCN(C(=O)[C@H](N)CO)C1
566,8.263146706408197,CS(=O)(=O)N1CC[C@H](Nc2cncc(-c3cnc(Nc4cccc(Cl)c4)nc3)c2)C1
567,7.897915955633748,CN1CC[C@H](Nc2cncc(-c3cnc(Nc4cccc(Cl)c4)nc3)c2)C1
568,8.18555614342679,CS(=O)(=O)N1CC[C@H](Nc2cncc(-c3cnc(Nc4cccc(OC(F)F)c4)nc3)c2)C1
569,7.865658085632505,FC(F)Oc1cccc(Nc2ncc(-c3cncc(N[C@H]4CCNC4)c3)cn2)c1
570,8.03115602186694,CS(=O)(=O)N1CC[C@H](Nc2cncc(-c3cnc(Oc4cccc(Cl)c4)nc3)c2)C1
571,8.03131578044666,O=C(C1CCCC1)N1CC[C@H](Nc2cncc(-c3cnc(Oc4cccc(Cl)c4)nc3)c2)C1
572,8.330203635003208,CS(=O)(=O)N1CC[C@H](Nc2cncc(-c3cnc(Nc4cccc(Cl)c4)nc3)n2)C1
573,8.094623383690614,CN1CC[C@H](Nc2cncc(-c3cnc(Nc4cccc(Cl)c4)nc3)n2)C1
574,8.354075948179704,CS(=O)(=O)N1CC[C@H](Nc2cncc(-c3cnc(Nc4cccc(OC(F)F)c4)nc3)n2)C1
575,8.035776878721803,FC(F)Oc1cccc(Nc2ncc(-c3cncc(N[C@H]4CCNC4)n3)cn2)c1
576,9.077919754929567,O=C([C@@H]1CCCN1)N1CC[C@H](Oc2ccc3ncnc(Nc4ccc(F)c(Cl)c4F)c3c2)C1
577,8.896127345088045,CC(=O)N1CC[C@H](Oc2ccc3ncnc(Nc4ccc(F)c(Cl)c4F)c3c2)C1
578,8.746917310843289,CN1CCC(Oc2ccc3ncnc(Nc4ccc(OCc5cccc(F)c5)c(Cl)c4)c3c2)CC1
579,8.742401602722609,O=C(O)CN1CCC(Oc2ccc3ncnc(Nc4ccc(OCc5cccc(F)c5)c(Cl)c4)c3c2)CC1
580,8.30731430311881,Nc1ncnc2c1c(-c1cnc3ccccc3c1)cn2[C@@H]1CCCN(C(=O)C2CC2)C1
581,8.487950395882148,Nc1ncnc2c1c(-c1cnc3ccccc3c1)cn2[C@@H]1CCCN(C(=O)c2ccco2)C1
582,7.682235881144445,O=C(c1ccccc1)N1CCC[C@@H](n2nc(-c3ccc(Oc4ccccc4)cc3)c3cnccc32)C1
583,7.9048095060215635,CC(C)(C)C(=O)N1CCC[C@@H](n2nc(-c3ccc(Oc4ccccc4)cc3)c3cnccc32)C1
584,8.039777408502305,O=C(c1ccccc1)N1CCC(n2nc(Nc3ccc(Oc4ccccc4)cc3)c3cnc4[nH]cnc4c32)CC1
585,8.393101131539101,CC(C)(C)OC(=O)N1CCC[C@@H](n2nc(Nc3ccc(Oc4ccccc4)cc3)c3cnc4[nH]cnc4c32)C1
586,8.198991051725438,CC(=O)N1CCC[C@@H](n2nc(C(=O)Nc3nc4cc(C#N)ccc4o3)c3c(N)ncnc32)C1
587,8.364045874032639,Nc1ncnc2c1c(-c1cnc3ccccc3c1)nn2[C@@H]1CCCN(C(=O)c2ccco2)C1
588,6.947299210689491,CC(=O)N1CC[C@@H](Nc2nnc(C(N)=O)c(Nc3ccc(C(=O)N4CCOCC4)cc3)n2)C1
589,6.863209099643513,CC(=O)N1CC[C@@H](Nc2nnc(C(N)=O)c(Nc3ccc(C(=O)N4CCCCC4)cc3)n2)C1
590,7.382101462884597,CC(=O)N1Cc2ccc(Nc3ncc(F)c(Nc4cccc(C#N)c4)n3)cc2C1
591,7.5670097892372565,N#Cc1cccc(Nc2nc(Nc3ccc4c(c3)CN(C(=O)c3ccccc3)C4)ncc2F)c1
592,8.44258817833568,CC(=O)N1CCC(n2cc(-c3cnc4ccccc4c3)c3c(N)ncnc32)C1
593,8.294038698302437,CC(=O)N1CCC(n2cc(-c3cnc4ccccc4c3)c3c(N)ncnc32)CC1
594,8.118535435024555,CC(=O)N1CCC(n2nc(C(=O)Nc3nc4cc(Cl)ccc4o3)c3c(N)ncnc32)CC1
595,8.110627097932243,CC(=O)N1CCC(n2nc(C(=O)Nc3nc4cc(F)ccc4o3)c3c(N)ncnc32)CC1
596,8.143242865603304,CC(=O)N1CCC(n2nc(C(=O)Nc3nc4ccccc4o3)c3c(N)ncnc32)CC1
597,8.437261031154124,Nc1ncnc2c1c(C(=O)Nc1nc3ccccc3o1)nn2C1CCN(C(=O)c2ccco2)CC1
598,9.107630267639069,CN(C)CC(=O)N1CCC(Nc2cc3c(Nc4ccc(F)c(Cl)c4)ncnc3cc2O[C@H]2CCOC2)CC1
599,8.929204928594581,Fc1ccc(Nc2ncnc3cc(O[C@H]4CCOC4)c(NC4CCNCC4)cc23)cc1Cl
600,8.46595829232235,CC(=O)N1CCC(Oc2cc3c(Nc4ccc(Cl)cc4Cl)ncnc3cn2)CC1
601,8.76375350828845,O=C([C@@H]1CCCN1)N1CCC(Oc2cc3c(Nc4ccc(Cl)cc4Cl)ncnc3cn2)CC1
602,8.647232000529561,CN1CCC(Sc2nc(-c3ccnc(Nc4ccccc4)c3)c(-c3ccc(F)cc3)[nH]2)CC1
603,8.78514451246683,CC(=O)N1CCC(Sc2nc(-c3ccnc(Nc4ccccc4)c3)c(-c3ccc(F)cc3)[nH]2)C1
604,7.889729100391542,NC(=O)c1c(-c2ccc(Oc3ccccc3)cc2)nn2c1NCC[C@H]2C1CCOCC1
605,8.080530422995222,NC(=O)c1c(-c2ccc(Oc3ccccc3)cc2)nn2c1NCC[C@H]2C1CCN(C(=O)C2CC2)CC1
606,7.761780479629241,NC(=O)C1C(c2ccc(Oc3ccccc3)cc2)=NN2C1NCC[C@H]2C1CCN(C(=O)c2ccccc2)CC1
607,7.727076813732945,NC(=O)C1C(c2ccc(Oc3ccccc3)cc2)=NN2C1NCC[C@H]2C1CCNCC1
608,8.360895907255237,NC(=O)c1c(-c2ccc(Oc3ccccc3)cc2)[nH]n2c(C3CCNCC3)cnc12
609,8.141247705113818,NC(=O)c1c(-c2ccc(Oc3ccccc3)cc2)[nH]n2c(C3CCN(C(=O)c4ccccc4)CC3)cnc12
610,8.37012896294043,CC(C)N1CCC(c2c[nH]n3c(C(N)=O)c(-c4ccc(Oc5ccccc5)cc4)nc23)CC1
611,7.249026643125521,CC(=O)N1CCC(c2ccc(C(N)=O)c(-c3ccc(Oc4ccccc4)cc3)n2)CC1
612,7.180513409723379,NC(=O)c1ccc(C2CCN(C(=O)c3ccccc3)CC2)nc1-c1ccc(Oc2ccccc2)cc1
613,7.265783994000468,CC(=O)N1CCC(C2CCNc3c(C(N)=O)c(-c4cc(Cl)c(Cl)c(Cl)c4)nn32)CC1
614,7.489531131723759,NC(=O)c1c(-c2cc(Cl)c(Cl)c(Cl)c2)nn2c1NCCC2C1CCN(C(=O)C2CC2)CC1
615,7.9476371256598455,NC(=O)c1c(-c2cc(Cl)c(Cl)c(Cl)c2)nn2c1NCCC2C1CCN(C(=O)c2ccccc2)CC1
616,8.210238316982709,CC(=O)N1CCC(C2CCNc3c(C(N)=O)c(-c4ccc(Oc5ccccc5)cc4)nn32)CC1
617,8.503834389726292,NC(=O)c1c(-c2ccc(Oc3ccccc3)c(Cl)c2)nn2c1NCCC2C1CCN(C(=O)C2CC2)CC1
618,8.101248542425202,NC(=O)c1c(-c2ccc(Oc3ccccc3)cc2)nn2c1NCCC2C1CCN(C(=O)C2CC2)CC1
619,8.262110241549257,NC(=O)c1c(-c2ccc(Oc3ccccc3)c(O)c2)nn2c1NCCC2C1CCN(CCO)CC1
620,8.203289904362613,NC(=O)c1c(-c2ccc(Oc3ccc(F)cc3F)cc2)nn2c1NCCC2C1CCNCC1
621,8.131906427408753,CC(=O)N1CCC(Cn2nc(C(=O)Nc3nc4cc(Cl)ccc4o3)c3c(N)ncnc32)CC1
622,8.114170781771673,CC(=O)N1CCC(Cn2nc(C(=O)Nc3nc4cc(F)ccc4o3)c3c(N)ncnc32)CC1
623,8.164804881500517,CC(=O)N1CCC(Cn2nc(C(=O)Nc3nc4ccccc4o3)c3c(N)ncnc32)CC1
624,8.423793651091742,Nc1ncnc2c1c(C(=O)Nc1nc3ccccc3o1)nn2CC1CCN(C(=O)c2ccco2)CC1
625,7.6767889107000045,Nc1ncnc(NCC2CCN(C(=O)NCc3ccccc3)CC2)c1-c1ccc(Oc2ccccc2)cc1
626,7.724515512790317,Nc1ncnc(NCC2CCN(C(=O)Nc3ccccc3)CC2)c1-c1ccc(Oc2ccccc2)cc1
627,8.000637667355324,Nc1ncnc2c1c(-c1ccc(Oc3ccccc3)cc1)nn2C1CCN(C(=O)CC2CC2)CC1
628,8.079795408497299,Nc1ncnc2c1c(-c1ccc(Oc3ccccc3)cc1)nn2C1CCCN(C(=O)CC2CC2)C1
629,8.801750190675122,CC(=O)N1CCC(Nc2ccc3ncnc(Nc4ccc(F)c(Cl)c4)c3c2)CC1
630,8.774204237268265,O=C(C1CC1)N1CCC(Nc2ccc3ncnc(Nc4ccc(F)c(Cl)c4)c3c2)CC1
631,7.786704122707455,CN1CCC(Nc2cncc(-c3cnc(Nc4cccc(Cl)c4)nc3)c2)CC1
632,7.964807668267341,O=C(C1CC1)N1CCC(Nc2cncc(-c3cnc(Nc4cccc(Cl)c4)nc3)c2)CC1
633,7.576963214902549,CN1CCC(Nc2cncc(-c3cnc(Nc4ccccn4)nc3)c2)CC1
634,7.329111225393695,CC(=O)N1CCC(Nc2cncc(-c3cnc(Nc4ccccn4)nc3)c2)CC1
635,7.89496451223291,O=C(C1CCCCC1)N1CCC(Nc2cncc(-c3cnc(Oc4cccc(Cl)c4)nc3)c2)CC1
636,8.006028506581362,CC(C)(C)OC(=O)N1CCC(Nc2cncc(-c3cnc(Oc4cccc(Cl)c4)nc3)n2)CC1
637,7.98124886180283,O=C(C1CCCCC1)N1CCC(Nc2cncc(-c3cnc(Oc4cccc(Cl)c4)nc3)n2)CC1
638,7.664744152119638,CC(=O)N1CCC(Nc2cncc(-c3cnc(Oc4cccc(OC(F)F)c4)nc3)n2)CC1
639,7.854408195111949,O=C(O)C1CCN(c2cncc(-c3cnc(Oc4cccc(OC(F)F)c4)nc3)n2)CC1
640,7.487314428408104,O=C(C1CC1)N1CCC(Nc2nc(Nc3ccccc3)ncc2F)CC1
641,7.458267306102085,O=C(C1CCCCC1)N1CCC(Nc2nc(Nc3ccccc3)ncc2F)CC1
642,8.921079705757528,CN1CCC(Oc2cc3c(Nc4ccc(Cl)c(Cl)c4F)ncnc3cc2OC2CCOCC2)CC1
643,8.99933230047796,CN1CCC(Oc2cc3c(Nc4ccc(Cl)c(Cl)c4F)ncnc3cc2OC2CCOC2)CC1
644,8.995058083139178,CN1CCC(Oc2cc3c(Nc4ccc(Cl)c(Cl)c4F)ncnc3cc2O[C@H]2CCOC2)CC1
645,9.27824784193608,CC(=O)N1CCC(Oc2cc3c(Nc4ccc(Cl)c(Cl)c4F)ncnc3cc2O[C@H]2CCOC2)CC1
646,8.791802263607662,CN1CCC(Oc2cc3c(Nc4ccc(Cl)c(F)c4F)ncnc3cc2OC2CCOCC2)CC1
647,8.997244014213962,CN1CCC(Oc2cc3c(Nc4ccc(Cl)c(Cl)c4F)ncnc3cc2OCC2CCOCC2)CC1
648,9.065536220800052,CN1CCC(Oc2cc3c(Nc4ccc(Cl)c(Cl)c4F)ncnc3cc2OCC2CCOC2)CC1
649,8.783536583813348,CN1CCC(Oc2cc3c(Nc4ccc(F)c(F)c4F)ncnc3cc2O[C@H]2CCOC2)CC1
650,8.961216445432374,O=C(O)CN1CCC(Oc2cc3c(Nc4ccc(F)c(F)c4F)ncnc3cc2O[C@H]2CCOC2)CC1
651,8.96119254375131,CN1CCC(Oc2cc3c(Nc4cccc(Cl)c4F)ncnc3cc2O[C@H]2CCOC2)CC1
652,8.961416112133321,CN1CCC(Oc2cc3c(Nc4cccc(Cl)c4F)ncnc3cc2OC2CCOC2)CC1
653,8.91926099100888,CN1CCC(Oc2cc3c(Nc4ccc(Cl)cc4F)ncnc3cc2O[C@H]2CCOC2)CC1
654,8.920671192386513,CN1CCC(Oc2cc3c(Nc4ccc(Cl)cc4F)ncnc3cc2OC2CCOC2)CC1
655,8.893200765170713,CN1CCC(Oc2cc3c(Nc4ccc(F)c(Cl)c4)ncnc3cc2O[C@H]2CCOC2)CC1
656,8.987277959163261,COCCOc1cc2ncnc(Nc3ccc(F)c(Cl)c3)c2cc1OC1CCN(C(C)=O)CC1
657,8.707096271640294,COc1cc2ncnc(Nc3ccc(OCc4cccc(F)c4)c(Cl)c3)c2cc1OC1CCN(C(C)=O)CC1
658,8.739057903698605,O=C(O)COc1cc2ncnc(Nc3ccc(OCc4cccc(F)c4)c(Cl)c3)c2cc1OC1CCOC1
659,8.64348883282155,COc1cc2ncnc(Nc3ccc(OCc4ccccn4)c(Cl)c3)c2cc1OC1CCN(C(C)=O)CC1
660,8.64365040753862,CN1CCC(Oc2cc3c(Nc4ccc(OCc5ccccn5)c(Cl)c4)ncnc3cc2O[C@H]2CCOC2)CC1
661,8.409687181756691,C#Cc1cccc(Nc2ncnc3cc(OC)c(OC4CCN(C(=O)COC)CC4)cc23)c1
662,8.619145382910144,C#Cc1cccc(Nc2ncnc3cc(OCC4CC4)c(OC4CCN(C(=O)CNC)CC4)cc23)c1
663,8.401457629779841,CN1CCC(Oc2cc3c(Nc4cccc(C#N)c4)ncnc3cc2O[C@H]2CCOC2)CC1
664,8.484183648066125,CC(C)N1CCC(Oc2cc3c(Nc4cccc(C#N)c4)ncnc3cc2O[C@H]2CCOC2)CC1
665,7.941750674534236,CC(C)N1CCC(Oc2nc(Nc3ccc(CN4CCC(CO)CC4)cc3)ncc2Cl)CC1
666,7.903402577182111,O=C([C@H]1CCCCN1)N1CCC(Oc2nc(Nc3ccc(CN4CCC(CO)CC4)cc3)ncc2Cl)CC1
667,8.055825792803489,CC(=O)N1CCC(Oc2nc(Nc3ccc(N4CCN(CCO)CC4)cc3)ncc2Cl)CC1
668,8.250585852719729,O=C([C@@H]1CCCCN1)N1CCC(Oc2nc(Nc3ccc(N4CCN(CCO)CC4)cc3)ncc2Cl)CC1
669,8.060713014526353,CN1CCC(Oc2nc(Nc3ccc(N4CCOCC4)cc3)nc3ccsc23)CC1
670,8.083097934988274,CC(=O)N1CCC(Oc2nc(Nc3ccc(N4CCOCC4)cc3)nc3ccsc23)CC1
671,8.477038381946999,O=C(c1ccccc1)N1CCC(Oc2cc3c(Nc4ccc(Cl)cc4Cl)ncnc3cn2)CC1
672,8.266589066709255,CC(C)(C)C(=O)N1CCC[C@@H](c2nn(-c3ccc(Oc4ccccc4)cc3)c3c(N)nccc23)C1
673,8.411017989865348,Nc1nccc2c1c(N[C@H](CO)C(=O)N1CCC[C@H](c3ccc(Oc4ccccc4)cc3)C1)nn2-c1ccccc1
674,8.54713790936593,O=C([C@@H]1CCCN1)N1CCC[C@@H](c2nn(-c3ccc(Oc4cccc(F)c4F)cc3)c3cncc(F)c23)C1
675,8.54713790936593,O=C([C@@H]1CCCN1)N1CCC[C@H](c2nn(-c3ccc(Oc4cccc(F)c4F)cc3)c3cncc(F)c23)C1
676,8.448614904764186,O=C([C@@H]1CCCN1)N1CCC[C@@H](c2nn(-c3ccc(Oc4c(F)cccc4F)cc3)c3cncc(F)c23)C1
677,8.448614904764186,O=C([C@@H]1CCCN1)N1CCC[C@H](c2nn(-c3ccc(Oc4c(F)cccc4F)cc3)c3cncc(F)c23)C1
678,7.698621351799121,NC(=O)c1c(-c2ccc(Oc3ccccc3)cc2)nn([C@H]2CCCN(C(=O)C3CC3)C2)c1N
679,7.685196136403781,NC(=O)c1c(-c2ccc(Oc3ccccc3)cc2)nn([C@H]2CCCN(C(=O)C3CCC3)C2)c1N
680,8.187999139474474,CC(C)C[C@@H](N)C(=O)N1CCC[C@@H](n2nc(-c3ccc(Oc4ccccc4)cc3)c3c(N)ncnc32)C1
681,8.298498937961536,CCC(C)(C)C(=O)N1CCC[C@@H](n2nc(-c3ccc(Oc4ccccc4)cc3)c3c(N)ncnc32)C1
682,7.518749681714142,CN(C)C(=O)CN1CCC[C@H](Nc2nc(Nc3ccc(N4CCOCC4)cc3)c3c(c2F)CNC3=O)C1
683,7.487370104107708,O=C1NCc2c(Nc3ccc(N4CCOCC4)cc3)nc(N[C@H]3CCCC[C@H]3O)c(F)c21
684,7.902595094276313,Nc1ncnc(N[C@H]2CCCN(C(=O)C3CC3)C2)c1-c1ccc(Oc2ccccc2)cc1
685,7.871817409300306,Nc1ncnc(N[C@H]2CCCN(C(=O)C3CCC3)C2)c1-c1ccc(Oc2ccccc2)cc1
686,8.155423825302327,CC(C)C[C@@H](N)C(=O)N1CCC[C@@H]1Cn1nc(-c2ccc(Oc3ccccc3)cc2)c2c(N)ncnc21
687,8.199632636792586,CC(C)(C)C(=O)N1CCC[C@@H]1Cn1nc(-c2ccc(Oc3ccccc3)cc2)c2c(N)ncnc21
688,8.618535079304268,CN1CCC(CSc2nc(-c3ccnc(Nc4ccccc4)c3)c(-c3ccc(F)cc3)[nH]2)CC1
689,8.782896275584458,CC(=O)N1CCC[C@@H]1CSc1nc(-c2ccnc(Nc3ccccc3)c2)c(-c2ccc(F)cc2)[nH]1
690,8.052184628180754,Nc1nccc2c1c(N1CCN(C(=O)C3CCC3)CC1)nn2-c1ccc(Oc2ccccc2)cc1
691,8.72358268393457,O=C([C@@H]1CCCN1)N1CCC[C@@H](c2nn(-c3ccc(Oc4cc(F)cc(F)c4F)cc3)c3cncc(F)c23)C1
692,8.631558191606583,CC(=O)N1CCC[C@@H](c2nn(-c3ccc(Oc4cc(F)cc(F)c4F)cc3)c3cncc(F)c23)C1
693,8.526155843600192,O=C([C@@H]1CCCN1)N1CCC[C@@H](c2nn(-c3ccc(Oc4cc(F)ccc4F)cc3)c3cncc(F)c23)C1
694,8.464370508009967,CC(C)(C)C(=O)N1CCC[C@@H](c2nn(-c3ccc(Oc4cc(F)ccc4F)cc3)c3cncc(F)c23)C1
695,7.919502990039968,NC(=O)c1c(-c2ccc(Oc3ncc(Cl)cc3F)cc2)nn([C@@H]2CCCN(C(=O)C3CC3)C2)c1N
696,7.850227665436938,CC(C)N1CCC[C@@H](n2nc(-c3ccc(Oc4ncc(Cl)cc4F)cc3)c(C(N)=O)c2N)C1
697,7.695270419000642,NC(=O)c1c(-c2ccc(Oc3ccc(Cl)cc3)cc2)nn([C@@H]2CCCN(C(=O)C3CC3)C2)c1N
698,7.764212094277313,CC(C)(C)C(=O)N1CCC[C@@H](n2nc(-c3ccc(Oc4ccc(Cl)cc4)cc3)c(C(N)=O)c2N)C1
699,7.859558169676712,NC(=O)c1c(-c2ccc(Oc3ccc(Cl)cn3)cc2)nn([C@@H]2CCCN(C(=O)C3CC3)C2)c1N
700,7.9387058799771815,CC(C)(C)C(=O)N1CCC[C@@H](n2nc(-c3ccc(Oc4ccc(Cl)cn4)cc3)c(C(N)=O)c2N)C1
701,8.415446752295324,CN(C)CC(=O)N1CCC[C@@H](n2c(=O)n(-c3ccc(Oc4ccccc4)cc3)c3c(N)nccc32)C1
702,8.354178546553323,CC(C)(C)C(=O)N1CCC[C@@H](n2c(=O)n(-c3ccc(Oc4ccccc4)cc3)c3c(N)nccc32)C1
703,7.853936723196214,N#Cc1ccc2nc(NC(=O)c3nn([C@H]4CCCNC4)c4ncnc(N)c34)oc2c1
704,8.227153462901164,N#Cc1ccc2nc(NC(=O)c3nn([C@H]4CCCN(C(=O)C5CC5)C4)c4ncnc(N)c34)oc2c1
705,8.171545781436553,CC(=O)N1CCC[C@@H](n2nc(C(=O)Nc3nc4ncccc4o3)c3c(N)ncnc32)C1
706,8.237960838944126,CC(C)C(=O)N1CCC[C@@H](n2nc(C(=O)Nc3nc4ncccc4o3)c3c(N)ncnc32)C1
707,8.137608587296087,Nc1ncnc2c1c(C(=O)Nc1nc3ccccc3o1)nn2[C@@H]1CCCN(C(=O)C2CC2)C1
708,8.016010111507171,Nc1ncnc2c1c(C(=O)Nc1nc3ccccc3o1)nn2[C@@H]1CCCN(C(=O)[C@H](N)CO)C1
709,7.069420737169526,C=CCc1nn([C@@H]2CCCN(C(=O)C=C)C2)c2ncnc(N)c12
710,6.808169994720871,C#Cc1nn([C@@H]2CCCN(C(=O)COC)C2)c2ncnc(N)c12
711,7.098537259949586,CC(C)N1CCC[C@@H](n2nc(C#CC3CCCC3)c3c(N)ncnc32)C1
712,6.934324343586616,CC(=O)N1CCC[C@@H](n2nc(C#CC3CCCC3)c3c(N)ncnc32)C1
713,7.114045176652686,CC(C)N1CCC[C@@H](n2nc(C#CCC3CCCC3)c3c(N)ncnc32)C1
714,6.975354866620417,CC(=O)N1CCC[C@@H](n2nc(C#CCC3CCCC3)c3c(N)ncnc32)C1
715,8.30790825163157,Nc1ncnc2c1c(-c1ccc(OCc3ccccn3)c(Cl)c1)nn2[C@@H]1CCCN(C(=O)C2CC2)C1
716,8.238185813448588,Nc1ncnc2c1c(-c1ccc(OCc3ccccn3)c(Cl)c1)nn2[C@@H]1CCCN(C(=O)[C@H](N)CO)C1
717,6.934798162406357,CC(=O)N1CCC[C@@H](n2nc(-c3cccc(C(F)(F)F)c3)c3c(N)ncnc32)C1
718,7.184706213302675,CC(C)(C)C(=O)N1CCC[C@@H](n2nc(-c3cccc(C(F)(F)F)c3)c3c(N)ncnc32)C1
719,7.022217892424697,CC(=O)N1CCC[C@@H](n2nc(-c3cccc(F)c3)c3c(N)ncnc32)C1
720,7.23089169312597,CC(C)(C)C(=O)N1CCC[C@@H](n2nc(-c3cccc(F)c3)c3c(N)ncnc32)C1
721,7.19803922854231,CC(C)(C)C(=O)N1CCC[C@@H](n2nc(-c3ccc(C(F)(F)F)cc3)c3c(N)ncnc32)C1
722,7.273916352755516,CN(C)CC(=O)N1CCC(n2nc(-c3ccc(C(F)(F)F)cc3)c3c(N)ncnc32)CC1
723,6.967637067497968,CC(=O)N1CCC[C@@H](n2nc(-c3ccc(F)cc3)c3c(N)ncnc32)C1
724,7.3714503360872845,CC(C)(C)CC(=O)N1CCC[C@@H](n2nc(-c3ccc(F)cc3)c3c(N)ncnc32)C1
725,7.19250633849222,CC(=O)N1CCC[C@@H](n2nc(-c3ccc(O)cc3)c3c(N)ncnc32)C1
726,7.252901862807006,CC(C)C(=O)N1CCC[C@@H](n2nc(-c3ccc(O)cc3)c3c(N)ncnc32)C1
727,7.997176753580559,CC(=O)N1CCC[C@@H](n2nc(-c3ccc(F)c4ccccc34)c3c(N)ncnc32)C1
728,8.04606569249344,CC(C)C(=O)N1CCC[C@@H](n2nc(-c3ccc(F)c4ccccc34)c3c(N)ncnc32)C1
729,7.322790026237106,CC(C)(C)CC(=O)N1CCC[C@@H](n2nc(-c3ccccc3)c3c(N)ncnc32)C1
730,7.241238608749586,CC(C)CC(=O)N1CCC[C@@H](n2nc(-c3ccccc3)c3c(N)ncnc32)C1
731,8.13794077745301,CN(C)CC(=O)N1CCC[C@H](n2nc(-c3cccc4ccccc34)c3c(N)ncnc32)C1
732,8.118548655296928,CC(C)C[C@@H](N)C(=O)N1CCC[C@@H](n2nc(-c3cccc4ccccc34)c3c(N)ncnc32)C1
733,7.892249688942665,Nc1ncnc2c1c(-c1ccc3ccccc3c1)nn2[C@@H]1CCCN(C(=O)[C@H](N)CO)C1
734,8.007354511533803,Nc1ncnc2c1c(-c1ccc3ccccc3c1)nn2[C@@H]1CCCN(C(=O)C2CC2)C1
735,8.299948345920109,N#Cc1ncc(C(F)(F)F)cc1-n1cc(-c2nn([C@@H]3CCCN(C(=O)C4CC4)C3)c3ncnc(N)c23)nn1
736,8.203338096824906,CC(C)(C)OC(=O)N1CCC[C@@H](n2nc(-c3cn(-c4cc(C(F)(F)F)cnc4C#N)nn3)c3c(N)ncnc32)C1
737,8.731286206542164,Nc1ncnc2c1c(-c1cn(Cc3nc4ccc(Cl)cn4c3Br)nn1)nn2[C@@H]1CCCN(C(=O)C2CC2)C1
738,8.754981596519297,CC(C)N1CCC[C@@H](n2nc(-c3cn(Cc4nc5ccc(Cl)cn5c4Br)nn3)c3c(N)ncnc32)C1
739,7.855184459452187,Nc1ncnc2c1c(-c1cnc3[nH]ccc3c1)nn2[C@@H]1CCCN(C(=O)C2CC2)C1
740,7.900166197628598,Nc1ncnc2c1c(-c1cnc3[nH]ccc3c1)nn2[C@@H]1CCCN(C(=O)[C@H](N)CO)C1
741,6.951085062520194,CC(C)C(=O)N1CCC[C@@H](n2nc(C3CC3)c3c(N)ncnc32)C1
742,6.906946302258503,CC(=O)N1CCC[C@@H](n2nc(C3CC3)c3c(N)ncnc32)C1
743,7.599597185349775,Nc1ncnc2c1c(Cc1ccccc1)nn2[C@@H]1CCCN(C(=O)C2CC2)C1
744,7.5729946301981474,CC(C)C(=O)N1CCC[C@@H](n2nc(Cc3ccccc3)c3c(N)ncnc32)C1
745,7.440874761359881,CC(=O)N1CCC[C@@H](n2nc(I)c3c(N)ncnc32)C1
746,7.389898464420671,CC(C)C(=O)N1CCC[C@@H](n2nc(I)c3c(N)ncnc32)C1
747,6.738050437193931,CC(=O)N1CCC[C@@H](n2ncc3c(N)ncnc32)C1
748,6.776753857395023,CC(C)C(=O)N1CCC[C@@H](n2ncc3c(N)ncnc32)C1
749,7.643361420949317,O=C(C1CC1)N1CCC[C@@H](Nc2nc(Nc3cccc(Cl)c3)ncc2F)C1
750,7.888056303212232,CC(=O)N1CCC[C@@H](Nc2nc(Nc3cccc(Cl)c3)ncc2F)C1
751,8.16572052663114,CC(C)N1CCC[C@@H](Nc2nc(Nc3cccc(OCCN4CCOCC4)c3)ncc2F)C1
752,8.146849938585975,O=C(C1CCCCC1)N1CCC[C@@H](Nc2nc(Nc3cccc(OCCN4CCOCC4)c3)ncc2F)C1
753,7.935928831882378,CC(C)(O)[C@@H](O)N1CCC[C@@H](Nc2nc(Nc3ccc(O[C@@H]4CCOC4)cc3)ncc2F)C1
754,7.828753831912381,O=C([C@@H]1CCCN1)N1CCC[C@@H](Nc2nc(Nc3ccc(O[C@@H]4CCOC4)cc3)ncc2F)C1
755,7.935928831882378,CC(C)(O)[C@@H](O)N1CCC[C@@H](Nc2nc(Nc3ccc(O[C@H]4CCOC4)cc3)ncc2F)C1
756,7.828753831912381,O=C([C@@H]1CCCN1)N1CCC[C@@H](Nc2nc(Nc3ccc(O[C@H]4CCOC4)cc3)ncc2F)C1
757,7.8209179213718105,O=C([C@@H]1CCCN1)N1CCC[C@@H](Nc2nc(Nc3ccc(OC4CCOC4)cc3)ncc2F)C1
758,8.160809947465044,CC(C)(O)[C@@H](Nc1nc(Nc2ccc(OC3CCOC3)cc2)ncc1F)C1CCCN(C(=O)C2CC2)C1
759,8.060779912473127,CC(C)N1CCC[C@@H](Nc2nc(Nc3ccc4c(c3)OCCOCCO4)nc3nc[nH]c23)C1
760,7.694294324014668,c1nc2nc(Nc3ccc4c(c3)OCCOCCO4)nc(N[C@H]3CCCNC3)c2[nH]1
761,8.072252689197688,CC(C)(C)C(=O)N1CCC[C@H]1c1nc(-c2ccc(Oc3cccc(F)c3F)cc2)c2cnccn12
762,8.366323350020489,O=C(c1cccnc1)N1CCC[C@H]1c1nc(-c2ccc(Oc3cccc(F)c3F)cc2)c2cnccn12
763,8.227554674280837,CC(=O)N1CCC[C@H]1c1nc(-c2ccc(OCc3c(F)cccc3F)cc2)c2cnccn12
764,8.313176075349537,CC(C)(C)C(=O)N1CCC[C@H]1c1nc(-c2ccc(OCc3c(F)cccc3F)cc2)c2cnccn12
765,8.73797930788279,CN1CCC[C@H]1CSc1nc(-c2ccnc(Nc3ccccc3)c2)c(-c2ccc(F)cc2)[nH]1
766,8.782896275584458,CC(=O)N1CCC[C@H]1CSc1nc(-c2ccnc(Nc3ccccc3)c2)c(-c2ccc(F)cc2)[nH]1
767,7.970703829919145,O=C1NCC2(CCNCC2)c2[nH]c(-c3ccnc(-c4ccc5c(c4)OCO5)n3)cc21
768,8.484509552397556,O=C1NCC2(CCN(C(=O)C3CCCCC3)CC2)c2[nH]c(-c3ccnc(-c4ccc5c(c4)OCO5)n3)cc21
769,8.498801305800692,CC(=O)N1CCc2nc3c(C(N)=O)c(-c4ccc(Oc5ccccc5)cc4)[nH]n3c2C1
770,7.873175481820885,NC(=O)c1c(-c2ccc(Oc3ccccc3)cc2)[nH]n2c3c(nc12)CCN(C(=O)c1ccccc1)C3
771,8.50490099619182,CC(=O)N1CCc2c(nc3c(C(N)=O)c(-c4ccc(Oc5ccccc5)cc4)[nH]n23)C1
772,8.117704508895564,NC(=O)c1c(-c2ccc(Oc3ccccc3)cc2)[nH]n2c3c(nc12)CCN(C(=O)c1ccc(F)cc1)C3
773,8.163014243279644,C=CCN1CCc2c(sc3ncnc(N[C@@H](CO)c4ccccc4)c23)C1
774,8.222851330032722,C=CC(=O)N1CCc2c(sc3ncnc(N[C@@H](CO)c4ccccc4)c23)C1C
775,7.855694379553495,CC(C)C(=O)N1CCc2c(sc3ncnc(N[C@H](CO)c4ccccc4)c23)C1
776,8.323527287132626,C=CC(=O)N1CCc2c(sc3ncnc(N[C@@H](CO)c4ccccc4)c23)C1
777,8.321625269659732,C=CC(=O)N1CCc2c(sc3ncnc(Nc4ccccc4F)c23)C1
778,8.2547655418599,C=CC(=O)N1CCc2c(sc3ncnc(Nc4ccc(F)cc4F)c23)C1
779,7.924811242815583,NC(=O)c1c(-c2ccc(Oc3ccccc3)cc2)[nH]n2c3c(nc12)CCN(C(=O)c1ccccc1)CC3
780,7.798436477991877,Nc1ncnc2c1c(C(=O)Nc1nc3ccccc3o1)nn2CC1CCCNC1
781,7.199274041197679,NC(=O)c1c(-c2ccc(Oc3ccc(F)cc3F)cc2)nn(C2CCCC2)c1N
782,7.522752129670833,NC(=O)c1c(-c2ccc(Oc3ccc(F)cc3F)cc2)nn(C2CCN(C(=O)C3CC3)CC2)c1N
783,7.317147481985979,NC(=O)c1c(-c2ccc(Oc3ncc(Cl)cc3F)cc2)nn(C2CCCC2)c1N
784,7.2992276913346705,NC(=O)c1c(-c2ccc(Oc3ncc(Cl)cc3F)cc2)nn(C2CCOCC2)c1N
785,7.25232273442363,NC(=O)c1c(-c2ccc(Oc3ccc(Cl)cc3)cc2)nn(C2CCCC2)c1N
786,7.286992904169333,NC(=O)c1c(-c2ccc(Oc3ccc(Cl)cc3)cc2)nn(C2CCCCC2)c1N
787,7.127337952548556,NC(=O)c1c(-c2ccc(Oc3cccc(C(F)(F)F)n3)cc2)nn(C2CCCC2)c1N
788,7.358928092036254,CC(=O)N1CCC(n2nc(-c3ccc(Oc4cccc(C(F)(F)F)n4)cc3)c(C(N)=O)c2N)CC1
789,7.313935669897468,NC(=O)c1c(-c2ccc(Oc3ccc(Cl)cn3)cc2)nn(C2CCCC2)c1N
790,7.311506590360416,NC(=O)c1c(-c2ccc(Oc3ccc(Cl)cn3)cc2)nn(C2CCCCC2)c1N
791,8.092790867775912,NCC(=O)N1CCC[C@@H](n2nc(-c3ccc(Oc4ccccc4)cc3)c3c(N)ncnc32)C1
792,7.747135649161233,Nc1ncnc2c1c(-c1ccc3ccccc3c1)nn2C1CCCNC1
793,8.011558888832518,Nc1ncnc2c1c(-c1ccc3ccccc3c1)nn2C1CCCN(C(=O)C2CC2)C1
794,6.985105168671609,O=C1NCc2c(-c3cnn(C4CC4)c3)nc(NC3CCCC3)c(F)c21
795,6.992923250499697,O=C1NCc2c(F)c(NC3CCCC3)nc(-c3cnn(C4CC4)c3)c21
796,7.631364735186376,CN(C)C(=O)CN1CCCC(Nc2nc(Nc3ccc(C(=O)N4CCOCC4)cc3)c3c(c2F)CNC3=O)C1
797,7.414803940054741,CC(=O)N1CCCC(Nc2nc(Nc3ccc(C(=O)N4CCOCC4)cc3)c3c(c2F)CNC3=O)C1
798,7.313216335996778,O=C1NCc2c(Nc3ccc(N4CCOCC4)cc3)nc(NC3CCOCC3)c(F)c21
799,7.524777750203233,O=C1NCc2c(Nc3ccc(N4CCOCC4)cc3)nc(NC3CCCCC3)c(F)c21
800,7.320004373362453,O=C1NCc2c(Nc3ccc(N4CCOCC4=O)cc3)nc(NC3CCOCC3)c(F)c21
801,7.504019177461714,O=C1NCc2c(Nc3ccc(N4CCOCC4=O)cc3)nc(NC3CCCCC3)c(F)c21
802,7.35852624339741,O=C1NCc2c(Nc3ccc(OCCO)cc3)nc(NC3CCCCC3)c(F)c21
803,7.234584384644023,COc1ccc(Nc2nc(NC3CCCN(C(C)=O)C3)c(F)c3c2CNC3=O)cc1
804,7.477985099156647,O=C1Cc2c(Nc3cnn(C4CCOCC4)c3)nc(NC3CCCCC3)c(F)c2CN1
805,7.424768061032754,O=C1NCc2c(Nc3cnn(C4CCOCC4)c3)nc(NC3CCCCC3)c(F)c2CN1
806,7.459882626729031,CN(C)C(=O)N1CCC(Nc2nc(Nc3cnn(C4CCS(=O)(=O)CC4)c3)c3c(c2F)CNC3=O)CC1
807,7.5980330246241365,CC(C)C(=O)N1CCCC(Nc2nc(Nc3cnn(C4CCS(=O)(=O)CC4)c3)c3c(c2F)CNC3=O)C1
808,7.807304297853325,C=CC(=O)N1CCCC[C@H]1c1nc(-c2ccc(C(=O)Nc3ccccc3)cc2)c(C(N)=O)n1N
809,7.844872119204154,C=CC(=O)N1CCCC[C@H]1c1nc(-c2ccc(C(=O)Nc3cccc(C)c3)cc2)c(C(N)=O)n1N
810,7.618315607857701,CC(=O)N1CCCC[C@H]1c1nc(-c2ccc(C(=O)Nc3ccc(F)cc3)cc2)c(C(N)=O)n1N
811,7.550022219971563,CN1CCCC[C@H]1c1nc(-c2ccc(C(=O)Nc3cc(C(F)(F)F)ccn3)cc2)c(C(N)=O)n1N
812,7.948835273294709,NC(=O)c1c(-c2ccc(C(=O)Nc3cc(-c4ccc(Cl)cc4)ccn3)cc2)nc([C@@H]2CCCCN2)n1N
813,7.6711643996731045,CC(=O)N1CCCC[C@H]1c1nc(-c2ccc(C(=O)Nc3cc(-c4ccccc4)ccn3)cc2)c(C(N)=O)n1N
814,7.947490746857882,NC(=O)c1c(-c2ccc(C(=O)Nc3cc(-c4ccc(F)cc4)ccn3)cc2)nc([C@@H]2CCCCN2)n1N
815,7.6711643996731045,CC(=O)N1CCCC[C@@H]1c1nc(-c2ccc(C(=O)Nc3cc(-c4ccccc4)ccn3)cc2)c(C(N)=O)n1N
816,8.085415308481751,NCC(=O)N1CCC[C@@H]1n1nc(-c2ccc(Oc3ccccc3)cc2)c2c(N)ncnc21
817,8.233066942672993,CC(C)C[C@@H](N)C(=O)N1CCCC[C@@H]1n1nc(-c2ccc(Oc3ccccc3)cc2)c2c(N)ncnc21
818,8.148388346757446,NC(=O)c1c(-c2ccc(Oc3ccccc3)cc2)[nH]n2c3c(nc12)CCCNC3
819,7.547575786687663,CN(C)C(=O)CN1CCC(Nc2nc(Nc3ccc(N4CCOCC4)cc3)c3c(c2F)CNC3=O)CC1
820,8.411034428802763,CC(=O)N1CCCCCn2cc(c3ccccc32)-c2ccnc(n2)Nc2cccc(c2)C1
821,8.358536570901975,CC(=O)N1CCCCCCn2cc(c3ccccc32)-c2ccnc(n2)Nc2cccc(c2)C1
822,8.399020008826975,CC(=O)N1CCCCCCn2cc(c3ccccc32)-c2ccnc(n2)Nc2cccc1c2
823,8.622088604697597,C=CC(=O)N1CCCCCn2cc(c3ccccc32)-c2ccnc(n2)Nc2ccc(F)cc21
824,8.438147674962956,C=CC(=O)N1CCCn2cc(c3ccccc32)-c2ccnc(n2)Nc2ccc(OC)c(OC)c21
825,8.432224360962772,C=CCOc1cc2c(cc1F)Nc1nccc(n1)-c1ccccc1NCCCCCn1cc3c-2ccccc1CCC3
826,8.307434581341102,CN1CCCCn2cc(c3ccccc32)-c2ccnc(n2)Nc2cccc(c2)C1
827,8.592507731625822,O=C([C@@H]1CCCN1)N1CCO[C@H](c2nn(-c3ccc(Oc4c(F)cccc4F)cc3)c3cncc(F)c23)C1
828,8.445590288566349,CN1CCOC(c2nn(-c3ccc(Oc4c(F)cccc4F)cc3)c3cncc(F)c23)C1
829,8.563198450121211,CN1CCOc2ccc(Nc3ncc(F)c(Nc4ccc(OCc5ccccn5)c(Cl)c4)n3)cc21
830,8.408036427892661,CN1CCOc2ccc(Nc3ncc(F)c(Nc4ccc(OCc5ccccn5)c(F)c4)n3)cc21
831,7.895092153000977,CN1CCOc2ccc(Nc3ncc(F)c(Nc4cccc(Cl)c4)n3)cc21
832,7.904643856912573,CN1CCOc2cc(Nc3ncc(F)c(Nc4cccc(Cl)c4)n3)ccc21
833,8.176462175995795,CN1CCOc2ccc(Nc3ncc(F)c(Nc4ccc5c(c4)CC(=O)N5)n3)cc21
834,8.12750934342786,O=C1Cc2cc(Nc3nc(Nc4ccc5c(c4)NCCO5)ncc3F)ccc2N1
835,8.472799796244425,CN1CCOc2c1ccc1ncnc(Nc3ccc(OCc4cccc(F)c4)c(Cl)c3)c21
836,8.467857217492108,CN1CCOc2ccc3ncnc(Nc4ccc(OCc5cccc(F)c5)c(Cl)c4)c3c21
837,8.560579259370725,CN1CCOc2c1ccc1ncnc(Nc3ccc(OCc4ccccn4)c(Cl)c3)c21
838,8.496345727077067,Clc1cc(Nc2ncnc3ccc4c(c23)OCCN4)ccc1OCc1ccccn1
839,8.152469246051194,CN1CCOc2c1ccc1ncnc(Nc3ccc(Oc4ccccc4)cc3)c21
840,8.161887079769473,CC(=O)N1CCOc2c1ccc1ncnc(Nc3ccc(Oc4ccccc4)cc3)c21
841,8.140014958010557,CC(=O)N1CCOc2c1ccc1ncnc(Oc3ccc(OCc4cccc(F)c4)c(Cl)c3)c21
842,8.557386043289515,O=C([C@@H]1CCCN1)N1CCOc2c1ccc1ncnc(Oc3ccc(OCc4cccc(F)c4)c(Cl)c3)c21
843,8.382932084240938,CC(=O)N1CCOc2c1ccc1ncnc(Oc3ccc(OCc4ccccn4)c(Cl)c3)c21
844,8.334787211044404,Clc1cc(Oc2ncnc3ccc4c(c23)OCCN4)ccc1OCc1ccccn1
845,7.743805368747189,CC(=O)N1CCOc2c1ccc1ncnc(Oc3ccc(Oc4ccc(F)cc4)cc3)c21
846,8.158204928485214,O=C([C@@H]1CCCN1)N1CCOc2c1ccc1ncnc(Oc3ccc(Oc4ccc(F)cc4)cc3)c21
847,7.847915503077327,CC(=O)N1CCOc2c1ccc1ncnc(Oc3ccc(Oc4ccccc4)cc3)c21
848,7.881414490485439,O=C(c1ccco1)N1CCOc2c1ccc1ncnc(Oc3ccc(Oc4ccccc4)cc3)c21
849,8.092478832674653,CC(=O)N1CCOc2c1ccc1ncnc(Oc3ccc(OCc4cccc(F)c4)cc3)c21
850,8.235752056105301,Fc1cccc(COc2ccc(Oc3ncnc4ccc5c(c34)OCCN5)cc2)c1
851,8.03620242890622,CC(=O)N1CCOc2c1ccc1ncnc(Oc3ccc(OCc4ccc(F)cc4)cc3)c21
852,8.167395926610945,Fc1ccc(COc2ccc(Oc3ncnc4ccc5c(c34)OCCN5)cc2)cc1
853,8.078534442920608,CC(=O)N1CCOc2c1ccc1ncnc(Oc3ccc(OCc4ccccc4F)cc3)c21
854,8.03764935117507,CC(=O)N1CCOc2c1ccc1ncnc(Oc3ccc(OCc4ccccc4)cc3)c21
855,8.226456114259708,CC(=O)N1CCOc2c1ccc1ncnc(Oc3ccc(OCc4ccccn4)cc3)c21
856,8.08876381294417,c1ccc(COc2ccc(Oc3ncnc4ccc5c(c34)OCCN5)cc2)nc1
857,8.218097852743837,CC(=O)NC1(C2CCNc3c(C(N)=O)c(-c4ccc(Oc5ccccc5)cc4)nn32)CC1
858,8.114270118687061,NC(=O)c1c(-c2ccc(Oc3ccccc3)cc2)nn2c1NCCC21CCN(CC(=O)O)CC1
859,8.54899136312801,COc1cc2ncnc(Cc3ccc(F)c(Br)c3)c2cc1OCCCN1CCOCC1
860,8.744467332101602,O=C(Nc1cc2c(Cc3ccc(F)c(Br)c3)ncnc2cc1OCCCN1CCOCC1)c1ccccc1
861,8.56486004806386,COc1cc2ncnc(Cc3ccc(F)c(Cl)c3)c2cc1OCCCN1CCOCC1
862,8.711131305649468,O=C(Nc1cc2c(Cc3ccc(F)c(Cl)c3)ncnc2cc1OCCCN1CCOCC1)c1ccccc1
863,8.83332724023282,C=CCOc1cc2ncnc(Cc3ccc(F)c(Cl)c3)c2cc1NC(=O)C=C
864,8.37917113731805,C=CCOc1cc2ncnc(Cc3ccc(F)c(Cl)c3)c2cc1OCCOCCCCO
865,8.187644974898829,COc1cc2c(Cc3cccc(Br)c3)ncnc2cc1OCCCn1ccnc1
866,8.533339331025811,O=C(Nc1cc2c(Cc3cccc(Br)c3)ncnc2cc1OCCCn1ccnc1)c1ccccc1
867,8.389419113387982,COc1cc2c(Cc3cccc(Br)c3)ncnc2cc1OCCCN1CCOCC1
868,8.628599660745133,O=C(Nc1cc2c(Cc3cccc(Br)c3)ncnc2cc1OCCCN1CCOCC1)c1ccccc1
869,8.99390794853791,CCC(=O)Nc1cc2c(Nc3ccc(Br)c(Cl)c3F)ncnc2cc1OCCNC(=O)CCN1CCCCC1
870,8.897683515626184,CC(C)(C)OC(=O)Nc1cc2c(Nc3ccc(Br)c(Cl)c3F)ncnc2cc1OCCNC(=O)CCN1CCCC1
871,8.744570788384937,CC(C)(C)C(=O)Nc1cc2c(Nc3ccc(Br)c(Cl)c3F)ncnc2cc1OCCNC(=O)CO
872,8.821310602587452,CCC(=O)Nc1cc2c(Nc3ccc(Br)c(Cl)c3F)ncnc2cc1OCCNC(=O)CO
873,8.870932996888824,C=CCOc1cc2ncnc(Nc3ccc(Br)c(Cl)c3F)c2cc1NC(=O)C=C
874,9.063954661797384,C=CC(=O)Nc1cc2c(Nc3ccc(Br)c(Cl)c3F)ncnc2cc1OCCN(C)C
875,8.854680831438484,COCCNC(=O)Nc1cc2c(Nc3ccc(Br)c(Cl)c3F)ncnc2cc1OCCNC(=O)C1CC1
876,8.918979947986493,COCCNC(=O)Nc1cc2c(Nc3ccc(Br)c(Cl)c3F)ncnc2cc1OCCNC(=O)N1CCCC1
877,8.771801200425832,CCC(=O)Nc1cc2c(Nc3ccc(Br)c(F)c3F)ncnc2cc1OCCNC(=O)CCN1CCCCC1
878,8.692059748326422,CC(C)(C)OC(=O)Nc1cc2c(Nc3ccc(Br)c(F)c3F)ncnc2cc1OCCNC(=O)CCN1CCCC1
879,8.887008449008722,CC(C)(C)C(=O)Nc1cc2c(Nc3cccc(Cl)c3F)ncnc2cc1OCc1cn(CCC(=O)NO)nn1
880,8.965234046516178,O=C(CCn1cc(COc2cc3ncnc(Nc4cccc(Cl)c4F)c3cc2O)nn1)NO
881,8.93995559242048,CC(C)(C)C(=O)Nc1cc2c(Nc3cccc(Cl)c3F)ncnc2cc1OCc1cn(CCCC(=O)NO)nn1
882,9.076594689809964,O=C(CCCn1cc(COc2cc3ncnc(Nc4cccc(Cl)c4F)c3cc2O)nn1)NO
883,8.97137566105068,CC(C)(C)C(=O)Nc1cc2c(Nc3cccc(Cl)c3F)ncnc2cc1OCc1cn(CCCCC(=O)NO)nn1
884,9.17886831453715,O=C(CCCCn1cc(COc2cc3ncnc(Nc4cccc(Cl)c4F)c3cc2O)nn1)NO
885,8.95861940640005,O=C(CO)Nc1cc2c(Nc3ccc(Br)cc3F)ncnc2cc1O[C@H]1CCOC1
886,8.716448261618014,O=C(Nc1cc2c(Nc3ccc(Br)cc3F)ncnc2cc1O[C@H]1CCOC1)c1ccccc1
887,8.637559032652627,COC(=O)Nc1cc2c(Nc3ccc(Br)cc3F)ncnc2cc1OCc1ccncc1
888,8.416931692973128,O=C(Nc1cc2c(Nc3ccc(Br)cc3F)ncnc2cc1OCc1ccncc1)c1ccccc1
889,8.725320843028346,COc1cc2ncnc(Nc3ccc(Br)cc3F)c2cc1OCC1=NCCO1
890,8.802954780102185,CC(=O)Nc1cc2c(Nc3ccc(Br)cc3F)ncnc2cc1OCC1=NCCO1
891,8.689476908800184,CC(=O)Nc1cc2c(Nc3ccc(Br)cc3F)ncnc2cc1OCC1CCN(C(=O)C(F)(F)F)CC1
892,8.66725320159193,O=C(Nc1cc2c(Nc3ccc(Br)cc3F)ncnc2cc1OCC1CCN(C(=O)C(F)(F)F)CC1)C1CC1
893,9.040101418214316,C=CC(=O)N1CCC(COc2cc3ncnc(Nc4ccc(Br)cc4F)c3cc2OC)CC1
894,9.104802921293674,C=CC(=O)N1CCC(COc2cc3ncnc(Nc4ccc(Br)cc4F)c3cc2OCCOC)CC1
895,8.933433648439193,CC(=O)Nc1cc2c(Nc3ccc(Br)cc3F)ncnc2cc1OCC1CCN(C(=O)CO)CC1
896,8.913112438937421,CC(=O)Nc1cc2c(Nc3ccc(Br)cc3F)ncnc2cc1OCC1CCN(C(=O)CN)CC1
897,8.828194285179848,O=C1NCC(COc2cc3ncnc(Nc4ccc(Br)cc4F)c3cc2O)O1
898,8.723319015727506,O=C1NCC(COc2cc3ncnc(Nc4ccc(Br)cc4F)c3cc2NC(=O)c2ccccc2)O1
899,8.5660081828778,CCC(=O)Nc1cc2c(Nc3ccc(Br)cc3F)ncnc2cc1OCCCNC(=O)C(F)(F)F
900,8.727739736041348,O=C(NCCCOc1cc2ncnc(Nc3ccc(Br)cc3F)c2cc1NC1CC1)C(F)(F)F
901,8.954479315128898,CC(=O)Nc1cc2c(Nc3ccc(Br)cc3F)ncnc2cc1OCCCNCCCO
902,8.618525059664629,C=CCCNCCCOc1cc2c(Nc3ccc(Br)cc3F)ncnc2cc1OCC=C
903,8.758347035487041,NCCOc1cc2ncnc(Nc3ccc(Br)cc3F)c2cc1NC(=O)C1CC1
904,8.595698217217937,CC(C)Oc1cc2ncnc(Nc3ccc(Br)cc3F)c2cc1NC(=O)CN
905,8.818285609433381,C=CCOc1cc2ncnc(Nc3ccc(Br)cc3F)c2cc1OCCNC(=O)C(=O)O
906,8.63948619427695,CCC(=O)Nc1cc2c(Nc3ccc(Br)cc3F)ncnc2cc1OCCNC(=O)C(=O)O
907,8.57321091825823,CCC(=O)Nc1cc2c(Nc3ccc(Br)cc3F)ncnc2cc1OCCNC(=O)C(F)(F)F
908,8.669628357441198,O=C(NCCOc1cc2ncnc(Nc3ccc(Br)cc3F)c2cc1OCC(F)(F)F)C1CC1
909,8.668488500545966,CCC(=O)Nc1cc2c(Nc3ccc(Br)cc3F)ncnc2cc1OCCNC(=O)C(F)F
910,8.658248677731969,O=C(NCCOc1cc2ncnc(Nc3ccc(Br)cc3F)c2cc1OCCO)C(F)F
911,8.864223051229494,COc1cc2ncnc(Nc3ccc(Br)cc3F)c2cc1OCCNC(=O)c1ccc[nH]1
912,8.746330931721658,CC(C)C(=O)Nc1cc2c(Nc3ccc(Br)cc3F)ncnc2cc1OCCNC(=O)c1ccc[nH]1
913,8.715217946170277,O=C(NCCOc1cc2ncnc(Nc3ccc(Br)cc3F)c2cc1O)c1cccs1
914,8.706298126184318,CCC(=O)Nc1cc2c(Nc3ccc(Br)cc3F)ncnc2cc1OCCNC(=O)c1cccs1
915,8.815376062892348,CCC(=O)Nc1cc2c(Nc3ccc(Br)cc3F)ncnc2cc1OCCNC(=O)C1CC1
916,8.845994202705599,O=C(NCCO)c1cc2ncnc(Nc3ccc(Br)cc3F)c2cc1OCCNC(=O)C1CC1
917,8.92944383343817,O=C(NCCOc1cc2ncnc(Nc3ccc(Br)cc3F)c2cc1O)C1CCCN1
918,8.826632233783037,CC(C)(C)C(=O)Nc1cc2c(Nc3ccc(Br)cc3F)ncnc2cc1OCCNC(=O)C1CCCN1
919,8.725151916400105,CCC(=O)Nc1cc2c(Nc3ccc(Br)cc3F)ncnc2cc1OCCNC(=O)CCN
920,8.582142815363325,CC(C)(N)C(=O)Nc1cc2c(Nc3ccc(Br)cc3F)ncnc2cc1OCCNC(=O)CCN
921,8.876764951244457,CCC(=O)Nc1cc2c(Nc3ccc(Br)cc3F)ncnc2cc1OCCNC(=O)CCN1CCCCC1
922,8.79743168442837,CC(C)(C)OC(=O)Nc1cc2c(Nc3ccc(Br)cc3F)ncnc2cc1OCCNC(=O)CCN1CCCCC1
923,8.728781869606804,CCC(=O)Nc1cc2c(Nc3ccc(Br)cc3F)ncnc2cc1OCCNC(=O)CO
924,8.746215078172883,CCCC(=O)Nc1cc2c(Nc3ccc(Br)cc3F)ncnc2cc1OCCNC(=O)CCO
925,8.699888028980872,CCC(=O)Nc1cc2c(Nc3ccc(Br)cc3F)ncnc2cc1OCCNC(=O)CN
926,8.481936892608621,CC(C)(N)C(=O)Nc1cc2c(Nc3ccc(Br)cc3F)ncnc2cc1OCCNC(=O)CN
927,9.020821872927652,O=C(CN1CC=CC1)NCCOc1cc2ncnc(Nc3ccc(Br)cc3F)c2cc1O
928,8.748294301127482,CC(C)(C)OC(=O)Nc1cc2c(Nc3ccc(Br)cc3F)ncnc2cc1OCCNC(=O)CN1CCCC1
929,8.871745156744051,CCC(=O)Nc1cc2c(Nc3ccc(Br)cc3F)ncnc2cc1OCCNC(=O)CN1CCCC1
930,8.882542834345902,COCC(=O)Nc1cc2c(Nc3ccc(Br)cc3F)ncnc2cc1OCCNC(=O)CN1CCCC1
931,9.002805193236336,O=C(CN1CCCC1)NCCOc1cc2ncnc(Nc3ccc(Br)cc3F)c2cc1O
932,8.96386298837288,O=C(CN1CCOCC1)NCCOc1cc2ncnc(Nc3ccc(Br)cc3F)c2cc1O
933,9.016279757713487,O=C(CN1CCCCC1)NCCOc1cc2ncnc(Nc3ccc(Br)cc3F)c2cc1O
934,8.765839361516376,CC(C)(C)OC(=O)Nc1cc2c(Nc3ccc(Br)cc3F)ncnc2cc1OCCNC(=O)CN1CCCCC1
935,8.872640551154786,CCC(=O)Nc1cc2c(Nc3ccc(Br)cc3F)ncnc2cc1OCCNC(=O)CN1CCOCC1
936,8.843845074093855,C=CCOc1cc2ncnc(Nc3ccc(Br)cc3F)c2cc1NC(=O)C=C
937,8.664720607052038,CC(C)C(=O)Nc1cc2c(Nc3ccc(Br)cc3F)ncnc2cc1OCCNC(=O)CO
938,8.63427636613521,CNC(=O)Nc1cc2c(Nc3ccc(Br)cc3F)ncnc2cc1OCCNC(C)=O
939,8.63053865724234,CNC(=O)Nc1cc2c(Nc3ccc(Br)cc3F)ncnc2cc1OCCNC(C)C
940,8.720517820766066,CC(C)OC(=O)Nc1cc2c(Nc3ccc(Br)cc3F)ncnc2cc1OCCNC(=O)N1CCNCC1
941,8.755027061602503,CC(C)(C)OC(=O)Nc1cc2c(Nc3ccc(Br)cc3F)ncnc2cc1OCCNC(=O)N1CCNCC1
942,8.71651890766131,CC(C)OC(=O)Nc1cc2c(Nc3ccc(Br)cc3F)ncnc2cc1OCCNC(=O)N1CCOCC1
943,8.808456554757045,COCCNC(=O)Nc1cc2c(Nc3ccc(Br)cc3F)ncnc2cc1OCCNC(=O)N1CCCC1
944,8.947200133155661,C=CCNC(=O)NCCOc1cc2ncnc(Nc3ccc(Br)cc3F)c2cc1NC(C)=O
945,8.954348389271244,COc1cc2ncnc(Nc3ccc(Br)cc3F)c2cc1OCCNc1nccs1
946,8.788182520953919,COc1cc2ncnc(Nc3ccc(F)cc3F)c2cc1OCCNc1nccs1
947,8.518760878385567,CCC(=O)Nc1cc2c(Nc3ccc(Cl)cc3F)ncnc2cc1OCCOCCOC(=O)CC(=O)O
948,8.504095697914778,O=C(O)CC(=O)OCCOCCOc1cc2ncnc(Nc3ccc(Br)cc3F)c2cc1O
949,8.59456881266416,O=C(CO)Nc1cc2c(Nc3ccc(Cl)c(C(F)(F)F)c3)ncnc2cc1O[C@H]1CCOC1
950,8.655554748237188,O=C(Nc1cc2c(Nc3ccc(Cl)c(C(F)(F)F)c3)ncnc2cc1O[C@H]1CCOC1)C1CC1
951,8.199504945951336,N#Cc1ccc(Nc2ncnc3cc(O[C@H]4CCOC4)c(F)cc23)cc1C#N
952,8.29624311174496,N#Cc1ccc(Nc2ncnc3cc(O[C@H]4CCOC4)c(NC(=O)C4CC4)cc23)cc1C#N
953,8.982799872427044,O=C(CO)Nc1cc2c(Nc3ccc(F)c(Cl)c3)ncnc2cc1O[C@H]1CCOC1
954,8.770172859112813,O=C(Nc1cc2c(Nc3ccc(F)c(Cl)c3)ncnc2cc1O[C@H]1CCOC1)c1cccc(F)c1
955,9.083302374626394,C=CCOc1cc2ncnc(Nc3ccc(F)c(Cl)c3)c2cc1NC(=O)CC
956,9.250967503126487,C=CCOc1cc2ncnc(Nc3ccc(F)c(Cl)c3)c2cc1NC(C)=O
957,8.72981874068419,COc1cc2c(Nc3ccc(F)c(Cl)c3)ncnc2cc1OCc1cn(-c2ccccc2)nn1
958,8.80441256381027,CC(=O)Nc1cc2c(Nc3ccc(F)c(Cl)c3)ncnc2cc1OCc1cn(-c2ccccc2)nn1
959,8.811640625410858,COC(=O)Nc1cc2c(Nc3ccc(F)c(Cl)c3)ncnc2cc1OCc1cn(Cc2cccc(F)c2)nn1
960,8.778539056216154,CC(C)(C)OC(=O)Nc1cc2c(Nc3ccc(F)c(Cl)c3)ncnc2cc1OCc1cn(Cc2cccc(F)c2)nn1
961,8.841294809078953,COC(=O)Nc1cc2c(Nc3ccc(F)c(Cl)c3)ncnc2cc1OCc1cn(Cc2ccc(Cl)cc2)nn1
962,8.794601308225209,CC(C)(C)OC(=O)Nc1cc2c(Nc3ccc(F)c(Cl)c3)ncnc2cc1OCc1cn(Cc2ccc(Cl)cc2)nn1
963,8.791637101520205,COC(=O)Nc1cc2c(Nc3ccc(F)c(Cl)c3)ncnc2cc1OCc1cn(Cc2ccc(F)cc2)nn1
964,8.828760409675336,CC(C)(C)C(=O)Nc1cc2c(Nc3ccc(F)c(Cl)c3)ncnc2cc1OCc1cn(Cc2ccc(F)cc2)nn1
965,8.821726356773606,COC(=O)Nc1cc2c(Nc3ccc(F)c(Cl)c3)ncnc2cc1OCc1cn(Cc2ccccc2)nn1
966,8.704837896125383,CC(C)(C)NC(=O)Nc1cc2c(Nc3ccc(F)c(Cl)c3)ncnc2cc1OCc1cn(Cc2ccccc2)nn1
967,8.809710910113353,COC(=O)Nc1cc2c(Nc3ccc(F)c(Cl)c3)ncnc2cc1OCc1cn(Cc2ccccc2F)nn1
968,8.82593086023868,CC(C)(C)C(=O)Nc1cc2c(Nc3ccc(F)c(Cl)c3)ncnc2cc1OCc1cn(Cc2ccccc2F)nn1
969,8.923198057591602,CC(C)(C)C(=O)Nc1cc2c(Nc3ccc(F)c(Cl)c3)ncnc2cc1OCc1cn(CCC(=O)NO)nn1
970,8.807339714132977,COC(=O)Nc1cc2c(Nc3ccc(F)c(Cl)c3)ncnc2cc1OCc1cn(CCC(=O)NO)nn1
971,8.84411451206168,COC(=O)Nc1cc2c(Nc3ccc(F)c(Cl)c3)ncnc2cc1OCc1cn(CCc2ccccc2)nn1
972,8.729004819802835,CC(C)(C)NC(=O)Nc1cc2c(Nc3ccc(F)c(Cl)c3)ncnc2cc1OCc1cn(CCc2ccccc2)nn1
973,8.933435585736891,CC(C)(C)C(=O)Nc1cc2c(Nc3ccc(F)c(Cl)c3)ncnc2cc1OCc1cn(CCCC(=O)NO)nn1
974,9.079413626778418,COC(=O)CCCn1cc(COc2cc3ncnc(Nc4ccc(F)c(Cl)c4)c3cc2OC)nn1
975,8.675133116976248,CC(C)(C)c1ccc(Nc2ncnc3cc(OCc4cn(CCCCC(=O)NO)nn4)c(NC(=O)C4CC4)cc23)cc1
976,8.652092645855602,CC(C)(C)c1ccc(Nc2ncnc3cc(OCc4cn(CCCCCC(=O)NO)nn4)c(NC(=O)C4CC4)cc23)cc1
977,9.159698917355913,CN(C)CCCn1cc(COc2cc3ncnc(Nc4ccc(F)c(Cl)c4)c3cc2NC(=O)CCl)nn1
978,9.189285238338803,COCCCn1cc(COc2cc3ncnc(Nc4ccc(F)c(Cl)c4)c3cc2NC(C)=O)nn1
979,9.09787509702511,CC(=O)Nc1cc2c(Nc3ccc(F)c(Cl)c3)ncnc2cc1OCc1cn(CCO)nn1
980,9.141861517990122,CC(C)(C)C(=O)Nc1cc2c(Nc3ccc(F)c(Cl)c3)ncnc2cc1OCc1cn(CCO)nn1
981,8.056088545081392,COc1cc2ncnc(Nc3ccc(OCc4cccc(F)c4)c(Cl)c3)c2cc1OC
982,8.758716528062306,O=C(Nc1cc2c(Nc3ccc(OCc4cccc(F)c4)c(Cl)c3)ncnc2cc1O[C@H]1CCOC1)C1CC1
983,8.526756776551654,C=CC(=O)Nc1cc2c(Nc3ccc(OCc4cccc(F)c4)c(Cl)c3)ncnc2cc1OC
984,8.83944663538382,O=C(CCn1cc(COc2cc3ncnc(Nc4ccc(OCc5cccc(F)c5)c(Cl)c4)c3cc2O)nn1)NO
985,8.819963210075883,C=CC(=O)Nc1cc2c(Nc3ccc(OCc4cccc(F)c4)c(Cl)c3)ncnc2cc1OCc1cn(C)nn1
986,8.849723662477748,C=CC(=O)Nc1cc2c(Nc3ccc(OCc4cccc(F)c4)c(Cl)c3)ncnc2cc1OCc1cn(CCO)nn1
987,8.57906101492146,O=C(Nc1cc2c(Nc3ccc(OCc4ccccn4)c(Cl)c3)ncnc2cc1O[C@H]1CCOC1)c1ccccc1
988,8.724193002667676,O=C(Nc1cc2c(Nc3ccc(OCc4ccccn4)c(Cl)c3)ncnc2cc1O[C@H]1CCOC1)C(F)F
989,8.480406093169252,O=C(Nc1cc2c(Nc3ccc(OCc4cccc(F)c4)cc3)ncnc2cc1O[C@H]1CCOC1)c1ccccc1
990,8.5993371167058,O=C(Nc1cc2c(Nc3ccc(OCc4cccc(F)c4)cc3)ncnc2cc1O[C@H]1CCOC1)c1cccnc1
991,8.381225347462198,C=CC(=O)Nc1cc2c(Nc3ccc(OCc4ccccn4)cc3)ncnc2cc1OC
992,8.579115546219029,C=CC(=O)Nc1cc2c(Nc3ccc(OCc4ccccn4)cc3)ncnc2cc1OCCCN(C)C
993,8.440203098076788,C=CC(=O)Nc1cc2c(Nc3cccc(C#N)c3)ncnc2cc1O[C@H]1CCOC1
994,8.373839482977674,C=CC(=O)Nc1cc2c(Nc3cccc(C#N)c3)ncnc2cc1OC1CCOCC1
995,8.600492387413533,COc1cc2ncnc(Cc3ccc(F)c(Cl)c3)c2nc1OCCCN1CCOCC1
996,8.905810155212595,COCCOc1cc2ncnc(Cc3ccc(F)c(Cl)c3)c2nc1NC(=O)C1CC1
997,8.39746048389502,COc1ccc(-c2c(-c3ccccc3)oc3ncnc(NC4CCCC4)c23)cc1NC(C)=O
998,8.753608244281047,COc1ccc(-c2c(-c3ccccc3)oc3ncnc(NC4CCCC4)c23)cc1NC(=O)CN1CCOCC1
999,8.485288353448318,COc1ccc(-c2c[nH]c3ncnc(Nc4ccc5c(cnn5Cc5ccccc5)c4)c23)cc1OCCO
1000,8.546304763432769,CN(C)CCOc1ccc(-c2c[nH]c3ncnc(Nc4ccc5c(cnn5Cc5ccccc5)c4)c23)cc1OCCO
1001,8.01756602129183,CC(=O)Nc1cccc(-n2c(=O)cnc3cnc(Nc4ccc(C(N)=O)cc4)nc32)c1
1002,8.271703314075145,C=CC(=O)Nc1cccc(-n2c(=O)cnc3cnc(Nc4ccc(C(=O)OC)cc4)nc32)c1
1003,8.149050580325362,CC(=O)Nc1cccc(-n2c(=O)cnc3cnc(Nc4ccc(Cl)cc4)nc32)c1
1004,8.470037445597459,C=CC(=O)Nc1cccc(-n2c(=O)cnc3cnc(Nc4ccccc4)nc32)c1
1005,8.35809347098439,CC(=O)Nc1cccc(-n2c(=O)cnc3cnc(Nc4ccc(N5CCCC5)cc4)nc32)c1
1006,8.301093228732663,O=C(Nc1cccc(-n2c(=O)cnc3cnc(Nc4ccc(N5CCCC5)cc4)nc32)c1)c1cccnc1
1007,8.262218355953536,CC(=O)Nc1cccc(-n2c(=O)cnc3cnc(Nc4ccc(N5CCCCC5)cc4)nc32)c1
1008,8.290066119061594,O=c1cnc2cnc(Nc3ccc(N4CCCCC4)cc3)nc2n1-c1cccc(NC2CC2)c1
1009,8.290119939637707,CC(=O)Nc1cccc(-n2c(=O)cnc3cnc(Nc4ccc(N5CCOCC5)cc4)nc32)c1
1010,8.06183777329675,O=c1cnc2cnc(Nc3ccc(N4CCOCC4)cc3)nc2n1-c1cccc(C(F)(F)F)c1
1011,7.926825578053497,CC(=O)Nc1cccc(-n2c(=O)cnc3cnc(Nc4ccccc4)nc32)c1
1012,8.241312272472966,C=CC(=O)Nc1cccc(-n2c(=O)cnc3cnc(Nc4cccc(C)c4)nc32)c1
1013,8.428490918521621,C=CC(=O)Nc1cccc(-n2c(=O)c(C3CCCCC3)nc3cnc(Nc4cccc(C(=O)OC)c4)nc32)c1
1014,8.045063915176387,C=CC(=O)Nc1cccc(-n2c(=O)c(C3CCCCC3)nc3cnc(Nc4ccc(C)cc4)nc32)c1
1015,7.86366031417993,CC(=O)Nc1cccc(NC(=O)Nc2ccnc(Nc3ccc(N4CCOCC4)cc3)n2)c1
1016,7.992810781443869,O=C(Nc1cccc(Cl)c1)Nc1ccnc(Nc2ccc(N3CCOCC3)cc2)n1
1017,7.443137129497531,CC(C)C(=O)Nc1cccc(Oc2ccnc(N)c2-c2ccc(Oc3ccccc3)cc2)c1
1018,7.639371463844967,Nc1nccc(Oc2cccc(NC(=O)c3cccnc3)c2)c1-c1ccc(Oc2ccccc2)cc1
1019,8.748398152900261,CC(=O)Nc1cccc(Oc2nc(Nc3ccc(N4CCOCC4)cc3OC(F)F)ncc2C(F)(F)F)c1
1020,8.639573193849317,O=C(Nc1cccc(Oc2nc(Nc3ccc(N4CCOCC4)cc3OC(F)F)ncc2C(F)(F)F)c1)C(F)(F)F
1021,8.479357832129535,CC(=O)Nc1cccc(Oc2nc(Nc3ccc(N4CCOCC4)cc3OC(F)F)ncc2Cl)c1
1022,8.566093927184099,C#CCOc1cc(Nc2ncc(Cl)c(Oc3cccc(NC(=O)C=C)c3)n2)ccc1N1CCOCC1
1023,8.29450048365676,CC(=O)Nc1cccc(Oc2nc(Nc3ccc(CC(=O)N4CCOCC4)cc3)ncc2Cl)c1
1024,8.256050143195424,CC(=O)Nc1cccc(Oc2nc(Nc3ccc(CC(=O)N4CCCC4)cc3)ncc2Cl)c1
1025,8.417137827690812,CC(=O)Nc1cccc(Oc2nc(Nc3cccc(N4CCN(CCO)CC4)c3)ncc2F)c1
1026,8.440415937032695,O=C(Nc1cccc(Oc2nc(Nc3cccc(N4CCN(CCO)CC4)c3)ncc2F)c1)C(F)(F)F
1027,8.491269571134797,CC(=O)Nc1cccc(Oc2nc(Nc3cccc(OCCCN4CCCC4=O)c3)ncc2F)c1
1028,8.45654068604883,CC(=O)Nc1cccc(Oc2nc(Nc3cccc(OCCCN4CCCCC4=O)c3)ncc2F)c1
1029,8.514476192361641,C=CC(=O)Nc1cccc(Oc2nc(Nc3cccc(OCCN4CCCCC4)c3)ncc2F)c1
1030,8.581241973994235,C=CC(=O)Nc1cccc(Oc2nc(Nc3ccc(OCCN4CCCC4=O)cc3)ncc2F)c1
1031,7.659681520844775,O=C(Nc1cccc(Oc2nc(Nc3ccccc3)ncc2F)c1)C1CC1
1032,7.638268430164533,O=C(Nc1cccc(Oc2nc(Nc3ccccc3)ncc2F)c1)c1ccco1
1033,8.51860451499023,CNC(=O)c1cccc(Oc2nc(Nc3ccc(N4CCOCC4)cc3)nc3[nH]cc(-c4ccncc4)c23)c1
1034,8.143108414423818,COc1cccc(Oc2nc(Nc3ccc(N4CCOCC4)cc3)nc3[nH]cc(-c4ccncc4)c23)c1
1035,8.003333089537549,O=C(Nc1cccc(Oc2cc(Nc3ccc(OCc4cccc(F)c4)c(Cl)c3)ncn2)c1)C(F)(F)F
1036,8.1895769747843,CN(C)C(=O)c1cccc(Oc2cc(Nc3ccc(OCc4cccc(F)c4)c(Cl)c3)ncn2)c1
1037,7.694857092451598,CC(C)C(=O)Nc1cccc(Oc2ncnc(N)c2-c2ccc(Oc3ccccc3)cc2)c1
1038,7.732800354152053,Nc1ncnc(Oc2cccc(NC(=O)c3cccnc3)c2)c1-c1ccc(Oc2ccccc2)cc1
1039,8.478796880830197,OC[C@@H](Nc1ncnc2oc(-c3ccccc3)c(-c3ccoc3)c12)c1ccccc1
1040,8.040755791673986,OC[C@@H](Nc1ncnc2oc(-c3ccccc3)c(-c3ccccc3)c12)c1ccccc1
1041,7.904096470293477,NC(=O)c1c(-c2ccc(Oc3ccccc3)cc2)nn2c1NCCC2c1ccc(O)cc1
1042,7.716888962004991,NC(=O)c1c(-c2ccc(Oc3ccccc3)cc2)nn2c1NCCC2c1ccccc1
1043,7.965592327143027,CC(=O)Nc1ccc(-n2c(=O)cnc3cnc(Nc4ccc(Cl)cc4)nc32)cc1
1044,8.379877805743623,C=CC(=O)Nc1ccc(-n2c(=O)cnc3cnc(Nc4ccccc4)nc32)cc1
1045,7.9869353329069295,CC(=O)Nc1ccc(-n2c(=O)cnc3cnc(Nc4ccc(N5CCOCC5)cc4)nc32)cc1
1046,8.136837017151677,O=C(Nc1ccc(-n2c(=O)cnc3cnc(Nc4ccc(N5CCOCC5)cc4)nc32)cc1)c1cccnc1
1047,7.812305528248478,CC(=O)Nc1ccc(-n2c(=O)cnc3cnc(Nc4ccccc4)nc32)cc1
1048,8.133167764010402,C=CC(=O)Nc1ccc(-n2c(=O)cnc3cnc(Nc4ccc(F)cc4)nc32)cc1
1049,8.91577503158497,C=CC(=O)NC1=CC=C2NC=NC(=Nc3ccc(Cl)cc3)C21
1050,8.452773237986978,C=CC(=O)NC1=CC=C2NC=NC(=Nc3ccccc3)C21
1051,8.411116224388037,CC(=O)NC1=CC=C2NC=NC(=Nc3ccc(Oc4ccccc4)cc3)C21
1052,7.957409875587279,O=C(NC1=CC=C2NC=NC(=Nc3ccc(Oc4ccccc4)cc3)C21)c1ccco1
1053,8.401616736307181,CC(C)C(=O)NC1=CC=C2NC=NC(=Nc3ccc(OCc4ccccc4)cc3)C21
1054,8.485558432613939,CC(=O)NC1=CC=C2NC=NC(=Nc3ccc(OCc4ccccc4)cc3)C21
1055,8.0709161841014,CC(C)C(=O)NC1=CC=C2NC=NC(=Nc3cccc(C(F)(F)F)c3)C21
1056,9.203554125267804,C=CC(=O)NC1=CC=C2NC=NC(=Nc3cccc(Cl)c3)C21
1057,8.444270271817603,CN1CCN(c2ccc(Nc3ncc4ccc(F)c(-c5cccc(C(N)=O)c5)c4n3)cc2)CC1
1058,8.393046217214748,CN1CCN(c2ccc(Nc3ncc4ccc(F)c(-c5cccc(NC(=O)C(C)(C)C)c5)c4n3)cc2)CC1
1059,8.010744775835098,CC(=O)Nc1cccc(-c2c(N)ncnc2Nc2ccc(Oc3ccccc3)cc2)c1
1060,7.789008638785518,Nc1ncnc(Nc2ccc(Oc3ccccc3)cc2)c1-c1cccc([N+](=O)[O-])c1
1061,8.37612469225426,CC(=O)Nc1cccc(-c2c(-c3ccccc3)oc3ncnc(N[C@@H](CO)c4ccccc4)c23)c1
1062,8.040755791673986,OC[C@H](Nc1ncnc2oc(-c3ccccc3)c(-c3ccccc3)c12)c1ccccc1
1063,8.364367828993842,Oc1cccc(-c2c(-c3ccccc3)oc3ncnc(NC4CC4)c23)c1
1064,8.29641636546787,O=[N+]([O-])c1cccc(-c2c(-c3ccccc3)oc3ncnc(NC4CC4)c23)c1
1065,8.33023636282337,Oc1cccc(-c2c(-c3ccccc3)oc3ncnc(NC4CCC4)c23)c1
1066,8.246217967645665,O=[N+]([O-])c1cccc(-c2c(-c3ccccc3)oc3ncnc(NC4CCC4)c23)c1
1067,8.404211943931909,c1cc(-c2c(-c3ccc(N4CCOCC4)cc3)oc3ncnc(NC4CCCC4)c23)ccn1
1068,8.31568133415326,c1ccc(-c2c(-c3ccc(N4CCOCC4)cc3)oc3ncnc(NC4CCCC4)c23)cc1
1069,8.294870983802554,Oc1cccc(-c2c(-c3ccccc3)oc3ncnc(NC4CCCC4)c23)c1
1070,8.221479887444929,O=[N+]([O-])c1cccc(-c2c(-c3ccccc3)oc3ncnc(NC4CCCC4)c23)c1
1071,8.279031224228444,Oc1cccc(-c2c(-c3ccncc3)oc3ncnc(NC4CCCC4)c23)c1
1072,8.376724555942229,O=C(Nc1cccc(-c2c(-c3ccncc3)oc3ncnc(NC4CCCC4)c23)c1)c1cccnc1
1073,8.5080278099807,c1cc(-c2c(-c3ccc(N4CCOCC4)nc3)oc3ncnc(NC4CCCC4)c23)ccn1
1074,8.366875046916332,c1ccc(-c2c(-c3ccc(N4CCOCC4)nc3)oc3ncnc(NC4CCCC4)c23)cc1
1075,8.25420087653175,Oc1cccc(-c2c(-c3ccccc3)oc3ncnc(NC4CCCCC4)c23)c1
1076,8.197610842232134,O=[N+]([O-])c1cccc(-c2c(-c3ccccc3)oc3ncnc(NC4CCCCC4)c23)c1
1077,8.198194410017013,O=C(O)CCNc1ncnc2oc(-c3ccccc3)c(-c3ccccc3)c12
1078,8.422022845023818,O=C(O)CCNc1ncnc2oc(-c3ccccc3)c(-c3cccc(NC(=O)C4CC4)c3)c12
1079,8.370938679656295,OCCCNc1ncnc2oc(-c3ccccc3)c(-c3ccccc3)c12
1080,8.481948292541958,O=C(Nc1cccc(-c2c(-c3ccccc3)oc3ncnc(NCCCO)c23)c1)C1CC1
1081,8.706091121452802,OCCNc1ncnc2oc(-c3ccc(N4CCOCC4)cc3)c(-c3cccc(F)c3)c12
1082,8.371985103746551,OCCNc1ncnc2oc(-c3ccc(N4CCOCC4)cc3)c(-c3cccc(O)c3)c12
1083,8.537303731179522,CC(C)Nc1cccc(-c2c(-c3ccccc3)oc3ncnc(NCCO)c23)c1
1084,7.893970962780857,O=C(Nc1cccc(-c2c(-c3ccccc3)oc3ncnc(NCCO)c23)c1)c1ccccc1
1085,8.30922664831594,COCCNc1ncnc2oc(-c3ccccc3)c(-c3cccc(NC(C)=O)c3)c12
1086,8.148144223577372,COc1cccc(-c2c(-c3ccccc3)oc3ncnc(NCCOc4ccccc4)c23)c1
1087,8.239252706614053,CC(=O)Nc1cccc(-c2c(-c3ccccc3)sc3ncnc(N[C@H](CO)c4ccccc4)c23)c1
1088,8.13616218386335,CC(=O)Nc1ccc(-c2c(-c3ccccc3)sc3ncnc(N[C@H](CO)c4ccccc4)c23)cc1
1089,8.608106467930321,CC(=O)Nc1cccc(-c2c(Cl)sc3ncnc(N[C@H](CO)c4ccccc4)c23)c1
1090,8.559876470535587,OC[C@@H](Nc1ncnc2sc(Cl)c(-c3ccccc3)c12)c1ccccc1
1091,8.603342929708102,CC(=O)Nc1cccc(-c2cccc3cnc(Nc4ccc(N5CCN(CCO)CC5)c(F)c4F)nc23)c1
1092,8.593987663380014,OCCN1CCN(c2ccc(Nc3ncc4cccc(-c5cccc(N6CCOCC6)c5)c4n3)c(F)c2F)CC1
1093,8.556231694572507,CC(=O)Nc1cccc(-c2cccc3cnc(Nc4ccc(N5CCN(CCO)CC5)cc4F)nc23)c1
1094,8.484571813186607,CC(=O)Nc1cccc(-c2cccc3cnc(Nc4ccc(N5CCN(C)CC5)cc4F)nc23)c1
1095,8.18621745993938,CN1CCN(c2ccc(Nc3ncc4cccc(-c5cccc(NC(=O)C(C)(C)C)c5)c4n3)cc2)CC1
1096,8.480179586426514,CN1CCN(c2ccc(Nc3ncc4cccc(-c5cccc(NC(=O)CO)c5)c4n3)cc2)CC1
1097,8.342986408929129,CC(=O)Nc1cccc(-c2cccc3cnc(Nc4ccc(N5CCN(CCO)CC5)cc4)nc23)c1
1098,8.2004848662671,CC(=O)Nc1cccc(-c2cccc3cnc(Nc4ccc(N5CCN(C)CC5)cc4)nc23)c1
1099,7.852709473585822,Nc1cccc(-c2cccc3cnc(Nc4ccc(N5CCOCC5)cc4)nc23)c1
1100,8.21147382686387,NC(=O)c1cccc(-c2cccc3cnc(Nc4ccc(N5CCOCC5)cc4)nc23)c1
1101,8.209672954774234,Nc1cccc(-c2cccc3cnc(Nc4ccc(NC5CCN(CCF)CC5)cc4)nc23)c1
1102,8.265229459287188,CN1CCC(Nc2ccc(Nc3ncc4cccc(-c5cccc(NC(=O)C6CC6)c5)c4n3)cc2)CC1
1103,8.48360949529284,CN(C)c1cccc(-c2cccc3cnc(Nc4ccc(NC5CCN(CCO)CC5)cc4)nc23)c1
1104,8.257543160908336,OCCN1CCC(Nc2ccc(Nc3ncc4cccc(-c5cccc(O)c5)c4n3)cc2)CC1
1105,7.866876171886347,Nc1cccc(-c2cccc3cnc(Nc4ccc(NC5CCNCC5)cc4)nc23)c1
1106,8.160561917477947,NC(=O)c1cccc(-c2cccc3cnc(Nc4ccc(NC5CCNCC5)cc4)nc23)c1
1107,8.449064342683815,CN1CC(Nc2ccc(Nc3ncc4cccc(-c5cccc(NC(=O)C6CC6)c5)c4n3)cc2)C1
1108,8.250702557281741,CN1CC(Nc2ccc(Nc3ncc4cccc(-c5cccc(NC(=O)C(C)(C)C)c5)c4n3)cc2)C1
1109,8.335486361930256,CC(=O)Nc1cccc(-c2cccc3cnc(Nc4ccc(NC5CN(CCO)C5)cc4)nc23)c1
1110,8.615061173243687,CN(C)c1cccc(-c2cccc3cnc(Nc4ccc(OC5CCN(CCO)CC5)cc4)nc23)c1
1111,8.497021565808977,CC(=O)Nc1cccc(-c2cccc3cnc(Nc4ccc(OC5CCN(CCO)CC5)cc4)nc23)c1
1112,8.413960050238236,CN1CC(Oc2ccc(Nc3ncc4cccc(-c5cccc(NC(=O)C6CC6)c5)c4n3)cc2)C1
1113,8.32439797350967,CN1CCC(Oc2ccc(Nc3ncc4cccc(-c5cccc(NC(=O)C(C)(C)C)c5)c4n3)cc2)CC1
1114,8.539425481036972,CN(C)c1cccc(-c2cccc3cnc(Nc4ccc(OCCN5CCC5)cc4)nc23)c1
1115,8.435099601823397,NC(=O)c1cccc(-c2cccc3cnc(Nc4ccc(OCCN5CCCC5)cc4)nc23)c1
1116,7.834633640035279,Nc1cccc(-c2cccc3cnc(Nc4ccc(OCCO)cc4)nc23)c1
1117,8.393064426834508,CN(C)CCOc1ccc(Nc2ncc3cccc(-c4cccc(NC(=O)CN)c4)c3n2)cc1
1118,8.58994380382613,O=C(O)c1ccc(-c2cc3c(-c4[nH]c(-c5ccccc5)nc4-c4ccc(F)cc4)ccnc3[nH]2)cc1
1119,8.67957473476517,COc1cccc(-c2cc3c(-c4[nH]c(-c5ccccc5)nc4-c4ccc(F)cc4)ccnc3[nH]2)c1
1120,8.25626441249131,NC(=O)c1c(-c2ccc(Oc3ccccc3)cc2)[nH]n2c(-c3cccc(NC(=O)C4CC4)c3)cnc12
1121,7.795463652375058,NC(=O)c1c(-c2ccc(Oc3ccccc3)cc2)[nH]n2c(-c3ccccc3)cnc12
1122,8.619339442953004,COc1cccc(-c2c[nH]c3ncnc(Nc4ccc(OCc5ccccn5)c(Cl)c4)c23)c1
1123,8.562076826597263,O=C(Nc1cccc(-c2c[nH]c3ncnc(Nc4ccc(OCc5ccccn5)c(Cl)c4)c23)c1)C1CC1
1124,7.45681348026851,O=C1c2ccccc2C(=O)N1Cc1ccc(Nc2ncnc3[nH]cc(-c4ccccc4)c23)cc1
1125,7.779337687013958,O=C1c2ccccc2C(=O)N1Cc1ccc(Nc2ncnc3[nH]cc(-c4ccc(F)cc4)c23)cc1
1126,8.849554592771938,CC(=O)Nc1cccc(-c2c[nH]c3nccc(-c4[nH]c(-c5ccccc5)nc4-c4ccc(F)cc4)c23)c1
1127,8.670762171716731,CC(=O)c1ccc(-c2c[nH]c3nccc(-c4[nH]c(-c5ccccc5)nc4-c4ccc(F)cc4)c23)cc1
1128,9.254976633594492,CC(=O)Nc1cccc(-c2c[nH]c3nccc(-c4[nH]c(CCCO)nc4-c4ccc(F)cc4)c23)c1
1129,10.185680743648154,OCCCc1nc(-c2ccc(F)cc2)c(-c2ccnc3[nH]cc(-c4cccc(O)c4)c23)[nH]1
1130,8.461031073790922,OCCCc1nc(-c2ccnc3[nH]cc(-c4cccc(O)c4)c23)c(C(F)(F)F)[nH]1
1131,8.224786550638786,CC(=O)Nc1cccc(-c2c[nH]c3nccc(-c4nc(CCCO)[nH]c4C(F)(F)F)c23)c1
1132,8.065153756787026,OCCCc1nc(-c2ccnc3[nH]cc(-c4cccc(O)c4)c23)c(C2CC2)[nH]1
1133,7.840045776594284,OCCCc1nc(-c2ccnc3[nH]cc(-c4ccccc4)c23)c(C2CC2)[nH]1
1134,6.972501327115364,CC(=O)Nc1cccc(-c2c[nH]c3nccc(Cl)c23)c1
1135,6.89011385898084,O=C(Nc1cccc(-c2c[nH]c3nccc(Cl)c23)c1)C1CC1
1136,8.721914435658956,OC[C@@H](Nc1ncnc2occ(-c3cccc(F)c3)c12)c1ccccc1
1137,8.895718654642868,OC[C@@H](Nc1ncnc2occ(-c3ccccc3)c12)c1ccccc1
1138,8.821087849874882,OC[C@@H](Nc1ncnc2scc(-c3cccc(F)c3)c12)c1ccccc1
1139,8.795916023337474,OC[C@@H](Nc1ncnc2scc(-c3ccccc3)c12)c1ccccc1
1140,7.663128351476324,Nc1cccc(-c2nc(Nc3ccn[nH]3)c3ccccc3n2)c1
1141,8.213254655978552,CS(=O)(=O)Nc1cccc(-c2nc(Nc3ccn[nH]3)c3ccccc3n2)c1
1142,8.123344230911732,OC[C@@H](Nc1ncnc2onc(-c3cccc(F)c3)c12)c1ccccc1
1143,8.222091047478445,CC(C)C(=O)Nc1cccc(-c2noc3ncnc(N[C@H](CO)c4ccccc4)c23)c1
1144,7.89671534017987,NC(=O)c1c(-c2ccc(Oc3ccccc3)cc2)nn2c1NCCC2c1cccc(F)c1
1145,8.567433153670024,C=CC(=O)Nc1cccc(Nc2nccc(Nc3cccc(Br)c3)n2)c1
1146,8.346643419694066,C=CC(=O)Nc1cccc(Nc2cc(Nc3cccc(OC)c3)ncn2)c1
1147,8.239830909438561,C=CC(=O)Nc1cccc(Nc2nc(Nc3ccc(-n4cncn4)cc3)ncc2[N+](=O)[O-])c1
1148,8.13781574353227,C=CC(=O)Nc1cccc(Nc2nc(Nc3ccc(-n4ccnc4)cc3)ncc2C)c1
1149,8.213229638155344,C=CC(=O)Nc1cccc(Nc2nc(Nc3ccc(NC(C)=O)cc3)ncc2[N+](=O)[O-])c1
1150,8.320372825193553,C=CC(=O)Nc1cccc(Nc2nc(Nc3ccc(NC(=O)CN4CCCCC4)cc3)ncc2[N+](=O)[O-])c1
1151,8.478403349491415,C=CC(=O)Nc1cccc(Nc2nc(Nc3ccc(OCCn4ccnc4)cc3)ncc2[N+](=O)[O-])c1
1152,8.51779932294731,C=CC(=O)Nc1cccc(Nc2nc(Nc3ccc(OCCN4CCOCC4)cc3)ncc2[N+](=O)[O-])c1
1153,7.526762813153737,NC(=O)c1cnc(Nc2ccccc2)nc1Nc1cccc(Cl)c1
1154,7.733332316253257,NC(=O)c1cnc(Nc2ccccc2)nc1Nc1cccc(NC(=O)C2CCCC2)c1
1155,7.654128297522932,CC(=O)Nc1cccc(Nc2nc(Nc3ccccc3)ncc2C(=O)Nc2ccccc2)c1
1156,7.84108253253652,CNC(=O)c1cnc(Nc2ccccc2)nc1Nc1cccc(NC(=O)CN)c1
1157,7.8089102309208815,NC(=O)c1cnc(Nc2ccccc2)nc1Nc1cccc(NC(=O)C2CC2)c1
1158,8.666919745778872,CC(=O)Nc1cccc(Nc2nc(Nc3ccc(N4CCN(C(C)=O)CC4)cc3OC(F)(F)F)ncc2C(F)(F)F)c1
1159,9.032269371768834,CC(=O)Nc1cccc(Nc2nc(Nc3ccc(N4CCN(C(=O)CO)CC4)cc3OC(F)(F)F)ncc2C(F)(F)F)c1
1160,8.856087905522603,CC(=O)Nc1cccc(Nc2nc(Nc3ccc(N4CCN(C(=O)CN)CC4)cc3OC(F)(F)F)ncc2C(F)(F)F)c1
1161,8.92163255870184,CC(=O)Nc1cccc(Nc2nc(Nc3ccc(N4CCOCC4)cc3OC(F)F)ncc2C(F)(F)F)c1
1162,8.829278055891578,O=C(Nc1cccc(Nc2nc(Nc3ccc(N4CCOCC4)cc3OC(F)F)ncc2C(F)(F)F)c1)C(F)(F)F
1163,7.859407452683386,O=C(O)CCC(=O)Nc1cccc(Nc2nc(Nc3ccccc3)ncc2C(F)(F)F)c1
1164,7.796719997419625,O=C(Nc1cccc(Nc2ncc(C(F)(F)F)c(Nc3ccccc3)n2)c1)c1ccco1
1165,7.570433920082341,N#Cc1cnc(Nc2ccccc2)nc1Nc1cccc(Cl)c1
1166,7.64391413286811,N#Cc1cnc(Nc2ccccc2)nc1Nc1cccc(C(=O)O)c1
1167,7.80148589892081,C=CC(=O)Nc1cccc(Nc2nc(N/N=C/c3ccccc3)ncc2Cl)c1
1168,7.689586014692179,C=CC(=O)Nc1cccc(Nc2nc(N/N=C/c3ccc(C)cc3)ncc2Cl)c1
1169,7.787588238153739,C=CC(=O)Nc1cccc(Nc2nc(N/N=C/c3ccc(Cl)cc3)ncc2Cl)c1
1170,7.923434565144576,CN(C)CC(=O)Nc1cccc(Nc2nc(Nc3ccc(/C=C/c4cc(Cl)cc(Cl)c4)cc3)ncc2Cl)c1
1171,7.564860740237406,CN(C)C(=O)c1cccc(Nc2nc(Nc3ccc(/C=C/c4cc(Cl)cc(Cl)c4)cc3)ncc2Cl)c1
1172,8.325160961067123,CC(=O)Nc1cccc(Nc2nc(Nc3ccc(CC(=O)N4CCOCC4)cc3)ncc2Cl)c1
1173,8.24254360619569,CC(=O)Nc1cccc(Nc2nc(Nc3ccc(CC(=O)N4CCCC4)cc3)ncc2Cl)c1
1174,8.080100565629014,CC(=O)Nc1cccc(Nc2nc(Nc3ccc(Cn4ccnc4)cc3)ncc2Cl)c1
1175,8.148771499570648,O=C(Nc1cccc(Nc2nc(Nc3ccc(Cn4ccnc4)cc3)ncc2Cl)c1)C1CC1
1176,8.426075872729045,CC(=O)Nc1cccc(Nc2nc(Nc3ccc(CN4CCOCC4)cc3)ncc2Cl)c1
1177,8.45468596482782,O=C(Nc1cccc(Nc2nc(Nc3ccc(CN4CCOCC4)cc3)ncc2Cl)c1)C1CC1
1178,8.199867907520177,CC(=O)Nc1cccc(Nc2nc(Nc3ccc(NC(=O)CN4CCOCC4)cc3)ncc2Cl)c1
1179,8.275838999895084,O=C(CN1CCOCC1)Nc1ccc(Nc2ncc(Cl)c(Nc3cccc(NC(=O)C4CC4)c3)n2)cc1
1180,8.609229916151257,C=CC(=O)Nc1cccc(Nc2nc(Nc3ccc(OCCN4CCOCC4)cc3)ncc2Cl)c1
1181,8.440203503252535,C=CC(=O)Nc1cccc(Nc2nc(Nc3ccc(OCCN(C)C)cc3)ncc2Cl)c1
1182,8.415758304251286,CC(=O)Nc1cccc(Nc2nc(Nc3ccc(OCCN4CCOCC4)cc3)ncc2Cl)c1
1183,8.252303941644923,COc1cccc(Nc2nc(Nc3ccc(OCCN4CCOCC4)cc3)ncc2Cl)c1
1184,8.325192664942213,CC(=O)Nc1cccc(Nc2nc(Nc3ccc(SCC(=O)N4CCOCC4)cc3)ncc2Cl)c1
1185,8.569006057226446,C=CC(=O)Nc1cccc(Nc2nc(Nc3ccc(SCC(=O)N4CCOCC4)cc3)ncc2C)c1
1186,8.55893109807603,CC(=O)Nc1cccc(Nc2nc(Nc3ccc(SCCCN4CCOCC4)cc3)ncc2Cl)c1
1187,8.233685192347947,O=C(Nc1cccc(Nc2nc(Nc3ccc(SCCCN4CCOCC4)cc3)ncc2Cl)c1)C(F)(F)F
1188,8.536551405641266,O=C(Nc1cccc(Nc2nc(Nc3ccc(Cl)c(O[C@@H]4CCOC4)c3)ncc2F)c1)C1CC1
1189,8.487538745100922,O=C(Nc1cccc(Nc2nc(Nc3ccc(Cl)c(O[C@@H]4CCOC4)c3)ncc2F)c1)C(F)(F)F
1190,8.536551405641266,O=C(Nc1cccc(Nc2nc(Nc3ccc(Cl)c(O[C@H]4CCOC4)c3)ncc2F)c1)C1CC1
1191,8.554109974516765,CC(C)NC(=O)c1cccc(Nc2nc(Nc3ccc(Cl)c(O[C@H]4CCOC4)c3)ncc2F)c1
1192,8.458193987161906,CC(C)C(=O)Nc1cccc(Nc2nc(Nc3ccc(Cl)c(OCC(O)CO)c3)ncc2F)c1
1193,8.31713663730437,C=CC(=O)Nc1cccc(Nc2nc(Nc3ccc(Cl)c(OCC(=O)O)c3)ncc2F)c1
1194,8.368480883630617,O=C(Nc1cccc(Nc2nc(Nc3ccc(O[C@@H]4CCOC4)c(F)c3)ncc2F)c1)C1CC1
1195,8.291152941240853,CC(=O)Nc1cccc(Nc2nc(Nc3ccc(O[C@@H]4CCOC4)c(F)c3)ncc2F)c1
1196,8.584707958164206,O=C(Nc1cccc(Nc2nc(Nc3ccc(OC[C@@H]4C[C@@H](O)CN4)c(F)c3)ncc2F)c1)C1CC1
1197,8.525621687337871,CC(=O)Nc1cccc(Nc2nc(Nc3ccc(OC[C@@H]4C[C@@H](O)CN4)c(F)c3)ncc2F)c1
1198,8.450305678967418,O=C(Nc1cccc(Nc2nc(Nc3ccc(OCC(O)CO)c(F)c3)ncc2F)c1)C1CC1
1199,8.491097957626742,CC(C)(C)C(=O)Nc1cccc(Nc2nc(Nc3ccc(OCC(O)CO)c(F)c3)ncc2F)c1
1200,8.030549101895632,CC(=O)Nc1cccc(Nc2nc(Nc3ccc(OCc4ccccn4)c(Cl)c3)ncc2F)c1
1201,7.978221214404458,O=C(Nc1cccc(Nc2nc(Nc3ccc(OCc4ccccn4)c(Cl)c3)ncc2F)c1)C(F)(F)F
1202,8.383811561473312,CC(=O)Nc1cccc(Nc2nc(Nc3cccc(N4CCN(CCO)CC4)c3)ncc2F)c1
1203,8.347365191035706,O=C(Nc1cccc(Nc2nc(Nc3cccc(N4CCN(CCO)CC4)c3)ncc2F)c1)C(F)(F)F
1204,7.787803992959369,O=C(Nc1cccc(Nc2nc(Nc3cccc(OC(F)(F)F)c3)ncc2F)c1)C(F)(F)F
1205,7.786419415216596,O=C(Nc1cccc(Nc2ncc(F)c(Nc3cccc(OC(F)(F)F)c3)n2)c1)C(F)(F)F
1206,8.433883976242827,C=CC(=O)Nc1cccc(Nc2nc(Nc3cccc(OCC(=O)O)c3)ncc2F)c1
1207,8.585255230772734,C=CC(=O)Nc1cccc(Nc2nc(Nc3cccc(OCC(=O)N4CCCC4)c3)ncc2F)c1
1208,8.169500390494893,CC(C)(C)C(=O)Nc1cccc(Nc2nccc(Nc3cccc(OCC(O)CO)c3)n2)c1
1209,7.965633960991867,CC(C)(C)C(=O)Nc1cccc(Nc2nccc(Nc3cccc(OCC(N)=O)c3)n2)c1
1210,8.49477001402341,C=CC(=O)Nc1cccc(Nc2nc(Nc3cccc(OCCO)c3)ncc2F)c1
1211,8.656695203692639,C=CC(=O)Nc1cccc(Nc2nc(Nc3cccc(OCCCN4CCOCC4)c3)ncc2F)c1
1212,8.512610571759868,CC(=O)Nc1cccc(Nc2nc(Nc3cccc(OCCN4CCCC4=O)c3)ncc2F)c1
1213,8.633815252901988,C=CC(=O)Nc1cccc(Nc2nc(Nc3cccc(OCCN4CCCC4)c3)ncc2F)c1
1214,8.45625238778497,COc1cccc(Nc2ncc(F)c(Nc3cccc(NC(=O)CN4CCOCC4)c3)n2)c1
1215,8.419840580573416,COc1cccc(Nc2nc(Nc3cccc(OCCCN4CCOCC4)c3)ncc2F)c1
1216,8.56017591676389,C=CC(=O)Nc1cccc(Nc2nc(Nc3cccc(OCCN4CCOCC4)c3)ncc2F)c1
1217,8.24837208806763,CC(C)(C)C(=O)Nc1cccc(Nc2nc(Nc3cccc(OCCO)c3)ncc2F)c1
1218,7.915400096966928,CC(C)(C)C(=O)Nc1cccc(Nc2nc(Nc3cccc(S(N)(=O)=O)c3)ncc2F)c1
1219,8.02814839331012,NS(=O)(=O)c1cccc(Nc2ncc(F)c(Nc3cccc(NC(=O)C4CC4)c3)n2)c1
1220,7.820457874069299,CN(C)C(=O)c1cccc(Nc2nc(Nc3ccc(/C=C/c4cc(Cl)cc(Cl)c4)cc3)ncc2F)c1
1221,8.092549504665588,CN(C)CC(=O)Nc1cccc(Nc2nc(Nc3ccc(/C=C/c4cc(Cl)cc(Cl)c4)cc3)ncc2F)c1
1222,8.187595491772054,CC(C)(C)OC(=O)Nc1cccc(Nc2nc(Nc3ccc(Cn4ccnc4)cc3)ncc2F)c1
1223,8.13753460185228,O=C(Nc1cccc(Nc2nc(Nc3ccc(Cn4ccnc4)cc3)ncc2F)c1)C1CC1
1224,8.308107945885796,CC(=O)Nc1cccc(Nc2nc(Nc3ccc(CN4CCOCC4)cc3)ncc2F)c1
1225,8.536104661615374,O=C(Nc1cccc(Nc2nc(Nc3ccc(CN4CCOCC4)cc3)ncc2F)c1)C1CC1
1226,7.8021517941302685,CC(C)(C)C(=O)Nc1cccc(Nc2ncc(F)c(Nc3cccc(F)c3)n2)c1
1227,7.803057239537823,O=C(Nc1cccc(Nc2nc(Nc3ccc(Oc4cccnc4)cc3)ncc2F)c1)C(F)(F)F
1228,8.153023416400844,O=C(Nc1cccc(Nc2nc(Nc3ccc(Oc4cccnc4)cc3)ncc2F)c1)N1CCCC1
1229,8.362441313109699,CC(C)(O)COc1ccc(Nc2ncc(F)c(Nc3cccc(NC(=O)C4CC4)c3)n2)cc1
1230,8.457608143728283,CC(C)(C)C(=O)Nc1cccc(Nc2ncc(F)c(Nc3ccc(OCC(O)CO)cc3)n2)c1
1231,8.500492644429208,CC(C)(C)OC(=O)Nc1cccc(Nc2nc(Nc3ccc(OCCn4ccnc4)cc3)ncc2F)c1
1232,8.578881858718804,C=CC(=O)Nc1cccc(Nc2nc(Nc3ccc(OCCN4CCOCC4)cc3)ncc2F)c1
1233,8.485120890933551,CC(=O)Nc1cccc(Nc2nc(Nc3ccc(OCCN4CCCC4=O)cc3)ncc2F)c1
1234,8.584937146374124,C=CC(=O)Nc1cccc(Nc2nc(Nc3ccc(OCCN4CCCC4=O)cc3)ncc2C)c1
1235,7.9414384187243146,C=CC(=O)Nc1cccc(Nc2nc(Nc3ccc(OCCOCCNC(=O)CCCC(=O)O)c(Cl)c3)sc2S)c1
1236,8.097639212235272,C=CC(=O)Nc1cccc(Nc2nc(Nc3ccc(OCCOCCNC(=O)CCCC(=O)NCCO)c(Cl)c3)sc2S)c1
1237,8.018004724571114,O=C(Nc1cccc(Nc2nc(Nc3cccc(CO)c3)ncc2F)c1)C1CC1
1238,7.983217632598021,O=C(Nc1cccc(Nc2nc(Nc3cccc(CO)c3)ncc2F)c1)C1CCCC1
1239,8.342676881076837,C=CC(=O)Nc1cccc(Nc2ncc(F)c(Nc3ccccc3)n2)c1
1240,7.742051882024599,O=C(Nc1cccc(Nc2ncc(F)c(Nc3ccccc3)n2)c1)C(F)(F)F
1241,8.14096132575355,O=C1Cc2cc(Nc3ncc(F)c(Nc4cccc(NC(=O)C5CC5)c4)n3)ccc2N1
1242,8.251943574442459,C=CC(=O)Nc1cccc(Nc2nc(Nc3ccc4c(c3)CC(=O)N4)ncc2C)c1
1243,8.333169037776536,C=CC(=O)Nc1cccc(Nc2nc(Nc3ccc4ncsc4c3)ncc2F)c1
1244,8.158640880959721,O=C(Nc1cccc(Nc2nc(Nc3ccc4[nH]ncc4c3)ncc2F)c1)Nc1ccccn1
1245,8.377941636162372,C=CC(=O)Nc1cccc(Nc2nc(Nc3ccc4c(c3)OCCO4)ncc2F)c1
1246,8.488398751912232,C=CC(=O)Nc1cccc(Nc2nc(Nc3ccc4c(c3)NCCO4)ncc2C)c1
1247,8.29811072156355,C=CC(=O)Nc1cccc(Nc2nccc(Nc3ccc4c(c3)N(C(=O)C(F)(F)F)CCO4)n2)c1
1248,8.354184184531212,C=CC(=O)Nc1cccc(Nc2nc(Nc3ccc4c(c3)N(C(=O)OCC)CCO4)ncc2F)c1
1249,8.23593583043101,C=CC(=O)Nc1cccc(Nc2nc(Nc3ccc4c(c3)OCCO4)ncc2C)c1
1250,8.165786562450505,C=CC(=O)Nc1cccc(Nc2ccnc(Nc3ccc4c(c3)OCCO4)n2)c1
1251,8.318685040427106,C=CC(=O)Nc1cccc(Nc2nc(Nc3ccc4c(c3)OCCOCCO4)ncc2F)c1
1252,8.429058312006564,C=CC(=O)Nc1cccc(Nc2nc(Nc3ccc(N4CCS(=O)(=O)CC4)cc3)ncc2F)c1
1253,8.419441157926892,C=CC(=O)Nc1cccc(Nc2nc(Nc3ccc(N4CCS(=O)(=O)CC4)c(F)c3)ncc2F)c1
1254,8.215432720795391,C=CC(=O)Nc1cccc(Nc2nc(Nc3ccc(OC)nc3)ncc2F)c1
1255,8.571814617465911,C=CC(=O)Nc1cccc(Nc2nc(Nc3ccc(OC4CCOC4)nc3)ncc2F)c1
1256,8.256603930998553,C=CC(=O)Nc1cccc(Nc2nc(Nc3ccc(OCC)nc3)ncc2F)c1
1257,8.71049556692234,C=CC(=O)Nc1cccc(Nc2nc(Nc3ccc(OCCN4CCOCC4)nc3)ncc2F)c1
1258,8.620359590175305,C=CC(=O)Nc1cccc(Nc2nc(Nc3ccc(OCCN4CCCC4)nc3)ncc2F)c1
1259,8.120570951275603,C#CCNc1cccc(Nc2nc(Nc3ccc4c(c3)OCCO4)nc3nc[nH]c23)c1
1260,8.099697226052015,C=CC(=O)Nc1cccc(Nc2nc(Nc3ccc4c(c3)OCO4)nc3nc[nH]c23)c1
1261,7.507772282829324,CC(=O)Nc1cccc(Nc2ncc(Cl)c(-c3c[nH]c4ccccc34)n2)c1
1262,8.19795741507142,CN(C)CC(=O)Nc1cccc(Nc2ncc(Cl)c(-c3c[nH]c4ccccc34)n2)c1
1263,8.500744823638543,CCOC(=O)Nc1cccc(Nc2ncc(F)c(Nc3cccc(OCCN4CCOCC4)c3)n2)c1
1264,8.55196310854954,CN1CCN(CCOc2cccc(Nc3nc(Nc4cccc(NC(=O)CN5CCOCC5)c4)ncc3F)c2)CC1
1265,8.605201657287777,O=C(Nc1cccc(Nc2ncc(F)c(Nc3ccc(OC4CCOC4)cc3)n2)c1)[C@H]1CCCN1
1266,8.357536302682487,O=C(Nc1cccc(Nc2ncc(F)c(Nc3ccc(OC4CCOC4)cc3)n2)c1)C1CC1
1267,7.27011783593156,CC(=O)Nc1cccc(Nc2ncc(F)c(Oc3ccc(Oc4ccccc4)cc3)n2)c1
1268,7.313124631485893,CNC(=O)Nc1cccc(Nc2ncc(F)c(Oc3ccc(Oc4ccccc4)cc3)n2)c1
1269,8.38951702761225,CC(=O)Nc1cccc(Nc2cc(-n3c(CCCO)nnc3-c3ccc(F)cc3)ccn2)c1
1270,8.593452362772855,OCCCc1nnc(-c2ccc(F)cc2)n1-c1ccnc(Nc2cccc(N3CCOCC3)c2)c1
1271,7.630014350543609,Nc1ncnc(Nc2cccc(S(N)(=O)=O)c2)c1-c1ccc(Oc2ccccc2)cc1
1272,7.79397831620868,Nc1ncnc(Nc2cccc(NC(=O)c3cccnc3)c2)c1-c1ccc(Oc2ccccc2)cc1
1273,7.956230381285447,O=C(Nc1cccc(Nc2ncnc(Nc3ccc(C(=O)N4CCCCC4)cc3)n2)c1)C1CC1
1274,7.958811114405365,CC(=O)Nc1cccc(Nc2ncnc(Nc3ccc(C(=O)N4CCCCC4)cc3)n2)c1
1275,7.904469883018971,O=C1NCc2nc(Nc3ccc(F)cc3)nc(Nc3ccc(N4CCOCC4)cc3)c21
1276,8.029101834116027,O=C(O)c1cccc(Nc2nc3c(c(Nc4ccc(N5CCOCC5)cc4)n2)C(=O)NC3)c1
1277,7.571709650161833,O=C(O)c1cccc(Nc2nc3c(c(Nc4ccccc4)n2)C(=O)NC3)c1
1278,8.096497465450852,C=CC(=O)Nc1cccc(Nc2nc3c(c(Nc4ccccc4)n2)C(=O)NCC3)c1
1279,7.493529995969533,C=CC(=O)Nc1cccc(Nc2nc3c(c(Nc4cnn(C)c4)n2)C(=O)NC3)c1
1280,7.827049146831203,C=CC(=O)Nc1cccc(Nc2nc(Nc3cnn(C4CC4)c3)c3c(n2)C(=O)NC3)c1
1281,7.9856044837476095,O=C1NCc2nc(Nc3ccccc3)nc(Nc3cnn(C4CCOCC4)c3)c21
1282,8.228427500396833,O=C1NCc2nc(Nc3cccc(CO)c3)nc(Nc3cnn(C4CCOCC4)c3)c21
1283,8.23244457279818,CN1CCN(c2ccc(Nc3ncc4cccc(-c5cccc(NC(=O)C(C)(C)C)c5F)c4n3)cc2)CC1
1284,8.470816914684614,CN1CCN(c2ccc(Nc3ncc4cccc(-c5cccc(NC(=O)C6CC6)c5F)c4n3)cc2)CC1
1285,7.637789439203341,CC(=O)Nc1ccccc1-c1nc(Nc2ccn[nH]2)c2ccccc2n1
1286,7.775882114857379,C=CC(=O)Nc1ccc(-c2nc(Nc3ccn[nH]3)c3ccccc3n2)cc1
1287,7.36682760083457,NC(=O)c1c(-c2ccc(C(F)(F)F)cc2)nn2c1NCCC2c1ccccc1
1288,7.401114208860869,NC(=O)c1c(-c2ccc(C(F)(F)F)cc2)nn2c1NCCC2c1ccccc1Cl
1289,8.082707938680707,CC(C)C(=O)Nc1ccccc1C1CCNc2c(C(N)=O)c(-c3ccc(Cl)cc3)nn21
1290,7.919497727428394,NC(=O)c1c(-c2ccc(Cl)cc2)nn2c1NCCC2c1ccccc1NC(=O)c1ccccc1
1291,8.1258912451104,CC(C)C(=O)Nc1ccccc1C1CCNc2c(C(N)=O)c(-c3ccc(F)cc3)nn21
1292,8.042536105434518,NC(=O)c1c(-c2ccc(F)cc2)nn2c1NCCC2c1ccccc1NC(=O)c1ccccc1
1293,7.68251497660192,NC(=O)c1c(-c2ccc(OC(F)(F)F)cc2)nn2c1NCCC2c1ccccc1Cl
1294,7.6298942937882615,NC(=O)c1c(-c2ccc(OC(F)(F)F)cc2)nn2c1NCCC2c1ccccc1
1295,8.407694409678408,CC(=O)Nc1cccc(C2CCNc3c(C(N)=O)c(-c4ccc(Oc5ccccc5)cc4)nn32)c1
1296,7.838674319637492,NC(=O)c1c(-c2ccc(OC3CCCC3)cc2)nn2c1NCCC2c1ccccc1
1297,7.909167687505759,NC(=O)c1c(-c2ccc(OC3CCCC3)cc2)nn2c1NCCC2c1ccccc1C(=O)Nc1ccccc1
1298,7.86598179900272,NC(=O)c1c(-c2ccc(OCC3CC3)cc2)nn2c1NCCC2c1ccccc1Cl
1299,7.958960751928951,NC(=O)c1c(-c2ccc(OCC3CC3)cc2)nn2c1NCCC2c1ccccc1
1300,8.400882623524033,CC(=O)Nc1ccccc1Nc1nc(Nc2ccc(CN3CCOCC3)cc2)ncc1Cl
1301,8.033314322653514,O=C(Nc1ccccc1Nc1nc(Nc2ccc(CN3CCOCC3)cc2)ncc1Cl)c1ccccc1
1302,8.326817148504391,O=C(CN1CCOCC1)Nc1ccc(Nc2ncc(Cl)c(Nc3ccccc3[N+](=O)[O-])n2)cc1
1303,8.135974586946048,CC(C)(C)NC(=O)Nc1ccccc1Nc1nc(Nc2ccc(NC(=O)CN3CCOCC3)cc2)ncc1Cl
1304,8.39829677110138,CC(C)NC(=O)c1ccccc1Nc1nc(Nc2ccc(OCC(=O)N3CCOCC3)cc2)ncc1Cl
1305,8.247548214982706,CC(C)(C)NC(=O)COc1ccc(Nc2ncc(Cl)c(Nc3ccccc3NC(=O)C3CC3)n2)cc1
1306,8.118447931177345,Clc1cnc(Nc2ccc(OCCCN3CCOCC3)cc2)nc1Nc1ccccc1
1307,8.347049853137968,COc1ccccc1Nc1nc(Nc2ccc(OCCCN3CCOCC3)cc2)ncc1Cl
1308,8.024186177755617,Clc1cnc(Nc2ccc(OCCN3CCOCC3)cc2)nc1Nc1ccccc1
1309,8.72626451843631,CN(c1ccccc1Nc1nc(Nc2ccc(OCCN3CCOCC3)cc2)ncc1Cl)S(C)(=O)=O
1310,8.079722393152379,C#CCNc1ccccc1Nc1nc(Nc2ccc3c(c2)OCCOCCO3)nc2nc[nH]c12
1311,8.039845496035932,CN(C)CCOc1ccccc1Nc1nc(Nc2ccc3c(c2)OCCOCCO3)nc2nc[nH]c12
1312,7.672127107408024,Nc1ccc2c(Nc3ccn[nH]3)nc(-c3ccccc3)nc2c1
1313,7.684581437683029,CC(=O)Nc1ccc2c(Nc3ccn[nH]3)nc(-c3ccccc3)nc2c1
1314,8.151533799108822,NC(=O)c1c(-c2ccc(Oc3ccccc3)cc2)[nH]n2c1nc1ccc(O)cc12
1315,7.826913387439492,NC(=O)c1c(-c2ccc(Oc3ccccc3)cc2)[nH]n2c1nc1ccc(C(=O)O)cc12
1316,8.910997799885422,CC(=O)Nc1ccc2ncnc(Cc3ccc(F)c(Br)c3)c2c1
1317,8.46027332975591,O=C(Nc1ccc2ncnc(Cc3ccc(F)c(Br)c3)c2c1)C1CC1
1318,8.655955292704629,CC(=O)Nc1ccc2ncnc(Cc3ccc(F)c(Cl)c3)c2c1
1319,8.341547795498773,O=C(Nc1ccc2ncnc(Cc3ccc(F)c(Cl)c3)c2c1)C1CC1
1320,8.585689751685871,CC(=O)Nc1ccc2ncnc(Cc3cccc(Br)c3)c2c1
1321,8.205722632749739,O=C(Nc1ccc2ncnc(Cc3cccc(Br)c3)c2c1)C1CC1
1322,8.659818567386735,O=C(Nc1ccc2ncnc(Nc3ccc(Br)cc3F)c2c1)C1CC1
1323,8.551941462199835,CC(C)(C)C(=O)Nc1ccc2ncnc(Nc3ccc(Br)cc3F)c2c1
1324,8.60006441265989,O=C(Nc1ccc2ncnc(Nc3c(F)cccc3Br)c2c1)C1CC1
1325,8.51680989766866,CC(C)(C)C(=O)Nc1ccc2ncnc(Nc3c(F)cccc3Br)c2c1
1326,8.92254617097111,CC(=O)Nc1ccc2ncnc(Nc3cc(F)c(Cl)c(Cl)c3)c2c1
1327,8.958593963695295,O=C(CCNCCO)Nc1ccc2ncnc(Nc3cc(F)c(Cl)c(Cl)c3)c2c1
1328,8.087409101679338,CC(=O)Nc1ccc2ncnc(Nc3ccc(C(=O)Nc4ccccn4)cc3)c2c1
1329,8.066640138533531,O=C(Nc1ccccn1)c1ccc(Nc2ncnc3ccc(NC(=O)C4CC4)cc23)cc1
1330,7.896805012747967,CC(=O)Nc1ccc2ncnc(Nc3ccc(S(=O)(=O)Nc4ccccn4)cc3)c2c1
1331,7.796419836274639,C=CC(=O)Nc1ccc2ncnc(Nc3ccc(S(=O)(=O)Nc4nccs4)cc3)c2c1
1332,8.303556446723247,CC(=O)Nc1ccc2ncnc(Nc3ccccc3)c2c1
1333,8.162949830226886,CC(C)C(=O)Nc1ccc2ncnc(Nc3ccccc3)c2c1
1334,8.747108068449016,Fc1cccc(Cn2ccc3cc(Nc4ncnc5ccc(NC6CCNCC6)cc45)ccc32)c1
1335,8.529893840144194,COc1ccc2ncnc(Nc3ccc4c(ccn4Cc4cccc(F)c4)c3)c2c1
1336,8.293455894014087,CC(=O)Nc1ccc2ncnc(Nc3ccc4[nH]ccc4c3)c2c1
1337,8.335592659659476,O=C(Nc1ccc2ncnc(Nc3ccc4[nH]ccc4c3)c2c1)C1CC1
1338,8.931686250988184,CC(=O)Nc1ccc2ncnc(Nc3ccc4[nH]cc(Br)c4c3)c2c1
1339,8.00376812907504,O=C(Nc1ccc2ncnc(Nc3ccc4[nH]cc(Br)c4c3)c2c1)C(F)(F)F
1340,7.252077093825939,CC(=O)Nc1ccc2ncnc(NC3CCCCC3)c2c1
1341,7.199218395266011,O=C(Nc1ccc2ncnc(NC3CCCCC3)c2c1)C1CC1
1342,7.963395293712523,CC(=O)Nc1ccc2ncnc(Oc3ccc(C(=O)Nc4ccccn4)cc3)c2c1
1343,7.992433055081099,O=C(Nc1ccccn1)c1ccc(Oc2ncnc3ccc(NC(=O)C4CC4)cc23)cc1
1344,7.977905711232119,O=C(Nc1ccc2c(c1)CNc1c(Nc3ccc(F)c(Cl)c3)ncnc1O2)C1CC1
1345,7.846946692595135,O=C(Nc1ccc2c(c1)CNc1c(Nc3ccc(F)c(Cl)c3)ncnc1O2)c1ccccc1
1346,7.790053055466337,O=C(Nc1ccc2c(c1)CNc1c(Nc3cccc(Br)c3)ncnc1O2)c1ccccc1
1347,8.201180498881753,O=C(Nc1ccc2c(c1)CNc1c(Nc3cccc(Br)c3)ncnc1O2)c1cccnc1
1348,7.805437714713831,CC(=O)Nc1ccc2nccc(Nc3cccc(Br)c3)c2c1
1349,7.688951097990931,O=C(CCCl)Nc1ccc2nccc(Nc3cccc(Br)c3)c2c1
1350,7.844941025818405,O=C(Nc1ccccn1)c1ccc(Oc2ccnc3ccc(NC(=O)C4CC4)cc23)cc1
1351,7.1304955395004095,C=CC(=O)Nc1ccc2nccc(Oc3ccc(C(=O)Nc4ccccc4)cc3)c2c1
1352,8.531968464262526,C=CC(=O)Nc1cc2c(Nc3ccc(F)cc3)ncnc2s1
1353,8.78829104245217,C=CC(=O)Nc1cc2c(Nc3cccc(Cl)c3)ncnc2s1
1354,8.496897264820394,CC(=O)Nc1cc2ncnc(Nc3ccc(F)c(Br)c3)c2[nH]1
1355,9.017994480394407,C=CC(=O)Nc1cc2ncnc(Nc3ccc(F)c(Cl)c3)c2[nH]1
1356,8.105611451918698,C=CC(=O)Nc1cc2ncnc(Nc3cccc(OC)c3)c2[nH]1
1357,8.719560913022244,CC(=O)Nc1cc2ncnc(Nc3cccc(Br)c3)c2[nH]1
1358,8.291269397682795,C=CC(=O)Nc1ccc2ncc(NC(=O)Nc3ccccc3F)nc2c1
1359,8.134878392744296,C=CC(=O)Nc1ccc2ncc(NC(=O)Nc3ccccc3C)nc2c1
1360,7.523628314848006,O=C(Nc1cc(Nc2ccn[nH]2)nc(-c2ccccc2)n1)C1CC1
1361,7.560602115828357,O=C(Nc1cc(Nc2ccn[nH]2)nc(-c2ccccc2)n1)C1CCC1
1362,7.634821675142011,CC(=O)Nc1ccc(-c2ccc(NC(=O)Nc3cccc(Cl)c3)cc2)cn1
1363,7.268152920307317,O=C(Nc1ccc(-c2ccc(NC(=O)C3CCCC3)nc2)cc1)Nc1cccc(Cl)c1
1364,8.656809706169867,CC(C)(C)C(=O)Nc1cc2ncnc(Nc3cccc(Cl)c3)c2cn1
1365,8.326870308490596,C=CC(=O)Nc1cc2ncnc(Nc3cccc(OC)c3)c2cn1
1366,8.55083408505886,CC(=O)NC1=NC=C2NC=NC(=Nc3ccc(F)c(Br)c3)C21
1367,8.727414023967196,C=CC(=O)NC1=NC=C2NC=NC(=Nc3ccc(F)cc3)C21
1368,9.088810608975633,C=CC(=O)NC1=NC=C2NC=NC(=Nc3ccc(Cl)cc3)C21
1369,9.110920002447372,C=CC(=O)NC1=NC=C2NC=NC(=Nc3ccc(C)c(Cl)c3)C21
1370,8.47768072064314,CC(=O)Nc1ccc2ncnc(Cc3ccc(F)c(Cl)c3)c2n1
1371,8.336813986403346,O=C(Nc1ccc2ncnc(Cc3ccc(F)c(Cl)c3)c2n1)C1CC1
1372,8.8700170345325,CN1CCN(CC/C=C/c2cc3ncnc(Cc4ccc(F)c(Cl)c4)c3nc2NC(=O)CO)CC1
1373,8.755581940189394,CN(C)CCCOc1nc2c(Cc3ccc(F)c(Cl)c3)ncnc2cc1/C=C/CCN1CCOCC1
1374,9.038952997392041,CC(=O)Nc1nc2c(Cc3ccc(F)c(Cl)c3)ncnc2cc1CCCCN1CCOCC1
1375,9.030713282325543,CC(C)C(=O)Nc1nc2c(Cc3ccc(F)c(Cl)c3)ncnc2cc1CCCCN1CCOCC1
1376,7.788546330451855,Nc1ncnc2c1c(C(=O)Nc1nc3cc(Cl)ccc3o1)nn2C1CCC(O)CC1
1377,8.100665915504852,Nc1ncnc2c1c(C(=O)Nc1nc3cc(Cl)ccc3o1)nn2C1CCC(NC(=O)C2CC2)CC1
1378,8.030081933014834,CC(=O)NC1CCC(n2nc(C(=O)Nc3nc4cc(F)ccc4o3)c3c(N)ncnc32)CC1
1379,8.11643710028411,Nc1ncnc2c1c(C(=O)Nc1nc3cc(F)ccc3o1)nn2C1CCC(NC(=O)C2CC2)CC1
1380,8.094584090069038,CC(=O)NC1CCC(n2nc(C(=O)Nc3nc4ccccc4o3)c3c(N)ncnc32)CC1
1381,7.551929144608397,Nc1ncnc2c1c(C(=O)Nc1nc3ccccc3o1)nn2C1CCCCC1
1382,7.9639931428612,CC(C)C[C@@H](N)C(=O)NC1CCC(n2nc(-c3ccc(Oc4ccccc4)cc3)c3c(N)ncnc32)CC1
1383,7.909126143836106,Nc1ncnc2c1c(-c1ccc(Oc3ccccc3)cc1)nn2C1CCC(NC(=O)C2CC2)CC1
1384,7.46374120133086,CC(=O)NC1CN(c2nc(Nc3ccc(N4CCOCC4)cc3)c3c(c2F)CNC3=O)CC1F
1385,7.419502725031805,CC(=O)NC1CN(c2nc(Nc3ccc(N4CCOCC4)cc3)c3c(c2F)CNC3=O)CCC1F
1386,8.737433494486172,CC(=O)Nc1cccc(-c2cc3c(-c4[nH]c(-c5ccccc5)nc4-c4ccc(F)cc4)ccnc3[nH]2)c1
1387,8.861001867898688,O=C(NCc1cccc(-c2cc3c(-c4[nH]c(-c5ccccc5)nc4-c4ccc(F)cc4)ccnc3[nH]2)c1)C1CC1
1388,8.883298899673862,CC(=O)NCc1cccc(-c2nc(-c3ccc(F)cc3)c(-c3ccnc4[nH]c(-c5ccccc5)cc34)[nH]2)c1
1389,9.581746275900482,C=CC(=O)NCc1cccc(-c2nc(-c3ccc(F)cc3)c(-c3ccnc4[nH]c(C(C)O)cc34)[nH]2)c1
1390,8.68662950202985,O=C(O)c1cccc(-c2nc(-c3ccnc4[nH]c(-c5ccccc5)cc34)c(C3CC3)[nH]2)c1
1391,8.60300975780896,CC(=O)Nc1cccc(-c2nc(-c3ccnc4[nH]c(-c5ccccc5)cc34)c(C3CC3)[nH]2)c1
1392,8.229636214310156,Nc1ncnc(Nc2ccc(OCc3ccccn3)c(Cl)c2)c1-c1nc(CO)co1
1393,8.393891855190393,Nc1ncnc(Nc2ccc(OCc3ccccn3)c(Cl)c2)c1-c1nc(CN2CCCC2)co1
1394,8.181804852318662,CC(=O)NCC1CCNc2c(C(N)=O)c(-c3ccc(Oc4ccccc4)cc3)nn21
1395,7.496143232117364,NCC1CCNc2c(C(N)=O)c(-c3ccc(Oc4ccccc4)cc3)nn21
1396,7.434962686174616,Nc1ncnc2c1c(C(=O)Nc1nc3ccccc3o1)nn2CCCO
1397,7.420418193473458,CC(C)CCn1nc(C(=O)Nc2nc3ccccc3o2)c2c(N)ncnc21
1398,9.129790070226667,CCCC(=O)NCCCSc1nc(-c2ccnc(Nc3ccccc3)c2)c(-c2ccc(F)cc2)[nH]1
1399,8.875791415129312,CC(C)(C)C(=O)NCCCSc1nc(-c2ccnc(Nc3ccccc3)c2)c(-c2ccc(F)cc2)[nH]1
1400,7.8169539565540305,Nc1ncnc2c1c(-c1ccc(Oc3ccccc3)cc1)nn2CCCO
1401,7.953532173093203,Nc1ncnc2c1c(-c1ccc(Oc3ccccc3)cc1)nn2CCNC(=O)C1CCCCC1
1402,8.917087600787594,C=CCOc1cc2ncnc(Nc3ccc(Br)cc3F)c2cc1NC(=O)CC
1403,8.68126899285603,C=CCOc1cc2ncnc(Nc3ccc(F)cc3F)c2cc1NC(=O)CC
1404,7.5938474338881825,C=CCOc1cc(Cc2ccccc2)cc2[nH]c(-c3n[nH]c4cc(C(F)(F)F)ccc34)cc12
1405,7.876222910770468,C=CC(=O)NCCOc1cc(Cc2ccccc2)cc2[nH]c(-c3n[nH]c4cc(C#N)ccc34)cc12
1406,7.85337124702704,C=CCOc1cc(Cc2ccccc2)cc2[nH]c(-c3n[nH]c4cc(-c5cn[nH]c5)ccc34)cc12
1407,8.087928340704783,C=CCOc1cc(CC(C)C)cc2[nH]c(-c3n[nH]c4cc(-c5cn[nH]c5)ccc34)cc12
1408,8.523229536095698,CCNC(=O)NCCSc1nc(-c2ccc(F)c(C(F)(F)F)c2)c(-c2ccnc(Nc3ccccc3)c2)[nH]1
1409,8.163391280668746,NCCSc1nc(-c2ccc(F)c(C(F)(F)F)c2)c(-c2ccnc(Nc3ccccc3)c2)[nH]1
1410,8.904778280282821,CC(C)(C)C(=O)NCCSc1nc(-c2ccnc(Nc3ccccc3)c2)c(-c2ccc(F)cc2)[nH]1
1411,8.736554813413354,CC(C)(C)NCCSc1nc(-c2ccnc(Nc3ccccc3)c2)c(-c2ccc(F)cc2)[nH]1
1412,8.401991531188305,CCC(=O)NCCSc1nc(-c2ccnc(Nc3ccccc3)c2)c(-c2ccccc2)[nH]1
1413,8.037973101509088,CC(C)(C)NCCSc1nc(-c2ccnc(Nc3ccccc3)c2)c(-c2ccccc2)[nH]1
1414,7.800690424701899,C=CC(=O)N1CCC[C@H](Nc2ccnc(Nc3ccc(C=C)nc3)n2)C1
1415,7.668071871663773,C=CC(=O)N1CCC[C@H](Nc2nc(Nc3ccc(C)nc3)ncc2F)C1
1416,9.033097495537302,C=CCOc1cc2ncnc(Nc3ccc(Br)cc3F)c2cc1NC(C)=O
1417,7.932391406568424,Cn1ccc2cc(Nc3ncnc4ccc(N)cc34)ccc21
1418,8.013828347745449,CCn1ccc2cc(Nc3ncnc4ccc(N)cc34)ccc21
1419,8.945281897581172,C=CCNC(=O)Nc1cc2c(Nc3ccc(Br)cc3F)ncnc2cc1OCCNC(C)=O
1420,7.958455193904927,CCOC(=O)Nc1cc2c(Nc3ccc(F)c(Cl)c3)ncnc2s1
1421,8.431752752378165,O=C(Nc1cc2c(Nc3ccc(F)c(Cl)c3)ncnc2s1)OCCN1CCOCC1
1422,7.259977515831687,CS(=O)(=O)N1CCC[C@@H]1Cn1cc(-c2ccc3c(c2)OCO3)c2c(N)ncnc21
1423,7.259977515831687,CS(=O)(=O)N1CCC[C@H]1Cn1cc(-c2ccc3c(c2)OCO3)c2c(N)ncnc21
1424,7.911090993059971,CS(=O)(=O)N1CCc2c(sc3ncnc(N[C@H](CO)c4ccccc4)c23)C1
1425,7.911090993059971,CS(=O)(=O)N1CCc2c(sc3ncnc(N[C@@H](CO)c4ccccc4)c23)C1
1426,8.197048277901198,OC[C@@H](Nc1ncnc2oc(-c3ccccc3)c(-c3cccc(N4CCOCC4)c3)c12)c1ccccc1
1427,8.309801309231094,Clc1cc(Nc2ncnc3ccc(NC4=NCC(COc5ccccc5)O4)cc23)ccc1OCc1nccs1
1428,8.776167639910318,COC[C@@H]1CN=C(Nc2ccc3ncnc(Nc4ccc(OCc5nccs5)c(Cl)c4)c3c2)O1
1429,7.021877708626625,N#Cc1cnc2ccc(-c3ccccc3)cc2c1N[C@@H]1C[C@H]1c1ccccc1
1430,7.74831974664645,N#Cc1cnc2ccc(-c3ccc(CN4CCOCC4)cc3)cc2c1N[C@@H]1C[C@H]1c1ccccc1
1431,8.68433237693855,OC1CNC(C#Cc2cc3ncnc(Nc4ccc(OCc5cccc(F)c5)c(Cl)c4)c3s2)C1
1432,8.844610422889053,OC1CCN(CCCc2cc3ncnc(Nc4ccc(OCc5cccc(F)c5)c(Cl)c4)c3s2)CC1
1433,8.755600841376861,CO[C@H]1CN[C@H](C#Cc2cc3ncnc(Nc4ccc(OCc5cccc(F)c5)c(Cl)c4)c3s2)C1
1434,8.743016178272521,O=C(O)C1CNC(C#Cc2cc3ncnc(Nc4ccc(OCc5cccc(F)c5)c(Cl)c4)c3s2)C1
1435,6.545417228000275,Oc1c(Cl)cc(Cl)c(Cl)c1Cc1cc(Cl)c(Cl)cc1Cl
1436,7.1374646122023755,Oc1c(Cc2c(O)c(Cl)cc(Cl)c2Cl)cc(Cl)c(Cl)c1Cl
1437,6.8893950968135655,O=c1[nH]cc(Cl)c(=O)[nH]1
1438,7.335549686872008,O=c1[nH]cc(F)c(=O)[nH]1
1439,6.974282480293594,N#C/C(=C\c1cc(O)c(O)c(Br)c1)C(=O)C(C#N)C#N
1440,7.342191921684314,N#C/C(=C\c1cc(O)c(O)c(I)c1)C(=N)C(C#N)C#N
1441,7.225391873762451,N#C/C(=C\c1cc(O)c(O)c(O)c1)C(=O)C(C#N)C#N
1442,6.824893157069257,CC(C#N)C(=N)/C(C#N)=C/c1cc(O)c(O)c(O)c1
1443,6.393471331221252,CC(C#N)=C(C#N)c1cc(O)c(O)c(O)c1
1444,6.1143289149924955,N#CC(C#N)=C(C#N)c1cc(O)c(O)c(Br)c1
1445,6.313265604287407,CC(C#N)=C(O)c1cc(O)c(O)c(O)c1
1446,6.231773369462248,N#CC(C#N)=C(O)c1cc(O)c(O)c(Br)c1
1447,6.962353065227904,Oc1c(Cl)cc(Cl)cc1Sc1cc(Cl)cc(Br)c1O
1448,7.103224293271557,Oc1cc(Cl)cc(Cl)c1Sc1cc(Cl)cc(Cl)c1O
1449,4.5076978336493525,N#CC(C#N)=C(C#N)c1cc(O)cc(F)c1
1450,4.598728705602545,N#CC(C#N)=C(C#N)c1cc(O)cc(Br)c1
1451,8.361161641160269,N#Cc1cnc2c(Cl)cc(N[C@@H](C(=O)O)c3cnc(F)c(F)c3)cc2c1Nc1cnc(F)c(F)c1
1452,8.755743241794152,N#Cc1cnc2c(Cl)cc(N[C@H](C3=CCNCC3)c3cnc(F)c(F)c3)cc2c1Nc1cnc(F)c(F)c1
1453,8.206806824743746,O=[N+]([O-])c1cccc(Nc2ncnc3ccncc23)c1Cl
1454,8.687732707333188,Nc1cccc(Nc2ncnc3ccncc23)c1Cl
1455,8.096625232231712,Fc1cccc(Nc2ncnc3ccncc23)c1F
1456,8.566320943808705,Fc1cccc(Nc2ncnc3ccncc23)c1Cl
1457,8.56156334221211,OCCN(CCO)c1c(Cl)cccc1Nc1ncnc2ccncc12
1458,7.921183509736759,OCCN(CCO)c1cccc(Nc2ncnc3ccncc23)c1
1459,8.038037034395012,OCN(CO)c1ccccc1Nc1ncnc2ccncc12
1460,8.655206799491497,OCN(CO)c1cccc(Nc2ncnc3ccncc23)c1Cl
1461,8.70732530438239,Nc1c(Cl)cccc1Nc1ncnc2ccncc12
1462,8.96052800030882,O=C(O)CNc1c(Cl)cccc1Nc1ncnc2ccncc12
1463,9.167711307870155,O=C(O)CNc1c(Br)cccc1Nc1ncnc2ccccc12
1464,9.695551465450649,OCCNc1c(Br)cccc1Nc1ncnc2ccncc12
1465,8.813918035075469,OCC(O)CNc1c(Cl)cccc1Nc1ncnc2ccncc12
1466,9.102806573677746,O=C(O)CCNc1c(Br)cccc1Nc1ncnc2ccccc12
1467,8.836219536574262,O=C(O)CCNc1c(Cl)cccc1Nc1ncnc2ccncc12
1468,8.675336922438598,Brc1cccc(Nc2ncnc3ccncc23)c1NCCc1ccccn1
1469,8.712560118008039,Brc1cccc(Nc2ncnc3ccncc23)c1NCCc1cccnc1
1470,8.833424744365137,O=C(O)CCCNc1c(Cl)cccc1Nc1ncnc2ccncc12
1471,9.013430231757765,O=C(O)CCCNc1c(Br)cccc1Nc1ncnc2ccccc12
1472,9.433434248755063,CN(C)CCCNc1c(Br)cccc1Nc1ncnc2ccncc12
1473,8.62887820758792,OCCN(CCO)CCCNc1cccc(F)c1Nc1ncnc2ccncc12
1474,9.104186734738962,Brc1cccc(Nc2ncnc3ccncc23)c1NCCCn1cncn1
1475,9.16252403070775,Brc1cccc(Nc2ncnc3ccncc23)c1NCCCN1CCCC1
1476,8.611492447718435,OCCN(CCO)CCNc1cccc(F)c1Nc1ncnc2ccncc12
1477,8.77791340247922,OCCNc1c(Cl)cccc1Nc1ncnc2ccncc12
1478,8.000565016087931,OCCNc1ccccc1Nc1ncnc2ccncc12
1479,9.075369357898301,O=S(=O)(CCO)CCNc1c(Br)cccc1Nc1ncnc2ccncc12
1480,8.906711870572584,O=S(=O)(CCO)Nc1c(Br)cccc1Nc1ncnc2ccncc12
1481,8.226525752024038,Nc1ccccc1Nc1ncnc2ccncc12
1482,8.95177769445779,N#Cc1cnc2c(Cl)cc(N[C@H](C3=CNNC3)c3cccnc3)cc2c1Nc1cccc(Cl)c1F
1483,8.95177769445779,N#Cc1cnc2c(Cl)cc(N[C@@H](C3=CNNC3)c3cccnc3)cc2c1Nc1cccc(Cl)c1F
1484,9.359797193566544,O=C(CCCCCn1cc(-c2ccc3ncnc(Nc4ccc(F)c(Cl)c4)c3c2)nn1)NO
1485,9.47132861546745,O=C(CCCCCCn1cc(-c2ccc3ncnc(Nc4cccc(Cl)c4F)c3c2)nn1)NO
1486,9.428926558277507,O=C(CCCCCn1cc(-c2ccc3ncnc(Nc4cccc(Cl)c4F)c3c2)nn1)NO
1487,8.888036480531502,O=C(CCCCCCn1cc(-c2ccc3ncnc(Nc4cccc(F)c4)c3c2)nn1)NO
1488,8.46502106798659,Clc1cccc(Nc2ncnc3ccncc23)c1
1489,7.322720754486534,FC(F)(F)c1ccc(-n2cnnc2SCc2nc(COc3ccccc3)no2)cc1
1490,7.296339389247258,FC(F)(F)c1ccc(-n2cnnc2SCc2nc(COc3cccc(Cl)c3)no2)cc1
1491,8.262560821711599,NS(=O)(=O)c1ccc(Nc2nc3ncnc(Nc4ccccc4)c3s2)cc1
1492,8.645447980372627,NS(=O)(=O)c1ccc(Nc2nc3ncnc(Nc4cccc(Cl)c4)c3s2)cc1
1493,7.839572615104834,COc1cccc(Nc2ncnc3ccncc23)c1N
1494,6.678736536140722,Oc1cccc(O)c1O
1495,6.741705340038838,N#C/C(=C\c1ccc(O)c(O)c1)C(=O)C(C#N)C#N
1496,6.322613315111738,CC(C#N)C(=N)/C(C#N)=C/c1ccc(O)c(O)c1
1497,6.613461175756915,O=C(/C=C/c1ccc(O)c(O)c1)c1cc(O)ccc1O
1498,6.220405972558062,O=C(/C=C/c1ccc(O)c(O)c1)c1ccccc1O
1499,8.707004808893576,Nc1ccc(Cl)cc1Nc1ncnc2ccncc12
1500,4.386434682277475,N#CC(C#N)=C(C#N)c1ccc(O)c(Cl)c1
1501,6.481472376069312,N#CC(C#N)=C(C#N)c1cc(O)c(O)c(O)c1
1502,8.021272739099544,FC(F)(F)c1ccc(Nc2ncnc3ccncc23)c(Cl)c1
1503,7.955633593704529,FC(F)(F)c1ccc(Nc2ncnc3ccncc23)cc1
1504,5.961229252503154,N[C@@H](Cc1ccc(O)c(Cl)c1)C(=O)O
1505,6.009885042717236,N[C@@H](Cc1ccc(F)c(O)c1)C(=O)O
1506,7.833615832033599,O=c1c(O)c(-c2cccc(O)c2)oc2cc(O)cc(O)c12
1507,7.814564992417321,O=c1c(O)c(-c2ccc(O)cc2)oc2cc(O)cc(O)c12
1508,8.174454800696896,O=C(Nc1ccncc1)Nc1cc(-c2cccnc2)ccc1OC(F)(F)F
1509,8.095523426854916,O=C(Nc1ccccc1)Nc1cc(-c2cncnc2)ccc1OC(F)(F)F
1510,8.338311830645834,O=C(Nc1ccccn1)Nc1cc(-c2cncnc2)ccc1OC(F)(F)F
1511,8.031479839225941,O=C(Nc1nccs1)Nc1cc(-c2cccnc2)ccc1OC(F)(F)F
1512,6.46661207093229,Nc1nc(Nc2ccc(F)cc2F)c2cc(Cc3ccc(Cl)cc3Cl)[nH]c2n1
1513,5.718804130950133,Nc1nc(Nc2ccc(F)cc2)c2cc(Cc3ccc(Cl)cc3Cl)[nH]c2n1
1514,6.739200699253068,O=C(Nc1ccc(Cl)cc1Cl)c1cc(Cl)ccc1O
1515,7.099895896402398,O=C(Nc1ccc(Cl)cc1Cl)c1cc(Br)ccc1O
1516,5.774325532312454,COCc1ccc(CO)cc1/C=C/C(=O)O
1517,5.730565800507771,O=C(O)/C=C/c1cc(CO)ccc1O
1518,7.08732211643129,O=C(CCCCCC(=O)Nc1ccc(O)c(C(=O)Nc2ccc(F)c(Cl)c2)c1)NO
1519,7.019127937056346,O=C(CCCCCC(=O)Nc1ccc(O)c(C(=O)Nc2ccc(Cl)c(Cl)c2)c1)NO
1520,7.0046462792656445,O=C(CCCCCC(=O)Nc1ccc(O)c(C(=O)Nc2ccc(F)cc2)c1)NO
1521,7.84593543135035,N#Cc1cnc2c(Cl)cc(NCc3cnc[nH]3)cc2c1Nc1ccc(F)c(Cl)c1
1522,7.799459816635854,N#Cc1cnc2c(Br)cc(NCc3ccccn3)cc2c1Nc1ccc(F)c(Cl)c1
1523,7.745985366282157,N#Cc1cnc2c(Cl)cc(NCc3cn[nH]c3)cc2c1Nc1ccc(F)c(Cl)c1
1524,7.812780182077805,N#Cc1cnc2c(Br)cc(NCc3cc[nH]n3)cc2c1Nc1ccc(F)c(Cl)c1
1525,8.255762471019377,N#Cc1cnc2c(Cl)cc(N[C@@H](CO)c3ccc(Cl)nc3Cl)cc2c1Nc1ccc(F)c(Cl)c1
1526,8.797185777696738,N#Cc1cnc2c(Cl)cc(N[C@H](C3=CN(CC(=O)O)CC3)c3ccc(Cl)nc3Cl)cc2c1Nc1ccc(F)c(Cl)c1
1527,8.34590997142263,N#Cc1cnc2c(Cl)cc(N[C@@H](CO)c3cc(Br)cnc3Cl)cc2c1Nc1ccc(F)c(Cl)c1
1528,8.857029483596152,N#Cc1cnc2c(Cl)cc(N[C@H](C3=CN(CC(=O)O)CC3)c3cc(Br)cnc3Cl)cc2c1Nc1ccc(F)c(Cl)c1
1529,9.005720691212456,N#Cc1cnc2c(Cl)cc(N[C@H](C3=CN(CCO)NN3)c3ccc(F)cc3)cc2c1Nc1ccc(F)c(Cl)c1
1530,8.48250860799837,N#Cc1cnc2c(Cl)cc(N[C@H](C3=CNNC(=O)C3)c3ccc(F)cc3)cc2c1Nc1ccc(F)c(Cl)c1
1531,8.315998497046051,N#Cc1cnc2c(Cl)cc(N[C@@H](CN)c3cnc(Cl)cc3Cl)cc2c1Nc1ccc(F)c(Cl)c1
1532,8.840706105262417,N#Cc1cnc2c(Cl)cc(N[C@H](C3=CN(CC(=O)O)CC3)c3cnc(Cl)cc3Cl)cc2c1Nc1ccc(F)c(Cl)c1
1533,9.352716004946155,CN1C=C([C@@H](Nc2cc(Cl)c3ncc(C#N)c(Nc4ccc(F)c(Cl)c4)c3c2)c2cscn2)NN1
1534,8.207255577233186,N#Cc1cnc2c(Cl)cc(N[C@@H](C(=O)O)c3cscn3)cc2c1Nc1ccc(F)c(Cl)c1
1535,8.883704259851763,N#Cc1cnc2c(Cl)cc(N[C@H](C3=CN(CC(=O)O)CC3)c3cscn3)cc2c1Nc1ccc(F)c(Cl)c1
1536,8.883704259851763,N#Cc1cnc2c(Cl)cc(N[C@@H](C3=CN(CC(=O)O)CC3)c3cscn3)cc2c1Nc1ccc(F)c(Cl)c1
1537,8.110968001573386,N#Cc1cnc2c(Cl)cc(N[C@@H](CO)c3cscn3)cc2c1Nc1ccc(F)c(Cl)c1
1538,8.945853840312658,N#Cc1cnc2c(Cl)cc(N[C@H](C3=CNNC3)c3cncs3)cc2c1Nc1ccc(F)c(Cl)c1
1539,8.682606703436031,N#Cc1cnc2c(Cl)cc(N[C@@H](C3=CCNC3)c3cncs3)cc2c1Nc1ccc(F)c(Cl)c1
1540,8.697695783595554,N#Cc1cnc2c(Cl)cc(N[C@@H](C3=CCNC3)c3cscn3)cc2c1Nc1ccc(F)c(Cl)c1
1541,8.93338052638631,N#Cc1cnc2c(Cl)cc(N[C@H](C3=CNNC3)c3cscn3)cc2c1Nc1ccc(F)c(Cl)c1
1542,7.682794534495946,N#Cc1cnc2c(Cl)cc(NCc3cc[nH]n3)cc2c1Nc1ccc(F)c(Cl)c1
1543,7.662118254902084,N#Cc1cnc2c(Cl)cc(NCc3ccccn3)cc2c1Nc1ccc(F)c(Cl)c1
1544,7.778821214014235,N#Cc1cnc2c(F)cc(NCc3ccccn3)cc2c1Nc1ccc(F)c(Cl)c1
1545,7.817178005468011,N#Cc1cnc2ccc(NCc3cc[nH]n3)cc2c1Nc1ccc(F)c(Cl)c1
1546,7.660666594038114,N#Cc1cnc2ccc(NCc3ccccn3)cc2c1Nc1ccc(F)c(Cl)c1
1547,7.98439333102968,Fc1ccc(Nc2ncnc3sccc23)cc1Cl
1548,8.18641573117419,Fc1ccc(Nc2ncnc3sc(Cl)cc23)cc1Cl
1549,8.492833194875399,O=C(c1cc2ccccc2[nH]1)c1cc2c(Nc3ccc(F)c(Cl)c3)ncnc2s1
1550,8.350267597419823,O=C(c1cc2cc(O)ccc2[nH]1)c1cc2c(Nc3ccc(F)cc3)ncnc2s1
1551,8.305383518953148,O=C(CCl)Nc1cc2c(Nc3cccc(Cl)c3)ncnc2s1
1552,8.33139154433682,O=C(CCl)Nc1cc2c(Nc3ccc(F)cc3)ncnc2s1
1553,8.088892887343498,Fc1ccc(Nc2ncnc3ccsc23)cc1Cl
1554,8.056020934127966,Fc1ccc(Nc2ncnc3sccc23)cc1F
1555,8.40796456626105,Nc1cc(-c2ccccc2)ccc1NC(=O)COc1ccc2ncnc(Nc3ccc(F)c(Cl)c3)c2c1
1556,8.499167038152038,O=C(COc1ccc2ncnc(Nc3ccc(F)c(Cl)c3)c2c1)Nc1cccc(Br)c1
1557,8.837281034277304,O=C(CCCOc1ccc2ncnc(Nc3ccc(F)c(Cl)c3)c2c1)NOCCO
1558,8.615227633905219,O=C(CCCCCCOc1ccc2ncnc(Nc3cccc(Br)c3)c2c1)NO
1559,8.385844525198896,Clc1ccc(Nc2ncnc3[nH]ccc23)cc1Cl
1560,8.344358654532627,Clc1cccc(Nc2ncnc3[nH]ccc23)c1
1561,8.238320307408642,O=C(Nc1cc2c(Nc3ccc(F)c(Cl)c3)ncnc2cc1F)c1cccc([N+](=O)[O-])c1
1562,8.231111162374074,O=C(Nc1cc2c(Nc3ccc(F)c(Cl)c3)ncnc2cc1F)c1ccccc1[N+](=O)[O-]
1563,8.510791075008347,O=C(Cn1c(=O)oc2cc3ncnc(Nc4ccc(F)c(Cl)c4)c3cc21)NCCO
1564,8.082186806021564,O=C(O)Cn1c(=O)oc2cc3ncnc(Nc4ccc(F)c(Cl)c4)c3cc21
1565,7.767792640199276,O=C(O)Cn1c(=O)oc2cc3ncnc(Nc4ccc(F)c(F)c4)c3cc21
1566,7.850165286576126,O=C(O)CCn1c(=O)oc2cc3ncnc(Nc4ccc(F)c(F)c4)c3cc21
1567,8.097587032021664,O=C(O)CCn1c(=O)oc2cc3ncnc(Nc4ccc(F)c(Cl)c4)c3cc21
1568,8.148438618197238,O=C(Cn1c(=O)oc2cc3ncnc(Nc4ccc(F)c(F)c4)c3cc21)NCCO
1569,6.421656208607233,O=c1ccc2c(O)c(O)ccc2o1
1570,5.983961875834884,O=c1ccc2ccc(O)c(F)c2o1
1571,8.19206488743727,N#Cc1cnc2c(Cl)cc(N[C@@H](CO)c3cccnc3Cl)cc2c1Nc1ccc(F)c(Cl)c1
1572,8.809147583280385,N#Cc1cnc2c(Cl)cc(N[C@H](C3=CN(CC(=O)O)CC3)c3cccnc3Cl)cc2c1Nc1ccc(F)c(Cl)c1
1573,9.201834936989504,N#Cc1cnc2c(Cl)cc(N[C@H](C3=CNNC3)c3cccnc3Cl)cc2c1Nc1cnc(F)c(F)c1
1574,8.833130541833066,N#Cc1cnc2c(Cl)cc(N[C@@H](C3=CNCC3)c3cccnc3Cl)cc2c1Nc1cnc(F)c(F)c1
1575,11.780474443092205,OCCn1cc(-c2ncnc3oc(-c4cccnc4)cc23)c(-c2ccc(F)cc2)n1
1576,11.516875480090741,CCn1cc(-c2ncnc3oc(-c4cccnc4C)cc23)c(-c2ccc(F)cc2)n1
1577,11.999486774107309,N#CCCn1cc(-c2ncnc3oc(-c4cccnc4)cc23)c(-c2ccc(F)cc2)n1
1578,11.742816989332974,N#CCCn1cc(-c2ncnc3oc(-c4ccccc4)cc23)c(-c2ccc(F)cc2)n1
1579,6.823585435638543,Nc1n[nH]c2cccc(-c3ccc(NC(=S)Nc4cccc(C(F)(F)F)c4)cc3)c12
1580,7.06350186990674,Nc1n[nH]c2cccc(-c3ccc(NC(=S)Nc4ccc(OC(F)(F)F)cc4Br)cc3)c12
1581,6.65709842931527,O=C1c2c(O)ccc(O)c2C(=O)c2c(NCCCO)ccc(NCCO)c21
1582,6.685344967926381,O=C1c2c(O)ccc(O)c2C(=O)c2c(NCCNCCO)ccc(NCCCO)c21
1583,8.78076649763894,OCCn1ccc2ncnc(Nc3ccc(Oc4cccc5[nH]ncc45)c(Cl)c3)c21
1584,8.825852022912311,OCCn1ccc2ncnc(Nc3ccc(Oc4cccc5[nH]ccc45)c(Cl)c3)c21
1585,7.993524078039608,O=C(/C=C/c1cccc([N+](=O)[O-])c1)Nc1ccc2ncnc(Nc3ccc(F)cc3)c2c1
1586,7.942145698633668,O=C(/C=C/c1cccc([N+](=O)[O-])c1)Nc1ccc2ncnc(Nc3ccc(Cl)cc3)c2c1
1587,7.272170895759608,N#Cc1c(-c2ccc3ncc(C(N)=O)c(Nc4cccc(Cl)c4)c3c2)csc1N
1588,7.127070502567354,N#Cc1cccc(Nc2c(C(N)=O)cnc3ccc(-c4csc(N)c4C#N)cc23)c1
1589,8.179883936581362,COC(=O)CCCC(=O)Nc1cc(Nc2cccc(Br)c2)ncn1
1590,8.1438064494969,O=C(O)CCCCC(=O)Nc1cc(Nc2cccc(Br)c2)ncn1
1591,5.610140538731178,Nc1nc(Nc2cccc(F)c2)c2cc(Cc3ccc(Cl)cc3Cl)[nH]c2n1
1592,8.79053673781887,O=C(O)/C=C/C(=O)Cc1ccc2ncnc(Nc3ccc(F)c(Cl)c3)c2c1
1593,8.904110688205948,O=C(O)/C=C/C(=O)Cc1ccc2ncnc(Nc3cccc(Cl)c3)c2c1
1594,8.267854540905377,O=C(/C=C/C(F)(F)F)Cc1ccc2ncnc(Nc3ccc(F)c(Cl)c3)c2c1
1595,8.097536889113059,O=C(/C=C/C(F)(F)F)Cc1ccc2ncnc(Nc3ccc(F)cc3)c2c1
1596,8.882144112294746,CN(C)c1ccc2ncnc(Nc3cccc(Br)c3)c2c1
1597,9.02198944493415,CCN(CCO)c1ccc2ncnc(Nc3cccc(Br)c3)c2c1
1598,8.686463858865977,S=C(Nc1cccc(Br)c1)Nc1ccc2ncnc(Nc3cccc(Cl)c3)c2c1
1599,8.636152520812727,O=C(O)[C@H]1O[C@@H]1C(=O)Nc1ccc2ncnc(Nc3ccc(F)c(Cl)c3)c2c1
1600,8.67632039566307,O=C(O)[C@H]1O[C@@H]1C(=O)Nc1ccc2ncnc(Nc3cccc(Cl)c3)c2c1
1601,8.636152520812727,O=C(O)[C@@H]1O[C@H]1C(=O)Nc1ccc2ncnc(Nc3ccc(F)c(Cl)c3)c2c1
1602,8.67632039566307,O=C(O)[C@@H]1O[C@H]1C(=O)Nc1ccc2ncnc(Nc3cccc(Cl)c3)c2c1
1603,7.882559461989356,O=C(/C=C/c1ccc([N+](=O)[O-])cc1)Nc1ccc2ncnc(Nc3ccc(F)cc3)c2c1
1604,7.834818299627293,O=C(/C=C/c1ccc([N+](=O)[O-])cc1)Nc1ccc2ncnc(Nc3ccc(Cl)cc3)c2c1
1605,7.762635120427193,O=C(/C=C/c1ccc(Cl)cc1)Nc1ccc2ncnc(Nc3ccccc3)c2c1
1606,8.068542784187429,O=C(/C=C/c1ccc(Cl)cc1)Nc1ccc2ncnc(Nc3ccc(F)cc3)c2c1
1607,8.278331939225422,O=C(Nc1ccc2ncnc(Nc3cccc(Br)c3)c2c1)c1ccccc1O
1608,8.316637514746137,O=C(Nc1ccc2ncnc(Nc3cccc(Br)c3)c2c1)c1cccc(F)c1O
1609,8.371743729440793,O=C(Nc1ccc2ncnc(Nc3cccc(Br)c3)c2c1)c1ccccn1
1610,8.285264209633366,O=C(Nc1ccc2ncnc(Nc3cccc(Br)c3)c2c1)c1ccncc1
1611,8.849617883340258,O=C(O)CCC(=O)Nc1ccc2ncnc(Nc3cccc(Br)c3)c2c1
1612,8.565755609118108,O=C(Cn1ccccc1=O)Nc1ccc2ncnc(Nc3cccc(Br)c3)c2c1
1613,8.296718414361148,O=C(Cn1ccccc1=O)Nc1ccc2ncnc(Nc3cccc(Cl)c3)c2c1
1614,8.319414463023687,O=C(COc1c(F)cccc1F)Nc1ccc2ncnc(Nc3cccc(Br)c3)c2c1
1615,8.334266353607479,O=C(COc1ccc(F)c(F)c1F)Nc1ccc2ncnc(Nc3cccc(Br)c3)c2c1
1616,8.501036439651694,O=C(COc1ccccc1)Nc1ccc2ncnc(Nc3cccc(Br)c3)c2c1
1617,8.113749707915801,O=C(COc1ccc(F)cc1)Nc1ccc2ncnc(Nc3cccc(F)c3)c2c1
1618,8.973711314845385,O=C(NO)Nc1ccc2ncnc(Nc3cccc(Br)c3)c2c1
1619,8.68328113282691,O=CN(CCCCl)C(=O)Nc1ccc2ncnc(Nc3cccc(Br)c3)c2c1
1620,7.819584885856546,O=C(Nc1ccccc1)Nc1ccc2ncnc(Nc3cccc(Br)c3)c2c1
1621,8.214474977235056,O=C(Nc1ccc(Cl)cc1)Nc1ccc2ncnc(Nc3cccc(F)c3)c2c1
1622,9.0032384426661,O=C(NCCO)Nc1ccc2ncnc(Nc3cccc(Br)c3)c2c1
1623,8.951380685238751,O=C(NCCCN1CCCC1)Nc1ccc2ncnc(Nc3cccc(Br)c3)c2c1
1624,8.238267926603083,S=C(Nc1ccccc1)Nc1ccc2ncnc(Nc3cccc(Br)c3)c2c1
1625,8.676977735608396,S=C(Nc1ccc(Cl)cc1)Nc1ccc2ncnc(Nc3cccc(Br)c3)c2c1
1626,8.208302379868377,COc1ccc(Nc2ncnc3ccc(NC(=S)Nc4ccc(Cl)c(Cl)c4)cc23)cc1
1627,8.68060065256418,S=C(Nc1cccc(Cl)c1)Nc1ccc2ncnc(Nc3cccc(Br)c3)c2c1
1628,8.329605020467486,COc1ccc(Nc2ncnc3ccc(NC(=S)Nc4ccc(F)c(Cl)c4)cc23)cc1
1629,8.197588768782014,COc1ccc(Nc2ncnc3ccc(NC(=S)Nc4cc(Cl)cc(Cl)c4)cc23)cc1
1630,8.248257516288806,COc1ccc(Nc2ncnc3ccc(NC(=S)Nc4cc(F)cc(F)c4)cc23)cc1
1631,8.272515133406607,COc1ccc(Nc2ncnc3ccc(NC(=S)Nc4ccc(Br)cc4)cc23)cc1
1632,8.124393318796566,COc1ccc(Nc2ncnc3ccc(NC(=S)Nc4ccc(Cl)cc4)cc23)cc1
1633,8.269734521769918,COc1ccc(Nc2ncnc3ccc(NC(=S)Nc4cccc(Cl)c4)cc23)cc1
1634,7.93283839095247,COc1ccc(Nc2ncnc3ccc(NC(=S)Nc4ccc(S(N)(=O)=O)cc4)cc23)cc1
1635,8.230640346136303,COc1ccc(Nc2ncnc3ccc(NC(=S)Nc4ccc(S(=O)(=O)Nc5nccs5)cc4)cc23)cc1
1636,8.200593777788129,O=S(=O)(Nc1nccs1)c1ccc(NC(=S)Nc2ccc3ncnc(Nc4ccccc4)c3c2)cc1
1637,7.8097853136410675,Cc1cccc(Nc2ncnc3ccc(NC(=S)Nc4cccc(C(F)(F)F)c4)cc23)c1
1638,8.500779288525939,Fc1ccc(NC(=S)Nc2ccc3ncnc(Nc4cccc(Br)c4)c3c2)cc1F
1639,8.667971250430353,S=C(Nc1ccc2ncnc(Nc3cccc(Br)c3)c2c1)Nc1ccccc1Cl
1640,8.375623658479952,S=C(NCc1ccccc1)Nc1ccc2ncnc(Nc3cccc(Br)c3)c2c1
1641,8.31240689932368,COc1ccc(Nc2ncnc3ccc(NC(=S)NCc4ccc(Cl)cc4)cc23)cc1
1642,7.880816821088359,Brc1ccc(CNc2ccc3ncnc(Nc4ccccc4)c3c2)cc1
1643,7.576463658006199,Brc1ccc(CNc2ccc3ncnc(Nc4cccc(Br)c4)c3c2)cc1
1644,8.32753345435511,Brc1cccc(Nc2ncnc3ccc(NCc4ccncc4)cc23)c1
1645,7.9369134034288935,Brc1cccc(Nc2ncnc3ccc(NCc4ccccc4)cc23)c1
1646,8.370832818731596,Brc1cccc(Nc2ncnc3ccc(NCc4cccnc4)cc23)c1
1647,8.849552933839027,O=C(/C=C/C(=O)NCCCn1ccnc1)Cc1cc2c(Nc3cccc(Cl)c3)ncnc2cn1
1648,9.019631046697084,O=C(/C=C/C(=O)NCCCn1ccnc1)Cc1cc2c(Nc3ccc(F)c(Cl)c3)ncnc2cn1
1649,8.78965733324959,O=C(/C=C/c1ccccc1)Cc1cc2c(Nc3cccc(Br)c3)ncnc2cn1
1650,9.166049466919764,O=C(/C=C\Cl)Cc1cc2c(Nc3cccc(Br)c3)ncnc2c(Br)n1
1651,8.056346235534695,O=C(/C=C/CC(=O)Nc1ccc2ncnc(Nc3cccc(Br)c3)c2c1)Nc1ccc2c(Nc3ccccc3)ncnc2c1
1652,8.195001652926907,CN(C)c1ncnc2cc(NC(=O)/C=C/CC(=O)Nc3ccc4ncnc(Nc5cccc(F)c5)c4c3)ccc12
1653,7.971340779293806,COc1cccc(Nc2ncnc3[nH]ccc23)c1
1654,7.977028373570124,Fc1cccc(Nc2ncnc3[nH]ccc23)c1
1655,9.022291709220864,Brc1cccc(Nc2ncnc3c2sc2ccccc23)c1
1656,9.021418312034083,COc1ccc2sc3c(Nc4cccc(Br)c4)ncnc3c2c1
1657,8.457265898529359,O=[N+]([O-])c1ccc2c(c1)sc1c(Nc3ccccc3)ncnc12
1658,8.223367588712259,O=[N+]([O-])c1ccc2c(c1)sc1c(Nc3ccc(F)cc3)ncnc12
1659,8.378345129920914,COc1cccc(Nc2ncnc3c2sc2cc(N)ccc23)c1
1660,8.955845911317095,Nc1ccc2c(c1)sc1c(Nc3ccccc3)ncnc12
1661,8.223742047062942,O=[N+]([O-])c1cccc2c1sc1c(Nc3ccccc3)ncnc12
1662,8.390288216872685,O=[N+]([O-])c1cccc2c1sc1c(Nc3ccc(Cl)cc3)ncnc12
1663,9.719075206492647,Nc1ccc2c(c1)sc1c(Nc3cccc(Br)c3)ncnc12
1664,9.077626214743471,COc1cccc2c1sc1c(Nc3cccc(Br)c3)ncnc12
1665,8.047919774852803,COc1cccc(Nc2ncnc3c2sc2ncsc23)c1
1666,7.973029976489214,c1ccc(Nc2ncnc3c2sc2ncsc23)cc1
1667,8.612087596796982,O=C(/C=C/c1ccccc1)Nc1cc2c(Nc3cccc(Br)c3)ncnc2cn1
1668,9.124370322311051,O=C(/C=C\Cl)Nc1cc2c(Nc3cccc(Br)c3)ncnc2cc1F
1669,9.091762771817715,O=S(=O)(CCO)Nc1cc2c(Nc3cccc(Br)c3)ncnc2cn1
1670,8.728467915383973,O=S(=O)(Nc1cc2c(Nc3cccc(Br)c3)ncnc2cn1)C1CC1
1671,8.901894720731434,Brc1cccc(Nc2ncnc3cnc(NCCc4ccncc4)nc23)c1
1672,8.928582558811557,Brc1cccc(Nc2ncnc3cnc(NCCc4cccnc4)nc23)c1
1673,6.403489813826819,Nc1nc(N)c2nc(-c3ccccc3)c(N)nc2n1
1674,6.95347386069114,Nc1nc(N)c2nc(-c3ccc(Cl)cc3)c(N)nc2n1
1675,8.048312113205247,Clc1cccc(Cn2ccc3cc(Nc4ncnc5ccccc45)ccc32)c1
1676,8.65038936953217,Clc1cccc(Cn2ccc3cc(Nc4ncnc5ccc(N6CCNCC6)cc45)ccc32)c1
1677,8.160032766659844,S=C(Nc1cccc(Cl)c1)Nc1ccc2ncnc(Nc3ccccc3)c2c1
1678,8.204616348382725,COC(=O)CCCC(=O)Nc1cc(Nc2cccc(Cl)c2)ncn1
1679,8.023982618700563,O=C(O)CCCCC(=O)Nc1cc(Nc2cccc(Cl)c2)ncn1
1680,8.185823679743155,Clc1ccc2ncnc(Nc3ccccc3)c2c1
1681,8.670095403580179,Clc1ccc2ncnc(Nc3cccc(Br)c3)c2c1
1682,7.9884366244009914,O=C(/C=C/c1cccnc1Cl)Nc1ccc2ncnc(Nc3ccccc3)c2c1
1683,8.503834208035947,O=C(/C=C/c1cccnc1Cl)Nc1ccc2ncnc(Nc3ccc(F)c(Cl)c3)c2c1
1684,8.198911257396116,O=C(/C=C/c1ccc(F)cc1)Nc1ccc2ncnc(Nc3cccc(Br)c3)c2c1
1685,8.22854646113284,O=C(/C=C/c1ccc(Br)s1)Nc1ccc2ncnc(Nc3ccccc3)c2c1
1686,8.369580764204196,O=C(/C=C/c1ccc(Br)s1)Nc1ccc2ncnc(Nc3ccc(F)cc3)c2c1
1687,7.789262743303202,O=C(/C=C/c1ccccc1)Nc1ccc2ncnc(Nc3cccc(Cl)c3)c2c1
1688,8.125079356052156,O=C(/C=C/c1cccs1)Nc1ccc2ncnc(Nc3ccccc3)c2c1
1689,7.958628895388655,O=C(Nc1ccc2ncnc(Nc3cccc(Cl)c3)c2c1)c1cccnc1
1690,8.539450848158257,O=C(NO)Nc1ccc2ncnc(Nc3cccc(Cl)c3)c2c1
1691,8.457997773884413,CCN(CC)C(=O)Nc1ccc2ncnc(Nc3cccc(Cl)c3)c2c1
1692,8.55598069180624,O=C(NCCO)Nc1ccc2ncnc(Nc3cccc(Cl)c3)c2c1
1693,8.555380472713734,O=C(NCCCO)Nc1ccc2ncnc(Nc3cccc(Cl)c3)c2c1
1694,8.526733931606007,Fc1ccc(NC(=S)Nc2ccc3ncnc(Nc4cccc(Cl)c4)c3c2)cc1Cl
1695,8.410429569700712,S=C(Nc1ccc2ncnc(Nc3cccc(Cl)c3)c2c1)Nc1ccccc1Cl
1696,8.514142400030822,S=C(Nc1ccc2ncnc(Nc3cccc(Cl)c3)c2c1)Nc1ncc(Cl)s1
1697,8.548719048928977,S=C(Nc1ccc2ncnc(Nc3cccc(Cl)c3)c2c1)Nc1nccs1
1698,8.480024515479807,S=C(Nc1ccc2ncnc(Nc3cccc(Cl)c3)c2c1)Nc1ccccn1
1699,8.500576502915456,Cc1cnc(NC(=S)Nc2ccc3ncnc(Nc4cccc(Cl)c4)c3c2)s1
1700,8.546518505255264,S=C(Nc1ccc2ncnc(Nc3cccc(Cl)c3)c2c1)Nc1nnc(C2CC2)s1
1701,7.895467072931246,FC(F)(F)c1nnc(NC(=S)Nc2ccc3ncnc(Nc4ccccc4)c3c2)s1
1702,8.099892138224405,COc1ccc(CNc2ccc3ncnc(Nc4cccc(Cl)c4)c3c2)cc1
1703,8.133548184374586,O=C(Nc1ccc2ncnc(Nc3cccc(Cl)c3)c2c1)c1ccc(Br)cc1
1704,7.982890364608493,Clc1cccc(Nc2ncnc3ccc(NCc4ccncc4)cc23)c1
1705,7.978716593767741,Clc1cccc(Nc2ncnc3ccc(NCc4ccccc4)cc23)c1
1706,8.336754684048708,Clc1cccc(Nc2ncnc3ccc(NCc4cccs4)cc23)c1
1707,8.121001783512813,Clc1cccc(Nc2ncnc3ccc(NCc4ccccn4)cc23)c1
1708,8.276729415921132,Clc1ccc(Nc2ncnc3ccc(NCc4cccs4)cc23)cc1
1709,8.088997920245752,Clc1ccc(Nc2ncnc3ccc(NCc4cccc(Br)n4)cc23)cc1
1710,8.235618293737637,COc1ccc(Nc2ncnc3ccc(N=NCCN(C)c4ccc(Cl)cc4)cc23)cc1
1711,8.077605058613683,Clc1ccc(CNCC=Nc2ccc3ncnc(Nc4ccc(Cl)cc4)c3c2)cc1
1712,8.772075407990169,NS(=O)(=O)c1ccc(Nc2nc3ncnc(Nc4cccc(Br)c4)c3s2)cc1
1713,8.609888116765882,O=C(O)Cn1ccc2ncnc(Nc3ccc(Oc4cccc(Cl)c4)c(Cl)c3)c21
1714,8.69856298466724,OCCn1ccc2ncnc(Nc3ccc(Oc4ccccc4)c(Cl)c3)c21
1715,8.814108273259937,O=C(CO)NCCn1ccc2ncnc(Nc3ccc(Oc4cccc(Cl)c4)c(Cl)c3)c21
1716,8.812454508471728,OCCn1ccc2ncnc(Nc3ccc(Oc4cccc(Cl)c4)c(Cl)c3)c21
1717,8.73561965298974,Clc1cc(Nc2ncnc3cc[nH]c23)ccc1Oc1ccccc1
1718,8.690882289819207,Clc1cc(Nc2ncnc3cc[nH]c23)ccc1Oc1cccc(CN2CCOCC2)c1
1719,7.52137623070331,NC[C@H](Cc1cccc(C(F)(F)F)c1)NC(=O)c1cc(Br)c(-c2ccnc3[nH]ccc23)s1
1720,7.531257190609796,NC[C@H](Cc1ccccc1C(F)(F)F)NC(=O)c1cc(Br)c(-c2ccnc3[nH]ccc23)s1
1721,8.20957414657563,Fc1cccc(Cn2ccc3cc(Nc4ncnc5ccccc45)ccc32)c1
1722,8.696129888492514,Fc1cccc(Cn2ccc3cc(Nc4ncnc5ccc(N6CCNCC6)cc45)ccc32)c1
1723,8.660886886260972,O=C(Nc1ccc2ncnc(Nc3ccc4c(ccn4Cc4cccc(F)c4)c3)c2c1)C1CCNCC1
1724,8.538251751813718,O=C(CO)Nc1ccc2ncnc(Nc3ccc4c(ccn4Cc4cccc(F)c4)c3)c2c1
1725,8.605508621992872,Nc1ncnc(Nc2ccc3c(cnn3Cc3cccc(F)c3)c2)c1/C=N/CCO
1726,8.605508621992872,Nc1ncnc(Nc2ccc3c(cnn3Cc3cccc(F)c3)c2)c1/C=N\CCO
1727,8.180722913459908,Nc1ncnc(Nc2ccc3c(cnn3Cc3cccc(F)c3)c2)c1CO
1728,8.553381033057716,Cc1nc(N)c(/C=N/O)c(Nc2ccc3c(cnn3Cc3cccc(F)c3)c2)n1
1729,8.628386527677442,Fc1cccc(Cn2ncc3cc(Nc4ncnn5ccc(CNC6CCNCC6)c45)ccc32)c1
1730,8.643984362817795,Fc1cccc(Cn2ncc3cc(Nc4ncnn5ccc(CN6CCCNCC6)c45)ccc32)c1
1731,8.543345228664665,Fc1cccc(Cn2ncc3cc(Nc4ncnn5ccc(COC[C@H]6CNCCO6)c45)ccc32)c1
1732,8.577180320547326,Fc1cccc(Cn2ncc3cc(Nc4ncnn5ccc(COC[C@H]6CCCNC6)c45)ccc32)c1
1733,7.0014387912557225,O=C(CCCCCC(=O)Nc1ccc(O)c(C(=O)Nc2ccc(Oc3ccccc3)c(Cl)c2)c1)NO
1734,8.194526521956309,Clc1cc(Nc2ncnc3sc(Br)cc23)ccc1OCc1ccccc1
1735,8.342061463261576,Fc1ccc(COc2ccc(Nc3ncnc4sc(Br)cc34)cc2Cl)cc1
1736,8.413656840066809,Nc1cnc(C#Cc2cc3c(Nc4ccc(OCc5ccccc5)c(Cl)c4)ncnc3s2)cn1
1737,8.70850989792803,CN(C)CC#Cc1cc2c(Nc3ccc(OCc4cccc(F)c4)c(Cl)c3)ncnc2s1
1738,8.801187437150912,Fc1ccccc1COc1ccc(Nc2ncnc3sc(-c4ccc[nH]4)cc23)cc1Cl
1739,8.695773347184026,COc1cccc(COc2ccc(Nc3ncnc4sc(-c5ccc[nH]5)cc34)cc2Cl)c1
1740,8.694444802018499,COc1ccc(COc2ccc(Nc3ncnc4sc(-c5ccco5)cc34)cc2Cl)cc1
1741,8.844142730885903,Fc1cccc(CNc2ccc(Nc3ncnc4sc(-c5ccco5)cc34)cc2Cl)c1
1742,8.617491610579439,COc1cccc(COc2ccc(Nc3ncnc4sc(-c5cccs5)cc34)cc2Cl)c1
1743,8.349664620065417,Fc1cccc(COc2ccc(Nc3ncnc4sc(-c5ccccc5)cc34)cc2Cl)c1
1744,7.772382067634145,O=[N+]([O-])c1cccc(Oc2cc(Nc3ccc(OCc4ccccc4)c(Cl)c3)ncn2)c1
1745,7.881955837511977,Nc1cccc(Oc2cc(Nc3ccc(OCc4cccc(F)c4)c(Cl)c3)ncn2)c1
1746,7.566374614135797,Fc1cccc(COc2ccc(Nc3cc(Oc4ccccc4)ncn3)cc2Cl)c1
1747,8.278626154417752,Fc1cccc(COc2ccc(Nc3cc(Oc4cccc(N5CCOCC5)c4)ncn3)cc2Cl)c1
1748,7.757789596210543,O=C(/C=C/c1ccccc1)Nc1cccc(Oc2cc(Nc3ccc(OCc4cccc(F)c4)c(Cl)c3)ncn2)c1
1749,8.310010065126288,O=C(/C=C/c1ccco1)Nc1cccc(Oc2cc(Nc3ccc(OCc4cccc(F)c4)c(Cl)c3)ncn2)c1
1750,7.852732136898734,N#CCC(=O)Nc1cccc(Oc2cc(Nc3ccc(OCc4ccccc4)c(Cl)c3)ncn2)c1
1751,7.660851524139675,N#CCC(=O)Nc1cccc(Oc2cc(Nc3cccc(OCc4cccc(F)c4)c3)ncn2)c1
1752,8.094246479800821,O=C(CO)Nc1cccc(Oc2cc(Nc3ccc(OCc4cccc(F)c4)c(Cl)c3)ncn2)c1
1753,7.942701867808609,O=C(Nc1cccc(Oc2cc(Nc3ccc(OCc4cccc(F)c4)c(Cl)c3)ncn2)c1)c1ccccn1
1754,7.628712349737782,O=C(COc1ccccc1)Nc1cccc(Oc2cc(Nc3ccc(OCc4cccc(F)c4)c(Cl)c3)ncn2)c1
1755,7.641884892895555,O=C(COc1cccc(F)c1)Nc1cccc(Oc2cc(Nc3ccc(OCc4cccc(F)c4)c(Cl)c3)ncn2)c1
1756,8.115914709245136,Nc1cc(Nc2cccc(Oc3cc(Nc4ccc(F)c(OCc5ccccc5)c4)ncn3)c2)ncn1
1757,8.103832773221587,Nc1cc(Nc2cccc(Oc3cc(Nc4ccc(OCc5ccccc5)c(Cl)c4)ncn3)c2)ncn1
1758,8.211828375607439,Fc1ccc(COc2ccc(Nc3ccncn3)cc2Cl)cc1
1759,7.001775889750434,Fc1cccc(COc2ccc(Nc3ccncc3)cc2Cl)c1
1760,8.518610256973298,Fc1cccc(COc2ccc(Nc3ncncc3C#Cc3cc[nH]n3)cc2Cl)c1
1761,8.675403201032609,Fc1cccc(COc2ccc(Nc3ncncc3C#Cc3ccccn3)cc2Cl)c1
1762,8.591142606854044,Nc1cccc(C#Cc2cncnc2Nc2ccc(OCc3cccc(F)c3)c(Cl)c2)c1
1763,8.538419381705163,OCc1ccc(C#Cc2cncnc2Nc2ccc(OCc3cccc(F)c3)c(Cl)c2)s1
1764,8.417187848524984,OCc1ccc(C#Cc2cncnc2Nc2ccc(OCc3cccc(F)c3)c(Cl)c2)cc1
1765,8.584734725550122,OCc1cccc(C#Cc2cncnc2Nc2ccc(OCc3cccc(F)c3)c(Cl)c2)n1
1766,8.511957769575936,OCc1ccc(C#Cc2cncnc2Nc2ccc(OCc3cccc(F)c3)c(Cl)c2)o1
1767,8.579706644891676,Fc1cccc(COc2ccc(Nc3ncncc3C#Cc3ncccn3)cc2Cl)c1
1768,8.523013932804226,Fc1cccc(COc2ccc(Nc3ncncc3C#Cc3cccnc3)cc2Cl)c1
1769,8.58983429828648,Nc1nccc(C#Cc2cncnc2Nc2ccc(OCc3cccc(F)c3)c(Cl)c2)n1
1770,8.589914227082703,Nc1cccc(C#Cc2cncnc2Nc2ccc(OCc3cccc(F)c3)c(Cl)c2)n1
1771,8.662690331666585,O=C(NO)c1ccc(-c2ccc3ncnc(Nc4ccc(OCc5cccc(F)c5)c(Cl)c4)c3c2)cc1
1772,8.066466400014274,O=C(/C=C/c1ccc(-c2ccc3ncnc(Nc4ccc(OCc5ccccc5)c(F)c4)c3c2)cc1)NO
1773,8.548712780902228,O=C(/C=C/c1ccc(-c2ccc3ncnc(Nc4ccc(OCc5ccccc5)c(F)c4)c3c2)o1)NO
1774,8.645475357118153,O=C(/C=C/c1ccc(-c2ccc3ncnc(Nc4ccc(F)c(Cl)c4)c3c2)o1)NO
1775,8.60317156148902,O=C(NO)c1ccc(-c2ccc3ncnc(Nc4ccc(OCc5ccccc5)c(Cl)c4)c3c2)o1
1776,8.883241184510672,NC(=O)c1ccc(-c2ccc3ncnc(Nc4ccc(OCc5cccc(F)c5)c(Cl)c4)c3c2)o1
1777,8.808127291653516,NCc1ccc(-c2ccc3ncnc(Nc4ccc(OCc5cccc(F)c5)c(Cl)c4)c3c2)o1
1778,8.893472155740676,CNCc1ccc(-c2ccc3ncnc(Nc4ccc(OCc5cccc(F)c5)c(Cl)c4)c3c2)o1
1779,8.874165067933038,NC(=O)Cc1ccc(-c2ccc3ncnc(Nc4ccc(OCc5cccc(F)c5)c(Cl)c4)c3c2)o1
1780,8.928967604845498,CN(C)Cc1ccc(-c2ccc3ncnc(Nc4ccc(OCc5cccc(F)c5)c(Cl)c4)c3c2)o1
1781,8.85062069845462,CC(=O)NCc1ccc(-c2ccc3ncnc(Nc4ccc(OCc5cccc(F)c5)c(Cl)c4)c3c2)o1
1782,8.613647215551,OCc1ccc(-c2ccc3ncnc(Nc4ccc(OCc5ccccn5)c(Cl)c4)c3c2)o1
1783,9.03538363204685,O=C(NO)c1ccc(-c2ccc3ncnc(Nc4ccc(OCc5cccc(F)c5)c(Cl)c4)c3c2)s1
1784,8.431900418864016,O=C(/C=C/c1ccc(-c2ccc3ncnc(Nc4ccc(OCc5ccccc5)c(F)c4)c3c2)s1)NO
1785,8.583165086614555,O=C(NO)c1ccc(-c2ccc3ncnc(Nc4ccc(OCc5ccccc5)c(Cl)c4)c3c2)s1
1786,8.530322569921934,Cc1ccc(COc2ccc(Nc3ncnc4ccc(-c5ccc(C(=O)NO)s5)cc34)cc2Cl)cc1
1787,8.104338138464069,O=C(/C=C/c1cccc(-c2ccc3ncnc(Nc4ccc(OCc5ccccc5)c(F)c4)c3c2)c1)NO
1788,8.026216426029302,O=C(/C=C/c1cccc(-c2ccc3ncnc(Nc4ccc(F)c(F)c4)c3c2)c1)NO
1789,8.621272947185343,O=C(CCCCCn1cc(-c2ccc3ncnc(Nc4ccc(OCc5ccccc5)c(F)c4)c3c2)nn1)NO
1790,8.589657332633625,O=C(CCCCn1cc(-c2ccc3ncnc(Nc4ccc(OCc5cccc(F)c5)c(F)c4)c3c2)nn1)NO
1791,8.750699010009658,O=C(CCCCCn1cc(-c2ccc3ncnc(Nc4ccc(OCc5ccccc5)c(Cl)c4)c3c2)nn1)NO
1792,8.588551334784484,O=C(CCCCCn1cc(-c2ccc3ncnc(Nc4ccc(OCc5cccc(F)c5)c(F)c4)c3c2)nn1)NO
1793,8.460705969956622,NC(=O)Nc1ccc2c(Nc3ccc(OCc4cccc(F)c4)c(Cl)c3)ncnc2c1
1794,8.146285821329593,NC(=O)Nc1ccc2ncnc(Nc3ccc(OCc4cccc(F)c4)cc3)c2c1
1795,8.516701134387457,NC(=O)Nc1ccc2ncnc(Nc3ccc(OCc4cccc(F)c4)c(Cl)c3)c2c1
1796,8.455968865582884,Fc1cccc(COc2ccc(Nc3ncnc4ccc(NC(=S)NCCc5ccccc5)cc34)cc2Cl)c1
1797,7.926234540933847,N#CC(C#N)=CNc1ccc2ncnc(Nc3ccc(OCc4ccccc4)c(Cl)c3)c2c1
1798,7.872620238658739,N#CC(C#N)=CNc1ccc2ncnc(Nc3ccc(OCc4ccccn4)c(Cl)c3)c2c1
1799,8.657794857408845,Clc1cc(Nc2ncnc3cc[nH]c23)ccc1OCc1ccccc1
1800,8.65087954992635,Clc1cc(Nc2ncnc3cc[nH]c23)ccc1OCc1cccc(Br)c1
1801,8.66252256187029,Nc1ccc(C#Cc2cc3ncnc(Nc4ccc(OCc5cccc(F)c5)c(Cl)c4)c3s2)cn1
1802,8.420915966272677,Nc1cnc(C#Cc2cc3ncnc(Nc4ccc(OCc5ccccc5)c(Cl)c4)c3s2)cn1
1803,8.802110514997764,NC(=O)c1ccc(-c2cc3ncnc(Nc4ccc(OCc5cccc(F)c5)c(Cl)c4)c3s2)o1
1804,8.829018737855609,COC(=O)CNCc1ccc(-c2cc3ncnc(Nc4ccc(OCc5cccc(F)c5)c(Cl)c4)c3s2)o1
1805,8.740257842930491,OCc1ccc(-c2cc3ncnc(Nc4ccc(OCc5ccccn5)c(Cl)c4)c3s2)o1
1806,8.767816082876855,OCc1ccc(-c2cc3ncnc(Nc4ccc(OCc5cccnc5)c(Cl)c4)c3s2)o1
1807,8.649696192439453,Clc1cc(Nc2ncnc3cc(-c4ccc[nH]4)sc23)ccc1OCc1ccccn1
1808,8.548019769141609,Clc1cc(Nc2ncnc3cc(-c4ccc[nH]4)sc23)ccc1OCc1ccccc1
1809,8.800164106228483,Fc1cccc(CNc2ccc(Nc3ncnc4cc(-c5ccco5)sc34)cc2Cl)c1
1810,8.653970245832841,Fc1cccc(COc2ccc(Nc3ncnc4cc(-c5ccco5)sc34)cc2)c1
1811,8.678158870952238,Fc1cccc(COc2ccc(Nc3ncnc4cc(-c5ccncc5)sc34)cc2Cl)c1
1812,8.710993061664645,Fc1cccc(COc2ccc(Nc3ncnc4cc(-c5cn[nH]c5)sc34)cc2Cl)c1
1813,8.488180555283881,O=c1oc2cc3ncnc(Nc4ccc(OCc5cccc(F)c5)c(Cl)c4)c3cc2n1CCO
1814,8.247132333755214,O=C(O)Cn1c(=O)oc2cc3ncnc(Nc4ccc(OCc5cccc(F)c5)c(Cl)c4)c3cc21
1815,6.903367428320781,O=C(CCCCCC(=O)Nc1ccc(O)c(C(=O)Nc2cccc(Cl)c2)c1)NO
1816,8.010563875572606,Nc1ncnn2ccc(C(=O)Nc3ccc(NC(=O)Nc4cccc(Cl)c4)cc3)c12
1817,7.791649294367392,Nc1ncnn2ccc(C(=O)Nc3ccc(NC(=O)Nc4ccccc4)cc3)c12
1818,8.61477519843832,Clc1cc(Nc2ncnc3cc[nH]c23)ccc1Oc1cccc(N2CCOCC2)c1
1819,7.9229981274437,O=C(Nc1cccc(-c2ccc3nnc(-c4cccnc4)n3n2)c1)c1cccs1
1820,7.776092525304307,O=C(Cc1ccccc1)Nc1cccc(-c2ccc3nnc(-c4cccnc4)n3n2)c1
1821,7.770925034097326,FC(F)(F)c1cccc(NC(=S)Nc2ccc3ncnc(Nc4ccccc4)c3c2)c1
1822,7.809878416221804,FC(F)(F)c1cccc(Nc2ncnc3ccc(NC(=S)Nc4ccccc4)cc23)c1
1823,8.238916757157726,NS(=O)(=O)c1ccc(CNC(=S)Nc2ccc3ncnc(Nc4cccc(C(F)(F)F)c4)c3c2)cc1
1824,8.171674484732954,NS(=O)(=O)c1ccc(CCNC(=S)Nc2ccc3ncnc(Nc4ccccc4)c3c2)cc1
1825,7.999579636659637,COc1ccc2sc3c(Nc4cccc(C(F)(F)F)c4)ncnc3c2c1
1826,7.903981142308734,FC(F)(F)c1cccc(Nc2ncnc3c2sc2ccccc23)c1
1827,7.123926008524784,O=C1NN(c2cccc(Cl)c2)C(=O)/C1=C\c1cccc(OC(=O)c2cccs2)c1
1828,6.964913186782816,O=C1NN(c2ccc(F)c(Cl)c2)C(=O)/C1=C\c1cccc(OC(=O)c2ccccc2)c1
1829,8.516662013201902,O=C(O)Cn1ccc2ncnc(Nc3ccc(Oc4cccc(OC(F)(F)F)c4)c(Cl)c3)c21
1830,8.731606996076666,COCCn1ccc2ncnc(Nc3ccc(Oc4cccc(OC(F)(F)F)c4)c(Cl)c3)c21
1831,8.719804925307066,OCCn1ccc2ncnc(Nc3ccc(Oc4cccc(OC(F)(F)F)c4)c(Cl)c3)c21
1832,8.451570850246595,FC(F)(F)Oc1ccc(Oc2ccc(Nc3ncnc4cc[nH]c34)cc2Cl)cc1
1833,8.006540451073985,FC(F)(F)Oc1cccc(Oc2ccc(Nc3ncnc4cc[nH]c34)cc2)c1
1834,8.357926180269379,Oc1cccc(-c2cc3c(Nc4ccc(Oc5cccc(C(F)(F)F)c5)c(Cl)c4)ncnc3s2)c1
1835,8.488609461217616,NC(=O)c1ccc(-c2cc3c(Nc4ccc(Oc5cccc(C(F)(F)F)c5)c(Cl)c4)ncnc3s2)cc1
1836,8.639844037360259,NC(=O)Nc1ccc2c(Nc3ccc(Oc4cccc(C(F)(F)F)c4)c(Cl)c3)ncnc2c1
1837,7.980745044539907,NC(=O)Nc1ccc2ncnc(Nc3ccc(Oc4cccc(C(F)(F)F)c4)cc3)c2c1
1838,8.512684255871234,N#Cc1cc2ncnc(Nc3ccc(Oc4cccc(C(F)(F)F)c4)c(Cl)c3)c2n1CCCO
1839,8.34606969220777,N#Cc1cc2ncnc(Nc3ccc(Oc4cccc(C(F)(F)F)c4)c(Cl)c3)c2n1CCC(=O)O
1840,8.35316224353345,O=C(O)Cn1ccc2ncnc(Nc3ccc(Oc4cccc(C(F)(F)F)c4)c(Cl)c3)c21
1841,8.587685852417687,OCCn1ccc2ncnc(Nc3ccc(Oc4cccc(C(F)(F)F)c4)c(Cl)c3)c21
1842,8.807059192208213,O=C(CO)NCCn1cnc2ncnc(Nc3ccc(Oc4cccc(C(F)(F)F)c4)c(Cl)c3)c21
1843,8.994856433770304,O=C(CO)NCCn1ccc2ncnc(Nc3ccc(Oc4cccc(C(F)(F)F)c4)c(Cl)c3)c21
1844,9.032357153317104,O=S(=O)(CCO)CCn1ccc2ncnc(Nc3ccc(Oc4cccc(C(F)(F)F)c4)c(Cl)c3)c21
1845,8.061906917011386,OCCn1ccc2ncnc(Nc3ccc(Oc4cccc(C(F)(F)F)c4)c(F)c3)c21
1846,8.328388835864365,FC(F)(F)c1ccc(Oc2ccc(Nc3ncnc4cc[nH]c34)cc2Cl)cc1
1847,7.943827845243947,FC(F)(F)c1cccc(Oc2ccc(Nc3ncnc4cc[nH]c34)cc2)c1
1848,8.468001601628472,N#Cc1ccc(Oc2ccc(Nc3ncnc4cc[nH]c34)cc2Cl)cc1
1849,8.106906794820437,N#Cc1cccc(Oc2ccc(Nc3ncnc4cc[nH]c34)cc2)c1
1850,8.49436236371261,O=c1oc2cc3ncnc(Nc4ccc(Oc5cccc(C(F)(F)F)c5)c(Cl)c4)c3cc2n1CCO
1851,8.487072706773118,O=c1oc2cc3ncnc(Nc4ccc(Oc5cccc(C(F)(F)F)c5)c(Cl)c4)c3cc2n1CCCO
1852,8.554492494187858,COCCn1c(=O)oc2cc3ncnc(Nc4ccc(Oc5cccc(C(F)(F)F)c5)c(Cl)c4)c3cc21
1853,8.408420932273234,OCCn1ccc2ncnc(Nc3cnc(Oc4cccc(C(F)(F)F)c4)c(Cl)c3)c21
1854,8.72165967714738,O=C(CO)NCCn1ccc2ncnc(Nc3cnc(Oc4cccc(C(F)(F)F)c4)c(Cl)c3)c21
1855,7.723402639294608,O=C(Nc1cncnc1Oc1cccc(F)c1)c1ccc(F)cc1
1856,7.484709460692894,O=C(Nc1cncnc1Oc1cccc(C(F)(F)F)c1)c1ccccc1
1857,5.587300420308024,COc1ccc(/C=C(\C#N)C(=N)C(C#N)C#N)cc1
1858,5.358145222037748,N#C/C(=C\c1ccc(Cl)cc1)C(=N)C(C#N)C#N
1859,5.375979760759078,O=[N+]([O-])/C=C/c1ccc(F)cc1
1860,5.463892463978164,O=[N+]([O-])/C=C/c1ccc(Br)cc1
1861,6.220222068137592,NC(=S)N/N=C(/C=C/c1ccc(F)cc1)c1ccc(Cl)cc1
1862,6.044942619601762,NC(=S)N/N=C(/C=C/c1ccc(Cl)cc1)c1ccc(Br)cc1
1863,6.884480834581456,NC(=O)c1cnc2ccc(C(=O)/C=C/c3ccccc3)cc2c1Nc1ccc(Br)cc1
1864,6.857642216463558,NC(=O)c1cnc2ccc(C(=O)/C=C/c3ccc(Cl)cc3)cc2c1Nc1ccccc1
1865,7.951884840907452,O=C(/C=C/c1ccc(OCCOc2ccc3ncnc(Nc4ccccc4)c3c2)cc1)NO
1866,8.23872625242121,O=C(/C=C/c1ccc(OCCCOc2ccc3ncnc(Nc4cccc(Cl)c4)c3c2)cc1)NO
1867,7.652419763025436,O=C(/C=C/c1ccc(F)cc1)c1ccc(Br)c2cc(-c3ccc(F)cc3)oc12
1868,7.904288168832784,O=C(/C=C/c1ccc(O)cc1)c1ccc(Br)c2cc(-c3ccc(F)cc3)oc12
1869,6.88138456004505,Fc1ccc(/C=N/Nc2nc(-c3ccc(Cl)cc3Cl)cs2)cc1
1870,6.807434224471357,FC(F)(F)c1ccc(/C=N/Nc2nc(-c3ccccc3Cl)cs2)cc1
1871,7.0450322442236875,COc1ccc(/C=N/Nc2nnc(-c3ccncc3)o2)cc1
1872,7.412755448859884,O=[N+]([O-])c1cccc(/C=N/Nc2nnc(-c3ccncc3)o2)c1
1873,6.572585034244963,O=C(Nc1ccc(Br)cc1)c1ccc(N(CCO)CCO)cc1
1874,7.057701377896767,O=C(Nc1ccc(Cl)cc1)c1ccc(N(CCCl)CCCl)cc1
1875,6.417897236794015,O=C(Nc1ccc(Cl)cc1)c1ccc(N(CCO)CCO)cc1
1876,6.753456711089379,CCN(CC)CCN(CCCl)c1ccc(C(=O)Nc2ccc(Cl)cc2)cc1
1877,6.489664740582248,O=C(Nc1ccc(F)cc1)c1ccc(N(CCO)CCO)cc1
1878,6.8750294401169425,CCN(CC)CCN(CCCl)c1ccc(C(=O)Nc2ccc(F)cc2)cc1
1879,8.276478802838424,Nc1ccc(C(=O)Nc2ccc3ncnc(Nc4ccc(F)c(Cl)c4)c3c2)cc1
1880,7.991400569970286,O=C(Nc1ccc2ncnc(Nc3ccc(F)c(Cl)c3)c2c1)c1ccc(C(=O)N2CCOCC2)cc1
1881,7.713791680471345,O=C(Nc1cc(Nc2ccc(F)cc2)ncn1)c1ccc(F)cc1
1882,7.942198077755055,O=C(Nc1cc(Nc2ccc(Cl)cc2)ncn1)c1ccc(Cl)cc1
1883,6.390196423427547,O=Cc1c(F)ccc(NS(=O)(=O)c2ccc(F)cc2)c1F
1884,6.477467395359595,O=Cc1c(F)ccc(NS(=O)(=O)c2ccc(Cl)cc2)c1F
1885,8.560109363907706,N#Cc1cccc(Oc2ccc(Nc3ncnc4cc[nH]c34)cc2Cl)c1
1886,8.043761685852873,N#Cc1ccc(Oc2ccc(Nc3ncnc4cc[nH]c34)cc2)cc1
1887,7.622780239615921,Nc1c(-c2ccc(F)cc2)c(-c2ccncc2)nn1-c1ccc(Cl)cc1Cl
1888,7.627727735081494,Nc1c(-c2ccc(F)cc2)c(-c2ccncc2)nn1-c1cc(Cl)ccc1Cl
1889,8.466099821572483,CCCC(=O)NCc1nc(-c2ccc(F)cc2)c(-c2ccnc3[nH]ccc23)[nH]1
1890,8.54488524954555,CN(C)CCCc1nc(-c2ccc(F)cc2)c(-c2ccnc3[nH]ccc23)[nH]1
1891,7.81621073838249,Nc1ncnc2occ(-c3ccc(NC(=O)Nc4ccc(F)c(C(F)(F)F)c4)cc3)c12
1892,7.777123106879559,Nc1ncnc2occ(-c3ccc(NC(=O)Nc4cccc(C(F)(F)F)c4)cc3)c12
1893,6.886804213195843,O=C(Nn1c(-c2ccc(Br)cc2)csc1=Nc1ccc([N+](=O)[O-])cc1)c1ccccc1
1894,6.994183665117929,O=C(Nn1c(-c2ccc(Br)cc2)csc1=Nc1ccc([N+](=O)[O-])cc1)c1ccc(F)cc1
1895,10.599169899952102,OCCn1cc(-c2ccnc3[nH]c(-c4nnco4)cc23)c(-c2ccc(F)cc2)n1
1896,10.241304457812795,OCCCn1cc(-c2ccnc3[nH]c(-c4ccccc4)cc23)c(-c2ccc(F)cc2)n1
1897,5.99013140429295,Clc1ccc2nc(Cc3nnc(-c4ccccc4)o3)[nH]c2c1
1898,6.083285644871605,Clc1ccc(-c2nnc(Cc3nc4ccccc4[nH]3)o2)cc1
1899,7.605309595186782,O=C(NC1=NC2C(=O)NN=C(c3ccc(Cl)cc3)C2S1)Nc1ccc(Cl)cc1
1900,7.640281771403441,O=C(NC1=NC2C(=O)NN=C(c3ccc(Br)cc3)C2S1)Nc1ccccc1
1901,5.29063711155933,O=C(Cc1ccc(Br)cc1)NS(=O)(=O)c1ccc(Br)cc1
1902,6.360843334146003,O=C(Cc1ccc(F)cc1)NS(=O)(=O)c1ccc(Cl)cc1
1903,6.080921685750611,O=C(Cc1ccc(F)cc1)NS(=O)(=O)c1ccc(F)cc1
1904,6.209635322537803,O=C(Cc1ccc(F)cc1)NS(=O)(=O)c1ccc(Br)cc1
1905,5.39534682283911,O=C(Cc1ccc(Cl)cc1)NS(=O)(=O)c1ccc(Cl)cc1
1906,5.302123371819032,O=C(Cc1ccc(Cl)cc1)NS(=O)(=O)c1ccc(Br)cc1
1907,5.942897169997087,O=C(Cc1ccc(Br)cc1)NS(=O)(=O)c1ccc(F)cc1
1908,8.312235539092779,O=c1oc2cc3ncnc(Nc4ccc(OCc5ccc(Cl)cc5)cc4)c3cc2n1CCO
1909,8.247518509460422,CC(C)n1c(=O)oc2cc3ncnc(Nc4ccc(OCc5ccc(Cl)cc5)cc4)c3cc21
1910,6.9521269997416315,O=C(NS(=O)(=O)c1ccc(Cl)cc1)c1cncc(Br)c1
1911,5.964867732754217,O=C(NS(=O)(=O)c1ccc(F)cc1)c1cccc(Br)c1
1912,8.851925058051828,Nc1cc(-c2nc3sccn3c2-c2ccnc(NCCCNS(=O)(=O)c3ccccc3)n2)ccc1F
1913,8.849746090376833,Cc1ccc(S(=O)(=O)NCCCNc2nccc(-c3c(-c4ccc(F)c(N)c4)nc4sccn34)n2)cc1
1914,8.20923342907476,O=C(Nc1ccc(Oc2ccnc3[nH]ccc23)c(F)c1)c1nnn(-c2ccc(F)c(Cl)c2)c1C(F)(F)F
1915,8.245772784936275,O=C(Nc1ccc(Oc2ccnc3[nH]ccc23)cc1)c1nnn(-c2ccc(F)c(Cl)c2)c1C(F)(F)F
1916,7.240162362324215,O=C(Nc1ccc(F)cc1)c1cc(Br)cc(Br)c1O
1917,7.352493790547503,O=C(Nc1ccc(Cl)cc1)c1cc(Br)cc(Br)c1O
1918,8.349982383047488,O=[N+]([O-])c1ccc(Nc2ncnc3c2cnn3-c2ccc(Br)cc2)cc1
1919,8.221078249019259,COc1ccc(-n2ncc3c(Nc4ccc(OCCO)cc4)ncnc32)cc1
1920,7.837200679319739,CCOC(=O)CCC(=O)Nc1cc(Nc2ccc(Cl)cc2)ncn1
1921,7.880802470044927,O=C(O)CCCC(=O)Nc1cc(Nc2ccc(Cl)cc2)ncn1
1922,8.013630977541187,COC(=O)CCCC(=O)Nc1cc(Nc2ccc(Cl)cc2)ncn1
1923,6.637934036300156,O=C(O)CCCC(=O)Nc1cc(Nc2ccc(Cl)cc2)ccn1
1924,9.173650776001828,CC(=O)Nc1ccc2ncnc(Nc3ccc(Br)cc3)c2c1
1925,8.92719323050654,NC(=O)Nc1ccc2ncnc(Nc3ccc(Cl)cc3)c2c1
1926,8.817219681644595,CC(=O)Nc1ccc2ncnc(Nc3ccc(Cl)cc3)c2c1
1927,8.480673381903637,CN(C)C(=O)Nc1ccc2ncnc(Nc3ccc(Cl)cc3)c2c1
1928,6.471249898268158,O=C(NS(=O)(=O)c1ccc(F)cc1)c1cncc(Br)c1
1929,6.809637334525222,O=C(NS(=O)(=O)c1ccc(Br)cc1)c1cncc(Br)c1
1930,5.786044372279705,O=C(NS(=O)(=O)c1ccc(Cl)cc1)c1cccc(Br)c1
1931,5.932685005456544,O=S1(=O)N=S(c2ccc(F)cc2)c2ccncc21
1932,5.530368806289913,O=S1(=O)N=S(c2ccc(Br)cc2)c2ccccc21
1933,8.121928402068855,c1ccc2c(Nc3ccc4cc[nH]c4c3)ncnc2c1
1934,7.81770912333113,Nc1ccc2ncnc(Nc3ccc4[nH]ncc4c3)c2c1
1935,8.957986793334939,N#Cc1cnc2c(Cl)cc(N[C@H](C3=CN(CC(=O)O)CC3)c3cccnc3)cc2c1Nc1cnc(F)c(F)c1
1936,8.929933356731425,N#Cc1cnc2c(Cl)cc(N[C@@H](C3=CN(CC(F)(F)F)CC3)c3cccnc3)cc2c1Nc1cnc(F)c(F)c1
1937,8.988381586490302,N#Cc1cnc2c(Cl)cc(N[C@H](C3=CN(CCO)CC3)c3cccnc3)cc2c1Nc1cnc(F)c(F)c1
1938,7.9878291095419645,N#Cc1cnc2c(Cl)cc(N[C@@H](CO)c3cccnc3)cc2c1Nc1ccc(F)c(Cl)c1
1939,8.778288825039866,N#Cc1cnc2c(Cl)cc(N[C@H](C3=CN(CC(=O)O)CC3)c3cccnc3)cc2c1Nc1ccc(F)c(Cl)c1
1940,8.855660995439905,N#Cc1cnc2c(Cl)cc(N[C@H](C3=CN(C(=O)CO)NC3)c3cccnc3)cc2c1Nc1ccc(F)c(Cl)c1
1941,8.19176105747026,N#Cc1cnc2c(Cl)cc(N[C@@H](C(=O)O)c3cccnc3)cc2c1Nc1ccc(Cl)c(Cl)c1F
1942,7.797113227127678,N#Cc1cnc2c(Cl)cc(NC(=O)c3cccnc3)cc2c1Nc1ccc(Cl)c(Cl)c1F
1943,8.629155418344313,N#Cc1cnc2c(Cl)cc(N[C@@H](C3=CCNCC3)c3cccnc3)cc2c1Nc1ccc(F)c(Cl)c1
1944,8.647637491803815,N#Cc1cnc2c(Cl)cc(N[C@@H](C3=CCNC3)c3cccnc3)cc2c1Nc1ccc(F)c(Cl)c1
1945,8.736287034754051,N#Cc1cnc2c(Cl)cc(N[C@H](C3=CNCC3)c3cccnc3)cc2c1Nc1cnc(F)c(F)c1
1946,8.844229948201754,N#Cc1cnc2c(Cl)cc(N[C@@H](C3=CCNCC3)c3cccnc3)cc2c1Nc1cnc(F)c(F)c1
1947,8.736287034754051,N#Cc1cnc2c(Cl)cc(N[C@@H](C3=CNCC3)c3cccnc3)cc2c1Nc1cnc(F)c(F)c1
1948,8.167579360714159,O=C(Nc1ccccn1)Nc1cc(-c2cccnc2)ccc1OC(F)(F)F
1949,7.899744824042423,COc1ccc(-c2ccc(OC(F)(F)F)c(NC(=O)Nc3ccncc3)c2)cn1
1950,7.0928070723376075,O=C(Nc1nccs1)Nc1cc(-c2ccccc2)ccc1OC(F)(F)F
1951,7.993939804904012,O=C(Nc1cccnc1)Nc1cc(-c2cccnc2)cc(C(F)(F)F)c1
1952,7.893722755109101,O=C(Nc1cc(-c2cccnc2)cc(C(F)(F)F)c1)Nc1ccccn1
1953,7.8541569438609615,O=C(Nc1cc(-c2cccnc2)cc(C(F)(F)F)c1)Nc1nccs1
1954,11.53507083520577,CCn1cc(-c2ncnc3oc(-c4cccnc4)cc23)c(-c2ccc(F)cc2)n1
1955,6.757564223261677,COc1ccc(/C=N/c2nnc(-c3cccnc3)o2)cc1
1956,7.077145447737151,Clc1cccc(/C=N/c2nnc(-c3cccnc3)o2)c1
1957,7.601501118373616,N#Cc1cnc2ccc(NCc3cccnc3)cc2c1Nc1ccc(F)c(Cl)c1
1958,7.767440648683579,N#Cc1cnc2cnc(NCc3cccnc3)cc2c1Nc1cccc(C(=O)O)c1
1959,8.093393925252425,Clc1cccc(Nc2cc(Nc3cccc(Cl)n3)ncn2)c1
1960,7.985329497922035,Clc1ccc(Nc2cc(Nc3ccccn3)ncn2)cc1
1961,8.404259695380343,N#Cc1cnc2c(Cl)cc(N[C@@H](C(=O)O)c3ccc(F)nc3)cc2c1Nc1cnc(F)c(F)c1
1962,8.891751045021921,N#Cc1cnc2c(Cl)cc(N[C@@H](C(=O)NCCO)c3ccc(F)nc3)cc2c1Nc1cnc(F)c(F)c1
1963,7.633115047149198,N#Cc1cnc2c(Br)cc(NCc3cccc[n+]3[O-])cc2c1Nc1ccc(F)c(Cl)c1
1964,7.465129253178897,N#Cc1cnc2c(Cl)cc(NCc3cccc[n+]3[O-])cc2c1Nc1ccc(F)cc1
1965,8.013892251242314,O=C(/C=C/c1ccccc1)Nc1ccc2ncnc(Nc3cccc(Br)c3)c2c1
1966,8.00979952884393,O=C(/C=C/c1ccccc1[N+](=O)[O-])Nc1ccc2ncnc(Nc3ccc(F)cc3)c2c1
1967,7.945269640048978,O=C(/C=C/c1ccccc1Br)Nc1ccc2ncnc(Nc3ccccc3)c2c1
1968,6.837531840785208,O=C(Nc1ccccc1C(=O)N/N=C/c1ccc(O)cc1O)c1ccccc1
1969,6.8623804449142565,O=C(Nc1ccccc1C(=O)N/N=C/c1ccccc1O)c1ccco1
1970,6.92977868607577,NS(=O)(=O)c1ccc(NC(=O)c2ccccc2NC(=O)c2ccccc2)cc1
1971,6.883031279332312,NS(=O)(=O)c1ccc(NC(=O)c2ccccc2NC(=O)c2cccc(Cl)c2)cc1
1972,8.175671747254716,O=C(Nc1cccc(-c2c(-c3ccncc3)nc3sccn23)c1)c1ccccc1Cl
1973,7.789074922950055,O=C(Nc1cccc(-c2nc3sccn3c2-c2ccncc2)c1)c1ccccc1
1974,7.674335849065066,O=C(COc1ccc(Nc2ncc(Cl)c(Nc3ccccc3C(=O)NO)n2)cc1)NO
1975,7.731919670643833,O=C(COc1ccc(Nc2ncc(Cl)c(Nc3ccccc3C(=O)NO)n2)cc1)Nc1ccccc1
1976,8.510632257374972,FC(F)(F)c1cccc(Oc2ccc(Nc3ncnc4cc[nH]c34)cc2Cl)c1
1977,8.39296035197038,FC(F)(F)c1ccccc1Oc1ccc(Nc2ncnc3[nH]ccc23)cc1Cl
1978,7.279575908652004,Clc1ccccc1C1=Nc2cn[nH]c2Nc2ccccc21
1979,7.678721397840965,Clc1ccccc1C1=Nc2cn[nH]c2Nc2ccc(Br)cc21
1980,5.243666565419131,c1ccc(-c2nnc(Cc3nc4ccccc4[nH]3)o2)cc1
1981,6.043269483159039,COc1ccccc1-c1nnc(Cc2nc3ccccc3[nH]2)o1
1982,5.905705378778543,Nc1nc(Nc2ccc(F)cc2)c2cc(Cc3ccccc3Cl)[nH]c2n1
1983,5.81229450819737,Nc1nc(Nc2cccc(F)c2)c2cc(Cc3ccccc3Cl)[nH]c2n1
1984,6.681460074505809,Nc1nc(Nc2ccc(F)cc2)c2cc(CCc3ccccc3Cl)[nH]c2n1
1985,6.495019127650406,Nc1nc(Nc2cccc(F)c2)c2cc(CCc3ccccc3Cl)[nH]c2n1
1986,8.34831483849668,Brc1cccc(Nc2ncnc3ccc(NCc4ccccn4)cc23)c1
1987,6.859134696599238,O=C1NN(c2ccccc2)C(=O)/C1=C\c1cccc(OCc2ccccc2F)c1
1988,6.8461165554653345,O=C1NN(c2cccc(F)c2)C(=O)/C1=C\c1cccc(OCc2ccccc2)c1
1989,8.9438018336196,Nc1ccccc1NC(=O)c1ccc(-c2ccc3ncnc(Nc4ccc(OCc5cccc(F)c5)c(Cl)c4)c3c2)cc1
1990,8.876607365495145,Nc1ccccc1NC(=O)CCc1cccc(-c2ccc3ncnc(Nc4ccc(OCc5cccc(F)c5)c(Cl)c4)c3c2)c1
1991,8.894334434166778,Nc1ccccc1NC(=O)CCc1ccc(-c2ccc3ncnc(Nc4ccc(OCc5cccc(F)c5)c(Cl)c4)c3c2)cc1
1992,9.275260321098244,Nc1ccccc1NC(=O)c1ccc(-c2ccc3ncnc(Nc4ccc(OCc5cccc(F)c5)c(Cl)c4)c3c2)o1
1993,8.426201890299515,Cc1ccc(Nc2ncnc3ccc(-c4ccc(/C=C/C(=O)Nc5ccccc5N)o4)cc23)cc1
1994,8.299109364233441,Nc1ccccc1NC(=O)c1ccc(CNc2ccc3ncnc(Nc4cccc(Br)c4)c3c2)cc1
1995,8.071663035424509,Nc1ccccc1NC(=O)c1ccc(COc2ccc3ncnc(Nc4ccccc4)c3c2)cc1
1996,8.586253372643762,Nc1ccccc1NC(=O)c1ccc(-c2ccc3ncnc(Nc4ccc(OCc5cccnc5)c(Cl)c4)c3c2)o1
1997,8.757988020657002,Nc1ccccc1NC(=O)c1ccc(-c2ccc3ncnc(Nc4ccc(OCc5ccccc5)c(Cl)c4)c3c2)o1
1998,8.533609914427851,Nc1ccccc1NC(=O)c1ccc(-c2ccc3ncnc(Nc4ccc(OCc5cccnc5)c(Cl)c4)c3c2)s1
1999,8.448176184552965,Nc1ccccc1NC(=O)c1ccc(-c2ccc3ncnc(Nc4ccc(OCc5ccccc5)c(F)c4)c3c2)s1
2000,8.364684808310749,Nc1ccccc1NC(=O)CCc1ccc(-c2ccc3ncnc(Nc4ccc(OCc5cccnc5)c(Cl)c4)c3c2)cc1
2001,8.012195047401185,Nc1ccccc1NC(=O)CCc1ccc(-c2ccc3ncnc(Nc4ccc(OCc5ccccc5)c(F)c4)c3c2)cc1
2002,8.091878722444827,COc1ccccc1Nc1ncnc2ccncc12
2003,8.054445265136591,Cc1ccccc1Nc1ncnc2ccncc12
2004,8.314321995155751,Cc1cc2ncnc(Nc3ccccc3N)c2cn1
2005,8.358049250399748,Nc1ccccc1Nc1ncnc2cc(Cl)ncc12
2006,7.349327153684915,N#C/C(=C/c1ccc(O)c(O)c1)C(=O)NCc1ccccc1Cl
2007,6.978226817680245,N#C/C(=C/c1ccc(O)c(O)c1)C(=O)Nc1ccccc1
2008,7.6014752338750124,O=C(Nc1ccccc1Cl)c1cc(I)ccc1O
2009,6.914796086617468,O=C(Nc1ccccc1F)c1cc(I)ccc1O
2010,6.529923183291419,O=C(Nc1ccccc1Cl)c1cc(Cl)ccc1O
2011,6.6305383254198516,O=C(Nc1ccccc1Br)c1ccc(N(CCO)CCCl)cc1
2012,6.505411479523444,O=C(Nc1ccccc1Br)c1ccc(N(CCO)CCO)cc1
2013,6.459718173535923,O=C(Nc1ccccc1Cl)c1ccc(N(CCO)CCCl)cc1
2014,6.421047933232995,O=C(Nc1ccccc1Cl)c1ccc(N(CCO)CCCCl)cc1
2015,6.255122967845353,N=C1C(=O)C=C(Nc2ccccc2)C(O)=C1C(N)=O
2016,6.295056443041695,Cc1ccccc1NC1=CC(=O)C(=N)C(C(N)=O)=C1O
2017,9.220553907257175,O=C(CCCCn1cc(-c2ccc3ncnc(Nc4ccc(F)c(Cl)c4)c3c2)nn1)NO
2018,8.730710692959436,O=C(CCCCn1cc(-c2ccc3ncnc(Nc4cccc(Cl)c4)c3c2)nn1)NO
2019,8.817141753593276,Clc1cccc(Oc2ccc(Nc3ncnc4cc[nH]c34)cc2Cl)c1
2020,8.912571595075079,Fc1cccc(Oc2ccc(Nc3ncnc4cc[nH]c34)cc2Cl)c1
2021,8.686910147593705,FC(F)(F)Oc1cccc(Oc2ccc(Nc3ncnc4cc[nH]c34)cc2Cl)c1
2022,7.160997505129802,N#Cc1cnc2c(Cl)cc(N[C@@H](CO)c3ccccc3)cc2c1N[C@H](CO)c1ccccc1
2023,8.57589952774593,N#Cc1cnc2c(Cl)cc(N[C@H](C3=CNNC3)c3cccnc3)cc2c1N[C@H](CO)c1ccccc1
2024,8.57213024797791,N#Cc1cnc2c(Cl)cc(N[C@H](C3=CNNC3)c3ccccn3)cc2c1N[C@H](CO)c1ccccc1
2025,9.05854748584864,OC[C@@H](Nc1ncnc2oc(-c3ccccc3)cc12)c1ccccc1
2026,8.680431284672014,OC[C@@H](Nc1ncnc2oc(-c3ccc(F)cc3)cc12)c1ccccc1
2027,8.228068241974544,CC(Nc1ncnc2sc(Br)cc12)c1ccccc1
2028,8.61992153621694,OCC(Nc1ncnc2sc(Br)cc12)c1ccccc1
2029,8.810228702890168,OC[C@@H](Nc1ncnc2sc(-c3ccccc3)cc12)c1ccccc1
2030,8.840080172150659,OC[C@@H](Nc1ncnc2sc(-c3ccc(F)cc3)cc12)c1ccccc1
2031,9.086407810123255,OC[C@@H](Nc1ncnc2[nH]c(-c3ccc(F)cc3)cc12)c1ccccc1
2032,8.6119704842632,OC[C@@H](Nc1ncnc2[nH]c(-c3ccc(F)c(F)c3)cc12)c1ccccc1
2033,8.214533607308763,OC[C@@H](Nc1ncnc2[nH]c(-c3ccc(F)c(C(F)(F)F)c3)cc12)c1ccccc1
2034,9.437299696722842,OC[C@@H](Nc1ncnc2[nH]c(-c3ccccc3)cc12)c1ccccc1
2035,9.05402831541039,OC[C@@H](Nc1ncnc2[nH]c(-c3cccc(F)c3)cc12)c1ccccc1
2036,8.970996433152298,C[C@@H](Nc1ncnc2[nH]c(-c3ccncc3)cc12)c1ccccc1
2037,8.895973408755198,C[C@@H](Nc1ncnc2[nH]c(-c3cccnc3)cc12)c1ccccc1
2038,8.09086630907218,OC[C@H](Nc1cnc(-c2cc(Cl)ccc2O)c(-c2ccc3[nH]ccc3c2)c1)c1ccccc1
2039,7.421754664693039,OC[C@H](Nc1cnc(-c2cc(Cl)ccc2O)c(-c2cc3ccccc3s2)c1)c1ccccc1
2040,5.618332520186492,NC(=S)N/N=C(/C=C/c1cccc(Cl)c1)c1ccccc1
2041,6.915043582365193,NC(=S)N/N=C(/C=C/c1ccc([N+](=O)[O-])cc1)c1ccccc1
2042,6.048659082571728,NC(=S)N/N=C(/C=C/c1ccccc1)c1ccccc1
2043,5.47504580219482,NC(=S)N/N=C(/C=C/c1ccc(Cl)cc1)c1ccccc1
2044,6.902313565347157,NC(=S)N/N=C(/C=C/c1cccc([N+](=O)[O-])c1)c1ccccc1
2045,7.480123330398249,NC(=S)N/N=C(/C=C/c1ccc2ccccc2c1)c1ccccc1
2046,7.420457110790478,NC(=S)N/N=C(/C=C/c1ccccc1)c1cccc2ccccc12
2047,8.345663539017098,COc1ccc(/C=C/C(=N/Nc2nncc3ccccc23)c2ccccc2)cc1
2048,8.515367484084344,Cc1ccc(/C=C/C(=N/Nc2nncc3ccccc23)c2ccccc2)cc1
2049,6.356047339541321,NC(=S)N/N=C(/C=C/c1ccc(Cl)cc1)c1ccc(Cl)c(Cl)c1
2050,5.583125255929591,NC(=S)N/N=C(/C=C/c1ccccc1)c1ccc(Cl)cc1
2051,5.428443613545048,NC(=S)N/N=C(/C=C/c1ccccc1)c1ccc(Br)cc1
2052,5.527753119593641,NC(=S)N/N=C(/C=C/c1ccccc1Cl)c1ccccc1
2053,8.303956682211798,COc1ccc(C(/C=C/c2ccccc2)=N\Nc2nncc3ccccc23)cc1
2054,8.371101220363089,Clc1ccc(C(/C=C/c2ccccc2)=N\Nc2ncnc3ccccc23)cc1
2055,7.71814381065746,COc1ccc(/C=C/C(=N/c2nncc3ccccc23)c2ccccc2)cc1
2056,8.044936694297428,C(=C/c1ccccc1)\C(=N\Nc1nncc2ccccc12)c1ccccn1
2057,8.73908121017524,O=C(/C=C/c1ccc(F)cc1)Cc1cc2c(Nc3cccc(Br)c3)ncnc2cn1
2058,8.605039292697837,O=C(/C=C/c1ccccc1)Cc1cc2c(Nc3ccc(F)c(Cl)c3)ncnc2cn1
2059,7.904985777464393,O=C(O)COc1cccc(Oc2cc(Nc3ccc(OCc4cccc(F)c4)c(Cl)c3)ncn2)c1
2060,7.6313312649534435,O=C(/C=C/c1ccccc1)Nc1cccc(Oc2cc(Nc3ccc(OCc4ccccc4)c(Cl)c3)ncn2)c1
2061,7.556157327932034,O=C(Nc1cccc(-c2c(-c3ccccc3)oc3ncnc(N[C@H](CO)c4ccccc4)c23)c1)c1ccccc1
2062,5.279003427523529,O=C(/C=C/c1ccccc1)Nc1ccccc1
2063,5.176002646865046,Cc1ccccc1NC(=O)/C=C/c1ccccc1
2064,6.485238164437061,COc1ccccc1NC(=O)/C=C/c1ccccc1
2065,8.040993206354596,O=C(/C=C/c1ccccc1)Nc1ccc2ncnc(Nc3ccc(F)cc3)c2c1
2066,7.705829052633645,O=C(/C=C/c1ccccc1)Nc1ccc2ncnc(Nc3ccccc3)c2c1
2067,7.30586021711799,Clc1nc2ccccc2c2nnc(/N=C/c3ccccc3)n12
2068,7.425761086998421,Cc1nc2ccccc2c2nnc(/N=C/C=C/c3ccccc3)n12
2069,8.188001003037638,CNc1nccc(-c2c(-c3cccc(NC(=O)c4ccccc4)c3)nc3sccn23)n1
2070,8.075878145444548,O=C(Nc1cccc(-c2nc3sccn3c2-c2ccnc(Nc3ccccc3)n2)c1)c1cccc(C(F)(F)F)c1
2071,8.587627718187251,N#Cc1cnc2c(Cl)cc(N[C@@H](C3=CNNC3)c3cccnc3)cc2c1NC(CCO)c1ccccc1
2072,8.393914245069778,N#Cc1cnc2c(Cl)cc(N[C@@H](c3cccnc3)c3c[nH][nH]3)cc2c1NC(CO)c1ccccc1
2073,8.613006946744534,OC[C@@H](Nc1ncnc2sc(Br)cc12)c1ccccc1
2074,7.918739119761858,COc1ccc(Nc2ncnc3ccc(C#Cc4ccccc4)cc23)cc1OC
2075,8.301366519861825,Fc1ccc(Nc2ncnc3ccc(C#Cc4ccccn4)cc23)cc1Cl
2076,8.029371991845283,N#Cc1cccc(COc2ccc(Nc3ncncc3C#Cc3ccccc3)cc2Cl)c1
2077,8.187004359972763,Clc1cc(Nc2ncncc2C#Cc2ccccc2)ccc1OCc1ccccn1
2078,7.563610452893507,N#CC1=C(c2ccccc2)Nc2c(c(-c3cccs3)nn2-c2ccccc2)C12C(=O)Nc1ccccc12
2079,7.947206220319275,CC1=C(C#N)C2(C(=O)Nc3ccc(Cl)cc32)c2c(-c3cccs3)nn(-c3ccccc3)c2N1
2080,7.818817292720839,N#CC1=C(c2ccc([N+](=O)[O-])cc2)Nc2c(c(-c3cccs3)nn2-c2ccccc2)C12C(=O)Nc1ccccc12
2081,8.395446147751159,OC[C@@H](Nc1ncnc2oc(-c3ccccc3)c(Cl)c12)c1ccccc1
2082,8.464165407988164,OC[C@@H](Nc1ncnc2oc(-c3ccccc3)c(-c3ccco3)c12)c1ccccc1
2083,8.595916661608692,OC[C@@H](Nc1ncnc2oc(-c3ccccc3)c(Br)c12)c1ccccc1
2084,8.049300867565247,OC[C@@H](Nc1ncnc2oc(-c3ccccc3)c(-c3ccc4c(c3)OCO4)c12)c1ccccc1
2085,7.65648131130682,O=C(O)CCCC(=O)Nc1cccc(-c2c(-c3ccccc3)oc3ncnc(N[C@H](CO)c4ccccc4)c23)c1
2086,8.373233696722263,C[C@@H](Nc1ncnc2oc(-c3ccccc3)c(Cl)c12)c1ccccc1
2087,7.634283611403872,O=c1[nH]nc(-c2c[nH]c(-c3ccccc3)c2-c2ccccc2)c2cn(-c3ccccc3)nc12
2088,7.8104511718717715,Cc1ccc(-n2cc3c(=O)[nH]nc(-c4c[nH]c(-c5ccccc5)c4-c4ccccc4)c3n2)cc1
2089,7.7018547919773725,O=c1[nH]nc(-c2c[nH]c(-c3ccccc3)c2-c2ccccc2)c2nn(-c3ccccc3)cc12
2090,7.822090611877926,O=c1[nH]nc(-c2c[nH]c(-c3ccccc3)c2-c2ccccc2)c2cn(-c3ccc(Cl)cc3)nc12
2091,6.631595699245503,N#C/C(=C\c1cc(-c2ccccc2)c(O)c(-c2ccccc2)c1)C(=O)O
2092,6.896217710183007,N#C/C(=C\c1cc(-c2ccccc2)c(O)c(-c2ccccc2)c1)C(=O)NC1CC1
2093,7.973794892492869,Clc1cc(Nc2cc(-c3ccccc3)ncn2)ccc1OCc1ccccc1
2094,7.906794339765285,Fc1cccc(COc2ccc(Nc3cc(-c4ccccc4)ncn3)cc2F)c1
2095,7.177722051442964,O=C(Cn1c(-c2ccccc2)cc(=O)n2ncnc12)NNC(=S)NCc1ccccc1
2096,7.359446294430659,O=C(Cn1c(-c2ccccc2)cc(=O)n2ncnc12)NNC(=S)Nc1ccc(Cl)cc1
2097,7.346391194044992,NC(=S)N/N=C(/C=C/c1ccc(Oc2ccccc2)cc1)c1ccccc1
2098,6.7140213921119125,Nc1nc(Nc2ccc(F)cc2)c2cc(Cc3ccc(-c4ccccc4)cc3)[nH]c2n1
2099,6.720362099986739,Nc1nc(Nc2cccc(F)c2)c2cc(Cc3ccc(-c4ccccc4)cc3)[nH]c2n1
2100,8.551221424763632,Nc1ccc(-c2nc(-c3ccc(F)cc3)c(-c3ccnc4[nH]c(-c5ccccc5)cc34)[nH]2)cc1
2101,8.554664936355737,Nc1cccc(-c2nc(-c3ccc(F)cc3)c(-c3ccnc4[nH]c(-c5ccccc5)cc34)[nH]2)c1
2102,8.090215026968567,Fc1ccc(-c2[nH]c(-c3ccccc3)nc2-c2ccnc3[nH]c(-c4ccccc4)cc23)cc1
2103,8.107402288438063,Fc1ccc(-c2nc(-c3ccnc4[nH]c(-c5ccccc5)cc34)[nH]c2-c2ccccc2)cc1
2104,8.097730586730362,Oc1ccccc1-c1nc(-c2ccccc2)c(-c2ccnc3[nH]c(-c4ccccc4)cc23)[nH]1
2105,8.245620316481281,Oc1ccc(-c2nc(-c3ccccc3)c(-c3ccnc4[nH]c(-c5cccnc5)cc34)[nH]2)cc1
2106,8.414044829751038,NCc1ccc(-c2nc(-c3ccc(F)cc3)c(-c3ccnc4[nH]c(-c5ccccc5)cc34)[nH]2)cc1
2107,8.885917774839843,NCc1cccc(-c2nc(-c3ccc(F)cc3)c(-c3ccnc4[nH]c(C(=O)Nc5ccccc5)cc34)[nH]2)c1
2108,8.369712173621238,Fc1ccc(-c2nc(-c3ccccc3)[nH]c2-c2ccnc3[nH]c(-c4ccc(Cl)cc4)cc23)cc1
2109,8.408603084297988,Fc1ccc(-c2nc(-c3ccccc3)[nH]c2-c2ccnc3[nH]ccc23)cc1
2110,9.886023760984902,CCCC(O)Cc1nc(-c2ccc(F)cc2)c(-c2ccnc3[nH]c(-c4ccccc4)cc23)[nH]1
2111,9.750958199085265,CC(=O)NCCc1nc(-c2ccc(F)cc2)c(-c2ccnc3[nH]c(-c4ccccc4)cc23)[nH]1
2112,9.47957630796011,CCCC(=O)NCc1nc(-c2ccc(F)cc2)c(-c2ccnc3[nH]c(-c4ccccc4)cc23)[nH]1
2113,9.513807574450842,CCC(=O)NCc1nc(-c2ccc(F)cc2)c(-c2ccnc3[nH]c(-c4ccccc4)cc23)[nH]1
2114,9.675781065229145,OCCCc1nc(-c2ccc(F)cc2)c(-c2ccnc3[nH]cc(-c4ccccc4)c23)s1
2115,10.031803143066174,OCCCc1nc(-c2ccc(F)cc2)c(-c2ccnc3[nH]c(-c4ccccc4)nc23)s1
2116,8.73799451855593,CC(C)c1[nH]c2nccc(-c3nc(-c4ccc(O)cc4)[nH]c3-c3ccco3)c2c1-c1ccccc1
2117,8.50073275343844,Oc1ccc(-c2cc3c(-c4nc(-c5ccc(O)cc5)[nH]c4-c4ccco4)ccnc3[nH]2)cc1
2118,8.581349543148091,CC(C)c1cc(-c2ccnc3[nH]c(-c4ccccc4)cc23)n(-c2ccc(F)cc2)n1
2119,8.085304351695246,OCCCc1cc(-c2ccnc3[nH]c(-c4ccccc4)cc23)n(-c2ccccc2)n1
2120,10.3312517971811,N#Cc1c(-c2ccc(F)cc2)c(-c2ccnc3[nH]c(-c4ccccc4)cc23)nn1CCN1CCOCC1
2121,9.86882705336417,N#Cc1c(-c2ccc(F)cc2)c(-c2ccnc3[nH]c(-c4ccccc4)cc23)nn1CCC(=O)O
2122,9.212942966881469,Cn1nc(-c2ccc(F)cc2)c(-c2ccnc3[nH]c(-c4ccccc4)cc23)n1
2123,9.592897858971355,CCn1nc(-c2ccc(F)cc2)c(-c2ccnc3[nH]c(-c4ccccc4)cc23)n1
2124,9.348076089900418,CCCc1nc(-c2ccc(F)cc2)n(-c2ccnc3[nH]c(-c4ccccc4)cc23)n1
2125,9.727176977250295,OCCCc1nc(-c2ccc(F)cc2)n(-c2ccnc3[nH]c(-c4ccc(F)cc4)cc23)n1
2126,10.43249950344369,Fc1ccc(-c2nn(CCCN3CCOCC3)cc2-c2ccnc3oc(-c4ccccc4)cc23)cc1
2127,9.803042543385418,CCCn1cc(-c2ccnc3oc(-c4ccccc4)cc23)c(-c2ccc(F)cc2)n1
2128,11.086764530363922,OCCCn1cc(-c2ncnc3[nH]cc(-c4ccccc4)c23)c(-c2ccc(F)cc2)n1
2129,8.924878782791227,OCCCn1cc(-c2ncnc3[nH]c(-c4ccccc4)cc23)c(-c2ccccc2)n1
2130,10.32196351084294,OCc1nc(-c2ccc(F)cc2)c(-c2ncnc3oc(-c4ccccc4)cc23)o1
2131,10.41382423401197,CC(C)c1nc(-c2ccc(F)cc2)c(-c2ncnc3oc(-c4ccccc4)cc23)o1
2132,9.04788440186243,OCCCc1nc(-c2ccccc2)c(-c2ncnc3oc(-c4ccccc4)cc23)o1
2133,10.65815852922193,OCCCc1nc(-c2ccc(F)cc2)c(-c2ncnc3oc(-c4ccccc4Cl)cc23)o1
2134,9.195828169332337,COc1ccc(-c2[nH]ncc2-c2ncnc3oc(-c4ccccc4)cc23)cc1
2135,8.863327093408962,Clc1ccc(-c2[nH]ncc2-c2ncnc3oc(-c4ccccc4)cc23)cc1
2136,10.495941183233912,Fc1ccc(-c2nn(C(F)F)cc2-c2ncnc3oc(-c4ccc(Cl)cc4)cc23)cc1
2137,11.47630526004953,O=C(O)Cn1cc(-c2ncnc3oc(-c4ccccc4)cc23)c(-c2ccc(F)cc2)n1
2138,10.972547977429686,Fc1ccc(-c2nn(CC(F)(F)F)cc2-c2ncnc3oc(-c4ccccc4)cc23)cc1
2139,10.665983707879949,Fc1ccc(-c2nn(CC(F)F)cc2-c2ncnc3oc(-c4ccc(Cl)cc4)cc23)cc1
2140,11.954930980631339,OCCn1cc(-c2ncnc3oc(-c4ccccc4)cc23)c(-c2ccc(F)cc2)n1
2141,11.692510143134227,O=C(O)CCn1cc(-c2ncnc3oc(-c4ccccc4)cc23)c(-c2ccc(F)cc2)n1
2142,11.297780547983397,Fc1ccc(-c2nn(CCCN3CCOCC3)cc2-c2ncnc3oc(-c4ccccc4)cc23)cc1
2143,9.720887970074228,N#CCCCn1cc(-c2ncnc3c2C=C(c2ccccc2)Oc2ncccc2-3)c(-c2ccc(F)cc2)n1
2144,11.358418609429378,Fc1ccc(-c2nn(CC3CC3)cc2-c2ncnc3oc(-c4ccccc4)cc23)cc1
2145,9.511768631451895,OCCCn1cc(-c2ncnc3oc(-c4ccccc4)cc23)c(-c2ccccc2)n1
2146,11.567807894056516,CCCn1cc(-c2ncnc3oc(-c4ccccc4)cc23)c(-c2ccc(F)cc2)n1
2147,11.138170330918495,CC(C)(C)n1cc(-c2ncnc3oc(-c4ccccc4)cc23)c(-c2ccc(F)cc2)n1
2148,9.404611089486126,OCCn1cc(-c2ncnc3oc(-c4ccccc4)cc23)c(-c2ccccc2)n1
2149,11.256623470954496,Fc1ccc(-c2nn(CCN3CCOCC3)cc2-c2ncnc3oc(-c4ccccc4)cc23)cc1
2150,9.808798814629569,FC(F)(F)OCCn1cc(-c2ncnc3oc(-c4ccccc4)cc23)c(-c2ccccc2)n1
2151,8.664475562323036,OC[C@@H](Nc1ncnc2oc(-c3cccc(F)c3)cc12)c1ccccc1
2152,8.690465170250974,OC[C@@H](Nc1ncnc2oc(-c3ccccc3)cc12)c1ccc(F)cc1
2153,9.599050427852017,OCc1nc(-c2ccc(F)cc2)c(-c2ncnc3sc(-c4ccccc4)cc23)o1
2154,10.425400727684478,OCCCc1nc(-c2ccc(F)cc2)c(-c2ncnc3scc(-c4ccccc4)c23)o1
2155,10.169203600431906,OCCn1cc(-c2ncnc3sc(-c4ccccc4)cc23)c(-c2ccc(F)cc2)n1
2156,8.446772206929284,OCCCn1cc(-c2ncnc3sc(-c4ccccc4)cc23)c(-c2ccccc2)n1
2157,8.841700335989628,OC[C@@H](Nc1ncnc2sc(-c3cccc(F)c3)cc12)c1ccccc1
2158,7.280451038802053,O=C(/C=C/c1ccc([N+](=O)[O-])cc1)c1cc(Br)cc2cc(-c3ccccc3)oc12
2159,7.154869795139795,O=C(/C=C/c1ccccc1)c1cc(Br)cc2cc(-c3ccccc3)oc12
2160,7.458243064816411,Oc1cc(Nc2ccnc3cc(-c4ccncc4)ccc23)ccc1Cl
2161,7.026790710770099,Oc1cc(Nc2ccnc3cc(-c4ccccc4)ccc23)ccc1F
2162,7.43829933521444,c1ccc(-c2ccc3c(Nc4ccc5nc[nH]c5c4)ccnc3c2)cc1
2163,7.41663769200493,c1ccc(-c2ccc3c(Nc4ccc5nn[nH]c5c4)ccnc3c2)cc1
2164,6.4353979489748525,c1ccc(-c2cn3nc(-c4ccncc4)nc3s2)cc1
2165,6.359967215145655,c1ccc(-c2cn3nc(-c4ccccc4)sc3n2)cc1
2166,8.646986977934946,Oc1ccc(-c2cc3c(-c4[nH]c(-c5ccccc5)nc4-c4ccc(F)cc4)ccnc3[nH]2)cc1
2167,8.667735772704914,O=[N+]([O-])c1cccc(-c2cc3c(-c4[nH]c(-c5ccccc5)nc4-c4ccc(F)cc4)ccnc3[nH]2)c1
2168,8.410495925869629,Fc1ccc(-c2[nH]c(-c3ccccc3)nc2-c2ccnc3[nH]ccc23)cc1
2169,8.806214114281712,Fc1ccc(-c2nc(-c3ccccc3)[nH]c2-c2ccnc3[nH]cc(Br)c23)cc1
2170,7.3400806254595805,O=c1c2ccccc2nc(-c2ccccc2)n1-c1nnc(-c2ccccc2)s1
2171,7.601389511985514,O=c1c2ccc(Cl)cc2nc(-c2ccccc2)n1-c1nnc(-c2ccc(Cl)cc2)s1
2172,6.96960619271688,NCCn1c(-c2cccc(F)c2)nc2cc(Cl)ccc2c1=O
2173,6.64623060729303,NCCn1c(-c2ccccc2)nc2ccccc2c1=O
2174,10.968189323687719,CCn1cc(-c2ncnc3oc(-c4ccccc4)nc23)c(-c2ccc(F)cc2)n1
2175,11.027902959149603,OCCn1cc(-c2ncnc3oc(-c4ccccc4)nc23)c(-c2ccc(F)cc2)n1
2176,10.926797387087,Fc1ccc(-c2nn(CCCN3CCOCC3)cc2-c2ncnc3oc(-c4ccccc4)nc23)cc1
2177,10.821662653450456,Fc1ccc(-c2nn(CC3CC3)cc2-c2ncnc3oc(-c4ccccc4)nc23)cc1
2178,7.558159432441737,O=c1c2ccccc2nc(-c2ccccc2)n1-c1nnc(-c2ccc(Cl)cc2)s1
2179,7.001990350099687,O=C(Nn1c(-c2ccccc2)nc2ccccc2c1=O)c1ccccc1
2180,7.306557014951589,O=C(Nn1c(-c2ccccc2)nc2ccccc2c1=O)c1cccc(Cl)c1
2181,7.425508637941902,O=C(CNc1ccccc1)Nn1c(-c2ccccc2)nc2ccccc2c1=O
2182,7.591231604847646,O=C(CNc1ccc(F)cc1)Nn1c(-c2ccccc2)nc2ccccc2c1=O
2183,10.202453423587865,CCn1cc(-c2ccnc3nc(-c4ccccc4)[nH]c23)c(-c2ccc(F)cc2)n1
2184,10.869105651504613,OCCn1cc(-c2ccnc3nc(-c4ccccc4)[nH]c23)c(-c2ccc(F)cc2)n1
2185,11.250556011795897,OCCn1cc(-c2ncnc3nc(-c4ccccc4)[nH]c23)c(-c2ccc(F)cc2)n1
2186,10.918016521017732,CCn1cc(-c2ncnc3nc(-c4ccccc4)[nH]c23)c(-c2ccc(F)cc2)n1
2187,9.774168529885678,Cn1nc(-c2ccc(F)cc2)c(-c2ncnc3nc(-c4ccccc4)[nH]c23)n1
2188,10.433250330038204,CCn1nc(-c2ccc(F)cc2)c(-c2ncnc3nc(-c4ccccc4)[nH]c23)n1
2189,10.117903587235622,OCCn1nc(-c2ccc(F)cc2)c(-c2ncnc3nc(-c4ccc(F)cc4)[nH]c23)n1
2190,6.833079592317592,COc1ccc(-c2cn3nc(-c4ccccc4)nc3s2)cc1
2191,6.552822709025156,Clc1ccc(-c2cn3nc(-c4ccccc4)nc3s2)c(Cl)c1
2192,6.834324364690819,O=C(NC(CO)c1ccccc1)c1cc2cc(Cl)ccc2[nH]1
2193,6.354670859840997,O=C(NC(CO)Cc1ccccc1)c1cc2ccccc2[nH]1
2194,6.946221248329887,N#C/C(=C/c1cc(Cc2ccccc2)c(O)c(Cc2ccccc2)c1)C(=O)O
2195,7.102770315644706,N#C/C(=C/c1cc(Cc2ccccc2)c(O)c(Cc2ccccc2)c1)C(=O)NCCO
2196,6.252458878134066,Nc1nc(Nc2ccccc2)c2cc(Cc3ccccc3)[nH]c2n1
2197,6.194752977725853,Nc1nc(Nc2cccc(F)c2)c2cc(Cc3ccccc3)[nH]c2n1
2198,6.098756177224541,O=c1[nH]c(Cc2ccccc2)cn2c1cc1ccccc12
2199,6.719435056166149,O=c1[nH]c(Cc2cccc(Br)c2)cn2c1cc1cc(Cl)ccc12
2200,6.933745355211334,Nc1nc(Nc2ccc(F)cc2)c2cc(CCc3ccccc3)[nH]c2n1
2201,7.11043733151764,Nc1nc(Nc2ccc(F)cc2F)c2cc(CCc3ccccc3)[nH]c2n1
2202,6.773507040622981,Nc1nc(Nc2cccc(F)c2)c2cc(CCc3ccccc3)[nH]c2n1
2203,6.802003661204845,Nc1nc(Nc2ccccc2)c2cc(CCc3ccccc3)[nH]c2n1
2204,7.922012268147688,N#C/C(=C/c1ccc(O)c(O)c1)C(=O)NCc1ccccc1
2205,7.994324826923145,N#C/C(=C/c1ccc(O)c(O)c1)C(=O)NCCc1ccccc1
2206,6.768719637622697,O=C1NC(=O)N(CCc2ccccc2)/C1=C\c1ccc(O)cc1
2207,6.309024681751553,O=C1NC(=O)N(CCc2ccccc2)/C1=C\c1ccccc1
2208,8.010902199638526,O=C(CSc1nc2ccccc2c(=O)n1CCc1ccccc1)Nc1ccc(S(=O)(=O)Nc2ncccn2)cc1
2209,7.844561610682917,O=C(CSc1nc2ccccc2c(=O)n1CCc1ccccc1)Nc1ccc(S(=O)(=O)Nc2ccccn2)cc1
2210,6.6357023574032485,O=C(/C=C/c1ccc(O)c(O)c1)OCc1ccccc1
2211,6.778963783073259,O=C(/C=C/c1ccc(O)c(O)c1)OCCCCc1ccccc1
2212,8.138355408348303,Clc1cccc(Nc2ncnc3ccc(NCCNCc4ccccc4)cc23)c1
2213,8.423983030026355,COc1ccc(Nc2ncnc3ccc(N=NCCN(C)Cc4ccccc4)cc23)cc1
2214,7.654381396501859,O=C1c2ccccc2Nc2ccc(F)cc2N1Cc1ccccc1
2215,6.9684693975044185,O=C1c2cc(Br)ccc2Nc2ccc(Br)cc2N1Cc1ccccc1
2216,7.276836187255,O=C1c2cc(-c3ccc(O)cc3)ccc2Nc2ccc(F)cc2N1Cc1ccccc1
2217,7.241383828233112,O=C1c2cc(-c3ccc(CO)cc3)ccc2Nc2ccc(F)cc2N1Cc1ccccc1
2218,7.171817787693179,O=C1c2cc(-c3ccc4c(c3)OCO4)ccc2Nc2ccc(F)cc2N1Cc1ccccc1
2219,7.460845204373777,O=C1c2cc(-c3ccc4[nH]ccc4c3)ccc2Nc2ccc(F)cc2N1CCN1CCOCC1
2220,6.659439896724342,O=C1c2ccccc2Nc2ccccc2N1Cc1ccccc1
2221,7.003858298915653,O=C1c2ccccc2Nc2ccc(I)cc2N1Cc1ccccc1
2222,6.945320164956496,O=C1c2cc(Br)ccc2Nc2ccccc2N1Cc1ccccc1
2223,8.13025733828157,O=C(NCc1ccccc1)Nc1ccc2ncnc(Nc3cccc(Cl)c3)c2c1
2224,8.300100266157354,O=C(NCc1ccccc1)Nc1ccc2ncnc(Nc3ccc(F)c(Cl)c3)c2c1
2225,7.997018500404698,S=C(NCc1ccccc1)Nc1ccc2ncnc(Nc3ccccc3)c2c1
2226,8.158396842369072,COc1ccc(Nc2ncnc3ccc(NC(=S)NCc4ccccc4)cc23)cc1
2227,8.18786518867018,COc1cccc(Nc2ncnc3ccc(NC(=S)NCc4ccccc4)cc23)c1
2228,8.418231712297516,c1ccc(CCNc2ncnc3oc(-c4ccccc4)cc23)cc1
2229,8.154119190522751,c1ccc(CNc2ncnc3oc(-c4cccnc4)cc23)cc1
2230,8.235990989878488,Brc1cc2c(NCCc3ccccc3)ncnc2s1
2231,8.22919428029894,Brc1cc2c(NCc3ccccc3Br)ncnc2s1
2232,8.55376251673738,OCc1ccc(-c2cc3c(Nc4ccccc4)ncnc3s2)cc1
2233,8.688644734232778,OCc1ccc(-c2cc3c(NCc4ccccc4F)ncnc3s2)cc1
2234,8.568312116224083,OCc1ccc(-c2cc3c(Nc4ccccc4)ncnc3[nH]2)cc1
2235,8.793842504828717,OCc1ccc(-c2cc3c(NCc4cccc(F)c4)ncnc3[nH]2)cc1
2236,8.231973068077494,O=C(CCCCCCOc1ccc(-c2cc3c(Nc4ccccc4)ncnc3[nH]2)cc1)NO
2237,8.19202852391404,O=C(CCCCCOc1ccc(-c2cc3c(NCc4ccccc4)ncnc3[nH]2)cc1)NO
2238,7.866950094625496,c1ccc(CNc2ncnc3nc(-c4ccncc4)[nH]c23)cc1
2239,8.495551338777151,COc1ccc(-c2nc3ncnc(NCc4ccccc4)c3[nH]2)cc1
2240,8.230556669410918,COc1ccc(Nc2ncnc3sc(-c4ccc(CNCc5ccccc5)o4)cc23)cc1OC
2241,8.250889549508281,COc1ccc(CNCc2ccc(-c3cc4c(Nc5ccc(OCc6ccccc6)c(F)c5)ncnc4s3)o2)cc1
2242,8.142532561832127,Nc1ncnc(Nc2ccc3c(cnn3Cc3ccccc3)c2)c1/C=N/OCc1ccccc1
2243,8.436642471029966,Nc1ncnc(Nc2ccc3c(cnn3Cc3cccc(F)c3)c2)c1/C=N\OCc1ccccc1
2244,8.110838549370778,Nc1ncnc(Nc2ccc(OCc3ccccc3)c(Cl)c2)c1C(=O)NCc1cccnc1
2245,8.151514854760334,Nc1ncnc(Nc2ccc(OCc3ccccc3)c(Cl)c2)c1C(=O)NCc1ccccn1
2246,8.254901277196053,Nc1ncnc(Nc2ccc(OCc3ccccc3)c(Cl)c2)c1C(=O)Nc1ccccn1
2247,8.116326948496141,NC(=O)c1c(N)ncnc1Nc1ccc(OCc2ccccc2)c(Cl)c1
2248,8.170374816549714,Nc1ncnc(Nc2ccc(OCc3ccccc3)c(Cl)c2)c1C(=O)NCCO
2249,7.771042238848992,N#Cc1c(N)ncnc1Nc1ccc(Oc2ccccc2)c(Cl)c1
2250,7.553137778963542,N#Cc1c(N)ncnc1Nc1ccc(OCc2ccccc2)cc1
2251,7.902890153312902,Nc1ncnc(Nc2ccc(OCc3ccccc3)cc2)c1C=O
2252,8.576766806129351,O=C(O)CCNCc1ccc(-c2ccc3ncnc(Nc4ccc(OCc5ccccc5)c(Cl)c4)c3c2)o1
2253,8.563046567021962,O=C(O)CCCNCc1ccc(-c2ccc3ncnc(Nc4ccc(OCc5ccccc5)c(Cl)c4)c3c2)o1
2254,7.22301488632005,N#C/C(=C\c1cc(CSc2ccccc2)c(O)c(OCCc2ccccc2)c1)C(N)=O
2255,7.545512754284302,N#C/C(=C\c1cc(CSc2ccccc2)c(O)c(OCc2ccccc2)c1)C(=O)Nc1nnn[nH]1
2256,7.536351635683092,NC(=S)N/N=C(/C=C/c1ccc(-c2ccccc2)cc1)c1ccccc1
2257,7.758170875501995,c1ccc(COc2cccc(-c3nc4ccccn4c3-c3ccncn3)c2)cc1
2258,7.414408484101475,c1ccc(COc2cccc(-c3nc4sccn4c3-c3ccncc3)c2)cc1
2259,5.884834374636141,c1ccc(CSc2nnc(-c3ccccc3)o2)cc1
2260,5.885967658968588,COc1ccccc1-c1nnc(SCc2ccccc2)o1
2261,8.957986793334939,N#Cc1cnc2c(Cl)cc(N[C@@H](C3=CN(CC(=O)O)CC3)c3cccnc3)cc2c1Nc1cnc(F)c(F)c1
2262,8.888995208248248,N#Cc1cnc2c(Cl)cc(N[C@@H](C3=CN(c4ccccc4)CC3)c3cccnc3)cc2c1Nc1cnc(F)c(F)c1
2263,9.01781728377022,N#Cc1cnc2c(Cl)cc(N[C@H](C3=CN(c4ccccn4)CC3)c3cccnc3)cc2c1Nc1cnc(F)c(F)c1
2264,8.888995208248248,N#Cc1cnc2c(Cl)cc(N[C@H](C3=CN(c4ccccc4)CC3)c3cccnc3)cc2c1Nc1cnc(F)c(F)c1
2265,6.488730105188027,O=C(O)CCc1c(Sc2[nH]c3ccccc3c2CCC(=O)Nc2ccccc2)[nH]c2ccccc12
2266,6.713415259038795,O=C(CCc1c(Sc2[nH]c3ccccc3c2CCC(=O)Nc2ccccc2)[nH]c2ccccc12)NO
2267,6.262566728714374,O=C(CCCCCCC(=O)NCc1ccccc1)NO
2268,6.05010621534063,O=C(CCCCCCC(=O)Nc1cccc(Cl)c1)NO
2269,7.287230026053929,Oc1c(Br)cc(Br)cc1CN(Cc1ccc(F)cc1)C(=S)Nc1ccccc1
2270,6.827647498866374,O=C(Nc1ccccc1)N(Cc1ccc(F)cc1)Cc1cc(Cl)cc(Cl)c1O
2271,7.279521940149196,Oc1c(Cl)cc(Cl)cc1CN(Cc1ccc(F)cc1)C(=S)Nc1ccccc1
2272,6.913713239811868,O=C(Nc1ccccc1)N(Cc1ccc(F)cc1)Cc1cc(Br)cc(Br)c1O
2273,7.547383301320919,Oc1c(Br)cccc1CN(Cc1ccc(F)cc1)C(=S)Nc1ccccc1
2274,7.324286094328517,Oc1c(Cl)cccc1CN(Cc1ccc(F)cc1)C(=S)Nc1ccccc1
2275,7.399440480223532,Oc1ccc(CN(Cc2cc(Br)cc(Br)c2O)C(=S)Nc2ccccc2)cc1
2276,6.767274205344594,O=C(Nc1ccccc1)N(Cc1ccc(O)cc1)Cc1cc(Cl)cc(Cl)c1O
2277,7.385363079663806,Oc1ccc(CN(Cc2cc(Cl)cc(Cl)c2O)C(=S)Nc2ccccc2)cc1
2278,6.756406220714836,O=C(Nc1ccccc1)N(Cc1ccc(O)cc1)Cc1cc(Br)cc(Br)c1O
2279,7.100937819169035,O=C(Nc1ccccc1)N(Cc1ccc(O)cc1)Cc1cccc(Cl)c1O
2280,6.9476206347150455,O=C(Nc1ccccc1)N(Cc1ccc(F)cc1)Cc1cccc(Br)c1O
2281,7.442671194788923,O=C(Nc1cccc(Cl)c1)Nc1nnc(-c2cccnc2)o1
2282,7.113054936987271,O=C(Nc1ccccc1)Nc1nnc(-c2ccncc2)o1
2283,7.116063834625798,Oc1c(Br)cc(Br)cc1CN(Cc1ccccc1)C(=S)Nc1ccccc1
2284,7.069099274163456,Oc1c(Cl)cc(Cl)cc1CN(Cc1ccccc1)C(=S)Nc1ccccc1
2285,7.634227065308091,Oc1ccc(CN(Cc2cccc(Br)c2O)C(=S)Nc2ccccc2)cc1
2286,6.783230713631127,O=C(Nc1ccccc1)N(Cc1ccc(F)cc1)Cc1cccc(Cl)c1O
2287,7.3850604865718115,Oc1ccc(CN(Cc2cccc(Cl)c2O)C(=S)Nc2ccccc2)cc1
2288,7.201196831374587,Oc1ccc(CN(Cc2cc(Br)cc(Br)c2O)C(=S)Nc2ccccc2)cc1F
2289,7.592577870261464,Oc1cccc(CN(Cc2cccc(Br)c2O)C(=S)Nc2ccccc2)c1
2290,7.615690703348015,Oc1ccc(CN(Cc2cccc(Br)c2O)C(=S)Nc2ccccn2)cc1
2291,6.951315863902341,Oc1c(Cl)cccc1CN(Cc1ccccc1)C(=S)Nc1ccccc1
2292,8.01268431658173,COc1ccc(Nc2ncnc3ccc(NC(=S)Nc4ccccc4)cc23)cc1
2293,8.200035657782268,S=C(NNc1nncc2ccccc12)Nc1cccc(Cl)c1
2294,8.107518109606225,S=C(NNc1nncc2ccccc12)Nc1ccccc1Cl
2295,7.576235182765342,N#Cc1cnc2cnc(NCc3cccnc3)cc2c1Nc1ccc(F)c(Cl)c1
2296,8.146684234739759,Brc1cc2c(NCc3ccccc3)ncnc2s1
2297,8.453427058443415,Brc1cc2c(Nc3ccccc3Br)ncnc2s1
2298,8.683838647121732,OCc1ccc(-c2cc3c(NCc4ccccc4)ncnc3s2)cc1
2299,8.514146319732783,OCc1ccc(-c2cc3c(Nc4ccc(F)cc4)ncnc3s2)cc1
2300,7.492649754323769,O=C(O)CCC(=O)Nc1cc(Nc2ccccc2)ncn1
2301,7.637610356642198,O=C(O)CCCCC(=O)Nc1cc(Nc2ccccc2)ncn1
2302,5.685071400338226,Nc1nc(Nc2ccc(Cl)cc2)c2c(n1)[nH]c1ccccc12
2303,6.658197064754134,Nc1nc(Nc2ccc(Br)cc2)c2c(n1)[nH]c1ccccc12
2304,8.937372355238576,NCCCSc1nc(-c2ccnc(Nc3ccccc3)c2)c(-c2ccc(F)cc2)[nH]1
2305,8.21184154979302,CC(C)(C)c1ccc(-c2[nH]c(SCCCO)nc2-c2ccnc(Nc3ccccc3)c2)cc1
2306,8.938765121277912,NCCSc1nc(-c2ccnc(Nc3ccccc3)c2)c(-c2ccc(F)cc2)[nH]1
2307,8.40574392944341,NCCCCc1nc(-c2ccnc(Nc3ccccc3)c2)c(-c2ccc(F)cc2)[nH]1
2308,8.089580204447739,NCCCSc1nc(-c2ccnc(Nc3ccccc3)c2)c(-c2ccccc2)[nH]1
2309,9.249755871367459,CCC(=O)NCCSc1nc(-c2ccnc(Nc3ccccc3)c2)c(-c2ccc(F)cc2)[nH]1
2310,9.138187854840814,CC(=O)NCCSc1nc(-c2ccnc(Nc3ccccc3)c2)c(-c2ccc(F)cc2)[nH]1
2311,7.8079953856484625,CNc1nccc(-c2c(-c3cccc([N+](=O)[O-])c3)nc3sccn23)n1
2312,7.821690730659978,c1ccc(Nc2nccc(-c3c(-c4ccccc4)nc4sccn34)n2)cc1
2313,8.347515644636076,CNc1nccc(-c2c(-c3cccc(NC(=O)c4ccccc4Cl)c3)nc3sccn23)n1
2314,8.14459174802666,O=C(Nc1cccc(-c2nc3sccn3c2-c2ccnc(Nc3ccccc3)n2)c1)c1ccccc1
2315,8.314795006960805,COc1cccc(Nc2ncnc3c2[nH]c2ccccc23)c1
2316,8.273096177863115,COc1ccc(Nc2ncnc3c2[nH]c2ccccc23)cc1
2317,8.59497394439412,NS(=O)(=O)c1ccc(Nc2nc3ncnc(Nc4ccc(F)c(Cl)c4)c3s2)cc1
2318,8.345158636734212,COc1ccc2sc3c(Nc4ccccc4)ncnc3c2c1
2319,8.372885449313184,Clc1ccc2sc3c(Nc4ccccc4)ncnc3c2c1
2320,8.815969514867914,Nc1ccc2sc3c(Nc4ccc(Cl)cc4)ncnc3c2c1
2321,8.429244821756173,COc1cccc(Nc2nc3ncnc(Nc4ccc(F)c(Cl)c4)c3s2)c1
2322,8.120351420210248,Fc1ccc(Nc2ncnc3nc(Nc4ccccc4)sc23)cc1
2323,8.302977769649807,COc1cccc(Nc2nc3ncnc(Nc4cccc(Cl)c4)c3s2)c1
2324,8.04194278800398,Clc1cccc(Nc2ncnc3nc(Nc4ccccc4)[nH]c23)c1
2325,7.758354704459218,O=C(O)c1ccc(-c2ccc(/C=N/Nc3nc4nonc4nc3Nc3ccccc3)o2)cc1
2326,7.8661433622196615,COc1ccc(-c2ccc(/C=N/Nc3nc4nonc4nc3Nc3ccccc3)o2)cc1
2327,7.992309036852986,O=C(CNC(=O)Oc1ccccc1)Nc1ccc2ncnc(Nc3ccc(F)cc3)c2c1
2328,8.183543227203547,O=C(CNC(=O)Oc1ccccc1)Nc1ccc2ncnc(Nc3cccc(F)c3)c2c1
2329,8.185897860428572,c1ccc(Oc2ccc(Nc3ncnc4cc[nH]c34)cc2)cc1
2330,8.43259474448591,Cc1cc(Nc2ncnc3cc[nH]c23)ccc1Oc1ccccc1
2331,7.650760003159272,NC(=O)c1c(-c2ccc(Oc3ccccc3)cc2)[nH]n2c1nc1ccccc12
2332,7.797167380908334,Clc1cc(Nc2cc(Oc3ccccc3)ncn2)ccc1OCc1ccccc1
2333,7.9588358703272135,Clc1cc(Nc2cc(Oc3ccccc3)ncn2)ccc1OCc1ccccn1
2334,8.114158390937519,COCC(=O)Nc1cccc(Oc2cc(Nc3ccc(OCc4cccc(F)c4)c(Cl)c3)ncn2)c1
2335,8.359132716048585,O=C(COc1ccccc1)Nc1ccc2ncnc(Nc3ccc(F)c(Cl)c3)c2c1
2336,8.25414895278399,O=C(COc1ccccc1)Nc1ccc2ncnc(Nc3cccc(F)c3)c2c1
2337,8.349972819764245,O=C(CCOc1ccccc1)Nc1ccc2ncnc(Nc3cccc(F)c3)c2c1
2338,8.86237415215516,O=C(O)CCNCc1ccc(-c2ccc3ncnc(Nc4ccc(OCc5cccc(F)c5)c(Cl)c4)c3c2)o1
2339,8.902228143490419,O=C(O)CNCc1ccc(-c2ccc3ncnc(Nc4ccc(OCc5cccc(F)c5)c(Cl)c4)c3c2)o1
2340,8.780865583860292,O=C(O)COCc1ccc(-c2ccc3ncnc(Nc4ccc(OCc5cccc(F)c5)c(Cl)c4)c3c2)o1
2341,8.727562288786606,O=C(O)CCCc1ccc(-c2ccc3ncnc(Nc4ccc(OCc5cccc(F)c5)c(Cl)c4)c3c2)o1
2342,7.061123108497128,O=C(Cc1c[nH]c2ccccc12)NNC(=S)Nc1ccccn1
2343,6.674398795953561,O=C(Cc1c[nH]c2ccccc12)NNC(=S)Nc1ccccc1
2344,7.907666852303605,Nc1nc(-c2ccc([N+](=O)[O-])cc2)cc(-c2cn(Cc3cccc(Br)c3)c3ccccc23)n1
2345,7.630713340437162,Nc1nc(-c2ccccc2)cc(-c2cn(Cc3cccc(Br)c3)c3ccccc23)n1
2346,7.763232357971767,Oc1ccccc1-c1nc(NCc2cccnc2)c2ccccc2n1
2347,8.272802009336932,Oc1ccc(Br)cc1-c1nc(NCc2cccnc2)c2ccccc2n1
2348,7.7695206986145315,N#Cc1ccc(-c2nc(NCc3ncccn3)c3ccccc3n2)c(O)c1
2349,7.701987850985704,N#Cc1ccc(-c2nc(NCc3ncccn3)c3ccccc3n2)cc1
2350,7.647437364026039,N#Cc1ccc(-c2nc(NCc3cnccn3)c3ccccc3n2)c(O)c1
2351,8.250524023472757,Oc1ccc(Br)cc1-c1nc(NCc2cnccn2)c2ccccc2n1
2352,7.806992265651976,Oc1ccccc1-c1nc(NCc2ccccn2)c2ccccc2n1
2353,7.681107807449237,Oc1ccccc1-c1nc(NCc2ccncc2)c2ccccc2n1
2354,8.178302226613283,Fc1ccc(Nc2ncnc3ccccc23)cc1F
2355,8.257656489824432,Fc1ccc(Nc2ncnc3ccccc23)cc1
2356,7.364509817938246,Fc1ccc(Oc2ncnc3ccccc23)cc1F
2357,7.761493541578536,Fc1ccc(Oc2ncnc3ccccc23)c(Cl)c1
2358,7.710221078619193,OC(COc1ncnc2ccccc12)Cn1cccn1
2359,7.417708381821068,OC(COc1ncnc2ccccc12)Cn1cncn1
2360,7.062439773300933,Clc1ccc(Nc2nnc(Cc3ccncc3)c3ccncc23)cc1
2361,7.166999203910144,Clc1ccc(Nc2nnc(Cc3ccncc3)c3cccnc23)cc1
2362,7.49626089467235,NS(=O)(=O)c1ccc(CCn2c(SCC(=O)Nc3ccccc3)nc3ccccc3c2=O)cc1
2363,7.671953374905529,COc1ccc(NC(=O)CSc2nc3ccccc3c(=O)n2CCc2ccc(S(N)(=O)=O)cc2)cc1
2364,8.396673593358823,O=C(Cn1sc2ccccc2c1=O)Nc1ccc2ncnc(Nc3ccc(F)c(Cl)c3)c2c1
2365,8.455135750352827,O=C(Cn1sc2ccccc2c1=O)Nc1ccc2ncnc(Nc3ccc(Cl)cc3)c2c1
2366,6.054408213770821,OC(c1cccs1)c1cc2ccccc2nc1F
2367,6.15968023958022,OC(c1cccs1)c1cc2ccccc2nc1Br
2368,6.715877021377905,Clc1nc2ccccc2cc1C(OCc1ccccc1)c1cccs1
2369,6.740622466809691,Clc1cccc(COC(c2cccs2)c2cc3ccccc3nc2Cl)c1
2370,6.753925034935516,Clc1nc2ccccc2cc1C(OCc1ccc(Br)cc1)c1cccs1
2371,8.509027790393388,O=C(c1cc2ccccc2[nH]1)c1cc2c(Nc3ccc(OCc4ccccc4)cc3Cl)ncnc2s1
2372,8.54648648588277,O=C(c1cc2ccccc2[nH]1)c1cc2c(Nc3ccc(OCc4ccccn4)cc3Cl)ncnc2s1
2373,8.40855913183623,O=C(c1cc2ccccc2[nH]1)c1cc2c(Nc3ccc(Cl)cc3)ncnc2s1
2374,8.28809482789354,O=C(c1cc2ccccc2s1)c1cc2c(Nc3ccc(F)cc3)ncnc2s1
2375,8.223652762088978,O=C(c1cc2ccccc2s1)c1cc2c(Nc3cccc(Cl)c3)ncnc2s1
2376,8.706463352138803,Nc1ncc2c(n1)c(-c1cc(-c3cc4ccccc4s3)c3[nH]ncc3c1)cn2CCC1CCNCC1
2377,8.467776625538969,Nc1ncc2c(n1)c(-c1cc(-c3cc4ccccc4s3)c3[nH]ncc3c1)cn2CC(=O)O
2378,7.272402857805421,NCCCn1c(=O)c2c(c1=O)n1c3ccccc3cc1c1cccc3ccn2c31
2379,7.261762716584645,CCCCn1c(=O)c2c(c1=O)n1c3ccccc3cc1c1cccc3ccn2c31
2380,6.518346741176306,O=c1[nH]c2ccccc2nc1/C=C(/O)c1ccccc1
2381,7.138442752830449,O=c1[nH]c2ccccc2nc1/C=C(/O)c1ccc2ccccc2c1
2382,7.8221110328009935,O=C(/C=C/c1cccc2ccccc12)Nc1ccc2ncnc(Nc3ccc(F)cc3)c2c1
2383,7.620810010582873,O=C(/C=C/c1cccc2ccccc12)Nc1ccc2ncnc(Nc3ccccc3)c2c1
2384,5.59493168228256,c1ccc(Cc2nnc(Cc3nc4ccccc4[nH]3)o2)cc1
2385,7.118303250989149,c1ccc2c(Cc3nnc(Cc4nc5ccccc5[nH]4)s3)cccc2c1
2386,6.7254712455727645,Nc1nc(Nc2ccccc2)c2cc(CCc3cccc4ccccc34)[nH]c2n1
2387,7.0318330721924855,Nc1nc(Nc2ccc(F)cc2)c2cc(CCc3cccc4ccccc34)[nH]c2n1
2388,6.404433667129262,CCN(CC)c1ccc(C(=O)Nc2cccc3ccccc23)cc1
2389,6.616579978996703,O=C(Nc1cccc2ccccc12)c1ccc(N(CCO)CCO)cc1
2390,7.606746532777835,O=C(Cc1csc2nc3ccccc3n12)Nc1ccc2ccccc2c1
2391,6.655823882857971,O=C(Cc1csc2nc3ccccc3n12)Nc1ccccc1Cl
2392,8.31985822061467,COc1ccc2ncnc(Nc3cccc4ccccc34)c2c1
2393,8.608931195885887,Nc1ccc2ncnc(Nc3ccc4ccccc4c3)c2c1
2394,8.374086123104302,O=C(O)c1cccc(Nc2nncc3ccccc23)c1
2395,8.141098212323048,O=C(O)c1ccc(Nc2ncnc3ccccc23)cc1
2396,7.619009504382897,COc1ccc(Nc2nncc3ccccc23)cc1
2397,8.06784739606784,N#Cc1ccc(Nc2ncnc3ccccc23)cc1
2398,7.246189272984104,Clc1ccc(Nc2nncc3ccccc23)cc1
2399,7.5183561759593305,NS(=O)(=O)c1ccc(CNc2nncc3ccccc23)cc1
2400,7.74233824101104,NS(=O)(=O)c1ccc(Nc2ncnc3ccccc23)cc1
2401,8.213411830489688,O=S(=O)(Nc1nccs1)c1ccc(Nc2nncc3ccccc23)cc1
2402,7.66460381682088,O=S(=O)(Nc1ccccc1)c1ccc(Nc2nncc3ccccc23)cc1
2403,8.247031640724874,O=S(=O)(Nc1ccccn1)c1ccc(Nc2nncc3ccccc23)cc1
2404,8.293997445088808,O=S(=O)(Nc1ncccn1)c1ccc(Nc2nncc3ccccc23)cc1
2405,8.10633898661476,O=S(=O)(Nc1nccs1)c1ccc(Nc2ncnc3ccccc23)cc1
2406,7.350289141835977,NC(=O)NNc1nncc2ccccc12
2407,8.309654980506947,NC(=S)NNc1nncc2ccccc12
2408,7.92390508779691,S=C(NNc1nncc2ccccc12)Nc1ccccc1
2409,8.17344564889805,COc1ccc(NC(=S)NNc2nncc3ccccc23)cc1
2410,7.3248077254684825,COc1cccc(Nc2ccnc3[nH]c4ccccc4c23)c1
2411,7.985517277092952,Oc1cccc(Nc2ccnc3[nH]c4ccc(Br)cc4c23)c1
2412,8.219581070324267,Cc1cccc(Nc2ncnc3c2[nH]c2ccccc23)c1
2413,7.41108107222394,Clc1nc2ccccc2c2nnc(/N=C/c3cccs3)n12
2414,7.314202859557681,Clc1nc2ccccc2c2nnc(/N=C/c3ccccn3)n12
2415,7.37350119005657,Nc1nc(Nc2nnc3c4ccccc4nc(Sc4ccccc4)n23)cs1
2416,7.700019729039987,Nc1nc(Nc2nnc3c4ccccc4nc(Sc4ccc(F)cc4)n23)cs1
2417,7.724140132920084,COc1ccc(/C=N/Nc2nc3ccccc3c3nncn23)cc1
2418,7.668099088295516,Clc1ccc(/C=N/Nc2nc3ccccc3c3nncn23)cc1
2419,7.750176562111494,Clc1cc(Nc2ncnc3ccccc23)ccc1-c1nc2ccccc2s1
2420,7.744332266158032,Clc1ccc2c(Nc3ccc(-c4nc5ccccc5s4)cc3)ncnc2c1
2421,7.222774703970702,COc1ccc(NC(=S)NC(=O)c2ccc([N+](=O)[O-])cc2)cc1-c1nc2ccccc2s1
2422,7.204383263246579,O=C(NC(=S)Nc1ccc(O)c(-c2nc3ccccc3s2)c1)c1ccc(Cl)cc1
2423,7.738924905290021,c1ccc2sc(-c3ccc(Nc4ncnc5nc[nH]c45)cc3)nc2c1
2424,7.845165687544763,c1cc(Nc2ncnc3nc[nH]c23)cc(-c2nc3ccccc3o2)c1
2425,7.43296477606781,Clc1ccc2c(Nc3ccc(-c4nc5ccccc5[nH]4)cc3)ccnc2c1
2426,7.393300389285773,Clc1ccc2c(Nc3cccc(-c4nc5ccccc5s4)c3)ccnc2c1
2427,7.44425362390365,c1ccc2sc(-c3ccc(Nc4ncnc5[nH]cnc45)cc3)nc2c1
2428,8.419355408545686,Fc1cc(-c2nc3ccccc3s2)ccc1Nc1ncnc2[nH]ccc12
2429,7.814741951037256,c1ccc2sc(-c3ccc(Nc4ncnc5[nH]ccc45)cc3)nc2c1
2430,6.585983121875727,O=C(Cc1csc2nc3ccccc3n12)Nc1ccccc1
2431,6.21150051025442,O=C(Cc1csc2nc3ccccc3n12)Nc1ccc(O)cc1
2432,6.05661975146392,Clc1cccc(-c2nnc(Cc3nc4ccccc4[nH]3)o2)c1
2433,6.0593242104664675,COc1ccc(-c2nnc(Cc3nc4ccccc4[nH]3)o2)cc1
2434,8.15448126940797,c1ccc(Nc2ncnc3cc4c(cc23)Oc2ccccc2O4)cc1
2435,8.034217440067907,COc1cccc(Nc2ncnc3cc4c(cc23)Oc2ccccc2O4)c1
2436,6.299569066144904,Nc1nc(Nc2ccccc2)c2cc(Cc3ccc4ccccc4c3)[nH]c2n1
2437,6.363115155699421,Nc1nc(Nc2cccc(F)c2)c2cc(Cc3ccc4ccccc4c3)[nH]c2n1
2438,7.022263958705453,Nc1nc(Nc2ccc(F)cc2)c2cc(CCc3ccc4ccccc4c3)[nH]c2n1
2439,6.735567125953317,Nc1nc(Nc2ccccc2)c2cc(CCc3ccc4ccccc4c3)[nH]c2n1
2440,8.371011467036137,NS(=O)(=O)c1ccc(-n2c(SCC(=O)Nc3ccccc3)nc3cc4ccccc4cc3c2=O)cc1
2441,8.271490897867057,NS(=O)(=O)c1ccc(-n2c(SCC(=O)Nc3ccc(Cl)cc3)nc3cc4ccccc4cc3c2=O)cc1
2442,8.365313010267295,NS(=O)(=O)c1ccc(-n2c(SCC(=O)Nc3ccccn3)nc3cc4ccccc4cc3c2=O)cc1
2443,8.10619618890051,N#Cc1cnc2c(Cl)cc(NC(c3ccccn3)c3ccccn3)cc2c1Nc1ccc(F)c(Cl)c1
2444,8.401133560221563,N#Cc1cnc2c(Cl)cc(NC(c3cccnc3)c3ccccn3)cc2c1Nc1ccc(F)c(Cl)c1
2445,8.458839325831912,N#Cc1cnc2c(Cl)cc(NC(c3cccnc3)c3ccccn3)cc2c1Nc1ccc(F)c(C(=O)O)c1
2446,11.505231103483785,CCn1cc(-c2ncnc3oc(-c4ccccn4)cc23)c(-c2ccc(F)cc2)n1
2447,6.485817295163751,Nc1nc(Nc2ccc(F)c(Cl)c2)c2cc(CCc3ccccn3)[nH]c2n1
2448,7.3163347290133425,Nc1nc(Nc2cccc(Br)c2)c2cc(CCc3cccnc3)[nH]c2n1
2449,9.176091892301814,N#Cc1cnc2c(Cl)cc(N[C@H](C3=CN(Cc4ccccn4)NN3)c3ccc(F)cc3)cc2c1Nc1ccc(F)c(F)c1
2450,9.184527282568894,N#Cc1cnc2c(Cl)cc(N[C@H](C3=CN(Cc4ccccn4)NN3)c3ccc(F)cc3)cc2c1Nc1cccc(F)c1
2451,8.94039028236066,N#Cc1cnc2c(Cl)cc(N[C@H](C3=CN(CC(=O)O)NC3)c3cscn3)cc2c1Nc1ccc(F)c(Cl)c1
2452,8.92736080841853,N#Cc1cnc2c(Cl)cc(N[C@H](C3=CN(CC(=O)O)CN3)c3cscn3)cc2c1Nc1ccc(F)c(Cl)c1
2453,7.887380791429043,Brc1cc2c(NCc3ccncc3)ncnc2s1
2454,9.020826733668619,Clc1cc(Nc2ncnc3[nH]nc(OCCN4CCNCC4)c23)ccc1OCc1ccccn1
2455,8.9820055199547,Clc1cc(Nc2ncnc3[nH]nc(OCCN4CCCC4)c23)ccc1OCc1ccccn1
2456,8.35580623461073,N#CC(=CNc1ccc2ncnc(Nc3ccc(OCc4ccccn4)c(Cl)c3)c2c1)CO
2457,8.30638436167334,N#CCCNc1ccc2ncnc(Nc3ccc(OCc4ccccn4)c(Cl)c3)c2c1
2458,8.649601224733969,Clc1cc(Nc2ncnc3cc[nH]c23)ccc1OCc1cccnc1
2459,7.893264487192417,O=C(Nc1ccccn1)c1ccc(Oc2ccnc3ccc(F)cc23)cc1
2460,7.935172950054811,O=C(Nc1ccccn1)c1ccc(Oc2ccnc3ccc(OCCCO)cc23)cc1
2461,7.524399730107563,O=C(Nc1ccccn1)Nc1cc(-c2cccnc2)ccc1Cl
2462,8.309250686470413,O=C(Nc1nccs1)Nc1cc(-c2cncnc2)ccc1OC(F)(F)F
2463,8.47447354548604,O=C(O)CNCc1ccc(-c2ccc3ncnc(Nc4ccc(OCc5cccc(F)c5)c(C(F)(F)F)c4)c3c2)o1
2464,8.358285644870568,O=C(O)CCc1ccc(-c2ccc3ncnc(Nc4ccc(OCc5cccc(F)c5)c(C(F)(F)F)c4)c3c2)o1
2465,6.67313440730128,Oc1c(I)cc(Br)c2cccnc12
2466,6.772039061938868,Oc1c(Br)cc(I)c2cccnc12
2467,8.061261060971423,c1cc(Nc2ncnc3ccccc23)c2[nH]ccc2c1
2468,8.250898475062806,c1cc(Nc2ncnc3ccc(OC4CC4)cc23)c2[nH]ccc2c1
2469,6.718540979942183,O=c1c2cccc(O)c2oc2c(O)cccc12
2470,6.3701328808509725,O=c1c2cccc(O)c2oc2cccc(F)c12
2471,5.498926460258436,Nc1nc(N)c2c(n1)[nH]c1cccc(Sc3ccccc3)c12
2472,5.637843083039293,Nc1nc(N)c2c(n1)[nH]c1cccc(Sc3cccc(Cl)c3)c12
2473,7.502930079167832,Fc1ccc(-c2nn3ccc(F)cc3c2-c2ccncc2)cc1
2474,7.168229042858944,Fc1ccc(-c2nn3ccc(Cl)cc3c2-c2ccncc2)cc1
2475,8.535480245931744,N#Cc1cnc2c(Cl)cc(N[C@@H](C3=CCNC3)c3ccc4ncsc4c3)cc2c1Nc1ccccc1
2476,8.763736431035383,N#Cc1cnc2c(Cl)cc(N[C@@H](C3=CNNC3)c3ccc4ncsc4c3)cc2c1Nc1ccccc1
2477,6.280555814116416,NC(=O)/C=C1/Nc2cc(Br)ccc2NC1=O
2478,6.209478369237131,NC(=O)/C=C1/Nc2ccc(Cl)cc2NC1=O
2479,8.908470984827375,OCC#Cc1ccc2ncnc(Nc3ccc(F)c(Cl)c3)c2c1
2480,8.753913553783782,OCCC#Cc1ccc2ncnc(Nc3ccc(F)c(Cl)c3)c2c1
2481,8.495895455793095,C#Cc1ccc2ncnc(Nc3ccc(F)c(Cl)c3)c2c1
2482,8.725861448032223,OCCCC#Cc1ccc2ncnc(Nc3ccc(F)c(Cl)c3)c2c1
2483,8.665973303069933,Fc1ccc(Nc2ncnc3ccc(C#CCN4CCCC4)cc23)cc1Cl
2484,9.34061917561878,O=C(CCCCCCn1cc(-c2ccc3ncnc(Nc4ccc(F)c(Cl)c4)c3c2)nn1)NO
2485,8.824791754239266,O=C(CCCCCn1cc(-c2ccc3ncnc(Nc4ccc(OCc5ccccn5)c(Cl)c4)c3c2)nn1)NO
2486,8.747622747050073,COc1ccc(Nc2ncnc3ccc(-c4cn(CCCCCC(=O)NO)nn4)cc23)cc1OCc1nccs1
2487,8.830638564761852,O=C(CCCCCCn1cc(-c2ccc3ncnc(Nc4ccc(OCc5ccccn5)c(Cl)c4)c3c2)nn1)NO
2488,8.8872955116942,COc1ccc(Nc2ncnc3ccc(-c4cn(CCCCCC(=O)NO)nn4)cc23)cc1Cl
2489,7.397459311669211,O=C1Nc2ccc(Br)cc2/C1=C/c1cc(Br)c(O)c(Br)c1
2490,6.98595114416802,COc1ccc2c(c1)C(=Cc1cc(Br)c(O)c(Br)c1)C(=O)N2
2491,8.104147216114765,c1ccc2c(Nc3ccc4[nH]ccc4c3)ncnc2c1
2492,8.356302363065142,COc1ccc2ncnc(Nc3ccc4[nH]ccc4c3)c2c1
2493,9.18539759161954,Nc1ccc2c(Nc3ccc4[nH]cc(Br)c4c3)ncnc2c1
2494,8.469079985390216,Nc1ccc2ncnc(Nc3ccc4[nH]cc(Cl)c4c3)c2c1
2495,8.141128788716857,c1ccc2c(Nc3ccc4[nH]ncc4c3)ncnc2c1
2496,8.148427322138776,COc1ccc2ncnc(Nc3ccc4[nH]ncc4c3)c2c1
2497,8.823167930785198,O=C(CO)Nc1ccc2ncnc(Nc3ccc(F)c(Cl)c3)c2c1
2498,8.654524315115523,CC(C)(CO)Nc1ccc2ncnc(Nc3ccc(F)c(Cl)c3)c2c1
2499,8.245355782387902,NC(=O)Nc1ccc2ncnc(Nc3ccc(F)cc3)c2c1
2500,8.158261360512151,NC(=O)Nc1ccc2c(Nc3ccc(Oc4ccc(Cl)c(Cl)c4)c(Cl)c3)ncnc2c1
2501,8.181711754028388,NC(=O)Nc1ccc2ncnc(Nc3ccc(Oc4ccccc4)c(Cl)c3)c2c1
2502,8.971574529865869,O=C(CO)Nc1ccc2ncnc(Nc3ccc4[nH]cc(Br)c4c3)c2c1
2503,8.826111178703703,O=C(Nc1ccc2ncnc(Nc3ccc4[nH]cc(Br)c4c3)c2c1)C(CO)CO
2504,4.61725836034321,Cc1ccc2c(c1)C(=C(C#N)C#N)C(=O)N2
2505,4.990505310067376,N#CC(C#N)=C1C(=O)Nc2ccc(Cl)cc21
2506,8.048391118984828,c1cnc2ccc(Nc3ncnc4ccccc34)cc2c1
2507,8.10528073085394,COc1ccc2ncnc(Nc3ccc4ncccc4c3)c2c1
2508,8.585933954279916,OCCn1ccc2ncnc(Nc3ccc(Oc4cccc5ncccc45)c(Cl)c3)c21
2509,8.631773326288327,O=C(CCCCl)Nc1ccc2ncnc(Nc3ccc(Cl)c(Cl)c3)c2c1
2510,7.818890530632615,O=C(Nc1ccc(Oc2ccnc3[nH]ccc23)c(F)c1)c1cc2cccnc2n(-c2ccccc2)c1=O
2511,7.785213184085927,O=C(Nc1ccc(Oc2ccnc3[nH]ccc23)c(F)c1)c1cc2cccnc2n(-c2cccc(F)c2)c1=O
2512,6.407209681675945,Nc1ncnc2c1nn1ccccc21
2513,6.601519243048732,Nc1ccnc2c1nn1ccccc21
2514,7.898652676397681,O=C(Nc1cccc(Cl)c1)Nc1ncnc2nn3ccccc3c12
2515,7.3853907945930946,O=C(Nc1ccccc1)Nc1ncnc2nn3ccccc3c12
2516,8.051396849708498,O=C(Nc1cccc(Br)c1)Nc1ncnc2nn3ccccc3c12
2517,7.283244469597172,O=C(Nc1cccc(C(F)(F)F)c1)Nc1ncnc2nn3ccccc3c12
2518,7.790438522470612,O=C(Nc1ccc(Cl)cc1)Nc1ncnc2nn3ccccc3c12
2519,7.217017139784499,O=C(Nc1ccc(C(F)(F)F)cc1)Nc1ncnc2nn3ccccc3c12
2520,8.761242749428531,O=C(/C=C/CNCc1ccccn1)Nc1cc2c(Nc3ccc(F)c(Cl)c3)ncnc2s1
2521,8.870282323961982,O=C(/C=C/CNCc1ccco1)Nc1cc2c(Nc3ccc(F)c(Cl)c3)ncnc2s1
2522,7.797597694227742,Brc1cc2c(NCc3cccnc3)ncnc2s1
2523,8.31488873040517,O=C(Nc1cccnc1)Nc1cc(-c2cncnc2)cc(C(F)(F)F)c1
2524,8.158726691780432,O=C(Nc1cc(-c2cncnc2)cc(C(F)(F)F)c1)Nc1ccccn1
2525,8.595338394578533,Fc1ccc(Nc2ncnc3ccc(C#Cc4nccs4)cc23)cc1Cl
2526,7.768570841831556,Brc1cc2c(NCc3ccco3)ncnc2s1
2527,7.63332171426708,Cc1cc2c(NCc3cccs3)ncnc2s1
2528,7.308928200726739,NC1=C(N)N(c2nnc3c4ccccc4nc(Sc4ccc(Br)cc4)n23)C(=O)C1
2529,7.384734510862924,CC1=C(N)N(c2nnc3c4ccccc4nc(Sc4ccc(Br)cc4)n23)C(=O)C1
2530,8.06496069643973,O=C1CS/C(=N/Nc2nncc3ccccc23)N1c1ccccc1Cl
2531,7.8432873991279894,O=C1CS/C(=N/Nc2nncc3ccccc23)N1c1ccccc1
2532,8.23110501470608,O=C1CS/C(=N/Nc2nncc3ccccc23)N1c1ccc(Cl)cc1
2533,8.15533658931447,O=C1CS/C(=N/Nc2nncc3ccccc23)N1c1cccc(Cl)c1
2534,7.239248513583337,O=C1CSCC(=O)N1c1nnc2c3ccccc3nc(Sc3ccccc3)n12
2535,7.5689623480700385,O=C1CSCC(=O)N1c1nnc2c3ccccc3nc(Sc3ccc(F)cc3)n12
2536,8.00096685856763,O=C1CS/C(=N/N=C/c2cc(Cl)cc(Br)c2O)N1
2537,8.025856740182586,O=C1CS/C(=N/N=C/c2cc(Br)cc(Cl)c2O)N1
2538,8.081558083930094,O=C1CS/C(=N/N=C/c2cc(Br)cc(Br)c2O)N1
2539,8.1036756036992,O=C1CS/C(=N/N=C/c2cc(Cl)ccc2O)N1
2540,7.660138277847194,Cc1ccc(O)c(/C=N/N=C2\NC(=O)CS2)c1
2541,8.03659496096097,O=C1CS/C(=N/N=C/c2ccc(Cl)cc2O)N1
2542,8.111492686310585,O=C1CS/C(=N/N=C/c2cc(Br)ccc2O)N1
2543,7.297329302618296,COc1ccc(O)c(/C=N/N=C2\NC(=O)CS2)c1
2544,7.674791245155725,O=C1CS/C(=N/N=C/c2cccc(Cl)c2)N1
2545,7.396603510326306,O=C1CS/C(=N/N=C/c2cccc(F)c2)N1
2546,7.183083309241557,O=C1CS/C(=N/N=C/c2cccc([N+](=O)[O-])c2)N1
2547,7.554015237427922,O=C1CS/C(=N/N=C/c2ccc(F)cc2)N1
2548,7.736112146788612,O=C1CS/C(=N/N=C/c2ccc(Cl)cc2)N1
2549,7.363661337991806,COc1ccc(/C=N/N=C2\NC(=O)CS2)cc1
2550,7.963019862873788,O=C1CS/C(=N/N=C/c2ccc(Br)cc2)N1
2551,7.427755231769168,O=C1CS/C(=N/Nc2ncnc3ccccc23)N1
2552,7.656712300263646,O=C1CS/C(=N/Nc2nncc3ccc(Br)cc23)N1
2553,7.310012946873829,N#CC1C(N)=NC(c2ccc(Nc3ccnc4ccccc34)cc2)CC1c1ccc(F)cc1
2554,8.047605901512345,N#CC1C(N)=NC(c2ccc(Nc3ncnc4ccccc34)cc2)CC1c1ccccc1
2555,11.984583097463622,Fc1ccc(-c2nn(CC3CCCO3)cc2-c2ncnc3oc(-c4ccccc4)cc23)cc1
2556,11.028211680420991,Fc1ccc(-c2cc3c(-c4cn(CC5CC(F)(F)C5)nc4-c4ccc(F)cc4)ncnc3o2)cc1
2557,11.357099764997892,Fc1ccc(-c2nn(C3CCC3)cc2-c2ncnc3oc(-c4ccccc4)cc23)cc1
2558,11.03301837513763,Fc1ccc(-c2cc3c(-c4cn(C5CC(F)(F)C5)nc4-c4ccc(F)cc4)ncnc3o2)cc1
2559,11.722564509656602,Fc1ccc(-c2nn(CC3CCOCC3)cc2-c2ncnc3oc(-c4ccccc4)cc23)cc1
2560,11.543076956121729,Fc1ccc(-c2nn(C3CC(F)(F)C3)cc2-c2ncnc3oc(-c4ccccc4)cc23)cc1
2561,11.458121409732197,O=c1[nH]cccc1-c1cc2c(-c3cn(CCF)nc3-c3ccc(F)cc3)ncnc2o1
2562,11.63864395581591,O=c1[nH]cccc1-c1cc2c(-c3cn([C@H]4C[C@@H](O)C4)nc3-c3ccc(F)cc3)ncnc2o1
2563,11.323424023343682,OC1CC(Cn2ncc(-c3ncnc4oc(-c5ccc(F)cc5)cc34)c2-c2ccccc2)C1
2564,9.57288900689432,OC1CC(Cn2ncc(-c3ncnc4oc(-c5ccccc5)cc34)c2-c2ccccc2)C1
2565,11.347973387350597,CC(=O)NC1CC(n2cc(-c3ncnc4oc(-c5ccccc5)cc34)c(-c3ccc(F)cc3)n2)C1
2566,10.495978548254744,CC(C)(C)OC(=O)NC1CC(n2cc(-c3ncnc4oc(-c5ccccc5)cc34)c(-c3ccc(F)cc3)n2)C1
2567,10.1047349538278,O=S1(=O)CC(n2cc(-c3ncnc4oc(C5CCNCC5)cc34)c(-c3ccc(F)cc3)n2)C1
2568,10.401675918107024,O=S1(=O)CC(n2cc(-c3ncnc4oc(C#CC5CCNCC5)cc34)c(-c3ccc(F)cc3)n2)C1
2569,6.749383353150887,Nc1ncnc2c1c(-c1ccc(F)c(O)c1)nn2C1CCNCC1
2570,6.857277748175791,Nc1ncnc2c1c(-c1ccc(F)c(O)c1)nn2C1CCNC1
2571,9.089806157721839,O=C(/C=C/CN1CCOCC1)Nc1cc2c(Nc3ccc(F)c(Cl)c3)ncnc2s1
2572,9.0093536248327,O=C(/C=C/CN1CCCCC1)Nc1cc2c(Nc3ccc(F)c(Cl)c3)ncnc2s1
2573,11.864765863392854,COCCn1cc(-c2ncnc3oc(-c4ccccc4)cc23)c(-c2ccc(F)cc2)n1
2574,11.81475093887089,Fc1ccc(-c2nn(CCC3CCCO3)cc2-c2ncnc3oc(-c4ccccc4)cc23)cc1
2575,9.00977348716789,O=C(/C=C/CNCC1CCOCC1)Nc1cc2c(Nc3ccc(F)c(Cl)c3)ncnc2s1
2576,9.055666905405051,O=C(/C=C/CNCC1CCCCO1)Nc1cc2c(Nc3ccc(F)c(Cl)c3)ncnc2s1
2577,10.369970625782198,Cn1cc(-c2ncnc3oc(-c4ccccc4)nc23)c(-c2ccc(F)cc2)n1
2578,10.65035706714016,Fc1ccc(-c2nn(C3CCNCC3)cc2-c2ncnc3oc(-c4ccccc4)nc23)cc1
2579,11.794158140131692,Fc1ccc(-c2nn(C3CCOCC3)cc2-c2ncnc3oc(-c4ccccc4)cc23)cc1
2580,9.820387450558686,COc1ccc(-c2nn(C3COC3)cc2-c2ncnc3oc(-c4ccccc4)cc23)cc1
2581,8.741597133600257,CCn1cc([C@@H](Nc2ccc3ncnc(Nc4ccc(F)c(Cl)c4)c3c2)c2ccc(Cl)cc2)nn1
2582,8.69861760442455,CC(C)n1cc([C@H](Nc2ccc3ncnc(Nc4ccc(F)c(Cl)c4)c3c2)c2ccc(Cl)cc2)nn1
2583,8.619087013198778,N#Cc1cnc2c(Cl)cc(N[C@@H](C3=CNC3)c3ccc(Cl)nc3Cl)cc2c1Nc1ccc(F)c(Cl)c1
2584,8.832793671386886,N#Cc1cnc2c(Cl)cc(N[C@@H](C3=CN(CCO)CC3)c3ccc(Cl)nc3Cl)cc2c1Nc1ccc(F)c(Cl)c1
2585,8.693502154204724,N#Cc1cnc2c(Cl)cc(N[C@@H](C3=CNC3)c3cc(Br)cnc3Cl)cc2c1Nc1ccc(F)c(Cl)c1
2586,8.895785601037263,N#Cc1cnc2c(Cl)cc(N[C@@H](C3=CN(CCO)CC3)c3cc(Br)cnc3Cl)cc2c1Nc1ccc(F)c(Cl)c1
2587,8.683839803896772,N#Cc1cnc2c(Cl)cc(N[C@@H](C3=CNCC3)c3cccnc3Cl)cc2c1Nc1ccc(F)c(Cl)c1
2588,8.809147583280385,N#Cc1cnc2c(Cl)cc(N[C@@H](C3=CN(CC(=O)O)CC3)c3cccnc3Cl)cc2c1Nc1ccc(F)c(Cl)c1
2589,9.153440379926156,N#Cc1cnc2c(Cl)cc(N[C@H](C3=CN(CCO)CC3)c3cccc4c3SCN4)cc2c1Nc1cnc(F)c(F)c1
2590,9.153440379926156,N#Cc1cnc2c(Cl)cc(N[C@@H](C3=CN(CCO)CC3)c3cccc4c3SCN4)cc2c1Nc1cnc(F)c(F)c1
2591,9.19189850731465,N#Cc1cnc2c(Cl)cc(N[C@H](C3=CN(C4COC4)NN3)c3ccc(F)cc3)cc2c1Nc1ccc(F)c(Cl)c1
2592,9.132233834031874,N#Cc1cnc2c(Cl)cc(N[C@H](C3=CN(C4COC4)NN3)c3ccc(F)cc3)cc2c1Nc1ccc(F)c(F)c1
2593,8.650716917738611,N#Cc1cnc2c(Cl)cc(N[C@@H](C3=CNCC3)c3cnc(Cl)cc3Cl)cc2c1Nc1ccc(F)c(Cl)c1
2594,8.826902486429331,N#Cc1cnc2c(Cl)cc(N[C@@H](C3=CN(CCO)CC3)c3cnc(Cl)cc3Cl)cc2c1Nc1ccc(F)c(Cl)c1
2595,8.478174110938786,N#Cc1cnc2c(Cl)cc(N[C@H](C3=CN(CC(=O)O)CC3)c3cccnc3)cc2c1N[C@H](CCO)c1ccccc1
2596,8.469920915380388,N#Cc1cnc2c(Cl)cc(N[C@H](C3=CN(CC(=O)O)CC3)c3cccnc3)cc2c1N[C@H](CO)c1ccccc1
2597,8.466164808597297,N#Cc1cnc2c(Cl)cc(N[C@@H](C3=CN(CC(=O)O)CC3)c3cccnc3)cc2c1NC(CCO)c1ccccc1
2598,8.466164808597297,N#Cc1cnc2c(Cl)cc(N[C@H](C3=CN(CC(=O)O)CC3)c3cccnc3)cc2c1NC(CCO)c1ccccc1
2599,8.778288825039866,N#Cc1cnc2c(Cl)cc(N[C@@H](C3=CN(CC(=O)O)CC3)c3cccnc3)cc2c1Nc1ccc(F)c(Cl)c1
2600,8.531010395515908,N#Cc1cnc2c(Cl)cc(N[C@H](C3=CN(CC(=O)O)CC3)c3cccnc3)cc2c1Nc1cccc(Cl)c1
2601,8.531010395515908,N#Cc1cnc2c(Cl)cc(N[C@@H](C3=CN(CC(=O)O)CC3)c3cccnc3)cc2c1Nc1cccc(Cl)c1
2602,8.880555954726164,N#Cc1cnc2c(Cl)cc(N[C@H](C3=CN(CCO)CC3)c3cscn3)cc2c1Nc1ccc(F)c(Cl)c1
2603,9.226755218070608,N#Cc1cnc2c(Cl)cc(N[C@@H](C3=CNNC3)c3cccc4c3CN(CCO)C4)cc2c1Nc1ccc(F)c(Cl)c1
2604,9.112380310097706,N#Cc1cnc2c(Cl)cc(N[C@@H](C3=CNNC3)c3cccc4c3CNC4)cc2c1Nc1ccc(F)c(Cl)c1
2605,11.329100655507476,Fc1ccc(-c2nn(C3CCOCC3)nc2-c2ncnc3oc(-c4ccccc4)cc23)cc1
2606,9.545423340420223,COc1ccc(-c2nn(C3COC3)nc2-c2ncnc3oc(-c4ccccc4)cc23)cc1
2607,9.018790515683367,O=C(c1c(F)ccc(NS(=O)(=O)c2ccc(C(F)(F)F)cc2)c1F)c1c[nH]c2ncnc(NC3CC3)c12
2608,8.937262623237029,O=C(c1c(F)ccc(NS(=O)(=O)c2ccc(C(F)(F)F)cc2)c1F)c1c[nH]c2ncnc(N3CCCC3)c12
2609,11.857038014747117,O=S1(=O)CCC(CCn2cc(-c3ncnc4oc(-c5ccccc5)cc34)c(-c3ccc(F)cc3)n2)CC1
2610,10.459023172111715,O=S1(=O)CC(CCn2cc(-c3ncnc4oc(-c5ccc(Cl)cc5)cc34)c(-c3ccccc3)n2)C1
2611,10.302939634717593,O=S1(=O)CC(Cn2ncc(-c3ncnc4oc(-c5ccc(Cl)cc5)cc34)c2-c2ccccc2)C1
2612,10.054530205876624,O=S1(=O)CC(Cn2ncc(-c3ncnc4oc(-c5ccccc5)cc34)c2-c2ccccc2)C1
2613,10.471220286096479,O=S1(=O)CC(Cn2cc(-c3ncnc4oc(-c5ccc(Cl)cc5)cc34)c(-c3ccccc3)n2)C1
2614,11.446225976476464,O=S1(=O)CCC(n2cc(-c3ncnc4nc(-c5ccccc5)[nH]c34)c(-c3ccc(F)cc3)n2)CC1
2615,8.618535556127258,COc1ccc(-c2nc(-c3cn(C4CS(=O)(=O)C4)nc3-c3ccccc3)nc3nc(-c4ccccc4)[nH]c23)cc1
2616,12.05318435020998,O=S1(=O)CC(n2cc(-c3ncnc4oc(-c5ccccc5)cc34)c(-c3ccc(F)cc3)n2)C1
2617,11.888485951708216,O=S1(=O)CC(n2cc(-c3ncnc4oc(-c5cccc(O)c5)cc34)c(-c3ccc(F)cc3)n2)C1
2618,11.644909523333558,O=S1(=O)CC(n2cc(-c3ncnc4oc(-c5cccc(Cl)c5)cc34)c(-c3ccc(F)cc3)n2)C1
2619,10.334028205675448,O=S1(=O)CC(n2cc(-c3ncnc4oc(-c5ccc(Cl)cc5)cc34)c(-c3ccccc3)n2)C1
2620,9.956774427125291,O=S1(=O)CC(n2cc(-c3ncnc4oc(-c5ccccc5)cc34)c(-c3ccccc3)n2)C1
2621,11.760958819382026,O=S1(=O)CC(n2cc(-c3ncnc4oc(-c5ccc(O)cc5)cc34)c(-c3ccc(F)cc3)n2)C1
2622,11.600599206899465,O=S1(=O)CC(n2cc(-c3ncnc4oc(-c5ccccc5Cl)cc34)c(-c3ccc(F)cc3)n2)C1
2623,11.509437015712493,O=S1(=O)CC(n2cc(-c3ncnc4oc(-c5ccc(Cl)cc5)cc34)c(-c3ccc(F)cc3)n2)C1
2624,10.289121027086047,COc1ccc(-c2nn(C3CC(S(C)(=O)=O)C3)cc2-c2ncnc3oc(-c4ccncc4)cc23)cc1
2625,10.258705685429437,O=S1(=O)CC(n2cc(-c3ncnc4oc(-c5ccns5)cc34)c(-c3ccccc3)n2)C1
2626,10.287403004445851,O=S1(=O)CC(n2cc(-c3ncnc4oc(-c5ccns5)cc34)c(-c3ccc(Cl)cc3)n2)C1
2627,10.327912685474478,COc1ccc(-c2nn(C3CC(S(C)(=O)=O)C3)cc2-c2ncnc3oc(-c4cccnc4)cc23)cc1
2628,10.511769573976467,O=S1(=O)CC(n2cc(-c3ncnc4oc(-c5cncnc5)cc34)c(-c3ccccc3)n2)C1
2629,10.36573065412365,O=S1(=O)CC(n2cc(-c3ncnc4oc(-c5cnc[nH]5)cc34)c(-c3ccccc3)n2)C1
2630,12.056347477834176,O=S1(=O)CC(n2cc(-c3ncnc4oc(-c5cn[nH]c5)cc34)c(-c3ccc(F)cc3)n2)C1
2631,10.351599778056878,O=S1(=O)CC(n2cc(-c3ncnc4oc(-c5ccnnc5)cc34)c(-c3ccccc3)n2)C1
2632,10.35405221037675,COc1ccc(-c2nn(C3CC(S(C)(=O)=O)C3)cc2-c2ncnc3oc(-c4ncccn4)cc23)cc1
2633,10.44586144045927,O=S1(=O)CC(n2cc(-c3ncnc4oc(-c5cnccn5)cc34)c(-c3ccccc3)n2)C1
2634,10.130805253114486,O=S1(=O)CC(n2cc(-c3ncnc4oc(-c5nccs5)cc34)c(-c3ccccc3)n2)C1
2635,12.236347270635717,O=S1(=O)CC(n2cc(-c3ncnc4oc(-c5ccncc5)cc34)c(-c3ccc(F)cc3)n2)C1
2636,10.301339910401058,COc1ccc(-c2nn(C3CC(S(C)(=O)=O)C3)cc2-c2ncnc3oc(-c4cccnn4)cc23)cc1
2637,10.195138339562487,COc1ccc(-c2nn(C3CC(S(C)(=O)=O)C3)cc2-c2ncnc3oc(-c4ccsn4)cc23)cc1
2638,9.307919750273777,O=S1(=O)CC(n2nc(-c3ccc(F)cc3)c(-c3ncnc4occc34)n2)C1
2639,10.957470632719927,O=S1(=O)CC(n2nc(-c3ccc(F)cc3)c(-c3ncnc4oc(-c5ccc(O)cc5)cc34)n2)C1
2640,8.272345493176399,N#Cc1cnc2cc(OCCO)c(NC(=O)C3CC3)cc2c1Nc1ccc(OCc2cccc(F)c2)c(Cl)c1
2641,8.378817623116364,N#Cc1cnc2cc(OC[C@@H](O)CO)c(NC(=O)C3CC3)cc2c1Nc1ccc(OCc2cccc(F)c2)c(Cl)c1
2642,8.374049536871112,N#Cc1cnc2cc(OCC(O)CO)c(NC(=O)C3CC3)cc2c1Nc1ccc(OCc2cccc(F)c2)c(Cl)c1
2643,7.745137767158645,CC(=O)Nc1ccc2ncc(C#N)c(Nc3ccc(OCc4cccc(F)c4)c(Cl)c3)c2c1
2644,8.381435382116448,N#Cc1cnc2ccc(NC(=O)C3CCCNC3)cc2c1Nc1ccc(OCc2cccc(F)c2)c(Cl)c1
2645,8.28006232386577,N#Cc1cnc2cc(OCCO)c(NC(=O)CC3CCC3)cc2c1Nc1ccc(OCc2cccc(F)c2)c(Cl)c1
2646,8.29388983064486,N#Cc1cnc2cc(OCCO)c(NC(=O)CC3CC3)cc2c1Nc1ccc(OCc2cccc(F)c2)c(Cl)c1
2647,6.62094042539429,Cc1ccc(C2CC(c3ccc(Br)c(Br)c3)=NN2C(N)=S)cc1
2648,6.289427976214408,NC(=S)N1N=C(c2ccc(Br)c(Br)c2)CC1c1ccc(Br)cc1
2649,6.405155351328207,NC(=S)N1N=C(c2ccc(Br)c(Br)c2)CC1c1ccc(Cl)cc1
2650,6.758040499852134,Cc1ccc(C2CC(c3ccc(Cl)c(Cl)c3)=NN2C(N)=S)cc1
2651,6.652024903523995,NC(=S)N1N=C(c2ccc(Cl)c(Cl)c2)CC1c1ccc(Cl)cc1
2652,6.716513165779777,NC(=S)N1N=C(c2ccc(Cl)c(Cl)c2)CC1c1ccc(Br)cc1
2653,6.966850128917333,Cc1ccc(C2=NN(C(N)=S)C(c3ccccc3Br)C2)cc1C
2654,6.649932620794442,NC(=S)N1N=C(c2ccc(Cl)c(Cl)c2)CC1c1ccccc1Cl
2655,7.246732288805051,Cc1ccc(C2=NN(C(N)=S)C(c3ccccc3Cl)C2)cc1C
2656,6.50100124602636,NC(=S)N1N=C(c2ccc(Cl)c(Cl)c2)CC1c1ccccc1
2657,6.936854645504422,Cc1ccc(C2=NN(C(N)=S)C(c3ccccc3F)C2)cc1C
2658,6.759466933236465,NC(=S)N1N=C(c2ccc(Br)cc2)CC1c1cccc2ccccc12
2659,7.1837808876502365,NC(=S)N1N=C(c2ccc(Cl)cc2)CC1c1cccc2ccccc12
2660,6.895534028397724,NC(=S)N1N=C(c2ccc(Br)cc2)CC1c1ccc2ccccc2c1
2661,7.282104387204508,NC(=S)N1N=C(c2ccc(Cl)cc2)CC1c1ccc2ccccc2c1
2662,7.205588120403062,O=[N+]([O-])c1ccc(C2=NN(c3ccccc3)C(c3cccc4ccccc34)C2)cc1
2663,7.029162896392649,O=[N+]([O-])c1cccc(C2=NN(c3ccccc3)C(c3cccc4ccccc34)C2)c1
2664,8.126431817599538,COc1ccc(C2=NN(c3ccccc3)C(c3ccc4ccccc4c3)C2)cc1
2665,6.658471120290214,O=[N+]([O-])c1ccc(C2CC(c3ccc(Cl)c(Cl)c3)=NN2c2ccccc2)cc1
2666,7.192533285391459,Cc1ccc(C2=NN(C(N)=S)C(c3cccc4ccccc34)C2)cc1
2667,7.371149609395151,Cc1ccc(C2=NN(C(N)=S)C(c3ccc4ccccc4c3)C2)cc1
2668,8.175409035334177,COc1ccc(C2=NN(c3ccccc3)C(c3cccc4ccccc34)C2)cc1
2669,7.856701748425137,COc1cccc(C2=NN(c3ccccc3)C(c3cccc4ccccc34)C2)c1
2670,7.9343712126266315,COc1cccc(C2=NN(c3ccccc3)C(c3ccc4ccccc4c3)C2)c1
2671,6.47553632165192,COc1ccc(C2CC(c3ccc(Br)cc3)=NN2c2nc(-c3ccccc3)cs2)cc1
2672,6.482247593716171,COc1ccc(-c2csc(N3N=C(c4ccc(Br)cc4)CC3c3ccc(Br)cc3)n2)cc1
2673,6.550752484850551,Clc1ccc(C2=NN(c3nc(-c4ccccc4)cs3)C(c3ccccc3)C2)cc1
2674,6.213001991363263,Clc1ccc(C2=NN(c3nc(-c4ccccc4)cs3)C(c3ccc(Cl)cc3)C2)cc1
2675,7.186621013699057,O=C1CSC(N2N=C(c3ccc(Br)cc3)CC2c2ccccc2)=N1
2676,6.8436040550259705,O=C1CSC(N2N=C(c3ccc(Br)cc3)CC2c2ccc(F)cc2)=N1
2677,7.496297896625159,Cc1ccc(C2=NN(C3=NC(=O)CS3)C(c3ccc(Br)cc3)C2)cc1
2678,7.0080944602816055,O=C1CSC(N2N=C(c3ccc(Br)cc3)CC2c2ccc(Br)cc2)=N1
2679,6.777184385551768,O=C1CSC(N2N=C(c3ccc(Br)cc3)CC2c2ccc(Cl)cc2)=N1
2680,6.190146722026668,O=C1CSC(N2N=C(c3ccc(Cl)cc3)CC2c2ccc(F)cc2)=N1
2681,7.038251038117343,Cc1ccc(C2=NN(C3=NC(=O)CS3)C(c3ccc(Cl)cc3)C2)cc1
2682,6.879570807633504,O=C1CSC(N2N=C(c3ccc(F)cc3)CC2c2ccccc2)=N1
2683,6.216485330114196,O=C1CSC(N2N=C(c3ccc(F)cc3)CC2c2ccc(Cl)cc2)=N1
2684,6.28791798292401,O=C1CSC(N2N=C(c3ccc(F)cc3)CC2c2ccc(F)cc2)=N1
2685,6.764544263439103,O=C1CSC(N2N=C(c3ccc(Cl)cc3)CC2c2ccc(Br)cc2)=N1
2686,6.830007741896288,O=C1CSC(N2N=C(c3ccccc3)CC2c2ccc(F)cc2)=N1
2687,6.894029188068523,O=C1CSC(N2N=C(c3ccc(Cl)cc3)CC2c2ccccc2)=N1
2688,6.8975299858184345,O=C1CSC(N2N=C(c3ccccc3)CC2c2ccc(Cl)cc2)=N1
2689,7.200080048224256,O=C1CSC(N2N=C(c3ccccc3)CC2c2ccc(Br)cc2)=N1
2690,7.203105204338302,Cc1ccc(C2=NN(C3=NC(=O)CS3)C(c3ccc4ccccc4c3)C2)cc1
2691,6.9768096818540775,O=C1CSC(N2N=C(c3ccc(F)cc3)CC2c2ccc3ccccc3c2)=N1
2692,7.122066216212788,O=C1CSC(N2N=C(c3ccncc3)CC2c2ccc(F)cc2)=N1
2693,7.0186433023910055,O=C1CSC(N2N=C(c3ccncc3)CC2c2ccccc2)=N1
2694,8.814834363833157,O=C(CCCCCN1CC(c2ccc3ncnc(Nc4ccc(F)cc4F)c3c2)N=N1)NO
2695,9.00957784861041,O=C(CCCCCCN1CC(c2ccc3ncnc(Nc4ccc(F)c(Cl)c4)c3c2)N=N1)NO
2696,8.373162530410093,O=C(Cc1ccccc1)Nc1cc(-c2[nH]c3c(c2Nc2ccccc2)C(=O)NC(C(F)(F)F)C3)ccn1
2697,8.411903271029988,O=C(CCc1ccccc1)Nc1cc(-c2[nH]c3c(c2Nc2ccccc2)C(=O)NC(C(F)(F)F)C3)ccn1
2698,8.201459479525916,Fc1ccc(-c2[nH]c(-c3ccccc3)nc2-c2ccnc3c2CC(c2ccccc2)N3)cc1
2699,8.785244656546306,Fc1ccc(-c2[nH]c(-c3ccc(OCCN4CCOCC4)cc3)nc2-c2ccnc3c2CC(c2ccccc2)N3)cc1
2700,8.60596970466766,O=C(O)c1ccc(-c2nc(-c3ccc(F)cc3)c(-c3ccnc4c3CC(c3ccccc3)N4)[nH]2)cc1
2701,8.58324759260763,CN1CCC(c2ccccc2)Cc2c(-c3[nH]c(-c4ccc(F)cc4)nc3-c3ccc(F)cc3)ccnc21
2702,8.287098487761808,Fc1ccc(-c2nc(-c3ccc(F)cc3)c(-c3ccnc4c3CC(c3ccccc3)N4)[nH]2)cc1
2703,8.225629816321744,O=C(Nc1ccc2ncnc(Nc3cccc(Br)c3)c2c1)C1COc2ccc(F)cc2O1
2704,8.390931450799796,O=C(Nc1ccc2ncnc(Nc3cccc(Br)c3)c2c1)C1COc2ccccc2C1
2705,8.184484538403826,O=C(Nc1ccc2ncnc(Nc3cccc(Cl)c3)c2c1)C1COc2ccc(F)cc2O1
2706,8.303219572957456,O=C(Nc1ccc2ncnc(Nc3cccc(Cl)c3)c2c1)C1COc2ccccc2C1
2707,9.371473691254835,O=C1CCc2c(Oc3ccc4c(c3)[C@H]3[C@H](NC(=O)c5ccc(CN6CCOCC6)c(C(F)(F)F)c5)[C@H]3O4)ccnc2N1
2708,8.541697531865353,Fc1cccc(Cn2ncc3cc(Nc4ncnn5ccc(COCC6CCNCC6)c45)ccc32)c1
2709,10.991021086309864,Fc1ccc(-c2nn([C@H]3CCCOC3)cc2-c2ncnc3oc(-c4ccc(C(F)(F)F)cc4)cc23)cc1
2710,10.542779390547915,O=S1(=O)CCC[C@H](Cn2cc(-c3ncnc4oc(-c5ccc(Cl)cc5)cc34)c(-c3ccccc3)n2)C1
2711,10.40650598629906,O=S1(=O)CCC[C@H](Cn2cc(-c3ncnc4oc(-c5ccccc5)cc34)c(-c3ccccc3)n2)C1
2712,10.36677705520452,O=S1(=O)CCC[C@H](n2cc(-c3ncnc4oc(-c5ccc(Cl)cc5)cc34)c(-c3ccccc3)n2)C1
2713,10.195413106591536,O=S1(=O)CCC[C@H](n2cc(-c3ncnc4oc(-c5ccccc5)cc34)c(-c3ccccc3)n2)C1
2714,8.654709223618683,CN1CCC[C@H]1COc1cccc2ncnc(Nc3ccc(OCc4ccccn4)c(Cl)c3)c12
2715,8.655863524959631,O=C(CO)N1CCC[C@@H]1COc1cccc2ncnc(Nc3ccc(OCc4ccccc4)c(Cl)c3)c12
2716,8.25272487790562,O=C(O)COc1ccc(Nc2ncnc3sc(C#C[C@H]4CCCN4)cc23)cc1Cl
2717,8.600364210561214,COc1ccc(COc2ccc(Nc3ncnc4sc(C#C[C@H]5CCCN5)cc34)cc2Cl)cc1
2718,8.389442132666137,O=C(O)COc1cc2ncnc(Nc3ccc(OCc4cccc(F)c4)c(Cl)c3)c2s1
2719,8.427915565051762,COCCOc1ccc(Nc2ncnc3cc(C#C[C@@H]4CCCN4)sc23)cc1Cl
2720,8.958891695921375,O=C(N[C@@H]1[C@H]2Oc3ccc(Oc4ccnc5c4CCC5=O)cc3[C@@H]12)c1ccc(CN2CCOCC2)c(C(F)(F)F)c1
2721,8.260415240420379,O=C(N[C@@H]1[C@H]2Oc3ccc(Oc4ccnc5c4CCC5=O)cc3[C@@H]12)c1ccc(CN2CCCC2)cc1
2722,7.879429729262332,Nc1ncnc2c1c(-c1cnc3[nH]ccc3c1)nn2[C@@H]1CCCN(C(=O)CC2CC2)C1
2723,7.58240376807425,CC(C)N1CCC[C@@H](n2nc(-c3ccc(Oc4ccc(F)cc4F)cc3)c(C(N)=O)c2N)C1
2724,8.010727253700122,NC(=O)c1c(-c2ccc(Oc3ncc(Cl)cc3F)cc2)nn([C@@H]2CCCN(C(=O)C3CCC3)C2)c1N
2725,7.945365498857004,NC(=O)c1c(-c2ccc(Oc3ccc(Cl)cn3)cc2)nn([C@@H]2CCCN(C(=O)C3CCC3)C2)c1N
2726,7.919502990039968,NC(=O)c1c(-c2ccc(Oc3ncc(Cl)cc3F)cc2)nn([C@H]2CCCN(C(=O)C3CC3)C2)c1N
2727,8.074192490577643,Nc1ncnc2c1c(-c1ccc(Oc3ccccc3)cc1)nn2[C@@H]1CCCN(C(=O)CC2CC2)C1
2728,8.052719799235444,Nc1ncnc2c1c(-c1ccc(Oc3ccccc3)cc1)nn2[C@@H]1CCCN(C(=O)C2CC2)C1
2729,7.737971150217773,CC(C)N1CCC[C@@H](n2nc(-c3ccc(Oc4ccc(Cl)cc4)cc3)c(C(N)=O)c2N)C1
2730,7.409382559733936,NC(=O)c1c(-c2ccc(Oc3ccc(Cl)cc3)cc2)nn([C@@H]2CCCNC2)c1N
2731,7.502598263320531,NC(=O)c1c(-c2ccc(Oc3ccccc3)cc2)nn([C@@H]2CCCNC2)c1N
2732,7.698621351799121,NC(=O)c1c(-c2ccc(Oc3ccccc3)cc2)nn([C@@H]2CCCN(C(=O)C3CC3)C2)c1N
2733,7.036853081576882,NC(=O)c1nnc(N2CCC[C@@H](NC(=O)c3ccc4c(c3)OCO4)C2)nc1Nc1ccc(C(=O)N2CCOCC2)cc1
2734,7.330573112111165,NC(=O)c1nnc(N2CCC[C@@H](NC(=O)c3ccc4ccccc4c3)C2)nc1Nc1ccc(C(=O)N2CCCC2)cc1
2735,6.734262797256431,NC(=O)c1nnc(N2CCC[C@@H](NC(=O)c3ccccc3)C2)nc1Nc1ccc(C(=O)N2CCOCC2)cc1
2736,6.734262797256431,NC(=O)c1nnc(N2CCC[C@H](NC(=O)c3ccccc3)C2)nc1Nc1ccc(C(=O)N2CCOCC2)cc1
2737,11.181712449434887,Fc1ccc(-c2nn(C3CCNCC3)cc2-c2ncnc3oc(-c4ccccc4)cc23)cc1
2738,10.331746566384345,COc1cccc(-c2nn(C[C@H]3CCCS(=O)(=O)C3)cc2-c2ncnc3oc(-c4ccccc4)cc23)c1
2739,10.542779390547915,O=S1(=O)CCC[C@@H](Cn2cc(-c3ncnc4oc(-c5ccc(Cl)cc5)cc34)c(-c3ccccc3)n2)C1
2740,10.36677705520452,O=S1(=O)CCC[C@@H](n2cc(-c3ncnc4oc(-c5ccc(Cl)cc5)cc34)c(-c3ccccc3)n2)C1
2741,10.195413106591536,O=S1(=O)CCC[C@@H](n2cc(-c3ncnc4oc(-c5ccccc5)cc34)c(-c3ccccc3)n2)C1
2742,8.255810405506429,Nc1ncnc2c1c(-c1ccc(Oc3ccccc3)cc1)nn2C[C@@H]1CCCN1C(=O)CCCN1CCOCC1
2743,8.062827185772885,Nc1ncnc2c1c(-c1ccc(Oc3ccccc3)cc1)nn2C[C@@H]1CCCN1C(=O)CCC(=O)N1CCOCC1
2744,8.655863524959631,O=C(CO)N1CCC[C@H]1COc1cccc2ncnc(Nc3ccc(OCc4ccccc4)c(Cl)c3)c12
2745,8.613928505853455,O=C(O)CN1CCC[C@H]1COc1cccc2ncnc(Nc3ccc(OCc4ccccc4)c(Cl)c3)c12
2746,7.799831655500281,O=C1N=C(N2CCC[C@H]2C(=O)Nc2ccc3ncnc(Nc4cccc(Cl)c4)c3c2)S/C1=C/c1ccccc1
2747,7.799831655500281,O=C1N=C(N2CCC[C@H]2C(=O)Nc2ccc3ncnc(Nc4cccc(Cl)c4)c3c2)S/C1=C\c1ccccc1
2748,7.799831655500281,O=C1N=C(N2CCC[C@@H]2C(=O)Nc2ccc3ncnc(Nc4cccc(Cl)c4)c3c2)S/C1=C/c1ccccc1
2749,8.526418247916945,OC[C@H]1CCCN1Cc1ccc(Nc2nc3ncnc(Nc4ccccc4)c3s2)cc1
2750,8.520789957328178,Cc1ccc(Nc2ncnc3nc(Nc4ccc(CN5CCC[C@H]5CO)cc4)sc23)cc1
2751,8.341572200200627,O=C(/C=C/[C@@H]1CCCN1)N1CCc2c(sc3ncnc(Nc4ccccc4)c23)C1
2752,8.693399935570726,O=C(/C=C/[C@@H]1CCCN1)N1CCc2c(sc3ncnc(Nc4ccc(F)c(F)c4)c23)C1
2753,7.379862875462137,Fc1cccc(Cn2ncc3cc(C#C[C@@H]4CCCN4)sc32)c1
2754,8.719854550048671,Fc1cccc(COc2ccc(Nc3ncnc4cc(C#CCN5CCOCC5)sc34)cc2Cl)c1
2755,8.784173206335698,O=C1N[C@@H]2CCC[C@@H]2c2[nH]c(-c3ccnc(NC(=O)C(CCO)c4ccc(F)cc4)c3)c(Nc3ccccc3)c21
2756,8.65254615944414,O=C1NC2CCCC2c2[nH]c(-c3ccnc(NC(=O)C(CC(F)F)c4ccc(F)cc4)c3)c(Nc3ccccc3)c21
2757,10.90972364384122,Oc1ccc(-c2cc3c(-c4cn(C5CC6CCC(C5)O6)nc4-c4ccc(F)cc4)ncnc3o2)cc1
2758,10.547959776025827,N=S1(=O)CC[C@H](n2cc(-c3ncnc4oc(-c5ccc(C(F)(F)F)cc5)cc34)c(-c3ccccc3)n2)C1
2759,10.622526190563285,N=S1(=O)CC[C@H](n2cc(-c3ncnc4oc(-c5ccc(Cl)cc5)cc34)c(-c3ccccc3)n2)C1
2760,10.547959776025827,N=S1(=O)CC[C@@H](n2cc(-c3ncnc4oc(-c5ccc(C(F)(F)F)cc5)cc34)c(-c3ccccc3)n2)C1
2761,10.622526190563285,N=S1(=O)CC[C@@H](n2cc(-c3ncnc4oc(-c5ccc(Cl)cc5)cc34)c(-c3ccccc3)n2)C1
2762,8.656302237635076,O=C1Cc2c(cccc2Oc2ccc(Nc3ncnc4ccn(CCO)c34)cc2Cl)N1
2763,8.676023484600147,O=C1NCc2ccc(Oc3ccc(Nc4ncnc5ccn(CCO)c45)cc3Cl)cc21
2764,8.654359717883365,O=C1NCc2c(Oc3ccc(Nc4ncnc5ccn(CCO)c45)cc3Cl)cccc21
2765,8.685687727868421,O=C1NCc2cccc(Oc3ccc(Nc4ncnc5ccn(CCO)c45)cc3Cl)c21
2766,7.922776180077896,O=C1c2cc(-c3ccccc3)ccc2CN1[C@@H](c1cc2ccccc2[nH]1)c1cc(F)ccc1O
2767,8.57600101753326,O=C1c2cc(-c3cccnc3)ccc2CN1[C@@H](c1cc2ccccc2[nH]1)c1cc(F)ccc1O
2768,8.240834466811314,O=C1c2cc(-c3ccccc3)ccc2CN1C(c1nc2ccccc2[nH]1)c1cc(Cl)ccc1O
2769,8.482047498825404,O=C1c2cc(-c3cccnc3)ccc2CN1C(c1nc2ccccc2[nH]1)c1cc(Cl)ccc1O
2770,8.318628513221563,O=C1c2cc(-c3ccccc3)ccc2CN1C(c1nc2ccccc2[nH]1)c1cc(F)ccc1O
2771,8.728830109577205,O=C1c2cc(-c3cccnc3)ccc2CN1C(c1nc2ccccc2[nH]1)c1cc(F)ccc1O
2772,7.9988700447390135,O=C1c2cc(-c3ccccc3)ccc2CN1[C@@H](c1cc2ccccc2[nH]1)c1cc(Cl)ccc1O
2773,7.795375806664455,O=C1c2cc(F)ccc2CN1[C@@H](c1cc2ccccc2[nH]1)c1cc(Cl)ccc1O
2774,7.954123375539533,O=C1c2cc(-c3ccc(O)cc3)ccc2CN1[C@@H](c1cc2ccccc2[nH]1)c1cc(F)ccc1O
2775,7.45008069578738,O=C1c2cc(-c3ccccc3)ccc2CN1[C@@H](c1cc2ccccc2[nH]1)c1ccccc1O
2776,7.701829522557016,O=C1c2cc(-c3ccc(O)cc3)ccc2CN1[C@@H](c1cc2ccccc2[nH]1)c1ccccc1O
2777,8.09894317661863,O=C1c2ccccc2CN1C(c1nc2ccccc2[nH]1)c1cc(Cl)ccc1O
2778,8.290815456306289,O=C1c2ccccc2CN1C(c1nc2ccccc2[nH]1)c1cc(F)ccc1O
2779,7.9854767841073775,O=C1c2cc(-c3ccccc3)ccc2CN1C(c1nc2ccccc2[nH]1)c1ccccc1O
2780,8.102418176901075,COc1ccc(-c2ccc3c(c2)C(=O)N(C(c2nc4ccccc4[nH]2)c2ccccc2O)C3)cc1
2781,7.584869864542509,O=C(Nc1nccs1)C(c1ccccc1)N1Cc2ccc(-c3ccccc3)cc2C1=O
2782,7.758888797343576,COc1ccc(-c2ccc3c(c2)C(=O)N(C(C(=O)Nc2nccs2)c2ccccc2)C3)cc1
2783,8.699954951853456,OCCn1ccc2ncnc(Nc3ccc(Oc4ccc5[nH]ncc5c4)c(Cl)c3)c21
2784,8.633361160521543,O=C1NCc2cc(Oc3ccc(Nc4ncnc5ccn(CCO)c45)cc3Cl)ccc21
2785,8.530575802107105,O=C1Cc2cc(Oc3ccc(Nc4ncnc5ccn(CCO)c45)cc3Cl)ccc2N1
2786,7.31128974863931,Fc1ccc(Nc2ncnc3c2NCc2ccccc2O3)cc1Cl
2787,7.36550594605443,Fc1ccc(Nc2ncnc3c2NCc2ccc(Cl)cc2O3)cc1Cl
2788,7.4531288992309115,Brc1ccc2c(c1)CNc1c(Nc3ccccc3)ncnc1O2
2789,7.407829889654431,Brc1cccc(Nc2ncnc3c2NCc2ccccc2O3)c1
2790,7.20696107278601,COc1ccc2c(c1)CNc1c(Nc3ccccc3)ncnc1O2
2791,6.5751252508430476,Nc1nc(Nc2ccccc2)c2c(n1)Oc1ccc(Br)cc1CN2
2792,7.422167870319263,COc1ccc2c(c1)CNc1c(NCc3ccccc3)ncnc1O2
2793,7.845733884473445,Brc1ccc2c(c1)CNc1c(NCc3cccnc3)ncnc1O2
2794,7.643070085728526,COc1ccc2c(c1)CNc1c(Nc3ccc(F)c(Cl)c3)ncnc1O2
2795,7.610563901819046,O=C(O)c1ccc2c(c1)CNc1c(Nc3ccc(Cl)cc3)ncnc1O2
2796,7.24618608330081,COc1ccc2c(c1)CNc1c(Nc3cccc(Br)c3)ncnc1O2
2797,7.6775403158973745,O=C(O)c1ccc2c(c1)CNc1c(Nc3cccc(Cl)c3)ncnc1O2
2798,7.434791028348065,Fc1ccc(Nc2ncnc3c2NCc2cccc(Cl)c2O3)cc1Cl
2799,7.315826334493112,Clc1ccc2c(c1)CNc1c(Nc3ccccc3)ncnc1O2
2800,7.242308162026911,COc1ccc(/C=N/N2Cc3cc(F)ccc3N=C2c2ccc(F)cc2)cc1
2801,7.17618954688562,Fc1ccc(C2=Nc3ccc(F)cc3CN2/N=C/c2ccc(Cl)cc2)cc1
2802,7.0680710209518,Fc1ccc2c(c1)CNc1c(Nc3ccc(Cl)cc3)ncnc1O2
2803,7.800426760102162,Fc1ccc2c(c1)Oc1ncnc(Nc3cccc(-c4ccccc4)c3)c1NC2
2804,7.508427552218267,COc1ccc2c(c1)Oc1ncnc(Nc3cccc(-c4ccccc4)c3)c1NC2
2805,7.002624454049261,Fc1ccc2c(c1)CNc1c(NCc3ccccc3)nc(Cl)nc1O2
2806,8.574418463539729,O=C1Cc2ccc(Oc3ccc(Nc4ncnc5ccn(CCO)c45)cc3Cl)cc2N1
2807,8.368569124193673,N#Cc1cnc2c(Cl)cc(N[C@H](C3=CNC3)c3cccc4c3CNC4)cc2c1Nc1ccccc1
2808,8.629018618672264,N#Cc1cnc2c(Cl)cc(N[C@@H](C3=CNC3)c3cccc4c3CNC4)cc2c1Nc1ccccc1F
2809,8.368569124193673,N#Cc1cnc2c(Cl)cc(N[C@@H](C3=CNC3)c3cccc4c3CNC4)cc2c1Nc1ccccc1
2810,8.705981911288513,N#Cc1cnc2c(Cl)cc(N[C@@H](C3=CNNC3)c3cccc4c3CNC4)cc2c1Nc1ccccc1
2811,9.027976242998053,N#Cc1cnc2c(Cl)cc(N[C@@H](C3=CNC3)c3cccc4c3CNC4)cc2c1Nc1cnc(F)c(F)c1
2812,8.749587673906502,N#Cc1cnc2c(Cl)cc(N[C@H](C3=CNC3)c3cccc4c3CNC4)cc2c1Nc1cccnc1
2813,8.31268749947519,N#Cc1cnc2c(Cl)cc(N[C@@H](C3=CNC3)c3ccc4c(c3)CNC4)cc2c1Nc1ccccc1
2814,8.659183564094986,N#Cc1cnc2c(Cl)cc(N[C@H](C3=CNNC3)c3ccc4c(c3)CNC4)cc2c1Nc1ccccc1
2815,9.112380310097706,N#Cc1cnc2c(Cl)cc(N[C@H](C3=CNNC3)c3cccc4c3CNC4)cc2c1Nc1ccc(F)c(Cl)c1
2816,8.923369509772508,N#Cc1cnc2c(Cl)cc(N[C@@H](C3=CCNCC3)c3cccc4c3CN(CCO)C4)cc2c1Nc1ccc(F)c(Cl)c1
2817,7.009945867347683,COc1cc2c(cc1O)[C@@H]1c3ccc(O)c(O)c3OC[C@]1(O)C2
2818,7.3889741907127116,Oc1cc2c(cc1O)[C@@H]1c3ccc(O)c(O)c3OC[C@]1(O)C2
2819,7.216854780956401,O=C1c2ccccc2CN1[C@@H](c1cc2ccccc2[nH]1)c1ccccc1O
2820,7.855604539126796,O=C1c2cc(F)ccc2CN1[C@@H](c1cc2ccccc2[nH]1)c1ccccc1O
2821,8.472669655364543,O=C(Nc1nccs1)C(c1cc(F)ccc1O)N1CCc2ccccc2C1=O
2822,7.526350069123663,O=C(Nc1nccs1)C(c1cc(F)ccc1O)N1CCc2ccccc21
2823,7.9167403545013,O=C1c2ccccc2CN1[C@H](c1cc2ccccc2[nH]1)c1cc(F)ccc1O
2824,8.25194223787889,O=C1c2cc(F)ccc2CN1[C@H](c1cc2cccnc2[nH]1)c1ccccc1O
2825,7.855604539126796,O=C1c2cc(F)ccc2CN1[C@H](c1cc2ccccc2[nH]1)c1ccccc1O
2826,7.216854780956401,O=C1c2ccccc2CN1[C@H](c1cc2ccccc2[nH]1)c1ccccc1O
2827,8.061703357545309,O=C1c2ccccc2CN1C(c1nc2ccccc2[nH]1)c1ccccc1O
2828,7.45599727447243,O=C1c2ccccc2CN1C(c1nc2ccccc2[nH]1)c1cccc(Cl)c1Cl
2829,8.318434002229798,CC1c2ccccc2C(=O)N1C(C(=O)Nc1nccs1)c1cc(F)ccc1O
2830,7.634358797196662,O=C1c2ccccc2CN1C(c1nc2ccccc2c(=O)[nH]1)c1ccccc1O
2831,7.534654994011552,O=C1c2ccccc2CN1C(c1nc2ccccc2c(=O)[nH]1)c1cccc(F)c1F
2832,7.69656569236572,O=C1c2ccccc2CN1C(c1nc2ccccc2[nH]1)c1cccc(F)c1F
2833,7.386381928674921,O=C(Nc1nccs1)C(c1ccccc1)N1CCc2ccccc2C1=O
2834,7.259436951509512,O=C(Nc1nccs1)C(c1ccccc1)N1C(=O)c2ccccc2C1=O
2835,8.088011872761486,O=C1c2ccccc2CN1C(c1nc2cc(Cl)ccc2[nH]1)c1ccccc1O
2836,7.739605894247125,O=C1c2ccccc2CN1C(c1ccccc1)c1nc2ncccc2[nH]1
2837,7.393356435223988,O=C1c2ccccc2CN1C(c1ccccc1)c1nc2cc(Cl)c(Cl)cc2[nH]1
2838,7.554394106574251,O=C1c2ccccc2CN1C(c1ccccn1)c1nc2cc(Cl)c(Cl)cc2[nH]1
2839,7.13280986488685,O=C1c2ccccc2CN1C(c1ccccc1)c1nc2ccccc2[nH]1
2840,7.551734516539008,O=C1c2ccccc2CN1C(c1nc2ccccc2[nH]1)c1ccccc1Cl
2841,7.371069794563396,O=C(Nc1nccs1)C(c1ccccc1)N1Cc2ccccc2C1=O
2842,7.373272305559626,O=C(Nc1nccs1)C(c1ccc(Cl)cc1)N1Cc2ccccc2C1=O
2843,7.91608296305368,O=C1N/C(=N\N2Cc3ccccc3N=C2c2ccccc2)S/C1=C/c1ccccc1O
2844,8.003624957791311,O=C1N/C(=N\N2Cc3ccccc3N=C2c2ccccc2)S/C1=C/c1cccc(O)c1
2845,7.87873105871198,O=C1N/C(=N\N2Cc3ccccc3N=C2c2ccccc2)S/C1=C/c1ccc(Cl)cc1
2846,7.563287007772157,O=C1N/C(=N\N2Cc3ccccc3N=C2c2ccccc2)S/C1=C/c1ccc([N+](=O)[O-])cc1
2847,7.709896730269119,Fc1ccc(Nc2ncnc3c2NCCc2ccccc2O3)cc1Cl
2848,7.299940004358279,Fc1ccc(Nc2ncnc3c2NCc2ccccc2O3)cc1
2849,7.7308072843677,Brc1cccc(Nc2ncnc3c2NCc2cccc(Br)c2O3)c1
2850,8.217403374104734,COc1cccc(Nc2ncnc3cc4c(cc23)CN4)c1
2851,9.121163330429367,Brc1cccc(Nc2ncnc3cc4c(cc23)CCCN4)c1
2852,9.083228193544508,CN1Cc2cc3c(Nc4cccc(Br)c4)ncnc3cc21
2853,9.145314778943318,O=C(O)CN1Cc2cc3c(Nc4cccc(Br)c4)ncnc3cc21
2854,9.036709860958357,OCCN1Cc2cc3c(Nc4cccc(Br)c4)ncnc3cc21
2855,7.7166277464728665,NC(=S)NCCCN1C(=O)C2=C(C1=O)n1ccc3cccc(c31)C1Cc3ccccc3N21
2856,7.419922108366776,NC(=O)SCCCN1C(=O)C2=C(C1=O)n1ccc3cccc(c31)C1Cc3ccccc3N21
2857,9.421039873023965,O=S1(=O)CC(n2cc(-c3ncnc4oc(C5=CNCCC5)cc34)c(-c3ccccc3)n2)C1
2858,9.573309489069663,O=S1(=O)CC(n2cc(-c3ncnc4oc(C5=CNCCC5)cc34)c(-c3ccc(Cl)cc3)n2)C1
2859,7.864586806709461,N#Cc1cnc(Nc2cccc(Cl)c2)c2cc(NC(=O)[C@@H]3CCC(=O)N3)ccc12
2860,7.891629111075022,N#Cc1cnc(Nc2cccc(Br)c2)c2cc(NC(=O)C3CCC(=O)N3)ccc12
2861,8.097907070919664,O=C1CCC(N2C(=O)c3cccc(NCCc4ccc(-c5cc6c(NCc7ccccc7)ncnc6[nH]5)cc4)c3C2=O)C(=O)N1
2862,8.047458221857777,O=C1CCC(N2C(=O)c3cccc(NCCOc4ccc(-c5cc6c(NCc7ccccc7)ncnc6[nH]5)cc4)c3C2=O)C(=O)N1
2863,8.04877818394601,O=C1CC[C@@H](N2C(=O)c3cccc(NCCOc4ccc(-c5cc6c(NCc7ccccc7)ncnc6[nH]5)cc4)c3C2=O)C(=O)N1
2864,8.242821667883746,O=C1CCC(N2C(=O)c3cccc(NCCOc4ccc(-c5cc6c(NCc7ccccc7)ncnc6[nH]5)cc4)c3C2=O)C1
2865,8.235180717269628,O=C1CC[C@@H](N2C(=O)c3cccc(NCCOc4ccc(-c5cc6c(NCc7ccccc7)ncnc6[nH]5)cc4)c3C2=O)C1
2866,8.427444147831979,O=C1CCC2N=CN=C1N2C(=O)c1cccc(NCCOCCOCCN2CCN(Cc3cc4c(cc3Cl)OCO4)CC2)n1
2867,8.636246300264313,O=C1CCC2N=CN=C(O1)N2C(=O)c1cccc(NCCOCCOCCN2CCN(Cc3cc4ccccc4[nH]3)CC2)n1
2868,8.053335709749774,O=C1CC[C@@H](N2C(=O)c3cccc(NCCOCCOc4ccc(-c5cc6c(NCc7ccccc7)ncnc6[nH]5)cc4)c3C2=O)C1
2869,7.851413527310587,O=C(Nc1nccs1)N1CN(C(=O)Nc2nccs2)c2scnc2Oc2c(NCCOCCOCCOCCOCCOCCF)cccc2C1=O
2870,7.374089857779589,O=C1CC[C@@H](N2C(=O)c3cccc(NCCOCCOCCOCCOCC[18F])c3C(=O)N(C(=O)Nc3nccs3)[C@H]2O)C1
2871,7.299413763652515,O=C1CCC(N2SN(C(=O)Nc3nccs3)C(=O)c3c(NCCOCCOCCOCCOCCO)cccc3C2=O)C(=O)N1
2872,7.806257888851204,CC(=O)n1c(=O)c2c(NCCOCCCN3CCN(c4cc5c(cc4C)CCC5=O)C3=O)cccc2c2cc(F)cc(F)c21
2873,8.117950200492226,Nc1ncnc2c1CC2c1ccc(CN2CCN(CCOc3ccc4c(c3)C(=O)N(C3CCC(=O)NC3)C4=O)CC2)cc1
2874,8.209916692200174,O=C(/C=C/c1ccc(C(F)(F)F)cc1)N[C@@H]1[C@H]2Oc3ccc(Oc4ccnc5c4CCC(=O)N5)cc3[C@@H]12
2875,7.295568185658879,O=C(/C=C/c1cccc(C(F)(F)F)c1)N[C@@H]1[C@H]2Oc3ccc(Oc4cccc5c4CCC(=O)N5)cc3[C@@H]12
2876,8.209180830519278,O=C1CCc2c(Oc3ccc4c(c3)[C@H]3[C@H](NC(=O)c5ccc(Cl)cc5)[C@H]3O4)ccnc2N1
2877,8.066117866790279,O=C1CCc2c(Oc3ccc4c(c3)[C@H]3[C@H](NC(=O)c5cccc(F)c5)[C@H]3O4)ccnc2N1
2878,8.715420804307266,O=C1N[C@@H](c2ccncc2Oc2ccnc3c2CCC3)c2cc(C(F)(F)F)c(CN3CCOCC3)cc21
2879,8.520942557756811,O=C1CCc2c(Oc3ccc4c(c3)[C@H]3[C@H](NC(=O)c5ccc(Cl)cc5)C(C(F)(F)F)[C@H]3O4)ccnc2N1
2880,8.510999716084799,O=C1CCc2c(Oc3ccc4c(c3)[C@H]3[C@H](NC(=O)c5ccc(OC(F)(F)F)cc5)[C@H]3O4)ccnc2N1
2881,8.618150686949146,O=C1CCc2c(Oc3ccc4c(c3)[C@H]3[C@H](NC(=O)c5cccc(C(F)(F)F)c5)[C@H]3O4)ccnc2N1
2882,9.289259734350736,NC1(c2cc(C(=O)N[C@@H]3[C@H]4Oc5ccc(Oc6ccnc7c6CCC(=O)N7)cc5[C@@H]34)cc(C(F)(F)F)c2)CC1
2883,8.210599244131771,O=C1CCc2c(Oc3ccc4c(c3)[C@@H]3[C@H](NC(=O)c5ccc(Cl)c(Cl)c5)[C@H]3O4)ccnc2N1
2884,8.580127665092705,COc1ccc(C2(C#N)CC2)cc1C(=O)N[C@@H]1[C@H]2Oc3ccc(Oc4ccnc5c4CCC(=O)N5)cc3[C@H]12
2885,8.181779492691977,O=C1CCc2c(Oc3ccc4c(c3)[C@H]3[C@H](NC(=O)c5cccc(Cl)c5)[C@H]3O4)ccnc2N1
2886,8.228658406288561,O=C1CCc2c(Oc3ccc4c(c3)[C@H]3[C@H](NC(=O)c5cccnc5)[C@H]3O4)ccnc2N1
2887,8.273109504157073,O=C1CCc2c(Oc3ccc4c(c3)[C@H]3[C@H](NC(=O)c5cccc([N+](=O)[O-])c5)[C@H]3O4)ccnc2N1
2888,8.186523314389829,O=C1CCc2c(Oc3ccc4c(c3)[C@H]3[C@H](NC(=O)Cc5ccc(Cl)cc5)[C@H]3O4)ccnc2N1
2889,7.454730584433863,N#C/C(=C\c1ccc(O)c(O)c1)C(=O)N[C@H]1CCCC[C@H]1NC(=O)/C(C#N)=C/c1ccc(O)c(O)c1
2890,7.454730584433863,N#C/C(=C\c1ccc(O)c(O)c1)C(=O)N[C@H]1CCCC[C@@H]1NC(=O)/C(C#N)=C/c1ccc(O)c(O)c1
2891,10.531376801511414,CC(C)(O)C#Cc1cc2c(-c3cn(C4CS(=O)(=O)C4)nc3-c3ccc(F)cc3)ncnc2o1
2892,10.532504834118708,CC(C)(O)C#Cc1cc2c(-c3cn(C4CC(S(C)(=O)=O)C4)nc3-c3ccc(F)cc3)ncnc2o1
2893,7.867767654440504,Nc1ncnc2c1c(-c1ccc(Br)c(O)c1)nn2C1CCCC1
2894,7.720834489537739,Nc1ncnc2c1c(-c1ccc(Br)c(O)c1)nn2C1CC1
2895,7.768955664626703,Nc1ncnc2c1c(-c1ccc(Br)c(O)c1)nn2C1CCC1
2896,7.895835456455502,Nc1ncnc2c1c(-c1ccc(Cl)c(O)c1)nn2C1CCCC1
2897,7.1282212261767395,Nc1ncnc2c1c(-c1ccc(F)c(O)c1)nn2C1CCCC1
2898,7.37827802863145,Nc1ncnc2c1c(-c1cccc(O)c1)nn2C1CCC1
2899,11.126304889784777,Fc1ccc(-c2nn(CC3CCCCC3)cc2-c2ncnc3oc(-c4ccccc4)cc23)cc1
2900,10.265118258427677,Fc1ccc(-c2nn(CC3CCC(F)(F)CC3)cc2-c2ncnc3oc(-c4ccc(N5CCCC5)cc4)cc23)cc1
2901,11.017882018732108,Fc1ccc(-c2nn(C3CCCCC3)cc2-c2ncnc3oc(-c4ccccc4)cc23)cc1
2902,10.264187439768754,Fc1ccc(-c2nn(C3CCC(F)(F)CC3)cc2-c2ncnc3oc(-c4ccc(N5CCCC5)cc4)cc23)cc1
2903,7.183806058804026,O=C(Nc1nc2ccccc2n1C1CCCCC1)c1cccc(C(F)(F)F)c1
2904,7.384302548966359,O=C(Nc1nc2ccccc2n1C1CCOCC1)c1cccc(C(F)(F)F)c1
2905,8.37730696220747,O=C(Nc1nc2ccccc2n1C1CCCCC1)c1ccnc(-c2ccc(F)cc2F)c1
2906,8.806318723404782,O=C(Nc1nc2ccccc2n1C1CCC(O)CC1)c1ccnc(-c2ccccc2)c1
2907,8.652216040703868,O=C(Nc1nc2ccccc2n1C1CCC(F)(F)CC1)c1ccnc(-c2cccnc2F)c1
2908,8.4181471091799,O=C(Nc1nc2ccccc2n1C1CCC(O)CC1)c1ccc(F)c(-c2cccnc2F)c1
2909,9.056842938124769,O=C(Nc1nc2ccccc2n1C1CCC(F)(F)CC1)c1ccnc(-c2cnn3c2OCC(F)(F)C3)c1
2910,9.29817492640742,O=C(Nc1nc2ccccc2n1C1CCC(O)CC1)c1ccnc(-c2cnn3c2OCC3)c1
2911,8.71955436128324,O=C(Nc1nc2ccccc2n1C1CCC(O)CC1)c1cccc(-c2cnn3cccnc23)c1
2912,8.530387124683175,O=C(Nc1nc2ccccc2n1C1CCCCC1)c1ccnc(-c2cccc(F)c2)c1
2913,8.660222300216802,O=C(Nc1nc2ccccc2n1C1CCC(O)CC1)c1cccc(-c2cccc(F)c2)n1
2914,8.249579175769385,O=C(Nc1nc2ccccc2n1C1CCCCC1)c1ccnc(-c2ccccc2)c1
2915,8.542075604162576,O=C(Nc1nc2ccccc2n1C1CCC(O)CC1)c1ccc(-c2ccccc2)nc1
2916,8.50692734226249,O=C(Nc1nc2ccccc2n1C1CCCCC1)c1ccnc(-c2ccccc2F)c1
2917,7.444857036980404,O=C(Nc1nc2ccccc2n1C1CCC(O)CC1)c1cccc(-c2ccccc2)c1
2918,8.969975439375066,O=C(Nc1nc2ccccc2n1C1CCC(O)CC1)c1ccnc(-c2ccc(F)cc2)c1
2919,8.845513848684877,O=C(Nc1nc2ccccc2n1C1CCC(F)(F)CC1)c1ccnc(-c2cccn3ncnc23)c1
2920,8.68026900045061,O=C(Nc1nc2ccccc2n1C1CCCCC1)c1ccnc(-c2ccncc2)c1
2921,8.180002442881248,O=C(Nc1nc2ccccc2n1C1CCC(O)CC1)c1ccc(-c2ccncc2)cc1
2922,8.908095852238034,O=C(Nc1nc2ccccc2n1C1CCC(F)(F)CC1)c1ccnc(-c2cnn(C(F)F)c2)c1
2923,8.639394788538295,O=C(Nc1nc2ccccc2n1C1CCC(O)CC1)c1ccnc(-c2cccc3cccnc23)c1
2924,8.594827114399212,O=C(Nc1nc2ccccc2n1C1CCC(O)CC1)c1ccc(-c2coc3cccnc23)cc1
2925,8.423112469678083,O=C(Nc1nc2ccccc2n1C1CCC(O)CC1)c1ccnc(Oc2ccccc2)c1
2926,8.587470494614962,O=C(Nc1nc2ccccc2n1C1CCC(O)CC1)c1ccnc(Oc2cccc(O)c2)c1
2927,8.26511508810049,Nc1ncnc2c1c(-c1ccc(Nc3ccccn3)cc1)nn2C1CCC(N2CCOCC2)CC1
2928,8.532848925520712,Nc1ncnc2c1c(-c1ccc(Nc3nc4ccccc4s3)cc1)nn2C1CCC(N2CCOCC2)CC1
2929,8.577047441053361,Nc1ncnc2c1c(-c1ccc3[nH]c(Cc4cccc(F)c4F)nc3c1)nn2C1CCC(N2CCOCC2)CC1
2930,8.628488097653761,Nc1ncnc2c1c(-c1ccc3[nH]c(Cc4ccc(F)c(F)c4)nc3c1)nn2C1CCC(N2CCOCC2)CC1
2931,8.287970897714057,Nc1ncnc2c1c(-c1ccc(Oc3ccccc3)cc1)nn2C1CCC(NC(=O)CCN2CCOCC2)CC1
2932,7.531983132962472,NC(=O)c1c(-c2ccc(Oc3ccc(F)cc3F)cc2)nn(C2CCCN(C(=O)C3CC3)C2)c1N
2933,7.54499034948233,NC(=O)c1c(-c2ccc(Oc3ccc(F)cc3F)cc2)nn(C2CCCN(C(=O)CC(F)(F)F)C2)c1N
2934,7.9232792372157235,NC(=O)c1c(-c2ccc(Oc3ncc(Cl)cc3F)cc2)nn(C2CCCN(C(=O)C3CC3)C2)c1N
2935,7.740214026334127,NC(=O)c1c(-c2ccc(Oc3ncc(Cl)cc3F)cc2)nn(C2CCCN(C(=O)CC(F)(F)F)C2)c1N
2936,7.7154838632654945,NC(=O)c1c(-c2ccc(Oc3cccc(C(F)(F)F)n3)cc2)nn(C2CCN(C(=O)C3CC3)CC2)c1N
2937,7.674349028335989,NC(=O)c1c(-c2ccc(Oc3cccc(C(F)(F)F)n3)cc2)nn(C2CCCN(C(=O)C3CC3)C2)c1N
2938,7.863429855689591,NC(=O)c1c(-c2ccc(Oc3ccc(Cl)cn3)cc2)nn(C2CCCN(C(=O)C3CC3)C2)c1N
2939,7.6486412817167695,NC(=O)c1c(-c2ccc(Oc3ccc(Cl)cn3)cc2)nn(C2CCCN(C(=O)CC(F)(F)F)C2)c1N
2940,8.111625502382564,Nc1ncnc2c1c(-c1ccc(Oc3ccccc3)cc1)nn2C1CCCN(C(=O)c2ccccc2)C1
2941,8.1137906231702,Nc1ncnc2c1c(-c1ccc(Oc3ccccc3)cc1)nn2C1CCCN(C(=O)CCCc2ccccc2)C1
2942,7.845413787346564,CC(C)N1CCCC(n2nc(-c3ccc(Oc4ncc(Cl)cc4F)cc3)c(C(N)=O)c2N)C1
2943,7.200150934744516,NC(=O)c1c(-c2ccc(Oc3cccc(C(F)(F)F)n3)cc2)nn(C2CCCNC2)c1N
2944,8.234111244488766,Nc1ncnc2c1c(-c1ccc(Oc3ccccc3)cc1)nn2C1CCCN(C(=O)CCN2CCOCC2)C1
2945,8.058703045261483,Nc1ncnc2c1c(-c1ccc(Oc3ccccc3)cc1)nn2C1CCCN(C(=O)C2CC2)C1
2946,7.701599010689521,NC(=O)c1c(-c2ccc(Oc3ccc(Cl)cc3)cc2)nn(C2CCCN(C(=O)C3CC3)C2)c1N
2947,7.719452979370698,NC(=O)c1c(-c2ccc(Oc3ccc(Cl)cc3)cc2)nn(C2CCCN(C(=O)C3CCC3)C2)c1N
2948,8.344662079666902,O=C(Nc1cc2c(Nc3ccc(F)c(Cl)c3)ncnc2cc1O[C@H]1CCOC1)N1CC(F)C1
2949,8.143316712803587,O=C(Nc1cc2c(Nc3ccc(F)c(Cl)c3)ncnc2cc1O[C@H]1CCOC1)N1CCC(F)(F)CC1
2950,7.413477321690437,NC(=O)c1c(-c2ccc(Oc3ccc(Cl)cc3)cc2)nn(C2CCCNC2)c1N
2951,7.4831265056042495,CN1CCC(n2nc(-c3ccc(Oc4ccc(Cl)cc4)cc3)c(C(N)=O)c2N)CC1
2952,7.5042811975685195,NC(=O)c1c(-c2ccc(Oc3ccccc3)cc2)nn(C2CCCNC2)c1N
2953,7.46683226451841,NC(=O)c1c(-c2ccc(Oc3ccccc3)cc2)nn(C2CCNCC2)c1N
2954,6.974600104413668,Nc1ncnc2c1c(-c1cccc(O)c1)nn2CC1CCCNC1
2955,6.8880094160790755,Nc1ncnc2c1c(-c1ccc(Cl)c(O)c1)nn2CC1CCNCC1
2956,9.791450945581364,COc1ccc(-c2nn(C3CCCOC3)cc2-c2ncnc3oc(-c4ccccc4)cc23)cc1
2957,9.807554877036953,COc1ccc(-c2nn(C3CCCOC3)cc2-c2ncnc3oc(-c4ccccc4)cc23)cn1
2958,12.058812450012363,O=S1(=O)CCC(Cn2cc(-c3ncnc4oc(-c5ccccc5)cc34)c(-c3ccc(F)cc3)n2)CC1
2959,10.211894467852591,O=S1(=O)CCC(Cn2cc(-c3ncnc4oc(-c5ccccc5)cc34)c(-c3ccccc3)n2)CC1
2960,10.364394129585243,O=S1(=O)CCCC(n2cc(-c3ncnc4oc(-c5ccc(Cl)cc5)cc34)c(-c3ccccc3)n2)C1
2961,10.194897335683851,O=S1(=O)CCCC(n2cc(-c3ncnc4oc(-c5ccccc5)cc34)c(-c3ccccc3)n2)C1
2962,8.422306323250197,COCCOc1ccc(Nc2ncnc3sc(C#CC4CCCN4)cc23)cc1Cl
2963,8.598545004518128,COc1ccc(COc2ccc(Nc3ncnc4sc(C#CC5CCCN5)cc34)cc2Cl)cc1
2964,7.402635750710519,Nc1ncnc2c1c(-c1ccc(Br)cc1)nn2CC1CCCN1
2965,8.266765717748319,COCCOc1cc2ncnc(Nc3ccc(F)c(Cl)c3)c2c2c1OCCO2
2966,8.53332833704671,Fc1ccc(Nc2ncnc3cc(OCC4CCOCC4)c4c(c23)OCCO4)cc1Cl
2967,9.090993829113883,CN1CCN(CCCOc2cc3ncnc(Nc4ccc(F)c(Cl)c4)c3cc2NC(=O)C2CC2)CC1
2968,9.174580180833628,CN1CCN(CCCOc2cc3ncnc(Nc4ccc(F)c(Cl)c4)c3cc2NC(=O)C2CCCCC2)CC1
2969,8.78463309945444,N#CCC[C@@H](Nc1ncnc2c(Cl)cc(NC(c3ccc(F)cc3)c3cn(CCO)nn3)cc12)c1ccccc1
2970,8.723067026754917,N#CCC[C@@H](Nc1ncnc2c(Cl)cc(NC(c3ccc(F)cc3)c3cn(CC(F)F)nn3)cc12)c1ccccc1
2971,8.768375662943747,O=C1Cc2[nH]c(-c3ccnc(NC(=O)C(CCO)c4ccc(F)cc4)c3)c(Nc3ccccc3)c2C2(CC2)N1
2972,8.669833855170223,O=C1Cc2[nH]c(-c3ccnc(NC(=O)C(CO)c4ccc(F)cc4)c3)c(Nc3ccccc3)c2C2(CC2)N1
2973,8.418526354047259,O=C(Nc1cc(-c2[nH]c3c(c2Nc2ccccc2)C(=O)NC2(CC2)C3)ccn1)c1ccc(F)cc1
2974,6.692899674266589,O=C(Nc1cccc(Nc2ccnc(Nc3cccc(C(F)(F)F)c3)n2)c1)C1CC1
2975,7.773099641532554,O=C(Nc1cccc(Nc2cc(Nc3cccc(C(F)(F)F)c3)ncn2)c1)C1CCCCC1
2976,7.663028188705843,O=c1c2ccc(Cl)cc2nc(-c2ccccc2)n1-c1nnc(-c2ccccc2)o1
2977,7.867434231695157,Cc1ccccc1-c1nnc(-n2c(-c3ccccc3)nc3cc(Cl)ccc3c2=O)o1
2978,7.488957915561355,O=c1c2ccccc2nc(-c2ccccc2)n1-c1nnc(C2CC2)s1
2979,7.520615158741629,O=c1c2ccc(Cl)cc2nc(-c2ccccc2)n1-c1nnc(C2CCC2)s1
2980,9.010115812293996,O=C(c1c(F)ccc(NS(=O)(=O)c2ccc(C(F)(F)F)cc2)c1F)c1c[nH]c2ncnc(NC3CCC3)c12
2981,8.706859455510495,COc1cc2ncnc(Nc3ccc(OCC4CC4)c(Cl)c3)c2cc1NC(=O)c1cc([N+](=O)[O-])ccc1F
2982,8.650582080965627,O=C(Nc1cc2c(Nc3ccc(OCC4CC4)c(Cl)c3)ncnc2cc1OCCCn1ccnc1)c1ccccc1
2983,9.036777458670223,O=C(/C=C/CO)Nc1cc2c(Nc3ccc(F)c(Cl)c3)ncnc2cc1OCC1CC1
2984,9.16261516364807,O=C(/C=C/CN1CCCC1)Nc1cc2c(Nc3ccc(F)c(Cl)c3)ncnc2cc1OCC1CC1
2985,8.272110676675142,CC(C)N(CC#CC(=O)Nc1ccc2ncc(C#N)c(Nc3cccc(Br)c3)c2c1)C1CC1
2986,8.598919617259902,N#Cc1cnc2ccc(NC(=O)C#CCN(C3CC3)C3CC3)cc2c1Nc1ccc2[nH]ncc2c1
2987,8.644975699230127,N#CCC[C@H](Nc1ncnc2c(Cl)cc(NC(c3ccc(F)cc3)c3cn(C4CC4)nn3)cc12)c1ccccc1
2988,8.643506637100899,N#CCC(Nc1ncnc2ccc(NC(c3ccc(F)cc3)c3cn(CCO)nn3)cc12)c1ccccc1
2989,8.499259330645168,N#CCC(Nc1ncnc2ccc(NC(c3ccc(F)cc3)c3cn(CC(F)(F)F)nn3)cc12)c1ccccc1
2990,8.558741680212187,Fc1ccc(C(Nc2ccc3ncnc(Nc4cnc(F)c(F)c4)c3c2)c2cn(C3CC3)nn2)cc1
2991,8.72662845830586,Fc1cncc(Nc2ncnc3ccc(NC(c4ccccc4)c4cn(C5CC5)nn4)cc23)c1
2992,9.019819264917457,N#Cc1cnc2c(Cl)cc(NC(c3ccc(F)nc3)c3cn(C4CC4)nn3)cc2c1NCC1CC1
2993,8.940773147463181,N#Cc1cnc2c(Cl)cc(NC(c3ccc(F)nc3)c3cn(C4CC4)nn3)cc2c1NCc1ccccn1
2994,9.144206665776057,N#Cc1cnc2c(Cl)cc(N[C@](O)(C3=CN(C4CC4)NN3)c3cccnc3Cl)cc2c1NCc1ccccc1
2995,9.176683385425507,N#Cc1cnc2c(Cl)cc(N[C@](O)(C3=CN(C4CC4)NN3)c3cccnc3Cl)cc2c1NCC1CC1
2996,9.430350367345456,N#Cc1cnc2c(Cl)cc(N[C@](O)(C3=CN(C4CC4)NN3)c3cccnc3F)cc2c1NCC1CC1
2997,9.42267422659389,N#Cc1cnc2c(Cl)cc(N[C@](O)(C3=CN(C4CC4)NN3)c3cccnc3F)cc2c1NCc1ccccc1
2998,8.69231459253872,N#Cc1cc(N[C@@H](C2=CN(C3CC3)NC2)c2ccc(F)cc2)c2cnc(C#N)c(N[C@H](CO)c3ccccc3)c2c1
2999,8.443623332129853,N#Cc1cc(N[C@@H](C2=CN(C3CC3)NC2)c2ccc(F)cc2)c2cnc(C#N)c(NCc3ccccc3)c2c1
3000,8.690097065765856,N#CCC[C@H](Nc1c(C#N)cnc2c(Cl)cc(N[C@@H](C3=CNC3)c3ccc(F)nc3)cc12)c1ccccc1
3001,9.453868774070141,N#Cc1cnc2c(Cl)cc(N[C@@H](C3=CN(C4CC4)NN3)c3ccc(F)cc3)cc2c1NCc1ccccn1
3002,8.690097065765856,N#CCC[C@@H](Nc1c(C#N)cnc2c(Cl)cc(N[C@@H](C3=CNC3)c3ccc(F)nc3)cc12)c1ccccc1
3003,9.00753310429283,N#Cc1cnc2c(Cl)cc(N[C@@H](C3=CNCC3)c3ccc(F)nc3)cc2c1NC1C2CC3CC(C2)CC1C3
3004,9.321346827175951,N#Cc1cnc2c(Cl)cc(N[C@@H](C3=CN(CCF)CC3)c3ccc(F)nc3)cc2c1NC1C2CC3CC(C2)CC1C3
3005,9.22687087911084,N#Cc1cnc2c(Cl)cc(N[C@@H](C3=CN(C4CC4)NC3)c3csc4c3CCN(CCO)C4)cc2c1NC1CC1
3006,9.262552839192821,N#Cc1cnc2c(Cl)cc(N[C@@H](C3=CN(CCO)NC3)c3csc4c3CCN(C3CC3)C4)cc2c1NCC1CC1
3007,8.803389050083243,N#CCCNc1c(C#N)cnc2c(Cl)cc(N[C@H](c3cn(C4CC4)[nH]3)c3cccc4ncsc34)cc12
3008,9.05033665654668,N#Cc1cnc2c(Cl)cc(N[C@H](C3=CN(C4CC4)NC3)c3cccc4ncsc34)cc2c1NCc1ccccn1
3009,9.057861205795028,N#CCCNc1c(C#N)cnc2c(Cl)cc(N[C@H](C3=CN(C4CC4)NC3)c3cccc4c3CNC4)cc12
3010,8.85861874483846,N#Cc1cnc2c(Cl)cc(N[C@H](C3=CN(C4CC4)NC3)c3cccc4c3CNC4)cc2c1NCCO
3011,8.397044455142199,N#CCC[C@@H](Nc1c(C#N)cnc2c(Cl)cc(N[C@H](C3=CNC3)c3cccnc3)cc12)c1ccccc1
3012,9.270477482730108,N#Cc1cnc2c(Cl)cc(N[C@H](C3=CN(C4CC4)NN3)c3cccnc3)cc2c1NCc1ccccc1
3013,9.246340781061281,N#Cc1cc(N[C@H](C2=CN(C3CC3)NC2)c2csc3c2CCN(C2CCOCC2)C3)c2cnc(C#N)c(NCCO)c2c1
3014,9.073647658891264,N#CCC[C@@H](Nc1c(C#N)cnc2c(Cl)cc(N[C@H](C3=CNC3)c3csc4c3CCN3CCCC43)cc12)c1ccccc1
3015,8.779568329458504,N#Cc1cnc2c(Cl)cc(N[C@H](C3=CN(C4CC4)NC3)c3csc4c3CCN(CCO)C4)cc2c1N
3016,9.22687087911084,N#Cc1cnc2c(Cl)cc(N[C@H](C3=CN(C4CC4)NC3)c3csc4c3CCN(CCO)C4)cc2c1NC1CC1
3017,8.68195319618124,N#CCC[C@H](Nc1c(C#N)cnc2c(Cl)cc(NC(C3=CNC3)c3ccc(F)nc3)cc12)c1ccccc1
3018,9.061059003503999,N#CCC[C@@H](Nc1c(C#N)cnc2c(Cl)cc(NC(C3=CN(C4CC4)NC3)c3ccc(F)nc3)cc12)c1ccccc1
3019,8.68195319618124,N#CCC[C@@H](Nc1c(C#N)cnc2c(Cl)cc(NC(C3=CNC3)c3ccc(F)nc3)cc12)c1ccccc1
3020,8.746709423123496,N#CCC[C@@H](Nc1c(C#N)cnc2c(Cl)cc(NC(C3=CNCC3)c3ccc(F)nc3)cc12)c1ccccc1
3021,9.12989525678289,CC(C)Nc1c(C#N)cnc2c(Cl)cc(NC(C3=CN(C)NN3)c3ccc(F)nc3)cc12
3022,8.808223518430026,N#Cc1cnc2c(Cl)cc(NC(C3=CN(CCO)CC3)c3ccc(F)nc3)cc2c1N[C@H](CO)c1ccccc1
3023,8.533477259653042,O=C(Nc1cc(-c2[nH]c3c(c2Nc2ccccc2)C(=O)N(C2CC2)CC3)ccn1)c1ccc(F)cc1
3024,8.55042192248574,O=C(Nc1cc(-c2[nH]c3c(c2Nc2ccccc2)C(=O)N(C2CC2)CC3)ccn1)c1cccc(F)c1
3025,7.97778522655377,O=C(Nc1ccc(-c2cc3c(Nc4ccc(Oc5cccc(C(F)(F)F)c5)c(F)c4)ncnc3s2)cc1)NC1CC1
3026,8.311886916547785,O=C(Nc1ccc(-c2cc3c(Nc4ccc(Oc5cccc(C(F)(F)F)c5)c(Cl)c4)ncnc3s2)cc1)C1CC1
3027,9.144090656031821,COc1cc2ncnc(Nc3ccc(F)c(Cl)c3)c2cc1NC(=O)/C=C/CNC1CC1
3028,9.04792644520127,O=C(/C=C/CNCCO)Nc1cc2c(Nc3ccc(F)c(Cl)c3)ncnc2cc1OC(F)F
3029,8.624945886317693,COCCNC(=O)Nc1cc2c(Nc3ccc(F)c(Cl)c3)ncnc2cc1OCC(F)(F)F
3030,8.611175814974192,O=C(/C=C/CO)Nc1cc2c(Nc3ccc(F)c(Cl)c3)ncnc2cc1OCC(F)(F)F
3031,11.096969373457545,O=S1(=O)CC(n2cc(-c3ncnc4oc(C5=CCN(CCO)CC5)cc34)c(-c3ccc(F)cc3)n2)C1
3032,10.567725600724094,O=C(OC1CCCC1)N1CC=C(c2cc3c(-c4cn(C5CS(=O)(=O)C5)nc4-c4ccc(F)cc4)ncnc3o2)CC1
3033,8.816595269930351,O=C1NCCc2[nH]c(-c3ccnc(NC(=O)C(CCO)c4ccc(F)cc4)c3)c(Nc3cccc(F)c3Cl)c21
3034,8.834970853620792,O=C1NC2(CC2)Cc2[nH]c(-c3ccnc(NC(=O)C(CO)c4ccc(F)cc4)c3)c(Nc3cccc(F)c3Cl)c21
3035,8.721056988597864,O=C1NC2(CCC2)c2c1[nH]c(-c1ccnc(NC(=O)C(CCO)c3ccc(F)cc3)c1)c2Nc1ccccc1
3036,8.771354626082402,O=C1Cc2[nH]c(-c3ccnc(NC(=O)C(CCO)c4ccc(F)cc4)c3)c(Nc3ccccc3)c2C2(CCC2)N1
3037,8.700594407576146,O=C(Cc1ccccc1)Nc1cc(-c2[nH]c3c(c2Nc2cccc(F)c2Cl)C(=O)NC2(CCC2)C3)ccn1
3038,8.277328962788738,O=C(CCc1ccccc1)Nc1cc(-c2[nH]c3c(c2Nc2ccccc2)C(=O)NC2(CCC2)C3)ccn1
3039,8.293661298030107,O=C(Cc1ccccc1)Nc1cc(-c2[nH]c3c(c2Nc2ccccc2)C(=O)NC2(CCC2)C3)ccn1
3040,7.407791127796356,CNc1ncnc2ccc(NC(=O)C3CCC4(CC3)CC3(CC3)OO4)cc12
3041,8.594051312165593,O=C(Nc1ccc2ncnc(Nc3cccc(Cl)c3)c2c1)C1CCC2(CC1)OCC1(CC1)O2
3042,8.71614647188136,O=C(Nc1ccc2ncnc(Nc3cccc(Cl)c3)c2c1)C1CCC2(CC1)OCC1(CC(O)C1)O2
3043,8.565957565968535,O=C(Nc1ccc2ncnc(Nc3cccc(Cl)c3)c2c1)C1CCC2(CC1)OC1(CC(O)C1)O2
3044,7.3025261271152075,O=C(Nc1ccc2nccc(Nc3cccc(Cl)c3)c2c1)C1CCC2(CC1)OC1(CC1)O2
3045,7.518535637863296,O=C(Nc1ccc2nccc(Nc3cccc(Cl)c3)c2c1)C1CCC2(CC1)OCC1(CCC1)O2
3046,7.842002050773074,CN(C(=O)C1CCC2(CC1)OCC1(O2)C2CCC1C2)c1ccc2nccc(Nc3cccc(Cl)c3)c2c1
3047,6.6140639118215985,N#CC1=C(N)N(c2cccnc2)C2=C(C(=O)CCC2)C1c1cc2cc(Cl)ccc2n2nnnc12
3048,7.962287593701992,COc1cnccc1-c1[nH]c2c(c1Nc1cccc3c1CCC3)CCNC2=O
3049,9.630005376615312,O=C1NCCc2[nH]c(-c3ccncc3OCC3CC3)c(Nc3cccc4c3CCO4)c21
3050,7.919320038846201,Nc1ccc2c(Nc3ccc4c(c3)CCC4)ncnc2c1
3051,8.00272719316037,Nc1ccc2ncnc(Nc3ccc4c(c3)CCCO4)c2c1
3052,7.904458155085001,O=C(Nc1ccccn1)C(c1n[nH]c2c1CCC2)N1Cc2ccccc2C1=O
3053,7.951191003078971,O=C(Nc1nccs1)C(c1n[nH]c2c1CCC2)N1CCc2ccccc2C1
3054,7.648840226759619,OC[C@H](Nc1ncnc2sc3c(c12)CCCC3)c1ccccc1
3055,7.648840226759619,OC[C@@H](Nc1ncnc2sc3c(c12)CCCC3)c1ccccc1
3056,9.235580732453482,O=C(/C=C/CN1CCOCC1)N1CCCc2c(sc3ncnc(Nc4ccc(F)c(Cl)c4)c23)C1
3057,9.139128738589134,O=C(/C=C/CN1CCOCC1)N1CCCc2c(sc3ncnc(Nc4ccc(Cl)c(Cl)c4)c23)C1
3058,8.396386725993628,O=C(Nc1nccs1)C(c1ncn2c1CCC2)n1cc2c(Cl)cc(-c3ccccc3)c(Cl)c2n1
3059,8.394160776420112,O=C(Nc1nccs1)[C@H](c1ncn2c1CCC2)n1cc2c(Cl)cc(-c3ccccc3)c(Cl)c2n1
3060,8.643429861599262,O=C(Nc1nccs1)C(c1ncn2c1CCC2)n1cc2c(F)cc(C#Cc3ccccc3)cc2n1
3061,8.771464416981095,O=C(Nc1nccs1)[C@H](c1ncn2c1CCC2)n1cc2c(F)cc(C#Cc3ccc(O)cc3)cc2n1
3062,8.525230625055851,O=C(Nc1nccs1)C(c1ncn2c1CCC2)N1Cc2ccc(C#Cc3ccccc3)cc2C1=O
3063,8.176587115368482,O=C(Nc1nccs1)C(c1ncn2c1CCC2)N1Cc2ccc(Cl)cc2C1=O
3064,8.257001922803997,O=C(Nc1cccnc1)C(c1ncn2c1CCC2)N1Cc2ccc(C#Cc3ccccc3)cc2C1=O
3065,8.100559292592411,O=C(Nc1nccs1)C(c1ncn2c1CCC2)N1Cc2ccc(F)cc2C1=O
3066,8.842641852936271,O=C(Nc1nccs1)C(c1ncn2c1CCC2)N1Cc2c(cc(C#Cc3ccccn3)cc2C(F)F)C1=O
3067,8.90145423850442,O=C(Nc1nccs1)C(c1ncn2c1CCC2)N1Cc2c(cc(C#Cc3cccnc3)cc2C(F)F)C1=O
3068,8.671716014440571,O=C(Nc1nccs1)C(c1ncn2c1CCC2)N1Cc2c(F)cc(C#Cc3ccccc3)cc2C1=O
3069,8.657767996337288,O=C(Nc1nccs1)C(c1ncn2c1CCC2)N1Cc2c(F)cc(C#Cc3ccc(F)cc3)cc2C1=O
3070,8.648168904616103,O=C(Nc1nccs1)[C@@H](c1ncn2c1CCC2)N1Cc2c(F)cc(C#Cc3ccccc3)cc2C1=O
3071,8.464396228577998,Nc1cccc(C#Cc2cc(F)c3c(c2)C(=O)N(C(C(=O)Nc2nccs2)c2ncn4c2CCC4)C3)c1
3072,8.454004000523218,Nc1ccc(C#Cc2cc(F)c3c(c2)C(=O)N(C(C(=O)Nc2nccs2)c2ncn4c2CCC4)C3)cc1
3073,8.464542117191618,O=C(Nc1nccs1)C(c1ncn2c1CCC2)N1Cc2c(Cl)cc(C#Cc3ccccc3)cc2C1=O
3074,8.452628740486082,O=C(Nc1nccs1)C(c1ncn2c1CCC2)N1Cc2ccccc2C1=O
3075,8.350491074454048,O=C(Nc1nccs1)C(c1ncn2c1CCC2)N1CCc2ccccc2C1=O
3076,8.072343087245436,O=C(Nc1nccs1)C(c1ncn2c1CCC2)N1CCc2ccccc2C1
3077,8.96159178167946,O=C(/C=C/CN1CC2CCC1C(=O)C2)Nc1cc2c(Nc3cccc(Cl)c3)ncnc2s1
3078,9.370707859477413,O=C(/C=C/CN1CC2CCC1C(=O)C2)Nc1cc2c(Nc3ccc(F)c(Cl)c3)ncnc2s1
3079,9.269538636977048,O=C(/C=C/CN1CC2CCC1CC2)N1CCc2c(sc3ncnc(Nc4ccc(F)c(Cl)c4)c23)C1
3080,8.693477255247899,O=C(/C=C/CO)N1CCc2c(sc3ncnc(Nc4ccc(F)c(Cl)c4)c23)C1
3081,11.539608734422384,Fc1ccc(-c2nn(C3CCCCC3(F)F)cc2-c2ncnc3oc(-c4ccncc4)cc23)cc1
3082,10.92613249119566,Fc1ccc(-c2cc3c(-c4cn(C5CCCCC5(F)F)nc4-c4ccc(F)cc4)ncnc3o2)cc1
3083,11.544260903269617,Fc1ccc(-c2nn([C@H]3CCCCC3(F)F)cc2-c2ncnc3oc(-c4ccncc4)cc23)cc1
3084,10.782990659150915,Fc1ccc(-c2nn([C@H]3CCCCC3(F)F)cc2-c2ncnc3oc(-c4ccc(Cn5ccnc5)cc4)cc23)cc1
3085,10.591679892207482,NC(=O)c1ccc(-c2nn(C3CCCCC3(F)F)cc2-c2ncnc3oc(-c4ccccc4)cc23)cc1
3086,10.60815230814079,NC(=O)c1ccc(-c2nn(C3CCCCC3(F)F)cc2-c2ncnc3oc(-c4ccc(F)cc4)cc23)cc1
3087,8.48014750762521,O=C(Nc1cccc(-c2nc3sccn3c2-c2ccnc(Nc3ccc(N4CCOCC4)cc3)n2)c1)C1CC1
3088,8.485625959075728,O=C(Nc1cccc(-c2nc3sccn3c2-c2ccnc(Nc3ccc(N4CCOCC4)cc3)n2)c1)C1CCCCC1
3089,8.633519998285477,Nc1ncnc2c1c(C(=O)c1ccc(NC(=O)Nc3ccc(Cl)cc3)cc1)cn2C1CCCC1
3090,9.048262507401649,Nc1ncnc2c1c(C(=O)c1ccc(NC(=O)Nc3ccc(Cl)cc3Cl)cc1)cn2C1CCCC1
3091,8.930663975116593,Nc1ncnc2c1c(C(=O)c1ccc(NC(=O)Nc3c(F)cccc3F)cc1)cn2C1CCCC1
3092,9.100919946927709,Nc1ncnc2c1c(C(=O)c1cccc(NC(=O)Nc3ccc(Cl)cc3)c1)cn2C1CCCC1
3093,8.427381917604297,Nc1ncnc2c1c(C(=O)c1cccc(NC(=O)Nc3ccccc3)c1)cn2C1CCCC1
3094,8.648060721924937,Nc1ncnc2c1c(C(=O)c1ccc(NS(=O)(=O)c3c(F)cccc3F)cc1)cn2C1CCCC1
3095,8.33218312843115,Nc1ncnc2c1c(C(=O)c1cccc(NS(=O)(=O)c3ccccc3)c1)cn2C1CCCC1
3096,8.262393307442489,Nc1ncnc2c1c(C(=O)c1ccc(NC(=O)Nc3ccccc3)cc1)cn2C1CCCC1
3097,8.527297929707508,Nc1ncnc2c1c(C(=O)c1ccc(NC(=O)Nc3ccc(F)cc3)cc1)cn2C1CCCC1
3098,8.306981294242634,Nc1ncnc2c1c(C(=O)c1ccc(NS(=O)(=O)c3ccccc3)cc1)cn2C1CCCC1
3099,8.396875300585213,Nc1ncnc2c1c(-c1nc3ccc(NC(=O)Nc4cccc(Cl)c4)cc3[nH]1)cn2C1CCCC1
3100,8.627628910267083,Nc1ncnc2c1c(-c1nc3ccc(NC(=O)Nc4cccc(F)c4)cc3[nH]1)cn2C1CCCC1
3101,8.75997752065173,Nc1ncnc2c1c(-c1nc3ccc(NC(=O)Nc4c(F)cccc4F)cc3[nH]1)cn2C1CCCC1
3102,8.608619323736798,Nc1ncnc2c1c(-c1nc3ccc(NS(=O)(=O)c4cccc(F)c4)cc3[nH]1)cn2C1CCCC1
3103,8.771277508876215,O=C(Nc1nc2ccccc2n1C1CCCC1)c1ccc(-c2cccnc2)nc1
3104,8.110430645621097,O=C(Nc1nc2ccccc2n1C1CCCC1)c1ccc(-c2cccnc2)cc1
3105,7.522844719191577,Nc1ncnc2c1c(-c1cccc(O)c1)nn2C1CCCC1
3106,6.952358908475394,Nc1ncnc2c1c(-c1cccc(O)c1F)nn2C1CCC1
3107,7.46779473401266,Nc1ncnc2c1c(-c1cccc3[nH]ccc13)nn2C1CCNCC1
3108,7.437284072428994,Nc1ncnc2c1c(-c1cccc3[nH]ccc13)nn2C1CCCCC1
3109,7.790932285038834,Nc1ncnc2c1c(-c1ccc(Br)c(O)c1)nn2C1CCCCC1
3110,7.781101777299286,Nc1ncnc2c1c(-c1ccc(Cl)c(O)c1)nn2C1CCCCC1
3111,7.331741962965293,Nc1ncnc2c1c(-c1ccc(F)c(O)c1)nn2C1CCCCC1
3112,7.368393971475051,Nc1ncnc2c1c(-c1cc(O)cc(F)c1)nn2C1CCCC1
3113,7.188585376364017,Nc1ncnc2c1c(-c1ccc(O)c(F)c1)nn2C1CCCC1
3114,7.43497678168028,Nc1ncnc2c1c(-c1cc(O)cc(F)c1)nn2C1CCCCC1
3115,7.67665704502532,Nc1ncnc2c1c(-c1ccc(CNC(=O)c3ccccc3)cc1)nn2C1CCCC1
3116,7.950762813837316,Nc1ncnc2c1c(-c1ccc(CNC(=O)c3cccc(F)c3)cc1)nn2C1CCCC1
3117,7.907100694544469,Nc1ncnc2c1c(-c1ccc(CNC(=O)c3ccc(F)cc3)cc1)nn2C1CCCC1
3118,7.647324371541567,Nc1ncnc2c1c(-c1ccc(CNC(=O)c3cccnc3)cc1)nn2C1CCCC1
3119,7.700760528065904,Nc1ncnc2c1c(-c1ccc(CNC(=O)c3cc4ccccc4o3)cc1)nn2C1CCCC1
3120,7.626096893249006,Nc1ncnc2c1c(-c1ccc(CNC(=O)c3cccc4ccccc34)cc1)nn2C1CCCC1
3121,7.45883374590611,Nc1ncnc2c1c(-c1ccc3[nH]ccc3c1)nn2C1CCCC1
3122,7.496259881011409,Nc1ncnc2c1c(-c1ccc3cc[nH]c3c1)nn2C1CCOCC1
3123,7.493422349913262,Nc1ncnc2c1c(-c1ccc3[nH]ncc3c1)nn2C1CCCC1
3124,7.438774870139883,Nc1ncnc2c1c(-c1ccc3cc[nH]c3c1)nn2C1CCCC1
3125,7.350627503234193,Nc1ncnc2c1c(-c1ccc3ncccc3c1)nn2C1CCCCC1
3126,7.480185593384349,Nc1ncnc2c1c(-c1ccc3[nH]ccc3c1)nn2C1CCNCC1
3127,7.537823487640324,Nc1ncnc2c1c(-c1ccc3[nH]ncc3c1)nn2C1CCNCC1
3128,7.636688318464177,Nc1ncnc2c1c(-c1ccc3ccccc3c1)nn2C1CCCC1
3129,7.383876567753975,Nc1ncnc2c1c(-c1cnc3ccccc3c1)nn2C1CCCCC1
3130,7.530416443254256,Nc1ncnc2c1c(-c1cnc3[nH]ccc3c1)nn2C1CCNCC1
3131,7.502923847705699,Nc1ncnc2c1c(-c1cnc3[nH]ccc3c1)nn2C1CCCCC1
3132,7.187952241967357,NC(=O)c1ncc(N2CCC[C@@H](N)C2)nc1Nc1ccc(C2CCN(C(=O)C3CC3)CC2)cc1
3133,7.223836515382765,NC(=O)c1ncc(N2CCC[C@@H](N)C2)nc1Nc1ccc(C2CCN(C(=O)C3CCC3)CC2)cc1
3134,7.964277455233386,NC(=O)c1ncc(N2CCC[C@@H](N3Cc4ccccc4C3=O)C2)nc1Nc1ccc(C2CCNCC2)cc1
3135,7.76993676665087,NC(=O)c1ncc(N2CCC[C@@H](N3Cc4ccccc4C3=O)C2)nc1Nc1ccc(N2CCCCC2)cc1
3136,8.278128076963002,CN1CCC(c2ccc(Nc3nc(N4CCC[C@@H](NC(=O)c5cncc(F)c5)C4)cnc3C(N)=O)cc2)CC1
3137,7.856979301790449,NC(=O)c1ncc(N2CCC[C@@H](NC(=O)c3cncc(F)c3)C2)nc1Nc1ccc(N2CCOCC2)cc1
3138,7.326758510557087,NC(=O)c1ncc(N2CCC[C@@H](NC(=O)C3CC3)C2)nc1Nc1ccc(C2CCN(C3CCCC3)CC2)cc1
3139,7.3055519248741305,NC(=O)c1ncc(N2CCC[C@@H](NC(=O)C3CC3)C2)nc1Nc1ccc(C2CCN(C3CC3)CC2)cc1
3140,7.353906840401526,NC(=O)c1ncc(N2CCC(NC(=O)C3CC3)CC2)nc1Nc1ccc(C2CCN(C3CCCC3)CC2)cc1
3141,7.351663610175141,NC(=O)c1ncc(N2CCC(NC(=O)C3CC3)CC2)nc1Nc1ccc(C2CCN(C3CCC3)CC2)cc1
3142,7.316413073935492,CN1CCC(c2ccc(Nc3nc(N4CCC[C@@H](NC(=O)CCC#N)C4)cnc3C(N)=O)cc2)CC1
3143,7.0810080517461715,NC(=O)c1ncc(N2CCC[C@@H](N)C2)nc1Nc1ccc(C2CCN(C3CCCC3)CC2)cc1
3144,7.34890722893441,O=C(NCCCN1CCCC1=O)c1cnc(NCCc2ccccc2Cl)nc1NC1CCCC1
3145,7.63190659035298,O=C(NCCCN1CCCC1=O)c1cnc(NCCc2ccccc2F)nc1NC1CCCC1
3146,7.767039071273508,O=C(NCCCN1CCOC1=O)c1cnc(NCCc2ccccc2F)nc1NC1CCCC1
3147,7.6465506645445025,O=C(NCCCN1CCOC1=O)c1cnc(NCc2ccccc2Cl)nc1NC1CCCC1
3148,8.934475378200823,O=C(c1c(F)ccc(NS(=O)(=O)c2ccc(C(F)(F)F)cc2)c1F)c1c[nH]c2ncnc(N3CCC3)c12
3149,8.532841492130725,O=C(Nc1ccc2ncnc(Nc3cccc(Cl)c3)c2c1)C1CC1
3150,8.488299029727438,O=C(Nc1ccc2ncnc(Nc3cccc(Cl)c3)c2c1)C1CCCC1
3151,6.070695501458709,c1ccc(C(CC2CCCCN2)C2CCCCC2)cc1
3152,6.577728634293531,C1CCC(C(CC2CCCCN2)C2CCCCC2)CC1
3153,7.755012953692369,CN1CCC(n2cnc(-c3ccc(F)cc3)c2-c2ccnc(N)n2)CC1
3154,7.651318304777892,Nc1nccc(-c2c(-c3ccc(F)cc3)ncn2C2CCCC2)n1
3155,6.573603874365182,N#C/C(=C/c1ccc(O)c(O)c1)C(=O)NC1CCCC1
3156,6.760892295007165,N#C/C(=C/c1ccc(O)c(O)c1)C(=O)NC1CCCCCC1
3157,8.489551261507367,O=C(Nc1cccc(Oc2ccc(Nc3ncnc4ccn(CCO)c34)cc2Cl)c1)NC1CC1
3158,8.555909917768616,CNC(=O)Nc1cccc(Oc2ccc(Nc3ncnc4ccn(CCOCCO)c34)cc2Cl)c1
3159,8.124157925650607,O=C(Nc1ccc(Nc2ncnc3cc4oc(=O)n(CCO)c4cc23)cc1)NC1CCCCC1
3160,7.777123895021698,CC(=O)Nc1ccc(Nc2ncnc3cc4oc(=O)n(CCOC(C)=O)c4cc23)cc1
3161,6.174545007272373,O=C(Nc1cccc(NC(=O)c2ccccc2)c1)NC1CCCCC1
3162,6.601521986085674,O=C(Nc1cccc(NC(=O)c2ccncc2)c1)NC1CCCCC1
3163,6.629754184858297,O=C(N/N=C1\CC2(CCCC2)Oc2ccccc21)Nc1ccccc1
3164,6.737256737408246,Cc1ccc(NC(=O)N/N=C2\CC3(CCCC3)Oc3ccccc32)cc1
3165,7.408439950976585,O=C(N/N=C1\CC2(CCCCC2)Oc2c1ccc1ccccc21)C1C2CC3CC(C2)CC1C3
3166,6.944301670212625,NCCCCC(=O)N/N=C1\CC2(CCCCC2)Oc2c1ccc1ccccc21
3167,7.007931277162137,NCCCCCC(=O)N/N=C1\CC2(CCCCC2)Oc2c1ccc1ccccc21
3168,8.458297099723318,CC1(C)OC2(CCC(C(=O)Nc3ccc4ncnc(Nc5cccc(Cl)c5)c4c3)CC2)O1
3169,8.158212703565875,N#Cc1c(NC(=O)CCNc2n[nH]c3ncccc23)sc2c1CCCC2
3170,7.596926279300074,N#Cc1c(NC(=O)CNc2n[nH]c3ccccc23)sc2c1CCCC2
3171,7.616050290385839,c1cc2c(c(Nc3ncnc4ccccc34)c1)CCCC2
3172,8.085875745991824,COc1ccc2ncnc(Nc3cccc4c3CCCC4)c2c1
3173,7.625084827000683,OC[C@@H](Nc1ncnc2sc3c(c12)CCC3)c1ccccc1
3174,7.855147647811706,Fc1ccc(Nc2ncnc3sc4c(c23)CCCC4)cc1
3175,8.03558801011007,Fc1ccc(Nc2ncnc3sc4c(c23)CCCCC4)cc1Cl
3176,8.38729471519137,Clc1cc(Nc2ncnc3sc4c(c23)CCCC4)ccc1OCc1cccnc1
3177,8.386829338809777,Clc1cc(Nc2ncnc3sc4c(c23)CCCC4)ccc1OCc1ccccn1
3178,7.8752921778932246,COc1cccc(Nc2ncnc3sc4c(c23)CCCC4)c1
3179,8.650441561458216,Brc1cccc(Nc2ncnc3sc4c(c23)CCCCC4)c1
3180,8.07897392725648,O=C(Nc1ccc(Nc2ncnc3sc4c(c23)CCCC4)cc1)Nc1ccccc1F
3181,7.827196771803793,O=C(Nc1ccc(Nc2ncnc3sc4c(c23)CCCC4)cc1)Nc1ccccc1C(F)(F)F
3182,7.741287000848587,O=C(Nc1ccc(Oc2ncnc3sc4c(c23)CCCC4)cc1)Nc1cccc(O)c1
3183,7.82693208908264,O=C(Nc1ccc(Oc2ncnc3sc4c(c23)CCCC4)cc1)Nc1cccc(F)c1
3184,7.535508835267508,Nc1ncnc2c1c(-c1cccc(O)c1)nn2C1CCCCC1
3185,8.19669298605341,Nc1ncnc2c1c(-c1ccc(Oc3ccccc3)cc1)nn2[C@@H]1CCCCN1C(=O)CCc1ccccc1
3186,8.221316239085022,Nc1ncnc2c1c(-c1ccc(Oc3ccccc3)cc1)nn2[C@@H]1CCCCN1C(=O)CCCc1cccnc1
3187,8.098911183749836,Nc1ncnc2c1c(-c1ccc(Oc3ccccc3)cc1)nn2[C@@H]1CCCCN1C(=O)CNC(=O)C1CC1
3188,10.020017438121112,CN1CCN(c2cc3c(-c4cn(C5CS(=O)(=O)C5)nc4-c4ccc(F)cc4)ncnc3o2)CC1
3189,9.209055330520401,O=C1CCCCN1c1cc2c(-c3cn(CC4CC4)nc3-c3ccc(F)cc3)ncnc2o1
3190,7.526489915923032,Nc1nc(Nc2ccc3c(c2)CC[C@H](N2CCCC2)CC3)nn1-c1cc2c(nn1)-c1ccccc1CCC2
3191,7.526357020032364,Nc1nc(Nc2ccc3c(c2)CCC(N2CCCC2)CC3)nn1-c1cc2c(nn1)-c1ccccc1CCC2
3192,8.721859639808294,COC(=O)N[C@H]1CN[C@H](C#Cc2cc3ncnc(Nc4ccc(OCc5cccc(F)c5)c(Cl)c4)c3s2)C1
3193,8.745438919978097,O=C(O)C[C@H]1CN[C@H](C#Cc2cc3ncnc(Nc4ccc(OCc5cccc(F)c5)c(Cl)c4)c3s2)C1
3194,8.486270197732896,Nc1ncnc2c1c(C(=O)Nc1nc3cc(-c4ccccc4)ccc3o1)cn2[C@@H]1CCN(C(=O)C2CC2)C1
3195,8.764978262366638,Nc1ncnc2c1c(C(=O)Nc1nc3cc(-c4ccccc4)ccc3o1)cn2[C@@H]1CCN(C(=O)CCN2CCCC2)C1
3196,8.112298626687398,Nc1ncnc2c1c(C(=O)Nc1nc3cc(Cl)ccc3o1)cn2[C@@H]1CCN(C(=O)C2CC2)C1
3197,8.412628316475113,Nc1ncnc2c1c(C(=O)Nc1nc3cc(Cl)ccc3o1)cn2[C@@H]1CCN(C(=O)CCN2CCCC2)C1
3198,8.143175558303133,Nc1ncnc2c1c(C(=O)Nc1nc3cc(Cl)ccc3o1)nn2[C@@H]1CCN(C(=O)C2CC2)C1
3199,8.327723116222547,Nc1ncnc2c1c(C(=O)Nc1nc3cc(Cl)ccc3o1)nn2[C@@H]1CCN(C(=O)CCN2CCCC2)C1
3200,8.141881087626931,Nc1ncnc2c1c(C(=O)Nc1nc3cc(Cl)ccc3o1)nn2[C@@H]1CCCN(C(=O)C2CC2)C1
3201,8.324213796485406,Nc1ncnc2c1c(C(=O)Nc1nc3cc(Cl)ccc3o1)nn2[C@@H]1CCCN(C(=O)CCN2CCCC2)C1
3202,8.869995449962472,O=C(/C=C/CO)N1CCCOc2cc3ncnc(Nc4ccc(F)c(Cl)c4)c3cc21
3203,8.692503024258325,O=C(/C=C/CN1CCCC1)N1CCCOc2cc3ncnc(Nc4ccc(F)c(Cl)c4)c3cc21
3204,8.69027037048813,O=C(O)CCCN1CCCOc2cc3ncnc(Nc4ccc(OCc5cccc(F)c5)c(Cl)c4)c3cc21
3205,8.687669345786942,O=C(/C=C/c1ccco1)N1CCCOc2cc3ncnc(Nc4ccc(OCc5cccc(F)c5)c(Cl)c4)c3cc21
3206,8.819143856488417,O=C(/C=C/CO)N1CCOc2cc3ncnc(Nc4ccc(F)c(Cl)c4)c3cc21
3207,8.819563175838395,O=C(/C=C/CN1CCOCC1)N1CCOc2cc3ncnc(Nc4ccc(F)c(Cl)c4)c3cc21
3208,8.637909593283577,O=C(O)CCCN1CCOc2cc3ncnc(Nc4ccc(OCc5cccc(F)c5)c(Cl)c4)c3cc21
3209,8.663867843380034,O=C(/C=C/c1cn[nH]c1)N1CCOc2cc3ncnc(Nc4ccc(OCc5cccc(F)c5)c(Cl)c4)c3cc21
3210,8.687518829518305,O=C(O)CCCN1CCOc2c(ccc3ncnc(Nc4ccc(OCc5ccccn5)c(Cl)c4)c23)C1
3211,8.596939884997601,O=C(/C=C/c1ccco1)N1CCOc2c1ccc1ncnc(Nc3ccc(OCc4ccccn4)c(Cl)c3)c21
3212,8.253661572045303,O=C(/C=C/c1ccco1)N1CCOc2c1ccc1ncnc(Nc3ccc(Oc4ccccc4)cc3)c21
3213,8.36619873201745,O=C(/C=C/c1cn[nH]c1)N1CCOc2c1ccc1ncnc(Nc3ccc(Oc4ccccc4)cc3)c21
3214,8.772722370285765,O=C(/C=C/CO)Nc1cc2c(Nc3ccc(OCc4cccc(F)c4)c(Cl)c3)ncnc2cn1
3215,8.841270304558735,O=C(/C=C/c1ccco1)Nc1cc2c(Nc3ccc(OCc4cccc(F)c4)c(Cl)c3)ncnc2cn1
3216,8.314362848696451,O=C(/C=C/CO)Nc1cc2c(Nc3ccc(Cc4ccccn4)cc3)ncnc2cn1
3217,8.624490886131767,O=C(/C=C/CN1CCOCC1)Nc1cc2c(Nc3ccc(Cc4ccccn4)cc3)ncnc2cn1
3218,8.397622389542759,O=C(/C=C/CO)Nc1cc2c(Nc3ccc(Oc4ccccc4)cc3)ncnc2cn1
3219,7.894477522193596,O=C(Nc1cc2c(Nc3ccc(Oc4ccccc4)cc3)ncnc2cn1)N1CCCC1
3220,8.445985202303028,O=C(Nc1cc2c(Nc3ccc4c(cnn4Cc4ccccc4)c3)ncnc2cn1)C1CC1
3221,8.617192746171904,O=C(Nc1cc2c(Nc3ccc4c(cnn4Cc4ccccc4)c3)ncnc2cn1)C1CCCCN1
3222,8.293415208213721,O=C1c2cc(-c3ccccn3)ccc2CN1[C@@H](c1cc2ccccc2[nH]1)c1cc(Cl)ccc1O
3223,7.831551053179118,O=C1c2cc(-c3ccc(F)cc3)ccc2CN1[C@@H](c1cc2ccccc2[nH]1)c1cc(F)ccc1O
3224,8.7937033345291,O=C(Nc1cnc(Cl)s1)Nc1cc2c(Nc3ccc(F)c(Cl)c3)ncnc2cc1O[C@@H]1CCOC1
3225,9.04912041923857,O=C(N/N=C/c1cnc(N2CCCC2)nc1)Nc1cc2c(Nc3ccc(F)c(Cl)c3)ncnc2cc1OC1CCC1
3226,8.940040903502998,COc1cc2ncnc(Nc3ccc(F)c(Cl)c3)c2cc1NC(=O)N/N=C/c1cnc(N2CCOCC2)nc1
3227,9.005703303023827,COc1cc2ncnc(Nc3ccc(F)c(Cl)c3)c2cc1NC(=O)N/N=C/c1cnc(N2CCCC2)nc1
3228,8.296372352986635,O=C(Nc1cc2c(Nc3ccc(F)c(Cl)c3)ncnc2cc1O[C@H]1CCOC1)N1CCN(CCO)CC1
3229,8.69767012003661,CN1CCN(CC(=O)Nc2ccc3ncnc(Nc4ccc(Cl)cc4)c3c2)CC1
3230,8.440092338830167,O=C(CN1CCCCC1)Nc1ccc2ncnc(Nc3ccc(F)cc3)c2c1
3231,8.267245920946813,O=C(CO)Nc1ccc2ncnc(Nc3ccc(OCc4cccc(F)c4)cc3)c2c1
3232,8.517495990797517,O=C(CN1CCOCC1)Nc1ccc2ncnc(Nc3ccc(OCc4cccc(F)c4)cc3)c2c1
3233,8.726865775636918,CN1CCN(Cc2ccn3ncnc(Nc4ccc5c(cnn5Cc5cccc(F)c5)c4)c23)CC1
3234,8.606997317994914,OC1CCN(Cc2ccn3ncnc(Nc4ccc5c(cnn5Cc5cccc(F)c5)c4)c23)CC1
3235,8.082540019318817,O=C(Nc1ccc(F)cc1)c1sc2ncnc3c2c1NC(=O)N3c1ccc(F)c(Cl)c1
3236,8.779461830540745,O=C(Nc1cccc(CN2CCCC2)c1)c1sc2ncnc3c2c1NC(=O)N3c1ccc(F)c(Cl)c1
3237,7.927523183437873,O=C(Nc1ccc(CO)cc1)Nc1ccc2ncnc(Nc3cccc(C(F)(F)F)c3)c2c1
3238,8.464831776642098,O=C(Nc1ccc(CN2CCCC2)cc1)Nc1ccc2ncnc(Nc3ccc(F)c(Cl)c3)c2c1
3239,8.228859335450746,c1ccc(Nc2ncnc3nc(Nc4ccc(CN5CCCC5)cc4)sc23)cc1
3240,8.204644045588836,Cc1ccc(Nc2nc3ncnc(Nc4ccc(F)c(Cl)c4)c3s2)cc1
3241,7.371953911809967,NC(=O)c1c(OCc2c(F)cc(Br)cc2F)nsc1NC(=O)NCCCN1CCOCC1
3242,7.257843534731982,NC(=O)c1c(OCc2c(F)cc(Br)cc2F)nsc1NC(=O)NCCN1CCCC1
3243,8.562920129915268,CN1CCN(CCCOc2cc(OC3CCOCC3)c3c(Nc4c(Cl)ccc5c4OCO5)ncnc3c2)CC1
3244,8.173857736743798,c1cc(Nc2ncnc3cc(OCCCN4CCCC4)cc(OC4CCOCC4)c23)c2c(c1)OCO2
3245,8.356185449407821,c1ccc2c(c1)CCN2c1ncnc2cc3c(cc12)N(CCN1CCCC1)CC3
3246,8.589355727572087,c1ccc2c(c1)CCN2c1ncnc2cc3c(cc12)NCN3CCN1CCOCC1
3247,8.290390749598057,O=C(Nc1cc2c(Nc3ccc(F)c(Cl)c3)ncnc2cc1O[C@H]1CCOC1)N1CCC(CCO)CC1
3248,8.415097048986581,c1ccc(-c2c(-c3ccc(OCCN4CCCC4)cc3)oc3ncnc(NCCC4CCNCC4)c23)cc1
3249,8.58847660582941,c1ccc(-c2c(-c3ccc(OCCN4CCOCC4)cc3)oc3ncnc(NCCN4CCNCC4)c23)cc1
3250,8.98011586954437,CN1CCN(CCOc2n[nH]c3ncnc(Nc4ccc(OCc5ccccn5)c(Cl)c4)c23)CC1
3251,9.09598636123515,Clc1cc(Nc2ncnc3[nH]nc(OCCN4CCCCCO4)c23)ccc1OCc1ccccn1
3252,8.416053564537895,Nc1ncnc(Nc2ccc3c(cnn3Cc3ccccc3)c2)c1/C=N/N1CCCCC1
3253,8.442313354609398,Nc1ncnc(Nc2ccc3c(cnn3Cc3cccc(Cl)c3)c2)c1/C=N/N1CCCCC1
3254,7.011610692756179,NC(=O)c1ncc(N2CCC[C@@H](NC(=O)N3CCCCC3)C2)nc1Nc1ccc(C2CCNCC2)cc1
3255,6.7606571533248045,CC(=O)N1CCC(c2ccc(Nc3nc(N4CCC[C@@H](NC(=O)N5CCCCC5)C4)cnc3C(N)=O)cc2)CC1
3256,7.174517019928741,NC(=O)c1ncc(N2CCC[C@@H](NC(=O)C3CC3)C2)nc1Nc1ccc(C2CCN(C=O)CC2)cc1
3257,6.970633194778338,NC(=O)c1nnc(N2CCC[C@@H](NC(=O)N3CCCCC3)C2)nc1Nc1ccc(C2CCNCC2)cc1
3258,6.723815364681612,CC(=O)N1CCC(c2ccc(Nc3nc(N4CCC[C@@H](NC(=O)N5CCCCC5)C4)nnc3C(N)=O)cc2)CC1
3259,7.0622278788480095,NC(=O)c1nnc(N2CCC[C@@H](NC(=O)C3CC3)C2)nc1Nc1ccc(C2CCN(C=O)CC2)cc1
3260,7.302006893557571,NC(=O)c1nnc(N2CCC[C@@H](NC(=O)C3CC3)C2)nc1Nc1ccc(C2CCN(C3CCCC3)CC2)cc1
3261,7.062743635388209,CN1CCC(c2ccc(Nc3nc(N4CCC[C@@H](NC(=O)N5CCCCC5)C4)nnc3C(N)=O)cc2)CC1
3262,8.082941179382864,O=C(Nc1ccc(Nc2ncnc3cc4oc(=O)n(CCN5CCOCC5)c4cc23)cc1)N1CCCCC1
3263,8.032062190453578,O=C(Nc1ccc(Nc2ncnc3cc4oc(=O)n(CCN5CCCC5)c4cc23)cc1)N1CCCCC1
3264,6.887786178744528,O=C(CSC(=S)N1CCCCC1)Nc1cccc(NC(=O)c2ccccc2)c1
3265,7.03307106619854,O=C(CSC(=S)N1CCCCC1)Nc1cccc(NC(=O)c2ccc(Cl)cc2)c1
3266,8.729762610858266,O=C(Nc1ccc2ncnc(Nc3cccc(Cl)c3)c2c1)[C@@H]1O[C@@H]2CCCCCN1C2
3267,8.928448002135047,O=C(Nc1ccc2ncnc(Nc3ccc(F)c(Cl)c3)c2c1)[C@@H]1O[C@@H]2CCCCCN1C2
3268,8.927797555418865,O=C(Nc1cc2c(Nc3ccc(F)c(Cl)c3)ncnc2cc1O[C@H]1CCOC1)/C(F)=C/C(F)F
3269,9.373924783476555,O=C(Nc1cc2c(Nc3ccc(F)c(Cl)c3)ncnc2cc1O[C@H]1CCOC1)/C(F)=C/CN1CCC(O)CC1
3270,8.665368830834797,O=C(/C=C/c1cn[nH]c1)N1CCCOc2cc3ncnc(Nc4ccc(OCc5cccc(F)c5)c(Cl)c4)c3cc21
3271,8.805670786927067,O=C(/C=C/CN1CCCCC1)N1CCOc2cc3ncnc(Nc4ccc(F)c(Cl)c4)c3cc21
3272,8.629387851180793,O=C(O)CCN1CCOc2cc3ncnc(Nc4ccc(OCc5cccc(F)c5)c(Cl)c4)c3cc21
3273,8.518141888386998,O=C(/C=C/CO)N1CCOc2c1ccc1ncnc(Nc3ccc(Oc4ccn5ncnc5c4)c(Cl)c3)c21
3274,8.623632567958124,O=C(/C=C/CO)N1CCOc2c1ccc1ncnc(Nc3ccc(Oc4cccnc4)c(Cl)c3)c21
3275,8.645509873727201,O=C(/C=C/CO)N1CCOc2c1ccc1ncnc(Nc3ccc(OCc4ccccn4)c(Cl)c3)c21
3276,8.329358334294803,O=C(/C=C/CO)N1CCOc2c1ccc1ncnc(Nc3ccc(Oc4ccccc4)cc3)c21
3277,9.151973343223343,O=C(/C=C/CO)Nc1cc2c(Nc3ccc(F)c(Cl)c3)ncnc2cc1O[C@H]1CCOC1
3278,9.333687564538014,O=C(/C=C/CN1CCOCC1)Nc1cc2c(Nc3ccc(F)c(Cl)c3)ncnc2cc1O[C@H]1CCOC1
3279,9.1858242116029,COc1cc2ncnc(Nc3ccc(F)c(Cl)c3)c2cc1NC(=O)/C=C/CN1CCCCC1
3280,9.132857529294066,O=C(/C=C/CN1CCOCC1)Nc1cc2c(Nc3ccc(F)c(Cl)c3)ncnc2cc1OCC(F)F
3281,9.277296170875358,CN1CCN(CCCOc2cc3ncnc(Nc4ccc(F)c(Cl)c4)c3cc2NC(=O)/C=C/CN2CCOCC2)CC1
3282,9.197497053625458,CN1CCN(CCCOc2cc3ncnc(Nc4ccc(F)c(Cl)c4)c3cc2NC(=O)/C=C/CN2CCCCC2)CC1
3283,9.252230495299846,COc1cc2ncnc(Nc3ccc(F)c(Cl)c3)c2cc1NC(=O)/C=C/CN1CCOCC1
3284,8.45005670513084,O=C(/C=C/CN1CCCCC1)Nc1cc2c(Nc3ccccc3)ncnc2s1
3285,9.281278043402311,O=C(/C=C/CN1CCOCC1)Nc1cc2c(Nc3ccc(F)c(Cl)c3)ncnc2cn1
3286,8.450444258968052,O=C(/C=C/CN1CCCCC1)Nc1cc2c(Nc3ccccc3)ncnc2cn1
3287,8.434298238556707,O=C(O)Cn1c(=O)oc2cc3ncnc(Nc4ccc(N5CCCCC5)c(Cl)c4)c3cc21
3288,8.516931388270525,O=c1oc2cc3ncnc(Nc4ccc(N5CCCCC5)c(Cl)c4)c3cc2n1CCO
3289,8.482783959588874,O=C(O)CCn1c(=O)oc2cc3ncnc(Nc4ccc(N5CCCCC5)c(Cl)c4)c3cc21
3290,7.223593970143909,N#Cc1ccc(-c2csc(N3N=C(c4ccc(N5CCCCC5)cc4)CC3c3ccccc3)n2)cc1
3291,7.477327667262006,Cc1ccc(-c2csc(N3N=C(c4ccc(N5CCCCC5)cc4)CC3c3ccc(F)cc3)n2)cc1
3292,8.176267049257177,O=c1ccc2ccc(Oc3nc(Nc4ccc(N5CCC(N6CCCC6)CC5)cc4)nc4ccsc34)cc2[nH]1
3293,8.777798270457918,Cc1cc2nc(Nc3ccc(N4CCC(N5CCCCC5)CC4)c(F)c3)nc(Oc3ccc(=O)[nH]c3)c2s1
3294,8.35399742525348,O=C(Nc1c(F)cccc1F)c1cccc(-c2nc3ccccn3c2-c2ccnc(NC3CC3)c2)c1
3295,8.38176064641698,O=C(Nc1c(F)cccc1F)c1cccc(-c2nc3ccccn3c2-c2ccnc(Nc3ccc(N4CCOCC4)cc3)c2)c1
3296,9.175729265802117,CN1CCN(CC(=O)Nc2ccc3ncnc(Nc4cccc(Br)c4)c3c2)CC1
3297,8.855059325384207,O=C(CN1CCCCC1)Nc1ccc2ncnc(Nc3ccc(F)c(Cl)c3)c2c1
3298,8.15981254482584,O[C@@H](COc1ncnc2ccccc12)CN1CCCCC1
3299,8.035538339244445,OC(COc1ncnc2ccccc12)CN1CCCC1
3300,8.76589691785872,Fc1ccc(Nc2ncnc3ccc(C#CCN4CCOCC4)cc23)cc1Cl
3301,8.35415639482479,Fc1ccc(Nc2ncnc3ccc(C#CCN4CCCCC4)cc23)cc1
3302,8.524976942131893,Cc1ccc(C#Cc2ccc3c(c2)C(=O)N(C(C(=O)Nc2nccs2)c2ncn4c2CCC4)C3)cc1
3303,7.988610022534223,O=C(Nc1ccc(CCO)cc1)Nc1ccc2ncnc(Nc3cccc(C(F)(F)F)c3)c2c1
3304,8.809636500896417,O=C(Nc1ccc(CN2CCCCC2)cc1)Nc1ccc2ncnc(Nc3cccc(C(F)(F)F)c3)c2c1
3305,8.225559764077014,c1ccc(Nc2ncnc3nc(Nc4ccc(CN5CCCCC5)cc4)sc23)cc1
3306,8.282487975851302,Cc1ccc(Nc2ncnc3nc(Nc4ccc(CN5CCCCC5)cc4)sc23)cc1
3307,8.969473512822029,O=C(CCN1CCCCC1)Nc1ccc2ncnc(Nc3ccc(F)c(Cl)c3)c2c1
3308,8.655426729312566,O=C(CCN1CCCCC1)Nc1ccc2ncnc(Nc3cccc(F)c3)c2c1
3309,9.009677177307132,O=C(CN1CCCCC1)Nc1cc2c(Nc3ccc(F)c(Cl)c3)ncnc2cn1
3310,9.063792590892424,O=C(CCCCN1CCCCC1)Nc1cc2c(Nc3ccc(F)c(Cl)c3)ncnc2cn1
3311,8.666116674110837,O=C(CCCN1CCCCC1)Nc1ccc2ncnc(Nc3cccc(F)c3)c2c1
3312,8.969292751829382,O=C(CCCN1CCCCC1)Nc1ccc2ncnc(Nc3ccc(F)c(Cl)c3)c2c1
3313,8.48183549741646,O=C1COc2cc3ncnc(Nc4cccc(F)c4)c3cc2N1CCCN1CCOCC1
3314,8.634602126268934,O=C1COc2cc3ncnc(Nc4cccc(Br)c4)c3cc2N1CCCN1CCOCC1
3315,9.0017520719289,Brc1cccc(Nc2ncnc3ccc(NCCN4CCCCC4)cc23)c1
3316,9.082557348746676,Brc1cccc(Nc2ncnc3ccc(NCCCN4CCOCC4)cc23)c1
3317,7.926017959479948,O=C(Nc1ccc([N+](=O)[O-])cc1Cl)c1ccc(OCCCN2CCCC2)cc1O
3318,8.437068375386346,O=C(Nc1ccccc1Cl)c1ccc(OCCCN2CCCCC2)cc1O
3319,8.287240663547426,O=C(Nc1ccc(F)cc1)c1ccc(OCCCN2CCCCC2)cc1O
3320,8.52710206244091,O=C(Nc1ccc(F)c(Cl)c1)c1ccc(OCCCN2CCCC2)cc1O
3321,7.9720741546700955,O=C(Nc1cccc(O)c1)c1ccc(OCCCN2CCCCC2)cc1O
3322,7.895661563560214,O=C(Nc1ccccc1)c1ccc(OCCCN2CCCCC2)cc1O
3323,8.751386556752744,O=C(Nc1cccc(Cl)c1)c1ccc(OCCCN2CCCCC2)cc1O
3324,8.2942387330636,c1ccc2ncc(Nc3ccnc(Nc4ccc(OCCN5CCOCC5)cc4)n3)cc2c1
3325,8.20155615102771,c1ccc2ncc(Nc3ccnc(Nc4ccc(OCCN5CCCCC5)cc4)n3)cc2c1
3326,8.810805206072464,N#Cc1cnc2c(Cl)cc(N[C@H](C3=CN(CCO)CC3)c3cccnc3)cc2c1Nc1ccc(F)c(Cl)c1
3327,9.101512130797916,O=C(NCCN1CCCCC1)Nc1ccc2ncnc(Nc3cccc(Br)c3)c2c1
3328,8.60559090345399,O=C(NCCN1CCCCC1)Nc1ccc2ncnc(Nc3ccc(F)cc3F)c2c1
3329,8.571958809323796,O=C(Nc1ccc2ncnc(Nc3ccc(OCc4cccc(F)c4)c(Cl)c3)c2c1)N1CCOCC1
3330,8.595605723667344,O=C(Nc1ccc2ncnc(Nc3ccc(OCc4cccc(F)c4)c(Cl)c3)c2c1)N1CCC(O)CC1
3331,8.599901723139682,O=C(NCCN1CCCCC1)Nc1ccc2ncnc(Nc3cccc(F)c3)c2c1
3332,8.999228098954337,O=C(NCCN1CCCCC1)Nc1ccc2ncnc(Nc3ccc(F)c(Cl)c3)c2c1
3333,8.96256033043927,S=C(NCCN1CCCCC1)Nc1ccc2ncnc(Nc3cccc(Br)c3)c2c1
3334,8.80133809275829,S=C(NCCN1CCCCC1)Nc1ccc2ncnc(Nc3ccc(Cl)cc3)c2c1
3335,8.504688460512362,O=C(NCCN1CCCCC1)Nc1ccc2ncnc(Nc3ccc(OCc4cccc(F)c4)c(Cl)c3)c2c1
3336,8.715932808638652,COCCNC(=S)Nc1ccc2ncnc(Nc3ccc(OCc4cccc(F)c4)c(Cl)c3)c2c1
3337,8.800187833037008,CN1CCC(COc2cc3ncnc(Nc4ccc(F)c(Cl)c4)c3cc2NC(=O)[C@@H]2COC(=O)N2)CC1
3338,8.959286092625415,O=C1N[C@@H](C(=O)Nc2cc3c(Nc4ccc(F)c(Cl)c4)ncnc3cc2OCCCN2CCOCC2)CO1
3339,8.317920460624167,O=C(NCC(F)(F)F)c1cc(-c2cnn3cc(-c4ccc(OCCN5CCOCC5)cc4)cnc23)cs1
3340,8.10967645106879,CN(C)CCOc1ccc(-c2cnc3c(-c4csc(C(=O)NCC(F)(F)F)c4)cnn3c2)cc1
3341,6.666486655470516,O=S(=O)(c1ccc(N=Cc2ccccc2O)cc1)N1CCCCC1
3342,6.6556772810415685,O=S(=O)(c1ccc(N=Cc2cc(Br)ccc2O)cc1)N1CCCC1
3343,7.5303385621104875,O=C1Nc2nc3ccccc3n2CCCCCOc2ccccc2-c2ccccc21
3344,8.024688489991593,Brc1cccc(Nc2ncnc3ccc(NCc4ccc5c(c4)OCO5)cc23)c1
3345,7.931210979909068,Fc1ccc(Nc2ncnc3ccc(NCc4ccc5c(c4)OCCCO5)cc23)cc1F
3346,7.952529962717043,Clc1cccc(Nc2ncnc3ccc(NCc4ccc5c(c4)OCO5)cc23)c1
3347,8.026423329148354,Cc1cccc(Nc2ncnc3ccc(NCc4ccc5c(c4)OCCO5)cc23)c1
3348,8.767115972840132,CC1CNCCN(Cc2ccn3ncnc(Nc4ccc5c(cnn5Cc5cccc(F)c5)c4)c23)C1
3349,8.472453025413982,O=C1CNCCN(Cc2ccn3ncnc(Nc4ccc5c(cnn5Cc5cccc(F)c5)c4)c23)C1
3350,8.972172802144375,N[C@H]1CCN(c2ccc(-c3ccc4c(c3)C(=O)N([C@@H](c3cc5ccccc5[nH]3)c3cc(Cl)ccc3O)C4)cc2)C1
3351,8.963727364626221,N[C@H]1CCN(c2ccc(-c3ccc4c(c3)C(=O)N(C(c3cc5ccccc5[nH]3)c3cc(Cl)ccc3O)C4)cc2)C1
3352,8.920140373425065,N[C@H]1CCN(c2ccc(-c3ccc4c(c3)C(=O)N([C@@H](c3cc5ccccc5[nH]3)c3cc(F)ccc3O)C4)cc2)C1
3353,8.913121363926436,N[C@H]1CCN(c2ccc(-c3ccc4c(c3)C(=O)N(C(c3cc5ccccc5[nH]3)c3cc(F)ccc3O)C4)cc2)C1
3354,8.676615995309346,CN(C)C1CCN(Cc2ccn3ncnc(Nc4ccc5c(cnn5Cc5cccc(F)c5)c4)c23)CC1
3355,8.654464494613077,NC1CCN(Cc2ccn3ncnc(Nc4ccc5c(cnn5Cc5cccc(F)c5)c4)c23)CC1
3356,9.717683028276443,N#Cc1cnc2c(Cl)cc(NC(C3=CN([C@@H]4CCCNC4)NN3)c3cccnc3)cc2c1Nc1ccc(F)c(Cl)c1
3357,8.964174779092186,N#Cc1cnc2c(Cl)cc(NC(C3=CN([C@@H]4CCCN4)C3)c3cccnc3)cc2c1Nc1ccc(F)c(Cl)c1
3358,8.214912947999103,Nc1cccc(-c2ccc3c(c2)C(=O)N(C(c2cc4ccccc4[nH]2)c2cc(F)ccc2O)C3)c1
3359,8.25381302937314,Nc1cccc(-c2ccc3c(c2)C(=O)N([C@H](c2cc4ccccc4[nH]2)c2cc(F)ccc2O)C3)c1
3360,8.013961490379542,Nc1nccn2c1c(-c1ccc3ccc(-c4ccccc4)nc3c1)nc2[C@H]1C[C@@H](CN2CCC2)C1
3361,7.987090151135582,Nc1nccn2c(C3CC(CN4CCCC4)C3)nc(-c3ccc4ccc(-c5ccccc5)nc4c3)c12
3362,7.308313692473505,COc1cccc(-c2cn(C3CC(CN4CCC4)C3)c3ncnc(N)c23)c1
3363,7.285907719981946,Nc1ncnc2c1c(-c1cccc(O)c1)cn2C1CCCC(CN2CCC2)C1
3364,8.10237476256329,Nc1ncnc2c1c(-c1cccc(OCc3cccc(F)c3)c1)cn2C1CC(CN2CCC2)C1
3365,7.865543663531553,Nc1ncnc2c1c(-c1cccc(OCc3ccccc3)c1)cn2C1CCCC1
3366,9.102491169059128,O=C(/C=C/CO)Nc1cc2c(Nc3ccc(F)c(Cl)c3)ncnc2cc1OC[C@@H]1COCCO1
3367,9.321165549213633,O=C(/C=C/CN1CCCC1)Nc1cc2c(Nc3ccc(F)c(Cl)c3)ncnc2cc1OC[C@@H]1COCCO1
3368,9.102491169059128,O=C(/C=C/CO)Nc1cc2c(Nc3ccc(F)c(Cl)c3)ncnc2cc1OC[C@H]1COCCO1
3369,9.087339752283352,CN(C)CC(=O)Nc1cc2c(Nc3ccc(F)c(Cl)c3)ncnc2cc1OCC1[C@H]2COC[C@@H]12
3370,9.21641973032039,O=C(/C=C/CO)Nc1cc2c(Nc3ccc(F)c(Cl)c3)ncnc2cc1OCC1C2COCC21
3371,8.686856940302825,CN1CCCN(Cc2ccn3ncnc(Nc4ccc5c(cnn5Cc5cccc(F)c5)c4)c23)CC1
3372,9.912901602377547,O=C(c1ccccc1)N1CC=C(c2cc3c(-c4cn(C5CC5)nc4-c4ccc(F)cc4)ncnc3o2)CC1
3373,11.294255520464853,CC(=O)N1CC=C(c2cc3c(-c4cn(C5CS(=O)(=O)C5)nc4-c4ccc(F)cc4)ncnc3o2)CC1
3374,9.019062139989096,O=C(/C=C/CN1CCC(O)CC1)Nc1cc2c(Nc3ccc(F)c(Cl)c3)ncnc2s1
3375,9.15588709940977,N#Cc1cnc2c(Cl)cc(N[C@H](C3=CNNC3)c3csc4c3CCN(CCO)C4)cc2c1Nc1ccc(F)c(F)c1F
3376,9.15588709940977,N#Cc1cnc2c(Cl)cc(N[C@@H](C3=CNNC3)c3csc4c3CCN(CCO)C4)cc2c1Nc1ccc(F)c(F)c1F
3377,9.20738186726422,N#Cc1cnc2c(Cl)cc(N[C@H](C3=CNNC3)c3csc4c3CCN(CCO)C4)cc2c1Nc1cccc(Cl)c1F
3378,9.20738186726422,N#Cc1cnc2c(Cl)cc(N[C@@H](C3=CNNC3)c3csc4c3CCN(CCO)C4)cc2c1Nc1cccc(Cl)c1F
3379,9.242741574668273,N#Cc1cnc2c(Cl)cc(N[C@H](C3=CNNC3)c3csc4c3CCN(CCO)C4)cc2c1Nc1ccc(F)c(Cl)c1
3380,8.827717819693994,N#Cc1cnc2c(Cl)cc(N[C@H](c3c[nH][nH]3)c3csc4c3CCN3CCOCC43)cc2c1Nc1ccccc1
3381,8.492577260595324,O=C(/C=C/c1ccc(Cl)cc1)N1CCc2c(sc3ncnc(N[C@H](CO)c4ccccc4)c23)C1
3382,8.299282120898736,O=C(/C=C/c1ccccc1)N1CCc2c(sc3ncnc(N[C@@H](CO)c4ccccc4)c23)C1
3383,8.549403090464253,O=C(/C=C/c1ccco1)N1CCc2c(sc3ncnc(N[C@H](CO)c4ccccc4)c23)C1
3384,8.299282120898736,O=C(/C=C/c1ccccc1)N1CCc2c(sc3ncnc(N[C@H](CO)c4ccccc4)c23)C1
3385,8.697674029737907,O=C(/C=C/CNC12CC3CC(CC(C3)C1)C2)N1CCc2c(sc3ncnc(Nc4ccccc4)c23)C1
3386,8.365957159499978,O=C(N/N=C/c1cc(F)c(F)cc1Cl)N1CCc2ncnc(Nc3ccc(F)cc3)c2C1
3387,8.379561285380895,O=C(N/C=C/c1cc(F)c(F)cc1Cl)N1CCc2ncnc(Nc3ccc(F)c(Cl)c3)c2C1
3388,8.34990064139385,O=C(N/N=C/c1cccs1)N1CCc2ncnc(Nc3cccc(Cl)c3)c2C1
3389,8.401759761184522,O=C(N/N=C/c1cccs1)N1CCc2ncnc(Nc3ccc(F)cc3F)c2C1
3390,8.471143444817496,O=C(N/C=C/c1ccc(F)cc1Cl)N1CCc2ncnc(Nc3ccc(F)c(Cl)c3)c2C1
3391,8.40163550434395,O=C(N/C=C/c1ccc(F)cc1Cl)N1CCc2ncnc(Nc3ccc4c(c3)OCO4)c2C1
3392,8.876220499267824,O=C(/C=C/CN1CCC2(CC1)OCCO2)Nc1cc2c(Nc3cccc(Cl)c3)ncnc2s1
3393,8.91629317390816,O=C(/C=C/CN1CCC2(CC1)OCCO2)Nc1cc2c(Nc3ccc(F)cc3)ncnc2s1
3394,8.531971739282849,O=C(O)C1CCN(Cc2ccn3ncnc(Nc4ccc5c(cnn5Cc5cccc(F)c5)c4)c23)CC1
3395,8.374807646932847,O=C(CN1CCCCC1)Nc1cc2c(Nc3ccc(F)c(Cl)c3)ncnc2s1
3396,8.390045558940846,O=C(CN1CCC(O)CC1)Nc1cc2c(Nc3ccc(F)c(Cl)c3)ncnc2s1
3397,8.695838327578393,CN(C)CCNc1ccc(-c2ccc3c(c2)C(=O)N([C@H](c2cc4ccccc4[nH]2)c2cc(Cl)ccc2O)C3)cc1
3398,8.498883949207155,NC(=O)CN1CCN(c2ccc(-c3ccc4c(c3)C(=O)N([C@H](c3cc5ccccc5[nH]3)c3cc(Cl)ccc3O)C4)cc2)CC1
3399,8.557589413620876,NC(=O)CN1CCN(c2ccc(-c3ccc4c(c3)C(=O)N([C@H](c3cc5ccccc5[nH]3)c3cc(F)ccc3O)C4)cc2)CC1
3400,8.647290117475285,CN(C)CCNc1ccc(-c2ccc3c(c2)C(=O)N([C@H](c2cc4ccccc4[nH]2)c2cc(F)ccc2O)C3)cc1
3401,8.631940065347358,NC1CCN(Cc2ccn3ncnc(Nc4ccc(Oc5cccnc5)c(Cl)c4F)c23)CC1
3402,8.82282102344296,NC1CCN(Cc2ccn3ncnc(Nc4ccc(Oc5ccnc6cccnc56)c(Cl)c4F)c23)CC1
3403,8.580568093555689,NC1CCN(Cc2ccn3ncnc(Nc4cccc(Br)c4)c23)CC1
3404,8.469187125453098,NC1CCN(Cc2ccn3ncnc(Nc4ccc(Oc5cccnc5)c(C(F)(F)F)c4)c23)CC1
3405,8.700348101615514,NC1CCN(Cc2ccn3ncnc(Nc4ccc(Oc5cncc6[nH]ccc56)c(C(F)(F)F)c4)c23)CC1
3406,8.559864769712345,NC1CCN(Cc2ccn3ncnc(Nc4ccc(OCc5cccc(F)c5)cc4)c23)CC1
3407,8.467011760371822,NC1CCN(Cc2ccn3ncnc(Nc4ccc(OCc5ccccc5)c(Cl)c4)c23)CC1
3408,8.724891186472794,NC1CCN(Cc2ccn3ncnc(Nc4ccc(OCc5cccc(F)c5)c(Cl)c4)c23)CC1
3409,8.57148463121043,NC1CCN(Cc2ccn3ncnc(Nc4ccc5c(cnn5Cc5ccccn5)c4)c23)CC1
3410,8.48106441618086,NC1CCN(Cc2ccn3ncnc(Nc4ccc5c(cnn5Cc5cccnc5)c4)c23)CC1
3411,8.60575987592969,NC1CCN(Cc2ccn3ncnc(Nc4ccc(OCc5ccccn5)c(Cl)c4)c23)CC1
3412,8.585942857309169,NC1CCN(Cc2ccn3ncnc(Nc4ccc(OCc5cccnc5)c(Cl)c4)c23)CC1
3413,8.670310806613822,NCC1CCN(Cc2ccn3ncnc(Nc4ccc5c(cnn5Cc5cccc(F)c5)c4)c23)CC1
3414,8.681603395405729,N[C@H]1CCN(Cc2ccn3ncnc(Nc4ccc5c(cnn5Cc5cccc(F)c5)c4)c23)C1
3415,8.519889424007744,Cc1cncc(Cn2ncc3cc(Nc4ncnn5ccc(CN6CCC(N)CC6)c45)ccc32)c1
3416,8.778079936331737,Fc1ccc(Nc2ncnc3ccc(N[C@@H](c4ccc(Cl)cc4)c4cn(C5CCNCC5)nn4)cc23)cc1Cl
3417,8.85394587544887,CN1CCC(n2cc([C@H](Nc3ccc4ncnc(Nc5ccc(F)c(Cl)c5)c4c3)c3ccc(Cl)cc3)nn2)CC1
3418,8.852754429056635,CC(=O)N1CCC(n2cc(C(Nc3cc(Cl)c4ncnc(Nc5ccc(F)c(Cl)c5)c4c3)c3ccccc3)nn2)CC1
3419,8.766925203702554,O=C(O)CC(=O)N1CCC(n2cc(C(Nc3cc(Cl)c4ncnc(Nc5ccc(F)c(Cl)c5)c4c3)c3ccccc3)nn2)CC1
3420,9.044874539724304,N#Cc1cnc2c(Cl)cc(N[C@H](C3=CN(CCO)CC3)c3cocn3)cc2c1Nc1ccc(Cl)c(Cl)c1F
3421,8.778875333906244,N#Cc1cnc2c(Cl)cc(NC(C3=CN(CC(=O)O)CC3)c3cccnc3)cc2c1Nc1ccc(F)c(Cl)c1
3422,8.578379889605822,N#Cc1cnc2c(Cl)cc(NC(C3=CN(CC(=O)O)CC3)c3cccnc3)cc2c1Nc1cccnc1
3423,8.13325298683642,Nc1ncnc2c1c(-c1ccc(Oc3ccccc3)cc1)nn2C1CCN(C(=O)CCN2CCOCC2)CC1
3424,7.995044802661467,Nc1ncnc2c1c(-c1ccc(Oc3ccccc3)cc1)nn2C1CCN(C(=O)C2CC2)CC1
3425,9.508688656547351,O=C1c2cc(-c3ccc(N4CCNCC4)cc3)ccc2CN1[C@@H](c1cc2ccccc2[nH]1)c1cc(Cl)ccc1O
3426,9.088527891074271,O=C1c2cc(-c3ccc(N4CCC(N5CCOCC5)CC4)cc3)ccc2CN1[C@@H](c1cc2ccccc2[nH]1)c1cc(Cl)ccc1O
3427,9.516405256477308,O=C1c2cc(-c3ccc(N4CCNCC4)cc3)ccc2CN1[C@@H](c1cc2ccccc2[nH]1)c1cc(F)ccc1O
3428,9.07838640265661,O=C1c2cc(-c3ccc(CN4CCNCC4)cc3)ccc2CN1[C@@H](c1cc2ccccc2[nH]1)c1cc(F)ccc1O
3429,8.660658826452986,O=C(CO)NC1CCN(Cc2ccn3ncnc(Nc4ccc5c(cnn5Cc5cccc(F)c5)c4)c23)CC1
3430,8.499430421284252,O=C1CN(Cc2ccn3ncnc(Nc4ccc5c(cnn5Cc5cccc(F)c5)c4)c23)CCN1
3431,9.04998882535143,Clc1cc(Nc2ncnc3[nH]nc(OCCCN4CCCCCO4)c23)ccc1OCc1ccccn1
3432,8.992060919062938,OC1CCN(CCCOc2n[nH]c3ncnc(Nc4ccc(OCc5cccc(F)c5)c(Cl)c4)c23)CC1
3433,9.001357970040566,OC1CCN(CCOc2n[nH]c3ncnc(Nc4ccc(OCc5ccccn5)c(Cl)c4)c23)CC1
3434,9.10039351476402,Clc1cc(Nc2ncnc3[nH]nc(OCCN4CCOCC4)c23)ccc1OCc1ccccn1
3435,8.704389511435453,O=C(O[C@H]1CN[C@H](C#Cc2cc3ncnc(Nc4ccc(OCc5cccc(F)c5)c(F)c4)c3s2)C1)N1CCOCC1
3436,7.296346276450443,O=C1c2cc(-c3ccc(N4CCNCC4)cc3)ccc2Nc2ccc(F)cc2N1CC1CC1
3437,7.263871518189368,O=C1c2cc(-c3ccccc3)ccc2Nc2ccc(F)cc2N1Cc1cccc2cc[nH]c12
3438,7.191456311729709,O=C1c2cc(-c3cccc(CO)c3)ccc2Nc2ccc(F)cc2N1Cc1cccc2cc[nH]c12
3439,7.424723536109927,O=C1c2cc(-c3ccc(N4CCNCC4)cc3)ccc2Nc2ccc(F)cc2N1Cc1cscn1
3440,6.89994272571801,O=C1c2cc(-c3ccc(N4CCNCC4)cc3)ccc2Nc2ccc(F)cc2N1Cc1ccccn1
3441,7.223464158417892,O=C1c2cc(-c3ccc(CN4CCNCC4)cc3)ccc2Nc2ccccc2N1Cc1ccccc1
3442,6.828162560382567,O=C1c2cc(-c3ccc(N4CCNCC4)cc3)ccc2Nc2ccccc2N1CCO
3443,7.806830699910314,O=C1c2cc(-c3ccccc3)ccc2CN1[C@@H](c1cc2cc(F)ccc2[nH]1)c1cc(F)ccc1O
3444,7.747773878998523,O=C1c2cc(-c3cccc(F)c3)ccc2CN1[C@@H](c1cc2cc(F)ccc2[nH]1)c1cc(F)ccc1O
3445,8.417912020175873,O=C1c2cc(-c3ccccc3)ccc2CN1[C@@H](c1cc2cccnc2[nH]1)c1cc(Cl)ccc1O
3446,8.608515034246123,O=C1c2cc(-c3ccc(F)cc3)ccc2CN1[C@@H](c1cc2cccnc2[nH]1)c1cc(Cl)ccc1O
3447,8.61276008453721,O=C1c2cc(-c3ccccc3)ccc2CN1[C@@H](c1cc2cccnc2[nH]1)c1cc(F)ccc1O
3448,8.519187882607214,O=C1c2cc(-c3ccc(F)cc3)ccc2CN1[C@@H](c1cc2cccnc2[nH]1)c1cc(F)ccc1O
3449,8.059829483047025,O=C1c2cc(-c3cccc(F)c3)ccc2CN1[C@@H](c1cc2ccccc2[nH]1)c1cc(Cl)ccc1O
3450,7.78288547614799,O=C1c2cc(-c3cccc(CO)c3)ccc2CN1[C@@H](c1cc2ccccc2[nH]1)c1ccccc1O
3451,7.922776180077896,O=C1c2cc(-c3ccccc3)ccc2CN1[C@H](c1cc2ccccc2[nH]1)c1cc(F)ccc1O
3452,7.954123375539533,O=C1c2cc(-c3ccc(O)cc3)ccc2CN1[C@H](c1cc2ccccc2[nH]1)c1cc(F)ccc1O
3453,8.404215894038511,O=C1c2cc(-c3ccc(F)cc3)ccc2CN1C(c1nc2ccccc2[nH]1)c1cc(Cl)ccc1O
3454,8.110505785758193,O=C(Nc1nccs1)C(c1cc(F)ccc1O)N1Cc2ccc(-c3ccccc3)cc2C1=O
3455,8.699696301807275,O=C(Nc1nccs1)C(c1cc(F)ccc1O)N1Cc2ccc(-c3ccc(C(=O)N4CCCC4)cc3)cc2C1=O
3456,8.23241933314038,O=C1c2cc(-c3ccc(F)cc3)ccc2CN1C(c1nc2ccccc2[nH]1)c1cc(F)ccc1O
3457,8.331558566270454,O=C1c2cc(-c3ccc(F)cc3)ccc2CN1C(c1nc2ccccc2[nH]1)c1ccccc1O
3458,7.673883155897308,O=C1c2cc(Oc3ccc(N4CCOCC4)cc3)ccc2Nc2ccc(F)cc2N1Cc1ccccc1
3459,7.488638368941153,O=C1c2cc(Oc3ccc(N4CCNCC4)cc3)ccc2Nc2ccc(F)cc2N1CCO
3460,8.544877771418612,OC[C@@H](Nc1ncnc2sc(-c3ccc(CN4CCOCC4)cc3)cc12)c1ccccc1
3461,8.53871570121308,C[C@@H](Nc1ncnc2sc(-c3ccc(CN4CCNCC4)cc3)cc12)c1ccccc1
3462,8.861735248383047,O=C(Nc1cc2c(Nc3ccc(F)c(Cl)c3)ncnc2cc1OCCN1CCOCC1)c1cc([N+](=O)[O-])ccc1F
3463,8.687971107808542,O=C(Nc1cc2c(Nc3ccc(F)c(Cl)c3)ncnc2cc1OCCCN1CCOCC1)c1cc([N+](=O)[O-])ccc1F
3464,6.89524394338023,CC(=O)Nc1cccc(NC(=O)CCSC(=O)N2CCN(c3ccccc3)CC2)c1
3465,6.911986928168975,O=C(CCSC(=O)N1CCN(c2ccccc2)CC1)Nc1cccc(NC(=O)c2ccc3ccccc3c2)c1
3466,8.842019160759024,OC(COc1ncnc2ccccc12)CN1CCN(c2ccc(Cl)cc2)CC1
3467,8.861729724787995,OC(COc1ncnc2ccccc12)CN1CCN(c2ccccc2Cl)CC1
3468,8.891905729318905,OC(COc1ncnc2ccccc12)CN1CCN(c2cccc(Cl)c2)CC1
3469,8.808931639061191,OC(COc1ncnc2ccccc12)CN1CCN(c2ccc(Cl)c(Cl)c2)CC1
3470,8.791889933267894,OC(COc1ncnc2ccccc12)CN1CCN(c2ccccc2)CC1
3471,8.528796220242645,OC(COc1ncnc2ccccc12)CN1CCN(c2ccccc2F)CC1
3472,8.22355147666683,OC(COc1ncnc2ccccc12)CN1CCC(Cc2ccccc2)CC1
3473,8.092951644120767,O=C(CCCCCN1CCN(Cc2ccc(-c3cc4c(Nc5ccccc5)ncnc4[nH]3)cc2)CC1)NO
3474,7.8398619404046475,O=C(CCCCCN1CCN(Cc2ccc(-c3cc4c(NCc5ccccc5)ncnc4[nH]3)cc2)CC1)NO
3475,8.470718384343114,O=C(Nc1cccc(Nc2ncnc3cc(OCCCN4CCOCC4)ccc23)c1)Nc1ccc(Cl)c(C(F)(F)F)c1
3476,8.583289925256548,O=C(Nc1cccc(Nc2ncnc3cc(OCCCN4CCNCC4)ccc23)c1)Nc1ccc(Cl)c(C(F)(F)F)c1
3477,8.858388780491238,CC(C)N1CCN(/N=C/c2c(N)ncnc2Nc2ccc3c(cnn3Cc3cccc(F)c3)c2)CC1
3478,8.78304166236191,Nc1ncnc(Nc2ccc3c(cnn3Cc3cccc(F)c3)c2)c1/C=N\C1CCN(CCO)CC1
3479,8.194486432973738,CN1CCN(CC(=O)Nc2cc3c(Nc4ccc(F)c(Cl)c4)ncnc3s2)CC1
3480,8.549255628056583,CN1CCN(Cc2ccc(-c3cc4c(N[C@H](CO)c5ccccc5)ncnc4s3)cc2)CC1
3481,8.499418394339173,OC[C@@H](Nc1ncnc2sc(-c3ccc(CN4CCCCC4)cc3)cc12)c1ccccc1
3482,8.020692531962862,N#Cc1cnc2sc3c(c2c1Nc1ccc(Cl)c(Cl)c1)CCN(C(=O)/C=C/CO)C3
3483,8.643827428003993,N#Cc1cnc2sc3c(c2c1Nc1ccc(Cl)c(Cl)c1)CCN(C(=O)/C=C/CN1CCCC1)C3
3484,9.188263121206068,O=C(/C=C/CN1CCOCC1)N1CCc2c(sc3ncnc(Nc4ccc(F)c(Cl)c4)c23)C1
3485,9.054295306336659,O=C(/C=C/CN1CCCCC1)N1CCc2c(sc3ncnc(Nc4ccc(F)c(Cl)c4)c23)C1
3486,7.113366721847429,O=C1NCCc2cc(Br)c(O)c(c2)Oc2c(O)cc(cc2Br)CCNC(=O)/C(=N/O)Cc2cc(Br)c(O)c(Br)c2O1
3487,7.362237530961256,O=C(O)CC(=O)NCCc1cc(Br)c(O)c(Oc2cc3c(cc2Br)C(=O)NCCc2ccc(O)c(Br)c2O3)c1
3488,8.96753465011543,O=C1NCCc2[nH]c(-c3ccncc3OCC3CC3)c(Nc3cccc(Cl)c3Cl)c21
3489,9.369682582795749,COc1cnccc1-c1[nH]c2c(c1Nc1cccc(Cl)c1OC(F)F)CCNC2=O
3490,8.439444483997427,O=C1NCCc2[nH]c(-c3ccncc3O)c(Nc3cccc(F)c3Cl)c21
3491,8.966013331881403,O=C1NCCc2[nH]c(-c3ccncc3OCC3CC3)c(Nc3cccc(F)c3F)c21
3492,8.673480193896069,O=C(Cc1ccccc1)Nc1cc(-c2[nH]c3c(c2Nc2cccc(F)c2Cl)C(=O)NCC3)ccn1
3493,8.65992961639942,O=C(Cc1ccc(F)cc1)Nc1cc(-c2[nH]c3c(c2Nc2cccc(F)c2Cl)C(=O)NCC3)ccn1
3494,8.94219303149671,O=C1NCCc2[nH]c(-c3ccncc3OCc3ccc(F)cc3)c(Nc3cccc(F)c3)c21
3495,8.999136039934783,O=C1NCCc2[nH]c(-c3ccncc3OCc3ccccc3)c(Nc3ccc(F)cc3F)c21
3496,8.457766145081944,O=C(CCc1ccccc1)Nc1cc(-c2[nH]c3c(c2Nc2ccccc2Cl)C(=O)NCC3)ccn1
3497,8.349460126935828,O=C(Cc1ccccc1)Nc1cc(-c2[nH]c3c(c2Nc2ccccc2Cl)C(=O)NCC3)ccn1
3498,6.891705914677985,O=C1NCCC2NC(c3ccncc3)C(Nc3ccccc3)C12
3499,7.032361199276361,O=C1CCC2NC(c3ccncc3F)C(Nc3ccccc3)C12
3500,8.810479080546706,N#Cc1cnc2c(Cl)cc(NC(C3=CN(CCO)CC3)c3cccnc3)cc2c1Nc1ccc(F)c(Cl)c1
3501,6.9183402862607615,Nc1ncnc2c1c(-c1ccc(F)c(O)c1)nn2[C@H]1CC[C@H](O)CC1
3502,6.9183402862607615,Nc1ncnc2c1c(-c1ccc(F)c(O)c1)nn2[C@H]1CC[C@@H](O)CC1
3503,8.473874385234723,O=C(O)C1=Cc2c(ncnc2Nc2ccc(Oc3cccc4sccc34)c(Cl)c2)NCC1
3504,8.56534160529128,CNC(=O)C1=Cc2c(ncnc2Nc2ccc(Oc3cccc4sccc34)c(Cl)c2)NCC1
3505,8.324430806350145,O=C(O)C1=Cc2c(ncnc2Nc2ccc(Oc3cccc(C(F)(F)F)c3)c(Cl)c2)NCC1
3506,8.424307043425962,CNC(=O)C1=Cc2c(ncnc2Nc2ccc(Oc3cccc(C(F)(F)F)c3)c(Cl)c2)NCC1
3507,9.056520433566087,N#Cc1cnc2c(Cl)cc(N[C@@H](C3=CNCC3)c3cccc4c3CCN4)cc2c1Nc1cnc(F)c(F)c1
3508,9.056520433566087,N#Cc1cnc2c(Cl)cc(N[C@H](C3=CNCC3)c3cccc4c3CCN4)cc2c1Nc1cnc(F)c(F)c1
3509,10.638016480961396,O=S1(=O)CC(n2cc(-c3ncnc4oc(C5=CCNCC5)cc34)c(-c3ccc(F)cc3)n2)C1
3510,9.329919632571965,O=S1(=O)CC(n2cc(-c3ncnc4oc(C5=CCCNC5)cc34)c(-c3ccccc3)n2)C1
3511,8.181052938336784,O=C1c2cc(CN3CCNCC3)ccc2CN1[C@@H](c1cc2ccccc2[nH]1)c1cc(Cl)ccc1O
3512,7.609280439902018,O=C1c2cc(F)ccc2CN1[C@@H](c1cc2ccccc2[nH]1)c1cc(F)ccc1O
3513,8.099978913262813,O=C1c2cc(C3=CCNCC3)ccc2CN1[C@@H](c1cc2ccccc2[nH]1)c1ccccc1O
3514,7.021420640156349,O=C1c2cc(C3=CCNCC3)ccc2CN1[C@@H](c1ccccc1)c1cc2ccccc2[nH]1
3515,8.452039747682285,O=C1c2ccc(C3=CCNCC3)cc2CN1C(c1nc2ccccc2[nH]1)c1cc(Cl)ccc1O
3516,8.400627859317197,O=C1c2cc(CN3CCNCC3)ccc2CN1C(c1nc2ccccc2[nH]1)c1cc(Cl)ccc1O
3517,8.522995741188904,O=C1c2ccc(C3=CCNCC3)cc2CN1C(c1nc2ccccc2[nH]1)c1cc(F)ccc1O
3518,8.524492661668098,O=C1c2cc(CN3CCNCC3)ccc2CN1C(c1nc2ccccc2[nH]1)c1cc(F)ccc1O
3519,8.347880740832242,O=C1c2cc(CN3CCNCC3)ccc2CN1C(c1nc2ccccc2[nH]1)c1ccccc1O
3520,8.335744352394498,O=C1c2ccc(C3=CCNCC3)cc2CN1C(c1nc2ccccc2[nH]1)c1ccccc1O
3521,6.9879856674638505,Nc1ncnc2c1c(-c1cccc(O)c1)nn2CC1CCNC1
3522,6.817191623266824,Nc1ncnc2c1c(-c1ccc(Cl)c(O)c1)nn2CC1CCCNC1
3523,8.974214104242265,N#Cc1cnc2c(Cl)cc(N[C@H](C3=CN(CCO)CC3)c3csc4c3CCNC4)cc2c1Nc1ccc(F)c(Cl)c1
3524,8.927667850457496,N#Cc1cnc2c(Cl)cc(N[C@H](C3=CN(CC(=O)O)CC3)c3csc4c3CCNC4)cc2c1Nc1ccc(F)c(Cl)c1
3525,8.79108402594585,N#Cc1cnc2c(Cl)cc(N[C@H](C3=CNNC3)c3csc4c3CCNC4)cc2c1Nc1ccccc1
3526,8.79108402594585,N#Cc1cnc2c(Cl)cc(N[C@@H](C3=CNNC3)c3csc4c3CCNC4)cc2c1Nc1ccccc1
3527,8.426228252944748,O=C(Nc1cccc(-c2nc3sccn3c2-c2ccnc(Nc3ccccn3)n2)c1)c1c(F)cccc1F
3528,8.355359825839622,O=C(Nc1cccc(-c2nc3sccn3c2-c2ccnc(Nc3ccccc3)n2)c1)c1c(F)cccc1F
3529,8.597484911789419,O=C(Nc1cccc(-c2nc3sccn3c2-c2ccnc(Nc3ccc4c(c3)CCNC4)n2)c1)c1cccnc1
3530,8.4930211973898,O=C(Nc1cccc(-c2nc3sccn3c2-c2ccnc(Nc3ccc4c(c3)CCNC4)n2)c1)C1CC1
3531,8.443431353604211,Cc1ccc(Nc2ncnc3ccc(-c4cnn(C5CCNCC5)c4)cc23)cc1
3532,8.535999314433887,Fc1ccc(Nc2ncnc3ccc(-c4cnn(C5CCNCC5)c4)cc23)cc1
3533,8.369874436308207,Cn1cc(-c2ccc3ncnc(Nc4ccc5ncccc5c4)c3c2)cn1
3534,8.420783578183022,c1ccc(Nc2ncnc3ccc(-c4cnn(C5CCNCC5)c4)cc23)cc1
3535,8.854104345073951,Fc1ccc(Nc2ncnc3ccc(N[C@@H](c4ccc(Cl)cc4)c4cn(CC5CCNCC5)nn4)cc23)cc1Cl
3536,8.726868186877214,Fc1ccc(Nc2ncnc3ccc(N[C@@H](c4ccc(Cl)cc4)c4cn(C5CCNCC5)nn4)cc23)cc1F
3537,8.618635831934416,Fc1ccc(Nc2ncnc3c(Cl)cc(N[C@@H](c4ccccc4)c4cn(CC(F)F)nn4)cc23)cc1Cl
3538,8.768056322936056,Fc1ccc(Nc2ncnc3c(Cl)cc(N[C@@H](c4ccccc4)c4cn(C5CCNCC5)nn4)cc23)cc1F
3539,8.746129009248335,CCn1cc(C(Nc2cc(Cl)c3ncnc(Nc4ccc(F)c(Cl)c4)c3c2)c2ccccc2)nn1
3540,8.586446944442361,CC(C)N1C=C(c2ccccc2)C(Nc2cc(Cl)c3ncnc(Nc4ccc(F)c(Cl)c4)c3c2)N=N1
3541,8.639809300604737,N#Cc1cnc2c(Cl)cc(N[C@H](C3=CN(CC(=O)O)CC3)c3sccc3Cl)cc2c1Nc1ccc(F)c(Cl)c1
3542,8.628459242722116,N#Cc1cnc2c(Cl)cc(N[C@H](C3=CN(CC(=O)O)CC3)c3cc(Cl)cs3)cc2c1Nc1ccc(F)c(Cl)c1
3543,8.559948265434995,N#Cc1cnc2c(Cl)cc(N[C@H](C3=CN(CCO)CC3)c3cc(Cl)cs3)cc2c1Nc1ccc(F)c(Cl)c1
3544,8.625714577803567,N#Cc1cnc2c(Cl)cc(N[C@H](C3=CN(CC(=O)O)CC3)c3ccc(Cl)s3)cc2c1Nc1ccc(F)c(Cl)c1
3545,8.598770841585077,N#Cc1cnc2c(Cl)cc(N[C@H](C3=CN(CC(=O)O)CC3)c3cccs3)cc2c1Nc1ccc(F)c(Cl)c1
3546,8.342587801309419,N#Cc1cnc2c(Cl)cc(N[C@H](C3=CNCC3)c3cccs3)cc2c1Nc1ccc(F)c(Cl)c1
3547,8.900229746071362,N#Cc1cnc2c(Cl)cc(N[C@H](C3=CN(CC(=O)O)CC3)c3cncs3)cc2c1Nc1ccc(F)c(Cl)c1
3548,8.654624910532837,N#Cc1cnc2c(Cl)cc(N[C@H](C3=CNCC3)c3cncs3)cc2c1Nc1ccc(F)c(Cl)c1
3549,8.59305599062237,N#Cc1cnc2c(Cl)cc(N[C@H](C3=CN(CC(=O)O)CC3)c3ccsc3)cc2c1Nc1ccc(F)c(Cl)c1
3550,8.59305599062237,N#Cc1cnc2c(Cl)cc(N[C@@H](C3=CN(CC(=O)O)CC3)c3ccsc3)cc2c1Nc1ccc(F)c(Cl)c1
3551,8.926850944255081,O=C1c2cc(-c3ccc(CN4CCNCC4)cc3)ccc2CN1[C@@H](c1cc2ccccc2[nH]1)c1cc(Cl)ccc1O
3552,8.688155534810868,Fc1cccc(COc2ccc(Nc3ncnn4ccc(CN5CCNCC5)c34)cc2Cl)c1
3553,8.467352683848857,c1ccc(Cn2ncc3cc(Nc4ncnn5ccc(COC[C@H]6CNCCO6)c45)ccc32)nc1
3554,8.99242465856665,O=C(/C=C/CN1CCOCC1)Nc1cc2c(Nc3ccc(F)c(Cl)c3)ncnc2cc1OCC(F)(F)F
3555,9.321024048208667,COc1cc2ncnc(Nc3ccc(F)c(Cl)c3)c2cc1NC(=O)/C=C/CN1C[C@@H]2OCCO[C@@H]2C1
3556,8.792509996780813,O=C(/C=C/CN1CCOCC1)Nc1ccc2ncnc(Nc3ccc(OCc4cccc(F)c4)c(Cl)c3)c2c1
3557,8.717954129831336,O=C(/C=C/CN1CCOCC1)Nc1ccc2ncnc(Nc3ccc(OCc4ccccn4)c(Cl)c3)c2c1
3558,8.58831894478762,O=C(/C=C/CO)Nc1ccc2ncnc(Nc3ccc4c(cnn4Cc4cccc(F)c4)c3)c2c1
3559,10.968466268889067,Fc1ccc(-c2nn([C@H]3CCOC[C@@H]3F)cc2-c2ncnc3oc(-c4ccc(C(F)(F)F)cc4)cc23)cc1
3560,11.940525351712958,Fc1ccc(-c2nn([C@H]3CCOC[C@@H]3F)cc2-c2ncnc3oc(-c4ccncc4)cc23)cc1
3561,7.329546443708437,Nc1ncnc2c1c(-c1ccc(Cl)c(O)c1)nn2[C@H]1CC[C@H](O)CC1
3562,9.170010491069512,O=C(O)CN1CCC(Oc2cc3c(Nc4ccc(Cl)c(Cl)c4F)ncnc3cc2OC2CCOC2)CC1
3563,9.172823710589705,O=C(O)CN1CCC(Oc2cc3c(Nc4ccc(Cl)c(Cl)c4F)ncnc3cc2O[C@@H]2CCOC2)CC1
3564,12.012449130581574,Fc1ccc(-c2nn([C@H]3CCOC3)cc2-c2ncnc3oc(-c4ccccc4)cc23)cc1
3565,11.016792856373609,COc1ccc(-c2nn([C@H]3CCOC[C@@H]3F)cc2-c2ncnc3oc(-c4ccccc4)cc23)cn1
3566,8.240865329274804,O[C@H]1CC[C@H](Nc2ncc3nc(Nc4c(F)cc(F)cc4F)n([C@H]4CCOC4)c3n2)CC1
3567,8.478769739514405,CC(C)(O)[C@H]1CC[C@H](Nc2ncc3nc(Nc4c(F)cc(F)cc4F)n([C@H]4CCOC4)c3n2)CC1
3568,7.329546443708437,Nc1ncnc2c1c(-c1ccc(Cl)c(O)c1)nn2[C@H]1CC[C@@H](O)CC1
3569,9.04424394286971,O=C(/C=C/CN1CCOCC1)Nc1cc2c(Nc3ccc(Cl)c(Cl)c3)ncnc2cc1O[C@H]1CCOC1
3570,9.403281407985128,O=C(/C=C/CN1CCOCC1)Nc1cc2c(Nc3ccc(Cl)c(Cl)c3F)ncnc2cc1O[C@H]1CCOC1
3571,9.172823710589705,O=C(O)CN1CCC(Oc2cc3c(Nc4ccc(Cl)c(Cl)c4F)ncnc3cc2O[C@H]2CCOC2)CC1
3572,9.354892230292352,O=C(Nc1cc2c(Nc3ccc(F)c(Cl)c3)ncnc2cc1O[C@H]1CCOC1)C(F)=CCN1CC(O)C1
3573,9.3268146478505,O=C(Nc1cc2c(Nc3ccc(F)c(Cl)c3)ncnc2cc1O[C@H]1CCOC1)/C(F)=C/CN1CCCC1
3574,9.287642765772768,O=C(/C=C/CN1CCCCC1)Nc1cc2c(Nc3ccc(F)c(Cl)c3)ncnc2cc1O[C@H]1CCOC1
3575,9.302990555605737,O=C(/C=C/CN1CCCC1)Nc1cc2c(Nc3ccc(F)c(Cl)c3)ncnc2cc1O[C@H]1CCOC1
3576,8.340108352864396,CN(C)CCNC(=O)Nc1cc2c(Nc3ccc(F)c(Cl)c3)ncnc2cc1O[C@H]1CCOC1
3577,8.578643809127088,O=C(Nc1ccc(O)cc1)Nc1cc2c(Nc3ccc(F)c(Cl)c3)ncnc2cc1O[C@H]1CCOC1
3578,8.648671510528988,O=C(Nc1cccc(C(F)(F)F)c1)Nc1cc2c(Nc3ccc(F)c(Cl)c3)ncnc2cc1O[C@H]1CCOC1
3579,8.317525697355709,O=C(Nc1cc2c(Nc3ccc(F)c(Cl)c3)ncnc2cc1O[C@H]1CCOC1)N1CCC(F)(F)C1
3580,8.239805241190814,O=C(Nc1cc2c(Nc3ccc(F)c(Cl)c3)ncnc2cc1O[C@H]1CCOC1)N1CCC(F)CC1
3581,8.394358491368806,O=C(NCCN1CCCC1)Nc1cc2c(Nc3ccc(F)c(Cl)c3)ncnc2cc1O[C@H]1CCOC1
3582,8.492188702207601,CN(C)CCCNC(=O)Nc1cc2c(Nc3ccc(F)c(Cl)c3)ncnc2cc1O[C@H]1CCOC1
3583,8.741765337314018,O=S(=O)(Nc1cc2c(Nc3ccc(F)c(Cl)c3)ncnc2cc1OCCO)c1c(F)c(F)c(F)c(F)c1C(F)(F)F
3584,8.964127516593049,O=S(=O)(Nc1cc2c(Nc3ccc(F)c(Cl)c3)ncnc2cc1OC1CCOC1)c1c(F)cccc1F
3585,9.707778765086744,O=C1NCCc2[nH]c(-c3ccncc3OCCO)c(Nc3cccc(Cl)c3Cl)c21
3586,9.800824221901353,COc1ccc(-c2nn(CC3CCOCC3)cc2-c2ncnc3oc(-c4ccccc4)cc23)cc1
3587,8.022659140011507,O=C1NCCc2[nH]c(-c3ccncc3O)c(Nc3cccc(Cl)c3Cl)c21
3588,8.749750886448762,O=C1NCCc2[nH]c(-c3ccncc3OCC3CC3)c(Nc3cccc(Cl)c3)c21
3589,8.765989994024077,Brc1cccc(Nc2ncnc3cc4c(cc23)OCO4)c1
3590,8.992149092844421,Brc1cccc(Nc2ncnc3cc4c(cc23)OCCO4)c1
3591,8.794942842936306,Brc1cccc(Nc2ncnc3cc4c(cc23)OCCCN4)c1
3592,8.771786000903194,Brc1cccc(Nc2ncnc3cc4c(cc23)OCCCO4)c1
3593,8.845148447517195,Brc1cccc(Nc2ncnc3cc4c(cc23)OCCOCC4)c1
3594,8.851138705605075,c1ccc(-c2cccc(Nc3ncnc4cc5c(cc34)OCO5)c2)cc1
3595,8.711246707154338,c1ccc(-c2cccc(Nc3ncnc4cc5c(cc34)OCCO5)c2)cc1
3596,8.008910103655598,O=C(Nc1ccc2ncnc(Nc3cccc(Br)c3)c2c1)c1cccc2c1OCO2
3597,7.9890673146432425,O=C(Nc1ccc2ncnc(Nc3cccc(Br)c3)c2c1)c1ccc2c(c1)OCCO2
3598,7.952764061408698,O=C(Nc1ccc2ncnc(Nc3cccc(Cl)c3)c2c1)c1cccc2c1OCO2
3599,8.269461372535526,O=C(Nc1ccc2ncnc(Nc3cccc(Cl)c3)c2c1)c1cccc2c1OCCC2
3600,8.293432368623165,Fc1ccc(Nc2ncnc3cc4c(cc23)OCCN4)cc1Cl
3601,8.402088014510825,Fc1ccc(Nc2ncnc3cc4c(cc23)NCCCO4)cc1Cl
3602,8.458858948229777,Fc1ccc(Nc2ncnc3ccc4c(c23)OCCCN4)cc1Cl
3603,8.529564205259721,Clc1cccc(Nc2ncnc3ccc4c(c23)OCCN4)c1
3604,8.660770585267269,Brc1cccc(Nc2ncnc3ccc4c(c23)OCO4)c1
3605,8.771943369777635,Brc1cccc(Nc2ncnc3ccc4c(c23)OCCCN4)c1
3606,7.8379660236297255,FC(F)(F)c1cccc(Nc2ncnc3ccc4c(c23)OCO4)c1
3607,7.832831373928621,FC(F)(F)c1cccc(Nc2ncnc3ccc4c(c23)OCCCN4)c1
3608,8.787159329401796,O=C(/C=C/Cn1ccnc1)N1CCOc2cc3ncnc(Nc4ccc(F)c(Cl)c4)c3cc21
3609,8.625899638323261,O=C(/C=C/Cn1ccnc1)N1CCOc2cc3ncnc(Nc4cccc(Cl)c4)c3cc21
3610,8.711372233192776,O=C(OCCn1ccnc1)N1CCOc2cc3ncnc(Nc4ccc(OCc5cccc(F)c5)c(Cl)c4)c3cc21
3611,8.724500270154206,O=C(/C=C/c1cnc[nH]1)N1CCOc2cc3ncnc(Nc4ccc(OCc5cccc(F)c5)c(Cl)c4)c3cc21
3612,8.987972228403764,Fc1cc(Br)ccc1Nc1ncnc2cc3c(cc12)OCCO3
3613,8.583970341623427,Fc1ccc(Nc2ncnc3cc4c(cc23)OCCO4)cc1Cl
3614,8.927644298971316,Fc1ccc(Nc2ncnc3cc4c(cc23)OCCO4)c(Cl)c1Cl
3615,8.565957485862159,Fc1ccc(Nc2ncnc3cc4c(cc23)OCO4)c(F)c1Br
3616,8.624201163816673,Fc1ccc(Nc2ncnc3cc4c(cc23)OCCO4)c(F)c1
3617,8.911546735812637,Fc1c(Br)cc(Br)cc1Nc1ncnc2cc3c(cc12)OCCO3
3618,9.068846795321859,Fc1cc(Br)cc(Nc2ncnc3cc4c(cc23)OCCO4)c1F
3619,8.539098077049253,Fc1cc(Br)c(F)c(Nc2ncnc3cc4c(cc23)OCO4)c1
3620,8.716991942035952,Fc1cc(Br)c(F)c(Nc2ncnc3cc4c(cc23)OCCCO4)c1
3621,8.465243025132564,Fc1c(Br)cccc1Nc1ncnc2cc3c(cc12)OCO3
3622,8.717878471767982,Fc1cccc(Nc2ncnc3cc4c(cc23)OCCO4)c1F
3623,7.9784937645636855,Oc1c(Br)cccc1Nc1ncnc2cc3c(cc12)OCO3
3624,7.870283335752231,Oc1ccccc1Nc1ncnc2cc3c(cc12)OCCO3
3625,8.534471677556732,Fc1c(Cl)cccc1Nc1ncnc2cc3c(cc12)OCCCO3
3626,8.257869254271945,Fc1c(Cl)cccc1Nc1ncnc2cc3c(cc12)OCO3
3627,8.103593863921033,Fc1cccc(Nc2ncnc3cc4c(cc23)OCO4)c1F
3628,8.58909710031654,Fc1ccccc1Nc1ncnc2cc3c(cc12)OCCO3
3629,9.058751612719256,Fc1c(Br)cccc1Nc1ncnc2cc3c(cc12)OCCO3
3630,8.51908163716831,Fc1ccc(Br)cc1Nc1ncnc2cc3c(cc12)OCO3
3631,8.543546509653147,Fc1ccc(Br)c(F)c1Nc1ncnc2cc3c(cc12)OCO3
3632,8.784606765179435,Fc1ccc(Br)c(F)c1Nc1ncnc2cc3c(cc12)OCCCO3
3633,8.267254603692061,Clc1cccc(Nc2ncnc3cc4c(cc23)OCO4)c1
3634,8.534018344493782,Clc1ccc(Nc2ncnc3cc4c(cc23)OCCO4)cc1
3635,7.760855397483121,N#Cc1cccc(Nc2ncnc3cc4c(cc23)OCO4)c1
3636,8.054402241762379,N#Cc1cccc(Nc2ncnc3cc4c(cc23)OCCCO4)c1
3637,8.63132898926316,c1ccc(-c2ccc(Nc3ncnc4cc5c(cc34)OCCO5)cc2)cc1
3638,8.382060283246043,FC(F)(F)c1cccc(Nc2ncnc3cc4c(cc23)OCCO4)c1
3639,7.916597701201618,N#Cc1cccc(Nc2ncnc3cc4c(cc23)OCO4)c1F
3640,8.157026345776712,N#Cc1cccc(Nc2ncnc3cc4c(cc23)OCCCO4)c1Cl
3641,6.2917209080808405,c1ccc(COc2ccc(C3CC(c4ccc5c(c4)OCCO5)=NN3c3ccccc3)cc2)cc1
3642,7.308641765079897,c1ccc(COc2cccc(C3CC(c4ccccc4)=NN3c3ccccc3)c2)cc1
3643,7.078636184140647,c1ccc(COc2ccc(C3CC(c4ccccn4)=NN3c3ccccc3)cc2)cc1
3644,5.8437334594730785,COc1ccc(C2CC(c3ccc4c(c3)OCCO4)=NN2c2ccccc2)cc1
3645,7.985491467534379,Fc1ccc(Nc2ncnc3ccc(NCc4ccc5c(c4)OCCO5)cc23)cc1F
3646,8.506062170123013,Fc1cc2c(cc1Cl)Nc1ncnc3ccc(cc13)OCCCCO2
3647,8.514096111675288,Fc1cc2c(cc1Cl)Nc1ncnc3ccc(cc13)OCCCO2
3648,9.355054959281219,N#Cc1cnc2c(Cl)cc(N[C@@H](C3=CCOCC3)C3=CN(CCO)NN3)cc2c1Nc1ccc(Cl)c(Cl)c1F
3649,9.355054959281219,N#Cc1cnc2c(Cl)cc(N[C@H](C3=CCOCC3)C3=CN(CCO)NN3)cc2c1Nc1ccc(Cl)c(Cl)c1F
3650,8.901162918815773,N#Cc1cnc2c(Cl)cc(N[C@@H](C3=CNNCC3)C3=CCOCC3)cc2c1Nc1ccc(Cl)c(Cl)c1F
3651,8.901162918815773,N#Cc1cnc2c(Cl)cc(N[C@H](C3=CNNCC3)C3=CCOCC3)cc2c1Nc1ccc(Cl)c(Cl)c1F
3652,10.059891305459416,O=S1(=O)CC(n2cc(-c3ncnc4oc(N5CCOCC5)cc34)c(-c3ccc(F)cc3)n2)C1
3653,10.006551672509186,O=S1(=O)CC(n2cc(-c3ncnc4oc(N5CCCCC5)cc34)c(-c3ccc(F)cc3)n2)C1
3654,9.692154464873507,COc1ccc(-c2nn(C3CCOCC3)cc2-c2ncnc3oc(-c4ccccc4)cc23)cc1
3655,8.39925980655663,Fc1cc(Nc2ncnc3cc(OC4CCOCC4)c4c(c23)OCCO4)ccc1Cl
3656,8.306673605752842,Fc1cc(Nc2ncnc3cc(OC4CCOC4)c4c(c23)OCO4)ccc1Cl
3657,8.445731226768388,Fc1ccc(Nc2ncnc3cc(OC4CCOCC4)c4c(c23)OCCO4)cc1Cl
3658,8.619551287281146,COc1cc2ncnc(Nc3ccc(F)c(Cl)c3)c2c2c1OCCO2
3659,8.802966997495583,O=C(/C=C/CN1CC2(CCOCC2)C1)Nc1cc2c(Nc3cccc(Cl)c3)ncnc2s1
3660,10.972298075035269,COc1ccc(-c2nn(C3CCOCC3)cc2-c2ncnc3oc(-c4ccc(F)cc4)cc23)cc1
3661,9.770415801729026,COc1ccc(-c2nn(C3CCOCC3)cc2-c2ncnc3oc(-c4ccccc4)cc23)cn1
3662,8.777821306615092,O=C(/C=C/CNC1CCOCC1)Nc1cc2c(Nc3cccc(Cl)c3)ncnc2s1
3663,8.742727087493645,O=C(/C=C/CNC1CCOCC1)Nc1cc2c(Nc3ccc(F)cc3)ncnc2s1
3664,8.801354546030753,N#Cc1cnc2c(Cl)cc(N[C@@H](C3=CN(CC(=O)O)CC3)c3cccnc3)cc2c1NC1CCOCC1
3665,8.801354546030753,N#Cc1cnc2c(Cl)cc(N[C@H](C3=CN(CC(=O)O)CC3)c3cccnc3)cc2c1NC1CCOCC1
3666,8.25584199871542,Fc1cc(Nc2ncnc3cc(OC4CCOCC4)c4c(c23)OCO4)ccc1Cl
3667,8.265867956970123,Fc1ccc(Nc2ncnc3cc(OC4CCOCC4)c4c(c23)OCO4)cc1Cl
3668,8.125081853810762,Fc1ccc(Nc2ncnc3cc(OC4CCOCC4)c4c(c23)OCCO4)cc1
3669,8.643506589925657,Clc1cc(Nc2ncnc3cccc(OC4CCOC4)c23)ccc1OCc1ccccn1
3670,8.609396740714912,COc1ccc2ncnc(Nc3ccc(OCc4ccccn4)c(Cl)c3)c2c1
3671,8.335814769890732,Nc1ncnc(Nc2ccc3c(cnn3Cc3ccccc3)c2)c1/C=N/N1CCOCC1
3672,8.420500744274895,Nc1ncnc(Nc2ccc3c(cnn3Cc3cccc(Cl)c3)c2)c1/C=N/N1CCOCC1
3673,8.935950090446573,O=C(Cc1c[nH]c2cc3ncnc(Nc4cccc(Br)c4)c3cc12)N1CCNCC1
3674,8.924177527161559,O=C(Cc1c[nH]c2cc3ncnc(Nc4cccc(Br)c4)c3cc12)N1CCN(CCO)CC1
3675,8.94839923243613,CN1CCN(C(=O)CCCN2Cc3cc4c(Nc5cccc(Br)c5)ncnc4cc32)CC1
3676,9.016585414898616,O=C(CCN1Cc2cc3c(Nc4cccc(Br)c4)ncnc3cc21)N1CCOCC1
3677,8.915909339468191,CN1CCN(CCCn2ncc3cc4c(Nc5cccc(Br)c5)ncnc4cc32)CC1
3678,8.777841028973514,O=C(CCn1ncc2cc3c(Nc4cccc(Br)c4)ncnc3cc21)N1CCCCC1
3679,9.015515645902843,CN1CCN(C(=O)CCN2Cc3cc4c(Nc5cccc(Br)c5)ncnc4cc32)CC1
3680,8.910558468522268,O=C(CCN1Cc2cc3c(Nc4cccc(Br)c4)ncnc3cc21)N1CCCCC1
3681,8.579616490169759,O=C(NO)c1ccccc1Nc1nc(Nc2ccc(OCCN3CCOCC3)cc2)ncc1Cl
3682,8.24717881446064,O=C(NO)c1ccccc1Nc1nc(Nc2ccc(OCC(=O)N3CCNCC3)cc2)ncc1Cl
3683,8.399348757851028,CN1CCN(C(=O)COc2ccc(Nc3ncc(Cl)c(Nc4ccccc4C(=O)O)n3)cc2)CC1
3684,8.327329360993863,O=C(O)c1ccccc1Nc1nc(Nc2ccc(OCC(=O)N3CCCCC3)cc2)ncc1Cl
3685,8.721859639808294,COC(=O)N[C@H]1CN[C@@H](C#Cc2cc3ncnc(Nc4ccc(OCc5cccc(F)c5)c(Cl)c4)c3s2)C1
3686,8.563799455067322,O=C(O[C@H]1CN[C@@H](C#Cc2cc3ncnc(Nc4ccc(OCc5ccccc5)c(Cl)c4)c3s2)C1)N1CCOCC1
3687,8.661457438942122,O=C(O[C@H]1CN[C@H](C#Cc2cc3ncnc(Nc4ccc(Oc5cccc6[nH]ncc56)c(Cl)c4)c3s2)C1)N1CCOCC1
3688,8.621624365402052,O=C(O[C@H]1CN[C@H](C#Cc2cc3ncnc(Nc4ccc(Oc5ccnc6ccc(F)cc56)c(Cl)c4)c3s2)C1)N1CCCC1
3689,8.529241623934427,O=C(O[C@H]1CN[C@H](C#Cc2cc3ncnc(Nc4ccc(Oc5ccccc5)c(Cl)c4)c3s2)C1)N1CCOCC1
3690,8.686692182261883,O=C(O[C@H]1CN[C@H](C#Cc2cc3ncnc(Nc4ccc(Oc5ccccn5)c(Cl)c4)c3s2)C1)N1CCCCC1
3691,8.580600712787119,O=C(O[C@H]1CN[C@H](C#Cc2cc3ncnc(Nc4ccc(OCc5ccccc5)c(F)c4)c3s2)C1)N1CCOCC1
3692,8.563799455067322,O=C(O[C@H]1CN[C@H](C#Cc2cc3ncnc(Nc4ccc(OCc5ccccc5)c(Cl)c4)c3s2)C1)N1CCOCC1
3693,8.598127079092555,COCCOc1ccc(Nc2ncnc3cc(C#C[C@@H]4C[C@@H](OC(=O)N5CCOCC5)CN4)sc23)cc1Cl
3694,8.78757814936924,O=C(O[C@H]1CN[C@H](C#Cc2cc3ncnc(Nc4ccc(OCc5ccccn5)c(Cl)c4)c3s2)C1)N1CCOCC1
3695,8.598127079092555,COCCOc1ccc(Nc2ncnc3cc(C#C[C@@H]4C[C@H](OC(=O)N5CCOCC5)CN4)sc23)cc1Cl
3696,8.623358610654241,O=C(O[C@H]1CN[C@H](C#Cc2cc3ncnc(Nc4ccc(Sc5ccccc5)c(F)c4)c3s2)C1)N1CCOCC1
3697,8.543223574782939,CSc1ccc(Nc2ncnc3cc(C#C[C@@H]4C[C@H](OC(=O)N5CCOCC5)CN4)sc23)cc1Cl
3698,8.399372449986263,O=C(O[C@H]1CN[C@H](C#Cc2cc3ncnc(Nc4ccccc4)c3s2)C1)N1CCOCC1
3699,8.58493875676486,O=C(O[C@H]1CN[C@H](C#Cc2cc3ncnc(Nc4ccc(F)cc4)c3s2)C1)N1CCOCC1
3700,8.491558315915219,CSc1ccc(Nc2ncnc3cc(C#C[C@@H]4C[C@@H](OC(=O)N5CCOCC5)CN4)sc23)cc1
3701,8.14846531271202,O=C(O[C@H]1CN[C@H](C#Cc2cc3ncnc(Nc4ccc5c(c4)OCO5)c3s2)C1)N1CCOCC1
3702,8.505944390300934,CN1CCN(C(=O)O[C@H]2CN[C@H](C#Cc3cc4ncnc(Nc5ccc6c(ccn6Cc6ccccc6)c5)c4s3)C2)CC1
3703,8.471699819957735,CC(=O)N[C@H]1CN[C@H](C#Cc2cc3ncnc(Nc4ccc5c(ccn5Cc5ccccc5)c4)c3s2)C1
3704,8.602153008245308,O=C(O[C@H]1CN[C@H](C#Cc2cc3ncnc(Nc4ccc5c(ccn5Cc5ccccn5)c4)c3s2)C1)N1CCOCC1
3705,8.696382142656068,CN(C)C(=O)O[C@H]1CN[C@H](C#Cc2cc3ncnc(Nc4ccc5c(ccn5Cc5cscn5)c4)c3s2)C1
3706,8.565260428820281,CN1CCN(C(=O)O[C@H]2CN[C@H](C#Cc3cc4ncnc(Nc5ccc6c(ccn6CCc6ccccc6)c5)c4s3)C2)CC1
3707,8.467383261659723,CC(=O)N[C@H]1CN[C@H](C#Cc2cc3ncnc(Nc4ccc5c(ccn5CCc5ccccc5)c4)c3s2)C1
3708,8.712657296774273,CN(C)C(=O)O[C@H]1CN[C@H](C#Cc2cc3ncnc(Nc4ccc5c(ccn5S(=O)(=O)c5cccs5)c4)c3s2)C1
3709,8.788145925252234,O=C(O[C@H]1CN[C@H](C#Cc2cc3ncnc(Nc4ccc5c(ccn5S(=O)(=O)c5cccs5)c4)c3s2)C1)N1CCC1
3710,8.638296848025544,O=C(O[C@H]1CN[C@H](C#Cc2cc3ncnc(Nc4ccc5c(ccn5S(=O)(=O)c5ccccc5)c4)c3s2)C1)N1CCOCC1
3711,8.861129683003517,O=C(O[C@H]1CN[C@H](C#Cc2cc3ncnc(Nc4ccc5c(ccn5S(=O)(=O)c5ccsc5)c4)c3s2)C1)N1CCC1
3712,8.629596600388258,O=C(O[C@H]1CN[C@H](C#Cc2cc3ncnc(Nc4ccc5c(c4)c(F)cn5Cc4ccccc4)c3s2)C1)N1CCCCC1
3713,8.661644071787386,O=C(O[C@H]1CN[C@H](C#Cc2cc3ncnc(Nc4ccc5c(c4)c(F)cn5Cc4ccccc4)c3s2)C1)C1CC1
3714,8.47218869095893,O=C(O[C@H]1CN[C@H](C#Cc2cc3ncnc(Nc4ccc5c(cnn5Cc5ccccc5)c4)c3s2)C1)N1CCOCC1
3715,8.786541282831562,O=C(O[C@H]1CN[C@H](C#Cc2cc3ncnc(Nc4ccc5c(cnn5Cc5cc(F)ccc5F)c4)c3s2)C1)N1CCCCC1
3716,8.667488440478868,O=C(O[C@H]1CN[C@H](C#Cc2cc3ncnc(Nc4ccc5c(cnn5Cc5cccc(F)c5)c4)c3s2)C1)N1CCCCC1
3717,8.59835761546511,O=C(O)C[C@H]1CN[C@H](C#Cc2cc3ncnc(Nc4ccc5c(cnn5Cc5cccc(F)c5)c4)c3s2)C1
3718,8.513009257426503,CN(C)C(=O)O[C@H]1CN[C@H](C#Cc2cc3ncnc(Nc4ccc5c(cnn5Cc5ccccc5)c4)c3s2)C1
3719,8.56248520339506,COC(=O)C1CN(C#Cc2cc3ncnc(Nc4ccc5c(cnn5Cc5ccccc5)c4)c3s2)CCN1
3720,8.756215395386489,O=C(O[C@H]1CN[C@H](C#Cc2cc3ncnc(Nc4ccc5c(cnn5S(=O)(=O)c5cccc(F)c5)c4)c3s2)C1)C1CC1
3721,8.654859293622629,O=C(O[C@H]1CN[C@H](C#Cc2cc3ncnc(Nc4ccc5c(cnn5S(=O)(=O)c5cccc(F)c5)c4)c3s2)C1)N1CC1
3722,8.484282955214422,O=C(O[C@H]1CN[C@H](C#Cc2cc3ncnc(Nc4ccc(OCc5ccccc5)nc4)c3s2)C1)N1CCOCC1
3723,8.546002277912269,O=C(O[C@H]1CN[C@H](C#Cc2cc3ncnc(Nc4ccc(Oc5ccccc5)nc4)c3s2)C1)N1CCOCC1
3724,8.330537801268378,O=C(O[C@H]1CN[C@H](C#Cc2cc3ncnc(NCc4ccccc4)c3s2)C1)N1CCOCC1
3725,8.600340121686012,O=C(O[C@H]1CN[C@H](C#Cc2cc3ncnc(NCc4cccc(OC(F)(F)F)c4)c3s2)C1)N1CCOCC1
3726,8.580600712787119,O=C(O[C@@H]1CN[C@@H](C#Cc2cc3ncnc(Nc4ccc(OCc5ccccc5)c(F)c4)c3s2)C1)N1CCOCC1
3727,8.78757814936924,O=C(O[C@@H]1CN[C@@H](C#Cc2cc3ncnc(Nc4ccc(OCc5ccccn5)c(Cl)c4)c3s2)C1)N1CCOCC1
3728,8.665707253506223,COC(=O)N1CCN(C#Cc2cc3ncnc(Nc4ccc(OCc5cccc(F)c5)c(Cl)c4)c3s2)CC1
3729,8.580600712787119,O=C(O[C@@H]1CN[C@H](C#Cc2cc3ncnc(Nc4ccc(OCc5ccccc5)c(F)c4)c3s2)C1)N1CCOCC1
3730,8.948586294064,S=C(Nc1ccc2ncnc(Nc3cccc(Br)c3)c2c1)N1CCNCC1
3731,8.829334979366724,S=C(Nc1ccc2ncnc(Nc3cccc(Br)c3)c2c1)N1CCCCC1
3732,8.684273439869642,O=C(/C=C/CN1CCOCC1)N1CCOc2cc3ncnc(Nc4cccc(Cl)c4)c3cc21
3733,8.68843312063133,O=C(/C=C/CO)N1CCOc2cc3ncnc(Nc4ccc(OCc5cccc(F)c5)c(Cl)c4)c3cc21
3734,8.684618407775508,O=C(/C=C/CO)N1CCOc2c1ccc1ncnc(Nc3ccc(OCc4cccc(F)c4)c(Cl)c3)c21
3735,8.68071314150997,O=C(/C=C/c1cn[nH]c1)N1CCOc2c1ccc1ncnc(Nc3ccc(OCc4cccc(F)c4)c(Cl)c3)c21
3736,8.15998428308278,O=C(Nc1cccc(-c2c(-c3ccccc3)oc3ncnc(N[C@H](CO)c4ccccc4)c23)c1)N1CCCC1
3737,8.582745714090048,CN(C)CCCC(=O)Nc1cccc(-c2c(-c3ccccc3)oc3ncnc(N[C@H](CO)c4ccccc4)c23)c1
3738,8.798512423999686,O=C(/C=C/CN1CCOCC1)Nc1cc2c(Nc3cccc(Cl)c3)ncnc2s1
3739,9.138148462683185,O=C(/C=C/CN1CCCCC1)Nc1cc2c(Nc3ccc(F)c(Cl)c3)ncnc2cn1
3740,8.818045531046893,O=C(/C=C/CN1CCOCC1)Nc1cc2c(Nc3cccc(Cl)c3)ncnc2cn1
3741,7.476408830359503,NS(=O)(=O)c1ccc(Nc2nc3ncnc(Nc4ccc(N5CCOCC5)cc4)c3s2)cc1
3742,8.456839910704465,COCCn1c(=O)oc2cc3ncnc(Nc4ccc(N5CCOCC5)c(Cl)c4)c3cc21
3743,8.329861147960475,O=c1oc2cc3ncnc(Nc4ccc(N5CCOCC5)c(Cl)c4)c3cc2n1CCO
3744,8.692520184127362,O=C(Nc1nccs1)C(c1ncn2c1C[C@@H](F)C2)n1cc2c(Cl)cc(-c3ccccc3)c(Cl)c2n1
3745,8.926750447859257,O=C(Nc1nccs1)C(c1ncn2c1C[C@@H](F)C2)n1cc2c(Cl)cc(-c3ccc(F)cc3)c(Cl)c2n1
3746,8.045759629991469,O=C1c2cc(-c3ccc(F)cc3)ccc2CN1[C@@H](c1cc2ccccc2[nH]1)c1cc(Cl)ccc1O
3747,7.075403096544621,N#Cc1ccc(-c2csc(N3N=C(c4ccc(N5CCOCC5)cc4)CC3c3ccccc3)n2)cc1
3748,7.174476924688141,Cc1ccc(-c2csc(N3N=C(c4ccc(N5CCOCC5)cc4)CC3c3ccc(F)cc3)n2)cc1
3749,8.468065633425567,O=C(NO)c1ccccc1Nc1nc(Nc2ccc(N3CCOCC3)c(F)c2)ncc1Cl
3750,8.231727530467063,O=C(NO)c1ccccc1Nc1nc(Nc2ccc(N3CCOCC3)cc2)ncc1F
3751,8.557003273831912,O=C(Nc1cccc(-c2nc3sccn3c2-c2ccnc(Nc3ccc(N4CCOCC4)cc3)n2)c1)c1cccnc1
3752,8.403942791979222,O=C(Nc1cccc(-c2nc3sccn3c2-c2ccnc(Nc3ccc(N4CCOCC4)cc3)n2)c1)N1CCCC1
3753,8.63473609920609,O=C(Nc1cccc(-c2nc3n(c2-c2ccnc(Nc4ccc(N5CCOCC5)cc4)n2)CCS3)c1)C1CC1
3754,8.523501763038672,O=C(Nc1cccc(-c2nc3n(c2-c2ccnc(Nc4ccc(N5CCOCC5)cc4)n2)CCS3)c1)c1cccnc1
3755,8.496407596975683,O=C(Nc1cccc(-c2nc3sccn3c2-c2ccnc(Nc3cccc(N4CCOCC4)c3)n2)c1)C1CC1
3756,8.562313883426583,O=C(Nc1cccc(-c2nc3sccn3c2-c2ccnc(Nc3cccc(N4CCOCC4)c3)n2)c1)c1cccnc1
3757,8.97898571835906,N#Cc1cnc2c(Cl)cc(N[C@H](C3=CN(CCO)CC3)c3csc(N4CCOCC4)n3)cc2c1Nc1ccc(F)c(Cl)c1
3758,8.992977847673913,N#Cc1cnc2c(Cl)cc(N[C@H](C3=CN(CCO)CC3)c3csc(N4CCOCC4)n3)cc2c1Nc1ccc(F)c(F)c1
3759,7.998184512394974,O=C(Nc1cc(N2CCOCC2)ncn1)c1cccc(F)c1
3760,7.936240304346141,O=C(Nc1cc(N2CCOCC2)ncn1)c1ccccc1F
3761,7.729110331655963,O=C(O)CCC(=O)Nc1cc(N2CCOCC2)ncn1
3762,7.859146650496647,O=C(O)CCCCC(=O)Nc1cc(N2CCOCC2)ncn1
3763,7.185895541753557,NS(=O)(=O)c1ccc(Nc2nc(N3CCCCC3)nc3nc[nH]c23)cc1
3764,7.462576560977557,NS(=O)(=O)c1ccc(Nc2nc(N3CCN(CCO)CC3)nc3nc[nH]c23)cc1
3765,7.81728224140403,O=C(CO)Nc1ccc(Nc2ncc(Cl)c(Nc3ccccc3C(=O)NO)n2)cc1
3766,8.496955101957614,O=C(CN1CCOCC1)Nc1ccc(Nc2ncc(Cl)c(Nc3ccccc3C(=O)NO)n2)c(F)c1
3767,8.840605570516791,O=C(CN1CCOCC1)Nc1ccc2ncnc(Nc3ccc(F)c(Cl)c3)c2c1
3768,8.178726104177166,OC(COc1ncnc2ccccc12)CN1CCCCC1
3769,8.031091361228805,O=C(Nc1ccccn1)c1ccc(Oc2ccnc3ccc(NC(=O)C4CCNCC4)cc23)cc1
3770,7.807248745453612,O=C(Nc1ccccn1)c1ccc(Oc2ccnc3ccc(NC(=O)N4CCCCC4)cc23)cc1
3771,8.971568069573573,O=C(CN1CCOCC1)Nc1cc2c(Nc3ccc(F)c(Cl)c3)ncnc2cn1
3772,9.135037519462976,O=C(CCN1CCOCC1)Nc1cc2c(Nc3ccc(F)c(Cl)c3)ncnc2cn1
3773,8.61239447559799,Fc1ccc(Nc2ncnc3ccc(C#CCN4CCCCC4)cc23)cc1Cl
3774,8.482002448601001,Fc1ccc(Nc2ncnc3ccc(C#CCN4CCOCC4)cc23)cc1
3775,7.37017430236412,NC(=O)c1csc2nc(CN3CCCC3)c(-c3ccc(Br)cc3)n12
3776,7.302951087915572,NC(=O)c1csc2nc(CN3CCOCC3)c(-c3ccc(Cl)cc3)n12
3777,7.54962917235461,N#Cc1cnc2ccc(-c3cccc(CN4CCOCC4)c3)cc2c1NCc1ccccc1
3778,7.738339162270879,N#Cc1cnc2ccc(-c3ccc(CN4CCOCC4)cc3)cc2c1NC1CC1c1ccccc1
3779,11.416731658987056,O=S1(=O)CC(n2cc(-c3ncnc4oc(-c5ccc(CN6CCOCC6)cc5)cc34)c(-c3ccc(F)cc3)n2)C1
3780,11.595449499746708,O=S1(=O)CC(n2cc(-c3ncnc4oc(-c5cccc(CN6CCCC6)c5)cc34)c(-c3ccc(F)cc3)n2)C1
3781,7.523086993763016,N#Cc1cnc2ccc(-c3ccc(CN4CCOCC4)cc3)cc2c1NCc1ccccc1
3782,7.404254483444808,N#Cc1cnc2ccc(-c3ccc(CN4CCOCC4)cc3)cc2c1OCc1ccccc1
3783,7.401303802014112,N#Cc1cnc2cc(-c3ccc(CN4CCOCC4)cc3)ccc2c1OCc1ccccc1
3784,7.540560908786092,N#Cc1cnc2cc(-c3ccc(CN4CCOCC4)cc3)ccc2c1NCc1ccccc1
3785,8.144839742417098,O=C(NO)c1ccccc1Nc1nc(Nc2ccc(N3CCOCC3)cc2)ncc1Cl
3786,8.21634714742636,O=C(NO)c1ccccc1Nc1nc(Nc2ccc(CN3CCCC3)cc2)ncc1Cl
3787,8.242266049663435,c1ccc(Nc2ncnc3nc(Nc4ccc(CN5CCOCC5)cc4)sc23)cc1
3788,8.414705469101118,COc1ccc(Nc2nc3ncnc(Nc4ccc(F)c(Cl)c4)c3s2)cc1
3789,8.119219347362238,N#Cc1cnc(Nc2cccc(Br)c2)c2cc(NC(=O)CN3CCOCC3)ccc12
3790,8.142946277990683,N#Cc1cnc(Nc2cccc(Br)c2)c2cc(NC(=O)CCN3CCCC3)ccc12
3791,8.983788679387523,O=C(CCN1CCOCC1)Nc1ccc2ncnc(Nc3ccc(F)c(Cl)c3)c2c1
3792,8.649583397827609,O=C(CCN1CCOCC1)Nc1ccc2ncnc(Nc3cccc(F)c3)c2c1
3793,8.063085773655075,Nc1ncnc(Nc2ccc(OCc3ccccc3)c(Cl)c2)c1C(=O)NNC(=O)C1CC1
3794,8.009071557353058,Nc1ncnc(Nc2ccc(OCc3ccccc3)c(Cl)c2)c1C(=O)NNC(=O)C1CCCCC1
3795,9.058705998114366,O=C(C#CCO)Nc1ccc2ncnc(Nc3ccc(F)c(Cl)c3)c2c1
3796,8.951342846316388,O=C(C#CCCN1CCOCC1)Nc1ccc2ncnc(Nc3cccc(Br)c3)c2c1
3797,7.878137982648113,O=C(Nc1ccccn1)c1ccc(Oc2ccnc3ccc(NC(=O)N4CCCC4)cc23)cc1
3798,9.50731962149992,CN1CCN(CCC#CC(=O)Nc2cc3c(Nc4ccc(F)c(Br)c4)ncnc3cn2)CC1
3799,9.162317309771263,O=C(CCCCN1CCOCC1)Nc1cc2c(Nc3ccc(F)c(Cl)c3)ncnc2cn1
3800,9.1828155102357,O=C(CCCN1CCOCC1)Nc1cc2c(Nc3ccc(F)c(Cl)c3)ncnc2cn1
3801,8.727847929004218,Fc1ccc(Nc2ncnc3nc(Nc4ccc(N5CCOCC5)cc4)sc23)cc1Cl
3802,8.031806890578693,Nc1ncnc(Nc2ccc(OCc3ccccc3)c(Cl)c2)c1-c1nnc(CO)o1
3803,8.427955992735694,Nc1ncnc(Nc2ccc(OCc3ccccc3)c(Cl)c2)c1-c1nnc(CN2CCC(O)CC2)o1
3804,9.415262184875433,Brc1cccc(Nc2ncnc3ccncc23)c1NCCN1CCOCC1
3805,9.394768502910981,Brc1cccc(Nc2ncnc3ccncc23)c1NCCCN1CCOCC1
3806,8.50144506380811,O=C1COc2cc3ncnc(Nc4ccc(Cl)cc4)c3cc2N1CCCN1CCOCC1
3807,8.933889741305386,Brc1cccc(Nc2ncnc3cc4c(ccn4CCN4CCOCC4)cc23)c1
3808,8.693015500450628,Brc1cccc(Nc2ncnc3cc4c(ccn4CCCN4CCCCC4)cc23)c1
3809,8.863164714847354,O=c1oc2cc3ncnc(Nc4ccc(F)c(Cl)c4)c3cc2n1CCCN1CCCCC1
3810,8.67727318333646,O=c1oc2cc3ncnc(Nc4ccc(OCc5ccccn5)c(Cl)c4)c3cc2n1CCCN1CCOCC1
3811,8.534336137832835,COc1ccc(Nc2ncnc3cc4oc(=O)n(CCCN5CCOCC5)c4cc23)cc1OCc1cccc(Cl)c1
3812,8.128723570353781,COc1ccc(Nc2ncnc3cc4oc(=O)n(CCCN5CCOCC5)c4cc23)cc1
3813,8.360394472605865,O=c1oc2cc3ncnc(Nc4ccc(OCc5ccccn5)cc4)c3cc2n1CCCN1CCOCC1
3814,8.351620765229002,O=c1oc2cc3ncnc(Nc4ccc(OCc5ccccc5)cc4)c3cc2n1CCCN1CCOCC1
3815,9.180579514261563,O=C(/C=C/C(=O)NCCN1CCOCC1)Cc1cc2c(Nc3cccc(Br)c3)ncnc2cn1
3816,9.17407919353853,O=C(/C=C/C(=O)NCCCN1CCOCC1)Cc1cc2c(Nc3ccc(F)c(Cl)c3)ncnc2cn1
3817,8.764310902932953,S=C(NCCN1CCOCC1)Nc1ccc2ncnc(Nc3ccc(Cl)c(Cl)c3)c2c1
3818,8.878020863841975,S=C(NCCCN1CCOCC1)Nc1ccc2ncnc(Nc3cccc(Br)c3)c2c1
3819,8.594895939394545,O=C(NCCN1CCOCC1)Nc1ccc2ncnc(Nc3ccc(OCc4cccc(F)c4)c(Cl)c3)c2c1
3820,8.62418827468821,O=C(NCCCN1CCOCC1)Nc1ccc2ncnc(Nc3ccc(OCc4cccc(F)c4)c(Cl)c3)c2c1
3821,8.933746759696879,S=C(NCCN1CCOCC1)Nc1ccc2ncnc(Nc3cccc(Br)c3)c2c1
3822,8.898707777898354,S=C(NCCCN1CCOCC1)Nc1ccc2ncnc(Nc3cccc(Cl)c3)c2c1
3823,9.171086105913094,Brc1cccc(Nc2ncnc3ccncc23)c1NCCCN1CCCCC1
3824,8.695551738986268,COc1cc2c(Nc3ccc(OCc4cccc(F)c4)c(Cl)c3)ncnc2cc1OCCCN1CCOCC1
3825,8.853734431975992,CN(C)CCOc1cc2c(Nc3ccc(OCc4cccc(F)c4)c(Cl)c3)ncnc2cc1OCCCN1CCOCC1
3826,8.566366860792568,N#Cc1ccc(Nc2ncnc3cc(OCCCN4CCOCC4)c(NC(=O)c4ccccc4)cc23)cc1Cl
3827,8.616108757606172,N#Cc1ccc(Nc2ncnc3cc(OCCCN4CCOCC4)c(NC(=O)c4cccc(Cl)c4)cc23)cc1Cl
3828,9.082187197145199,O=C(Nc1cc2c(Nc3ccc(F)c(Cl)c3)ncnc2cc1OCCCN1CCNCC1)c1cc(F)cc(F)c1F
3829,9.108082275816953,O=C(Nc1cc2c(Nc3ccc(F)c(Cl)c3)ncnc2cc1OCCCN1CCC(O)CC1)c1cc(F)cc(F)c1F
3830,8.899849779794172,COc1cc2ncnc(Nc3ccc(F)c(Cl)c3)c2cc1OCCCN1CCOCC1
3831,8.800670382583466,O=C(Nc1cc2c(Nc3ccc(F)c(Cl)c3)ncnc2cc1OCCCN1CCOCC1)c1ccccc1
3832,9.059692031012979,O=C(Nc1cc2c(Nc3ccc(F)c(Cl)c3)ncnc2cc1OCCCN1CCNCC1)c1cccc([N+](=O)[O-])c1F
3833,8.941038587772978,O=C(Nc1cc2c(Nc3ccc(F)c(Cl)c3)ncnc2cc1OCCCN1CCNCC1)c1cccc(C(F)(F)F)c1F
3834,8.965373736089823,O=C(Nc1cc2c(Nc3ccc(F)c(Cl)c3)ncnc2cc1OCCCN1CCNCC1)c1cccc(F)c1F
3835,8.939737856520523,O=C(Nc1cc2c(Nc3ccc(F)c(Cl)c3)ncnc2cc1OCCCN1CCC(O)CC1)c1cccc(F)c1F
3836,9.143952912426393,O=C(Nc1cc2c(Nc3ccc(F)c(Cl)c3)ncnc2cc1OCCCN1CCNCC1)c1cc([N+](=O)[O-])ccc1F
3837,8.873702744932318,O=C(Nc1cc2c(Nc3ccc(F)c(Cl)c3)ncnc2cc1OCCCN1CCOCC1)c1cccnc1
3838,8.885607437096855,O=C(Nc1cc2c(Nc3ccc(F)c(Cl)c3)ncnc2cc1OCCCN1CCOCC1)c1ccccc1F
3839,8.820140192140899,O=C(Nc1cc2c(Nc3ccc(F)c(Cl)c3)ncnc2cc1OCCCN1CCNCC1)c1ccccc1[N+](=O)[O-]
3840,8.986644792935175,O=C(Nc1cc2c(Nc3ccc(F)c(Cl)c3)ncnc2cc1OCCCN1CCNCC1)c1cccnc1F
3841,8.997532572354936,O=C(Nc1cc2c(Nc3ccc(F)c(Cl)c3)ncnc2cc1OCCCN1CCC(O)CC1)c1cccnc1F
3842,8.819463748916386,O=C(Nc1cc2c(Nc3ccc(F)c(Cl)c3)ncnc2cc1OCCCN1CCNCC1)c1cccc([N+](=O)[O-])c1
3843,8.773027851054627,O=C(Nc1cc2c(Nc3ccc(F)c(Cl)c3)ncnc2cc1OCCCN1CCNCC1)c1ccccc1
3844,8.802078323005956,O=C(Nc1cc2c(Nc3ccc(F)c(Cl)c3)ncnc2cc1OCCCN1CCC(O)CC1)c1ccccc1
3845,8.862531044305296,O=C(Nc1cc2c(Nc3ccc(F)c(Cl)c3)ncnc2cc1OCCCN1CCNCC1)c1ccccc1F
3846,8.870389181161327,O=C(Nc1cc2c(Nc3ccc(F)c(Cl)c3)ncnc2cc1OCCCN1CCC(O)CC1)c1ccccc1F
3847,8.786614212476236,Fc1ccc(Nc2ncnc3cc(OCCCN4CCOCC4)c(NCc4ccccc4)cc23)cc1Cl
3848,8.764651930169256,COc1ccc(CNc2cc3c(Nc4ccc(F)c(Cl)c4)ncnc3cc2OCCCN2CCOCC2)cc1
3849,9.039265019219032,O=C(Nc1cc2c(Nc3ccc(F)c(F)c3)ncnc2cc1OCCCN1CCNCC1)c1cc([N+](=O)[O-])ccc1F
3850,8.637679796983774,O=C(Nc1cc2c(Nc3ccc(F)c(F)c3)ncnc2cc1OCCCN1CCOCC1)c1ccccc1
3851,8.328293664992644,N#Cc1cccc(Oc2ccc(Nc3ncnc4cc(OCCN5CCOCC5)c(NC(=O)c5ccccc5)cc34)cc2Cl)c1
3852,8.366451377957171,N#Cc1cccc(Oc2ccc(Nc3ncnc4cc(OCCN5CCOCC5)c(NC(=O)c5cc(F)cc(F)c5)cc34)cc2Cl)c1
3853,8.424020521316518,CN(C)CCOc1cc2ncnc(Nc3ccc(OCc4cccc(F)c4)c(Cl)c3)c2cc1NC(=O)c1cccc([N+](=O)[O-])c1
3854,8.28148339904472,O=C(Nc1cc2c(Nc3ccc(OCc4cccc(F)c4)c(Cl)c3)ncnc2cc1OCCO)c1cc([N+](=O)[O-])ccc1O
3855,8.561275996490366,O=C(Nc1cc2c(Nc3ccc(OCc4ccccn4)c(Cl)c3)ncnc2cc1OCCO)c1cc([N+](=O)[O-])ccc1F
3856,8.605844754579772,CN(C)CCOc1cc2ncnc(Nc3ccc(OCc4ccccn4)c(Cl)c3)c2cc1NC(=O)c1cc([N+](=O)[O-])ccc1F
3857,8.592015853996898,O=C(Nc1cc2c(Nc3ccc(F)cc3)ncnc2cc1OCCCN1CCOCC1)c1ccccc1
3858,8.341382189971712,O=C(Nc1cc2c(Nc3ccc(F)cc3)ncnc2cc1OCCCN1CCOCC1)c1ccc(F)cc1
3859,8.646045261795297,Fc1ccc(Nc2ncnc3cc(OCCCN4CCOCC4)c4c(c23)OCO4)cc1Cl
3860,8.420377691479612,C#Cc1cccc(Nc2ncnc3cc(OCCCN4CCOCC4)c4c(c23)OCCO4)c1
3861,8.399669524447862,Brc1cccc(Nc2ncnc3cc(OCCCN4CCOCC4)c4c(c23)OCO4)c1
3862,8.405964099109266,Brc1cccc(Nc2ncnc3cc(OCCN4CCOCC4)c4c(c23)OCCO4)c1
3863,8.396118540797683,Clc1cccc(Nc2ncnc3cc(OCCN4CCOCC4)c4c(c23)OCCO4)c1
3864,8.40191504308538,C#Cc1cccc(Nc2ncnc3cc(OCCCN4CCOCC4)c4c(c23)OCO4)c1
3865,8.43725251789787,CN1CCN(CCCOc2cc3ncnc(Nc4cccc(C(F)(F)F)c4)c3c3c2OCCO3)CC1
3866,8.322415021443366,FC(F)(F)c1cccc(Nc2ncnc3cc(OCCCN4CCCCC4)c4c(c23)OCCO4)c1
3867,8.048738684712568,O=C(Nc1ccc([N+](=O)[O-])cc1Cl)c1ccc(OCCCN2CCCCC2)cc1O
3868,8.36943038339258,O=C(Nc1ccc(F)c(F)c1)c1ccc(OCCCN2CCOCC2)cc1O
3869,7.9338171980046654,O=C(Nc1ccc(F)c(Cl)c1)c1ccc(OCCCN2CCOCC2)cc1
3870,8.090134155090963,O=C(Nc1cccc(O)c1)c1ccc(OCCCN2CCOCC2)cc1O
3871,8.092852172987424,O=C(Nc1cccc(OCCCN2CCOCC2)c1)c1ccc(O)cc1O
3872,8.164037382018133,O=C(Nc1ccccc1)c1ccc(OCCCN2CCOCC2)cc1O
3873,8.700718154221539,O=C(Nc1ccc(C(F)(F)F)cc1)c1ccc(OCCCN2CCOCC2)cc1O
3874,8.369945475468418,O=C(Nc1cccc(C(F)(F)F)c1)c1ccc(OCCCN2CCCC2)cc1O
3875,8.479057058670433,O=C(NO)c1ccccc1Nc1nc(Nc2ccc(OCCN3CCCC3)cc2)ncc1Cl
3876,8.283275029520329,O=C(Nc1ccc(Cl)cc1)Nc1cccc(Nc2ncnc3cc(OCCCN4CCOCC4)ccc23)c1
3877,8.434677372300998,O=C(Nc1cccc(Nc2ncnc3cc(OCCCN4CCOCC4)ccc23)c1)Nc1ccccc1F
3878,8.98188427572298,CN1CCN(CCCOc2n[nH]c3ncnc(Nc4ccc(OCc5ccccn5)c(Cl)c4)c23)CC1
3879,8.575952173549018,N#Cc1csc([C@H](Nc2cc(Cl)c3ncc(C#N)c(Nc4ccc(F)c(Cl)c4)c3c2)C2=CNCC2)c1
3880,8.681999809366497,CN1CCC([C@H](Nc2cc(Cl)c3ncc(C#N)c(Nc4ccc(F)c(Cl)c4)c3c2)c2cccnc2)CC1
3881,8.728289677040634,CN1CCC([C@H](Nc2cc(Cl)c3ncc(C#N)c(Nc4ccc(F)c(Cl)c4)c3c2)c2cscn2)CC1
3882,8.57737953559569,O=C(Nc1nc2ccccc2n1CCN1CCOCC1)c1ccnc(Oc2ccccc2)c1
3883,8.444056222395966,O=C(Nc1nc2ccccc2n1CCN1CCOCC1)c1ccc(Oc2ccccc2)nc1
3884,8.43570218059795,O=C(NCCO)Nc1ccc(-c2cc3c(Nc4ccc(Oc5cccc(C(F)(F)F)c5)c(Cl)c4)ncnc3s2)cc1
3885,8.374273106867832,O=C(Nc1ccc(-c2cc3c(Nc4ccc(Oc5cccc(C(F)(F)F)c5)c(Cl)c4)ncnc3s2)cc1)N1CCC1
3886,9.055154490032965,O=C(NCCN1CCOCC1)Nc1ccc2ncnc(Nc3cccc(Br)c3)c2c1
3887,8.382292707038102,O=C(NCCN1CCOCC1)Nc1ccc2ncnc(Nc3ccc(F)c(F)c3)c2c1
3888,8.505290127086395,O=C(NCCN1CCOCC1)Nc1ccc2ncnc(Nc3ccc(OCc4ccccn4)c(Cl)c3)c2c1
3889,8.960513172273131,O=C(NCCN1CCOCC1)Nc1ccc2ncnc(Nc3ccc(F)c(Cl)c3)c2c1
3890,8.890533223285608,S=C(NCCN1CCOCC1)Nc1ccc2ncnc(Nc3ccc(Cl)cc3)c2c1
3891,9.091430608006059,Fc1ccc(Nc2ncnc3ccc(NC(=S)NCCN4CCOCC4)cc23)cc1Cl
3892,9.200911198047573,Brc1cccc(Nc2ncnc3ccncc23)c1NCCN1CCCCC1
3893,8.098793774525507,Fc1ccc(Nc2ncnc3nc(NCCN4CCOCC4)sc23)cc1
3894,8.398000175036241,Fc1ccc(Nc2ncnc3nc(NCCN4CCCCC4)sc23)cc1Cl
3895,8.316557188264024,Nc1ncnc(Nc2ccc(OCc3ccccc3)c(Cl)c2)c1C(=O)NCCN1CCOCC1
3896,8.394440875824417,Nc1ncnc(Nc2ccc(OCc3ccccc3)c(Cl)c2)c1C(=O)OCCN1CCCC1
3897,8.471525293265083,O=C(NO)c1ccccc1Nc1nc(Nc2ccc(OCCN3CCCCC3)cc2)ncc1Cl
3898,8.39345019151142,CNc1cc(-c2nc(SCCN3CCOCC3)[nH]c2-c2ccc(F)cc2)ccn1
3899,8.623529897941486,Fc1ccc(-c2[nH]c(SCCN3CCOCC3)nc2-c2ccnc(NCc3ccccc3)c2)cc1
3900,7.1719851013678255,N=c1oc2ccccc2cc1C(=O)N=Nc1c(O)[nH]c2ccc(S(N)(=O)=O)cc12
3901,7.891579020590515,N=c1oc2ccccc2cc1C(=O)N=Cc1c(O)[nH]c2ccc(S(=O)(=O)N3CCOCC3)cc12
3902,7.486742465329943,CCC(=O)N=Nc1c(O)[nH]c2ccc(S(=O)(=O)N3CCOCC3)cc12
3903,7.265866152494205,N#CCC(=O)N=Nc1c(O)[nH]c2ccc(S(=O)(=O)N3CCCCC3)cc12
3904,7.8734495252334336,O=S(=O)(c1ccc2[nH]c(O)c(N=Nc3ccc(Cl)cc3)c2c1)N1CCOCC1
3905,7.430084489355263,O=S(=O)(c1ccc2[nH]c(O)c(N=Nc3ccccc3)c2c1)N1CCCCC1
3906,7.367675127050612,O=C1Nc2ccc(F)cc2C1=Nc1ccc(N=C2C(=O)Nc3ccc(S(=O)(=O)N4CCOCC4)cc32)cc1
3907,7.174147896843086,O=C1Nc2ccccc2C1=Nc1ccc(N=C2C(=O)Nc3ccc(S(=O)(=O)N4CCOCC4)cc32)cc1
3908,7.3081764750401,O=C1Nc2ccc(S(=O)(=O)N3CCOCC3)cc2C1=Nc1ccccc1
3909,7.25718351630853,O=C1Nc2ccc(S(=O)(=O)N3CCOCC3)cc2C1=Nc1ccc(Cl)cc1
3910,7.946377053255492,Fc1ccc(COc2ccc(Nc3ncnc4cc5c(cc34)OCCOCCO5)cc2)cc1
3911,8.60156854001576,Fc1ccc(Nc2ncnc3cc4c(cc23)OCCOCCO4)cc1Cl
3912,8.618345920965098,Fc1ccc(Nc2ncnc3cc4c(cc23)OCCCCO4)cc1Cl
3913,8.933370420614416,Brc1cccc(Nc2ncnc3cc4c(cc23)OCCCCO4)c1
3914,8.554565444283545,Clc1cccc(Nc2ncnc3cc4c(cc23)OCCCCO4)c1
3915,8.44669453928388,Clc1cccc(Nc2ncnc3cc4c(cc23)OCCCO4)c1
3916,10.199260380784077,COc1ccc(-c2nn(C3CCS(=O)(=O)CC3)cc2-c2ncnc3oc(-c4ccccc4)cc23)cc1
3917,10.618975217881644,N=S1(=O)CCC(n2cc(-c3ncnc4oc(-c5ccc(Cl)cc5)cc34)c(-c3ccccc3)n2)C1
3918,10.608069240906593,O=S1(=O)CC[C@@H](Cn2cc(-c3ncnc4oc(-c5ccc(Cl)cc5)cc34)c(-c3ccccc3)n2)C1
3919,10.395571138317019,O=S1(=O)CC[C@@H](Cn2cc(-c3ncnc4oc(-c5ccccc5)cc34)c(-c3ccccc3)n2)C1
3920,10.415154655942517,O=S1(=O)CC[C@@H](n2cc(-c3ncnc4oc(-c5ccc(Cl)cc5)cc34)c(-c3ccccc3)n2)C1
3921,10.14910054594087,O=S1(=O)CC[C@@H](n2cc(-c3ncnc4oc(-c5ccccc5)cc34)c(-c3ccccc3)n2)C1
3922,10.608069240906593,O=S1(=O)CC[C@H](Cn2cc(-c3ncnc4oc(-c5ccc(Cl)cc5)cc34)c(-c3ccccc3)n2)C1
3923,10.395571138317019,O=S1(=O)CC[C@H](Cn2cc(-c3ncnc4oc(-c5ccccc5)cc34)c(-c3ccccc3)n2)C1
3924,10.415154655942517,O=S1(=O)CC[C@H](n2cc(-c3ncnc4oc(-c5ccc(Cl)cc5)cc34)c(-c3ccccc3)n2)C1
3925,10.14910054594087,O=S1(=O)CC[C@H](n2cc(-c3ncnc4oc(-c5ccccc5)cc34)c(-c3ccccc3)n2)C1
3926,10.604453541496364,O=S1(=O)CCC(Cn2cc(-c3ncnc4oc(-c5ccc(Cl)cc5)cc34)c(-c3ccccc3)n2)C1
3927,10.000095153677979,O=S1(=O)CCC(n2cc(-c3ncnc4nc(-c5ccccc5)[nH]c34)c(-c3ccc(Cl)cc3)n2)CC1
3928,9.670356661668174,O=S1(=O)CCC(n2cc(-c3ncnc4nc(-c5ccccc5)[nH]c34)c(-c3ccccc3)n2)CC1
3929,10.412439322251881,O=S1(=O)CCC(n2cc(-c3ncnc4oc(-c5ccc(Cl)cc5)cc34)c(-c3ccccc3)n2)C1
3930,10.147309328715508,O=S1(=O)CCC(n2cc(-c3ncnc4oc(-c5ccccc5)cc34)c(-c3ccccc3)n2)C1
3931,10.604446190468401,O=S1(=O)CCC(Cn2cc(-c3ncnc4oc(-c5ccc(Cl)cc5)cc34)c(-c3ccccc3)n2)CC1
3932,10.455817886503448,O=S1(=O)CCC(n2cc(-c3ncnc4oc(-c5ccc(Cl)cc5)cc34)c(-c3ccccc3)n2)CC1
3933,8.830070908776646,O=C(/C=C/CN1CCSCC1)Nc1cc2c(Nc3ccc(F)c(Cl)c3)ncnc2s1
3934,8.287771123846976,O=C(O)c1ccc(-c2ccc3ncnc(Nc4ccc(OCc5cccc(F)c5)c(C(F)(F)F)c4)c3c2)o1
3935,8.296287324422313,O=C(O)Cc1ccc(-c2ccc3ncnc(Nc4ccc(OCc5cccc(F)c5)c(C(F)(F)F)c4)c3c2)o1
3936,8.887873503870365,OCc1ccc(-c2ccc3ncnc(Nc4ccc(OCc5cccc(F)c5)c(Cl)c4)c3c2)o1
3937,8.719367123884146,O=C(O)Cc1ccc(-c2ccc3ncnc(Nc4ccc(OCc5cccc(F)c5)c(Cl)c4)c3c2)o1
3938,8.3675245340956,COc1cc(Nc2ncnc3ccc(-c4ccc(CN5CCN(C)CC5)o4)cc23)ccc1OCc1ccccc1
3939,8.369967845656532,COc1ccc(Nc2ncnc3ccc(-c4ccc(CN5CCN(C)CC5)o4)cc23)cc1OCc1ccccc1
3940,8.366772389022339,O=C(O)Cc1ccc(-c2ccc3ncnc(Nc4ccc(OCc5ccccc5)c(F)c4)c3c2)o1
3941,8.724633775607009,CN(C)Cc1ccc(-c2cc3c(Nc4ccc(OCc5cccc(F)c5)cc4)ncnc3cn2)o1
3942,8.562006409776613,O=C(O)Cc1ccc(-c2cc3c(Nc4ccc(OCc5cccc(F)c5)cc4)ncnc3cn2)o1
3943,8.47896273493649,N#Cc1cnc2cc(OCCO)c(NC(=O)C[C@@H]3CCCO3)cc2c1Nc1ccc(OCc2cccc(F)c2)c(Cl)c1
3944,8.382022684516366,CC(C)(N)COc1cc2c(Nc3ccc(OCc4cccc(F)c4)c(Cl)c3)c(C#N)cnc2cc1NC(=O)C[C@@H]1CCO1
3945,8.47896273493649,N#Cc1cnc2cc(OCCO)c(NC(=O)C[C@H]3CCCO3)cc2c1Nc1ccc(OCc2cccc(F)c2)c(Cl)c1
3946,8.380427449971162,N#Cc1cnc2cc(OC[C@@H](O)CO)c(NC(=O)C3CCC3)cc2c1Nc1ccc(OCc2cccc(F)c2)c(Cl)c1
3947,8.411727536063836,CC(C)(N)COc1cc2ncc(C#N)c(Nc3ccc(OCc4cccc(F)c4)c(Cl)c3)c2cc1NC(=O)C[C@H]1CCO1
3948,8.673846091172933,O=C(Nc1ccc2ncnc(Nc3cccc(Br)c3)c2c1)C1CCCC1
3949,8.820078124037645,O=C(Nc1ccc2ncnc(Nc3cccc(Br)c3)c2c1)C1CCOCC1
3950,8.402783630655886,N#Cc1cnc2ccc(NC(=O)[C@@H]3CCCN3)cc2c1Nc1ccc(OCc2cccc(F)c2)c(Cl)c1
3951,7.923947279584848,N#Cc1cnc2ccc(NC(=O)C3CCC3)cc2c1Nc1ccc(OCc2cccc(F)c2)c(Cl)c1
3952,9.040013274235278,N#Cc1cnc2c(Cl)cc(N[C@@H](C3=CNCC3)c3cccc4c3SCN4)cc2c1Nc1cnc(F)c(F)c1
3953,9.040013274235278,N#Cc1cnc2c(Cl)cc(N[C@H](C3=CNCC3)c3cccc4c3SCN4)cc2c1Nc1cnc(F)c(F)c1
3954,8.144537237709459,OC[C@@H](Nc1ncnc2oc(-c3ccccc3)c(-c3ccc(Br)cc3)c12)c1ccccc1
3955,7.45885939690497,O=C(CSc1nc2ccccc2c(=O)n1Cc1ccc2c(c1)OCO2)Nc1ccccc1
3956,7.459309767964759,O=C(CSc1nc2ccccc2c(=O)n1Cc1ccc2c(c1)OCO2)Nc1ccccc1Cl
3957,7.496088099198344,O=C(CSc1nc2ccccc2c(=O)n1Cc1ccc2c(c1)OCO2)NCc1ccccc1
3958,8.083106850923693,Brc1cccc(Nc2ncnc3ccc(NCc4ccc5c(c4)OCCO5)cc23)c1
3959,7.6538494948656135,Clc1cccc(Nc2ncnc3ccc(NCc4cccc(Br)c4)cc23)c1
3960,7.972044287810772,Cc1cccc(Nc2ncnc3ccc(NCc4ccc5c(c4)OCO5)cc23)c1
3961,7.447562627791875,Nc1[nH]n2c(=O)cc(-c3ccccc3)nc2c1N=Nc1ccc2c(c1)OCCO2
3962,7.262429044172044,Nc1[nH]n2c(=O)cc(-c3ccccc3)nc2c1N=Nc1ccc(F)cc1
3963,6.760637598963999,O=C(Nc1ccc2c(c1)OCO2)Nc1c2ccccc2nc2ccccc12
3964,6.851219477012834,O=C(Nc1ccc2c(c1)OCCO2)Nc1c2ccccc2nc2ccccc12
3965,7.241217539057581,O=S(=O)(Nc1nccs1)c1ccc(NC(=S)Nc2ccc3c(c2)OCO3)cc1
3966,7.367735100799286,O=S(=O)(Nc1ccccn1)c1ccc(NC(=S)Nc2ccc3c(c2)OCCO3)cc1
3967,7.131926512093559,O=S(=O)(Nc1nccs1)c1ccc(NC(=S)Nc2ccc(Cl)c(Cl)c2)cc1
3968,7.380414230340427,O=S(=O)(Nc1nccs1)c1ccc(NC(=S)Nc2ccc3c(c2)OCCO3)cc1
3969,6.9539744527543155,O=C(NN=C(c1ccccc1)c1ccccc1)Nc1ccc2c(c1)OCCO2
3970,7.0779995952689525,S=C(NN=C(c1ccccc1)c1ccccc1)Nc1ccc2c(c1)OCCO2
3971,6.785969365044049,S=C(NNC(=S)Nc1ccc2c(c1)OCO2)Nc1ccccc1
3972,6.511784132236198,S=C(NNc1ccc(Cl)cc1)Nc1ccc2c(c1)OCO2
3973,8.775406371400432,c1ccc(-c2ccc(Nc3ncnc4cc5c(cc34)OCO5)cc2)cc1
3974,7.984903612514889,COc1cc2nccc(Nc3ccc(F)c(Cl)c3)c2cc1NC(=O)CCN(C)C
3975,7.430335579235949,COc1cc2nccc(Nc3ccc(F)c(Cl)c3)c2cc1NC(=O)/C=C/C(C)(C)N
3976,8.016338386717786,COCCOc1ccc(Nc2ncc(F)c(Nc3cccc(C(=O)OC)c3)n2)cc1F
3977,8.148606252665779,COCCOc1ccc(Nc2ncc(F)c(Nc3cccc(C(=O)C(C)C)c3)n2)cc1F
3978,7.760325664541684,O=C(O)c1cccc(Nc2nc(Nc3cccc(OC(F)(F)F)c3)ncc2F)c1
3979,7.712370283045849,CC(=O)c1cccc(Nc2nc(Nc3cccc(OC(F)(F)F)c3)ncc2F)c1
3980,7.896976323958026,COCCOc1ccc(Nc2ncc(F)c(Nc3ccc(C(=O)OC)cc3)n2)cc1F
3981,8.054163551651598,COCCOc1ccc(Nc2ncc(F)c(Nc3ccc(C(=O)C(C)C)cc3)n2)cc1F
3982,7.667659749873094,O=C(O)c1ccc(Nc2ncc(F)c(Nc3ccccc3)n2)cc1
3983,7.59348167819087,CC(C)(C)C(=O)c1ccc(Nc2ncc(F)c(Nc3ccccc3)n2)cc1
3984,8.07250245422683,COCCOc1ccc(Nc2ncc(F)c(Nc3cccc(CC(=O)OC)c3)n2)cc1F
3985,8.4080110341735,COCCOc1ccc(Nc2ncc(F)c(Nc3cccc(CC(=O)NCCO)c3)n2)cc1F
3986,7.911861919692774,COCCOc1ccc(Nc2ncc(F)c(Nc3ccc(CC(=O)OC)cc3)n2)cc1F
3987,8.139920870237939,COCCOc1ccc(Nc2ncc(F)c(Nc3ccc(CC(=O)O)cc3)n2)cc1F
3988,9.188756027053088,CC(=O)Cc1ccc2ncnc(Nc3cccc(Br)c3)c2c1
3989,9.125970379475497,CC(=O)NCc1ccc2ncnc(Nc3cccc(Br)c3)c2c1
3990,9.175329825265425,C=C(C)C(=O)Cc1cc2c(Nc3cccc(Br)c3)ncnc2c(C)n1
3991,8.129317561450991,CC(C)C[C@@H](N)C(=O)N1CCC[C@@H](n2nc(C(=O)Nc3nc4cc(Cl)ccc4o3)c3c(N)ncnc32)C1
3992,8.135749833551058,CC(C)C[C@@H](N)C(=O)N1CCC[C@@H](n2nc(C(=O)Nc3nc4cc(F)ccc4o3)c3c(N)ncnc32)C1
3993,8.61367602985136,CC(=O)NCCOc1cc2ncnc(Nc3ccc(Br)cc3F)c2cc1NC(C)=O
3994,8.668146504569567,CC(=O)NCCOc1cc2ncnc(Nc3ccc(Br)cc3F)c2cc1NC(=O)CC(C)C
3995,9.059186655308451,CN1CCN(CCCOc2cc3ncnc(Nc4ccc(F)c(Cl)c4)c3cc2NC(=O)C(C)(C)C)CC1
3996,9.159515622082093,CC(C)C(=O)Nc1cc2c(Nc3ccc(F)c(Cl)c3)ncnc2cc1OCCCN1CCOCC1
3997,8.650958481103444,CCC(=O)Nc1cc2c(Nc3ccc(Br)cc3F)ncnc2cc1OCCNC(=O)C(C)C
3998,8.823710733646836,C=CCOc1cc2ncnc(Nc3ccc(Br)cc3F)c2cc1OCCNC(=O)C(C)C
3999,8.626654926423663,C=CC(=O)Nc1cc(Nc2nccc(Nc3ccccc3)n2)c(OC)cc1N(C)CCN(C)CC(=C)C
4000,8.68203750957715,C=CC(=O)Nc1cc(Nc2nccc(Nc3ccccc3C)n2)c(OC)cc1N(C)CCN(C)CC(=C)C
4001,8.68132462795717,C=CC(=O)Nc1cc(Nc2nccc(Nc3ccccn3)n2)c(OC)cc1N(C)CCN(C)CC(=C)C
4002,8.764727193896043,C=CC(=O)Nc1cc(Nc2nccc(Nc3ccncn3)n2)c(OC)cc1N(C)CCN(C)CC(=C)C
4003,7.75726458166599,C=CCN1C(=O)C(=C)S/C1=N\N=c1/scc(O)n1C
4004,7.085235617418032,C=C(C)CN1C(=O)C(=C)S/C1=N\N=c1\scc(C)n1C
4005,7.056706830996336,C=C(C)Cn1c(O)c(CO)sc1=N/N=c1\scc(O)n1C
4006,6.9581018667808925,C=C(C)Cn1c(O)c(CN)sc1=N/N=c1\scc(O)n1C
4007,7.532404050873377,CC(C)=CC(=O)[C@H]1CCC[C@@H](Nc2nc(Nc3cccc(OC(F)(F)F)c3)ncc2C(F)(F)F)C1
4008,7.306108482455186,CC(C)=CC(=O)[C@H]1CCC[C@@H](Nc2nc(Nc3ccccc3)ncc2C(F)(F)F)C1
4009,7.791966301304841,COc1ccc(Nc2ncc(C(F)(F)F)c(Nc3cccc(C(=O)C=C(C)C)c3)n2)cc1OC
4010,7.551040477294315,CC(C)=CC(=O)c1cccc(Nc2nc(Nc3cccc(C#N)c3)ncc2C(F)(F)F)c1
4011,7.607985012751054,CC(C)=CC(=O)c1cccc(Nc2ccnc(Nc3cccc(OC(F)(F)F)c3)n2)c1
4012,7.610903643928026,CC(C)=CC(=O)c1cccc(Nc2nccc(Nc3cccc(OC(F)(F)F)c3)n2)c1
4013,7.935834225641346,CC(C)=CC(=O)c1cccc(Nc2nc(Nc3cccc(O)c3)ncc2F)c1
4014,8.528857457243202,CC(C)=CC(=O)c1cccc(Nc2nc(Nc3cccc(OCCN4CCOCC4)c3)ncc2F)c1
4015,8.317218992052563,CC(C)=CC(=O)c1cccc(Nc2nccc(Nc3cccc(OCCN(C)C)c3)n2)c1
4016,7.94975551231894,COCCOc1ccc(Nc2ncc(F)c(Nc3ccc(C(=O)COC)cc3)n2)cc1F
4017,7.935812307262952,COCCOc1ccc(Nc2ncc(F)c(Nc3ccc(C(=O)C=C(C)C)cc3)n2)cc1
4018,7.942966182635328,CC(C)=CC(=O)c1ccc(Nc2ncc(F)c(Nc3ccccc3)n2)cc1
4019,7.625055756309264,CC(C)=CC(=O)c1ccc(Nc2nccc(Nc3ccccc3)n2)cc1
4020,7.932128130159271,COCCOc1ccc(Nc2ncc(F)c(Nc3ccc(CC(=O)COC)cc3)n2)cc1F
4021,8.466302338616869,CC(C)=CC(=O)Cc1ccc(Nc2nc(Nc3ccc(OCCN4CCOCC4)c(F)c3)ncc2F)cc1
4022,8.174881700986953,CC(C)C(=O)N1CCC(n2nc(C(=O)Nc3nc4cc(Cl)ccc4o3)c3c(N)ncnc32)CC1
4023,8.491957588528155,COc1cc(NC(=O)CN(C)C)c(NC(=O)C=C(C)C)cc1Nc1nccc(-c2cn(C)c3ccccc23)n1
4024,8.464280862012737,COc1cc(NC(=O)CCN(C)C)c(NC(=O)C=C(C)C)cc1Nc1nccc(-c2cn(C)c3ccccc23)n1
4025,8.855890042870353,COc1cc(Nc2nc3c(c(-c4cn(C)c5ccc(F)cc45)n2)CS(=O)(=O)CC3)c(N(C)CCN(C)C)cc1OC
4026,7.287023028602754,CC(C)=CC[C@H](O)C1=CC(=O)c2c(O)ccc(O)c2C1=O
4027,6.7248210191479805,CC(C)=CC[C@@H](O)C1=CC(=O)c2c(O)ccc(OCC(N)=O)c2C1=O
4028,7.755720043752644,CC(C)=CC[C@H](OC(=O)/C=C\C(=O)c1ccc(O)cc1)C1=CC(=O)c2c(O)ccc(O)c2C1=O
4029,7.755720043752644,CC(C)=CC[C@@H](OC(=O)/C=C\C(=O)c1ccc(O)cc1)C1=CC(=O)c2c(O)ccc(O)c2C1=O
4030,7.800145949739506,CC(C)C[C@@H](OC(=O)/C=C\C(=O)c1ccc(Cl)cc1)C1=CC(=O)c2c(O)ccc(O)c2C1=O
4031,7.53797825424361,CC(C)C[C@@H](OC(=O)/C=C\C(=O)c1ccc(O)cc1)C1=CC(=O)c2c(O)ccc(O)c2C1=O
4032,8.997533176719136,COc1cc2c(Nc3ccc(Br)cc3F)ncnc2cc1OCC1CN(CC=C(C)C)CCO1
4033,8.859191156349961,COc1cc2c(Nc3ccc(Cl)c(Cl)c3)ncnc2cc1OCC1CN(C)CCO1
4034,8.795622243289834,COc1cc2c(Nc3cccc(Br)c3)ncnc2cc1OCC1CN(C(C)=N)CCCO1
4035,8.794188171200858,COc1cc2c(Nc3cccc(Cl)c3Cl)ncnc2cc1OCC1CN(C(C)=O)CCO1
4036,6.704725262584001,CC(C)=NNc1nc(-c2ccc(Br)cc2)cs1
4037,6.405909743530308,CC(C)=NNc1nc(-c2ccc([N+](=O)[O-])cc2)cs1
4038,8.863341508976047,CC(=O)/C=C/C(=O)Cc1ccc2ncnc(Nc3ccc(F)c(Cl)c3)c2c1
4039,7.980291160386702,CC(=O)/C=C/C(=O)Cc1ccc2ncnc(Nc3cccc(C(F)(F)F)c3)c2c1
4040,9.299501522938886,CC(=O)C1(N2C=C([C@@H](Nc3cc(Cl)c4ncc(C#N)c(NCC(C)(C)C)c4c3)c3ccccc3C#N)NN2)CC1
4041,9.425580396850608,CC(=O)C1(N2C=C([C@@H](Nc3cc(Cl)c4ncc(C#N)c(NCC5CC5)c4c3)c3cccc4cnccc34)NN2)CC1
4042,8.424951549820898,CC(=O)c1ccc(Nc2nccc(-c3cn(C)c4ccccc34)n2)cc1OCCCn1ccnc1[N+](=O)[O-]
4043,8.554624519555677,CC(=O)c1ccc(Nc2nccc(-c3cn(C)c4ccccc34)n2)cc1OCCOCCO
4044,7.12226513583917,CC(=O)c1c(N(C)C)c2cc(-c3ccc(Cl)cc3)c(-c3ccc(Cl)cc3Cl)nc2n(C)c1=O
4045,7.043962988442365,CC(=O)Nc1c(C(C)C)c(=O)n(C)c2nc(-c3ccc(Cl)cc3Cl)c(-c3ccc(Cl)cc3)cc12
4046,8.448359793145894,COc1cc2ncnc(Nc3cccc(C(C)=O)c3)c2cc1NC1CCN(C(=O)C2CC2)CC1
4047,8.551706708928922,COc1cc2ncnc(Nc3cccc(C(C)=O)c3)c2cc1NC1CCN(C(=O)CCN(C)C)CC1
4048,8.449754160292756,COc1cc2ncnc(Nc3cccc(C(C)=O)c3)c2cc1NC1CCN(C(=O)c2ccccc2)C1
4049,8.149006339207832,CCOc1ccc(Nc2ncnc3cc4oc(=O)n(CCCN5CCOCC5)c4cc23)cc1
4050,7.586496531789201,COCCn1c(=O)oc2cc3ncnc(Nc4ccc(OC)cc4)c3cc21
4051,7.661992487862034,COCCn1c(=O)oc2cc3ncnc(Nc4cccc(OC)c4)c3cc21
4052,8.026354823069209,N#Cc1cnc2c(Br)cc(NCc3cnc[nH]3)cc2c1Nc1ccc(F)c(Cl)c1
4053,8.466786048652615,N#Cc1cnc2c(CC(O)CO)cc(NCc3cnc[nH]3)cc2c1Nc1ccc(F)c(Cl)c1
4054,8.004308260447107,CC(=O)c1ccc(-n2cc(-c3nn([C@H]4CCCN(C(=O)OC(C)C)C4)c4ncnc(N)c34)nn2)cc1
4055,7.631528011769297,CC(=O)c1ccc(-n2cc(-c3nn([C@H]4CCC[C@@H](O)C4)c4ncnc(N)c34)nn2)cc1
4056,6.891200682980629,CC(=O)c1ccccc1-n1c(-c2ccccc2)nc2ccccc2c1=O
4057,7.103836004235986,CC(=O)c1ccccc1-n1c(-c2ccccc2)nc2ccc(C)cc2c1=O
4058,8.784776182177119,C=CC(=O)Nc1cc(Nc2ncc(C(C)=O)c(-c3cnc4c(ccn4C)c3)n2)ccc1N(C)CCN(C)C
4059,8.546257666239283,C=CC(=O)Nc1cc(Nc2ncc(C(C)=O)c(-c3cnc4c(ccn4C)c3)n2)c(OC)cc1C
4060,8.130285936578872,COCCOc1ccc(Nc2ncc(C(C)=O)c(Nc3cccc(NC(=O)CN(C)C)c3)n2)cc1
4061,8.311521634829013,COCCOc1ccc(Nc2ncc(C(C)=O)c(Nc3cccc(NC(=O)C4CC4)c3)n2)cc1
4062,7.894842060969992,COc1ccc(Nc2ncc(C(C)=O)c(Nc3cccc(NC(=O)c4ccccc4)c3)n2)cn1
4063,8.373864260106842,COc1ccc(Nc2ncc(C(C)=O)c(Nc3cccc(NC(=O)CN4CCCC4)c3)n2)cn1
4064,8.03549915932586,CC(=O)c1cnc(Nc2ccc(OCCO)nc2)nc1Nc1cccc(C#N)c1
4065,8.270874658033355,CC(=O)c1cnc(Nc2ccc(OCCO)nc2)nc1Nc1cccc(NC(=O)CN(C)C)c1
4066,8.314152460262964,COCCOc1ccc(Nc2ncc(C(C)=O)c(Nc3cccc(NC(=O)CN(C)C)c3)n2)cn1
4067,8.468581745810246,COCCOc1ccc(Nc2ncc(C(C)=O)c(Nc3cccc(NC(=O)C4CC4)c3)n2)cn1
4068,8.341356970031331,CC(=O)c1cnc(Nc2ccc(N3CCCC3=O)cc2)nc1Nc1ccc2c(c1)N(C(C)=O)CCO2
4069,8.264696201741376,CC(=O)c1cnc(Nc2ccc(N3CCCC3=O)cc2)nc1Nc1ccc2c(c1)N(C(C)=O)CCCO2
4070,8.09500605951053,CC(=O)c1cnc(Nc2ccc(N3CCOCC3)cc2)nc1Nc1ccc2c(c1)N(C(=O)CO)CCO2
4071,8.317960397188367,CC(=O)c1cnc(Nc2ccc(N3CCOCC3)cc2)nc1Nc1ccc2c(c1)N(C(=O)CO)CCC2
4072,8.257000224617835,COc1ccc(Nc2ncc(C(C)=O)c(Nc3ccc4c(c3)OCCN4C(=O)CN(C)C)n2)cc1
4073,8.486257167813646,COc1ccc(Nc2ncc(C(C)=O)c(Nc3ccc4c(c3)N(C(=O)CN3CCCC3)CCO4)n2)cc1
4074,8.39242591894934,COCCOc1ccc(Nc2ncc(C(C)=O)c(Nc3ccc4c(c3)N(C(=O)CCN(C)C)CCO4)n2)cc1
4075,8.389404559926223,COCCOc1ccc(Nc2ncc(C(C)=O)c(Nc3ccc4c(c3)OCCN4C(=O)CC(C)C)n2)cc1
4076,8.498205008810828,CC(=O)c1cnc(Nc2ccc3c(cnn3C)c2)nc1Nc1ccc2c(c1)OCCN2C(=O)CO
4077,8.833032000682316,CC(=O)c1cnc(Nc2ccc3c(cnn3C)c2)nc1Nc1ccc2c(c1)N(C(=O)CN1CCCC1)CCO2
4078,8.189208658267363,CC(=O)c1cnc(Nc2ccc3c(c2)CC(=O)N3)nc1Nc1ccc2c(c1)N(C(C)=O)CCO2
4079,8.29513836339115,CC(=O)c1cnc(Nc2ccc3c(c2)CC(=O)N3)nc1Nc1ccc2c(c1)OCCN2CCO
4080,8.57077231644213,CC(=O)c1cnc(Nc2ccc3[nH]ncc3c2)nc1Nc1ccc2c(c1)OCCN2C(=O)CN(C)C
4081,8.70781189388476,CC(=O)c1cnc(Nc2ccc3[nH]ncc3c2)nc1Nc1ccc2c(c1)N(C(=O)CN1CCCC1)CCO2
4082,8.092161836470975,CC(=O)c1cnc(Nc2ccc(N(C)C(=O)C(F)(F)F)nc2)nc1Nc1ccc2c(c1)N(C(C)=O)CCO2
4083,8.275895506676228,CC(=O)c1cnc(Nc2ccc(N(C)C(=O)C(F)(F)F)nc2)nc1Nc1ccc2c(c1)OCCN2C
4084,8.117468464655628,CC(=O)c1cnc(Nc2ccc(N3CCOCC3)nc2)nc1Nc1ccc2c(c1)OCCO2
4085,8.257992357567685,CC(=O)c1cnc(Nc2ccc(N3CCOCC3)nc2)nc1Nc1ccc2c(c1)N(C(=O)CO)CCO2
4086,8.421161548215245,COc1ccc(Nc2ncc(C(C)=O)c(Nc3ccc4c(c3)OCCN4C(=O)CN(C)C)n2)cn1
4087,8.360520387506245,COc1ccc(Nc2ncc(C(C)=O)c(Nc3ccc4c(c3)OCCN4C(=O)c3ccccc3)n2)cn1
4088,8.467334158517849,CC(=O)c1cnc(Nc2ccc(OCCO)nc2)nc1Nc1ccc2c(c1)N(C(=O)C1CC1)CCO2
4089,8.415033201170905,CC(=O)c1cnc(Nc2ccc(OCCO)nc2)nc1Nc1ccc2c(c1)OCCN2C(=O)CN(C)C
4090,7.809726126999161,C=CC(=O)N1CCC(Nc2nc(Nc3ccc(OC)nc3)ncc2C(C)=O)CC1
4091,8.230607322041589,C=CC(=O)N1CC(Nc2nc(Nc3ccc(OC)nc3)ncc2C(=O)c2ccccc2)C1
4092,8.11291936761137,CCC(=O)Nc1cccc(Oc2nc(Nc3ccc(OC)nc3)ncc2C(C)=O)c1
4093,8.075130132863316,COc1ccc(Nc2ncc(C(C)=O)c(Oc3cccc(NC(=O)C4CC4)c3)n2)cn1
4094,8.513019646802315,CSc1nc(-c2ccnc(Nc3ccccc3)c2)c(-c2ccc(F)cc2)[nH]1
4095,8.748813072322069,CC(C)(C)NC(=O)CSc1nc(-c2ccnc(Nc3ccccc3)c2)c(-c2ccc(F)cc2)[nH]1
4096,8.950185927020948,CC(=O)Nc1cc2c(Nc3ccc(Br)cc3F)ncnc2cc1OCCCNCC(C)O
4097,8.85742334213963,CC(=O)NCCCOc1cc2ncnc(Nc3ccc(Br)cc3F)c2cc1NC(=O)CCN(C)C
4098,8.827485367924064,CC(=O)Nc1cc2c(Nc3ccc(Br)c(Cl)c3F)ncnc2cc1OCCNCC(C)C
4099,8.796095609203448,CC(=O)NCCOc1cc2ncnc(Nc3ccc(Br)c(Cl)c3F)c2cc1NC(=O)CN(C)C
4100,8.820419392058204,CC(=O)Nc1cc2c(Nc3cc(Cl)c(Br)cc3F)ncnc2cc1OCCNCC(C)C
4101,8.794127216936966,CC(=O)NCCOc1cc2ncnc(Nc3cc(Cl)c(Br)cc3F)c2cc1NC(=O)CN(C)C
4102,8.751031294100693,CC(=O)Nc1cc2c(Nc3cc(Cl)c(Cl)cc3F)ncnc2cc1OCCNCC(C)C
4103,8.736759375892143,CC(=O)NCCOc1cc2ncnc(Nc3cc(Cl)c(Cl)cc3F)c2cc1NC(=O)CN(C)C
4104,8.206509107250747,CC(=O)Nc1cccc(-n2c(=O)c(C3CCCCC3)nc3cnc(Nc4cccc(C(=O)O)c4)nc32)c1
4105,8.442540238837182,C=CC(=O)Nc1cc(Nc2nccc(-c3cn4c5c(cccc35)CCC4)n2)c(C)cc1N(C)C
4106,8.389815670285863,C=CC(=O)Nc1cc(Nc2nccc(-c3cn4c5c(cccc35)CCC4)n2)c(OC)cc1C
4107,8.739455904968352,CC(=O)Nc1cc2c(Nc3ccc(Br)cc3F)ncnc2cc1OCCN(C)C(C)=O
4108,9.051448676673353,CN(C)CCOc1cc2ncnc(Nc3ccc(Br)cc3F)c2cc1NC(=O)CN1CCCC1
4109,7.693446580079405,CC(=O)N[C@@H]1C=C[C@H](n2nc(-c3ccc(CNC(=O)c4ccccc4)cc3)c3c(N)ncnc32)C1
4110,7.751006847186149,CC(=O)N[C@@H]1C=C[C@H](n2nc(-c3ccc(CNC(=O)OCc4ccccc4)cc3)c3c(N)ncnc32)C1
4111,8.863276295366436,COc1cc2c(Nc3ccc(F)c(Cl)c3)ncnc2cc1O[C@H]1CO[C@H]2[C@@H]1OC[C@@H]2NC(C)=O
4112,8.886182669747637,COc1cc2c(Nc3ccc(F)c(Cl)c3)ncnc2cc1O[C@H]1CO[C@H]2[C@@H]1OC[C@@H]2NC(=O)CO
4113,8.997634601379684,COc1cc2c(Nc3ccc(Br)c(Cl)c3F)ncnc2cc1OCC1CCN(C(C)=O)CC1
4114,8.93393976233766,COc1cc2c(Nc3ccc(Cl)c(C)c3F)ncnc2cc1OCC1CCN(C(C)=O)CC1
4115,8.318194541676284,C=CC(=O)Nc1cc(Nc2nccc(-c3cn(C(C)=O)c4ccccc34)n2)c(C)cc1N(C)C
4116,8.570425587851986,C=CC(=O)Nc1cc(Nc2nccc(-c3cn(C(C)=O)c4ccccc34)n2)ccc1N(C)CCN(C)C
4117,8.499833155134295,COc1cc(N2CCN(C(C)=O)CC2)ccc1Nc1ncc(Cl)c(-c2cn(C(C)=O)c3ccccc23)n1
4118,8.6931799125121,COc1cc(N2CCN(C(=O)[C@H](C)O)CC2)ccc1Nc1ncc(Cl)c(-c2cn(C(C)=O)c3ccccc23)n1
4119,8.283047592027009,COc1cc(N2CC3CCC(C2)N3C(C)=O)ccc1Nc1ncc(C(F)(F)F)c(Nc2cccc(C(N)=O)c2)n1
4120,8.32108033676199,COc1cc(N2CC3CCC(C2)N3C(C)=O)ccc1Nc1ncc(C(F)(F)F)c(Nc2cccc(N)c2)n1
4121,10.566602282542357,O=C(O)CN1CC(C#Cc2cc3c(-c4cn(C5CS(=O)(=O)C5)nc4-c4ccc(F)cc4)ncnc3o2)C1
4122,10.285469506821512,O=C(O)CC#Cc1cc2c(-c3cn(C4CS(=O)(=O)C4)nc3-c3ccc(F)cc3)ncnc2o1
4123,9.853130761615768,CC(=O)N1CC(n2cc(-c3ncnc4oc(-c5ccc(Cl)cc5)cc34)c(-c3ccccc3)n2)C1
4124,9.78123909499702,CC(=O)N1CC(n2cc(-c3ncnc4oc(-c5ccc(C#N)cc5)cc34)c(-c3ccccc3)n2)C1
4125,8.535677266671582,COc1cc(NC2CN(C(C)=O)C2)ccc1Nc1ncc(C(F)(F)F)c(Nc2cccc(C(N)=O)c2)n1
4126,8.798225038474595,COc1cc(NC2CN(C(C)=O)C2)ccc1Nc1ncc(C(F)(F)F)c(Nc2cccc(NC(C)=O)c2)n1
4127,11.362718223587247,CC(=O)N1CCC(n2cc(-c3ncnc4oc(-c5ccc(C#N)cc5)cc34)c(-c3ccc(F)cc3)n2)CC1
4128,11.477838086014795,CC(=O)N1CC[C@H](n2cc(-c3ncnc4oc(-c5ccc(C#N)cc5)cc34)c(-c3ccc(F)cc3)n2)C1
4129,11.862849577677755,CC(=O)N1CCC[C@@H](n2cc(-c3ncnc4oc(-c5ccccc5)cc34)c(-c3ccc(F)cc3)n2)C1
4130,11.398930724025673,CC(=O)N1CCC[C@@H](n2cc(-c3ncnc4oc(-c5ccc(C#N)cc5)cc34)c(-c3ccc(F)cc3)n2)C1
4131,8.245974195332861,COc1cc(C2=CCN(C(C)=O)CC2)ccc1Nc1ncc(C(F)(F)F)c(Nc2cccc(NC(C)=O)c2)n1
4132,8.235842075658915,COc1cc(C2=CCN(C(C)=O)CC2)ccc1Nc1ncc(C(F)(F)F)c(Nc2cccc(C(N)=O)c2)n1
4133,8.26262376259248,COc1cc(C2=CCN(C(C)=O)CC2)ccc1Nc1ncc(C(F)(F)F)c(Nc2cccc(NC(C)=O)n2)n1
4134,8.182242574010983,COc1cc(C2=CCN(C(C)=O)CC2)ccc1Nc1ncc(C(F)(F)F)c(Nc2cccc(C(N)=O)n2)n1
4135,10.569703009473418,O=S1(=O)CCC(n2cc(-c3ncnc4oc(C5=CCNCC5)cc34)c(-c3ccc(F)cc3)n2)C1
4136,9.992692334319726,CC(C)(O)Cn1cc(-c2ncnc3oc(C4=CCNCC4)cc23)c(-c2ccc(F)cc2)n1
4137,10.60024180538199,CC(C)(O)Cn1cc(-c2ncnc3oc(C4=CCN(C(=O)CO)CC4)cc23)c(-c2ccc(F)cc2)n1
4138,9.34367251322689,CC1(c2nc3ncnc(-c4cn(C5CS(=O)(=O)C5)nc4-c4ccc(F)cc4)c3[nH]2)CC1
4139,9.490610285646596,CN1CC=C(c2nc3ncnc(-c4cn(C5CCC5)nc4-c4ccc(F)cc4)c3[nH]2)CC1
4140,8.985650347153088,CC(=O)N1CCC(c2ccc3c(c2)nc(NC(=O)c2ccnc(-c4ccccc4)c2)n3CC(C)(C)O)CC1
4141,9.097772655792879,COc1ccccc1-c1cc(C(=O)Nc2nc3cc(C4CCN(C(C)=O)CC4)ccc3n2CC2CC2)ccn1
4142,9.754763769915881,CC(=O)N1CCC(n2cc(-c3ncnc4oc(-c5ccc(C#N)cc5)cc34)c(-c3ccccc3)n2)C1
4143,11.474557030630972,CC(=O)N1CCC(n2cc(-c3ncnc4oc(-c5ccc(C#N)cc5)cc34)c(-c3ccc(F)cc3)n2)C1
4144,8.912483869281244,CC(=O)N1CCC(Oc2cc3ncnc(Nc4ccc(Br)cc4F)c3cc2C)CC1
4145,8.858250577645782,CC(=O)N1CCC(Oc2cc3ncnc(Nc4ccc(Br)cc4F)c3cc2NC(=O)C(C)C)CC1
4146,8.147085232337439,COc1cc(C2CCN(C(C)=O)CC2)ccc1Nc1ncc(C(F)(F)F)c(Nc2cccc(NC(C)=O)c2)n1
4147,8.21668292365812,COc1cc(C2CCN(C(C)=O)CC2)ccc1Nc1ncc(C(F)(F)F)c(Nc2cccc(C(N)=O)c2)n1
4148,8.454947029185776,COc1cc(N2CCN(C(C)=O)CC2)ccc1Nc1ncc(Cl)c(Nc2ccccc2NS(C)(=O)=O)n1
4149,8.517064346075351,COc1cc(C2CCN(C(C)=O)CC2)ccc1Nc1ncc(Cl)c(Nc2cccc(NS(C)(=O)=O)c2)n1
4150,8.195447164537228,COc1cc(C2CCN(C(C)=O)CC2)ccc1Nc1ncc(C(F)(F)F)c(Nc2cccc(NC(C)=O)n2)n1
4151,8.147323253168699,COc1cc(C2CCN(C(C)=O)CC2)ccc1Nc1ncc(C(F)(F)F)c(Nc2cccc(C(N)=O)n2)n1
4152,7.14880663369191,CN1CCC(c2ccc(Nc3nc(N4CCC[C@@H](NC(=O)N5CCCC5)C4)nnc3C(N)=O)cc2)CC1
4153,9.471141363788986,CC(=O)N1CCC(c2ccc3c(c2)nc(NC(=O)c2cc(C#N)nc(-c4cnn(C)c4)c2)n3C2CCOCC2)CC1
4154,9.37012572790299,CC(=O)N1CCC(c2ccc3c(c2)nc(NC(=O)c2cc(C#N)nc(-c4ccccn4)c2)n3C2CCC(O)CC2)CC1
4155,9.183971390057609,CC(=O)N1CCC(c2ccc3c(c2)nc(NC(=O)c2ccnc(-c4cccnc4)c2)n3CC(C)(C)O)CC1
4156,9.270013971659026,Cn1cc(-c2cc(C(=O)Nc3nc4cc(C5CCN(C(N)=O)CC5)ccc4n3C3CCC(O)CC3)ccn2)cn1
4157,9.49351624226175,CC(=O)N1CCC(c2ccc3c(c2)nc(NC(=O)c2ccnc(-c4cnn(C)c4)c2)n3C2CCNCC2)CC1
4158,9.664487699196133,Cn1cc(-c2cc(C(=O)Nc3nc4cc(C5CCN(S(C)(=O)=O)CC5)ccc4n3C3CCCC3)ccn2)cn1
4159,9.014156383367236,Cn1cc(-c2cc(C(=O)Nc3nc4cc(C5CCN(C(N)=O)CC5)ccc4n3C3CCCC3)ccn2)cn1
4160,8.517798391944806,CC(=O)N1CCC(c2ccc3c(c2)nc(NC(=O)c2cccc(-c4cccnc4)c2)n3C2CCCC2)CC1
4161,8.361143888808419,CC(=O)N1CCC(c2ccc3c(c2)nc(NC(=O)c2cccc(-c4ccncc4)c2)n3C2CCCC2)CC1
4162,8.51055804783627,CC(=O)N1CCC(COc2cc3ncnc(Nc4ccc(F)c(F)c4F)c3cc2N)CC1
4163,8.781712395259206,CC(=O)N1CCC(COc2cc3ncnc(Nc4ccc(F)c(F)c4F)c3cc2NC(=O)C(C)C)CC1
4164,8.936260089851414,CC(=O)N1CCC(COc2cc3ncnc(Nc4ccc(Br)cc4F)c3cc2C)CC1
4165,8.93931545574181,CC(=O)N1CCC(COc2cc3ncnc(Nc4ccc(Br)cc4F)c3cc2NC(=O)C(C)C)CC1
4166,8.901002382029324,CC(=O)N1CCC(COc2cc3ncnc(Nc4c(F)cc(Br)cc4F)c3cc2C)CC1
4167,8.910734256003755,CC(=O)N1CCC(COc2cc3ncnc(Nc4c(F)cc(Br)cc4F)c3cc2NC(=O)CN(C)C)CC1
4168,8.565689003840413,COc1cc(N2CCN(C3CCN(C(C)=O)CC3)CC2)ccc1Nc1ncc(Cl)c(Nc2ccccc2NS(C)(=O)=O)n1
4169,8.692674597201236,COc1cc(C2CCN(C3CCN(S(C)(=O)=O)CC3)CC2)ccc1Nc1ncc(Cl)c(Nc2ccccc2C)n1
4170,9.260025172296125,COc1cc(N2CCN(C3CCN(C)CC3)CC2)ccc1Nc1ncc(Cl)c(Nc2ccccc2NS(C)(=O)=O)n1
4171,8.677664510104448,COc1cc(OC2CCN(S(C)(=O)=O)CC2)c2c(Nc3ccc(F)c(Cl)c3)ncnc2c1
4172,8.904381699317,COc1cc(OC2CCN(C(=O)C3CC3)CC2)c2c(Nc3ccc(F)c(Cl)c3)ncnc2c1
4173,8.651056525384249,OCC#Cc1cc2ncnc(Nc3ccc(OCc4cccc(F)c4)c(Cl)c3)c2s1
4174,8.830200719903775,CC(=O)N1CCC[C@H]1COCc1cc2ncnc(Nc3ccc(OCc4cccc(F)c4)c(Cl)c3)c2s1
4175,8.048902454931714,C=CC(=O)Nc1cccc(Nc2nc(Nc3cccc4c3CCN(C(=O)OC)C4)ncc2C(F)(F)F)c1
4176,8.017322563861063,C=CC(=O)Nc1cccc(Nc2nc(Nc3cccc4c3CCN(C(=O)OCC)C4)ncc2C(F)(F)F)c1
4177,8.455568844242764,COc1cc(N2CCN(C(C)=O)CC2)ccc1Nc1ncc(Cl)c(Nc2cccc3c2N(C(C)=O)CC3)n1
4178,8.433227558088035,COc1cc(N2CCN(C(=O)CO)CC2)ccc1Nc1ncc(Cl)c(Nc2cccc3c2N(C(C)=O)CC3)n1
4179,8.247015778711779,CC(=O)N1CCc2ccc(Nc3nc(Nc4ccc(N5CCN(C)CC5)cc4)ncc3C)cc21
4180,8.736740778339334,CC(=O)N1CCc2ccc(Nc3nc(Nc4ccc(N5CCN(C)CC5)c(F)c4)ncc3Br)cc21
4181,8.395350519008362,CC(=O)N1CCc2cc(Nc3nc(Nc4ccc(N5CCOCC5)cc4)ncc3Br)ccc21
4182,8.250123460469561,CC(=O)N1CCc2cc(Nc3nc(Nc4ccc(N5CCN(C)CC5)cc4)ncc3C)ccc21
4183,8.084247267156233,COc1cc2c(cc1Nc1ncc(C(F)(F)F)c(Nc3cccc(NC(C)=O)c3)n1)CCN(C(C)=O)CC2
4184,8.105406979006268,COc1cc2c(cc1Nc1ncc(C(F)(F)F)c(Nc3cccc(NC(C)=O)c3)n1)CCN(C(C)=O)C2
4185,10.343167856564031,CN1C=C(c2cc3c(-c4cn(C5COC5)nc4-c4ccc(F)cc4)ncnc3o2)CCC1
4186,10.059510486586023,CN1C=C(c2cc3c(-c4cn(C5CCCC5)nc4-c4ccc(F)cc4)ncnc3o2)CCC1
4187,10.131464350493067,CC(C)(O)Cn1cc(-c2ncnc3oc(C4=CNCCO4)cc23)c(-c2ccc(F)cc2)n1
4188,9.678949320812288,CC(C)(O)Cn1cc(-c2ncnc3oc(C4=CN(C(N)=O)CC4)cc23)c(-c2ccc(F)cc2)n1
4189,9.016028712333695,CC(=O)N1CCCC(c2ccc3c(c2)nc(NC(=O)c2ccnc(-c4ccccc4)c2)n3CC(C)(C)O)C1
4190,9.14388607261766,COc1ccccc1-c1cc(C(=O)Nc2nc3cc(C4CCCN(C(C)=O)C4)ccc3n2CC2CC2)ccn1
4191,8.904847398356253,CC(=O)N1CCCC(Oc2cc3ncnc(Nc4ccc(Br)cc4F)c3cc2C)C1
4192,8.922667889088428,CC(=O)N1CCCC(Oc2cc3ncnc(Nc4ccc(Br)cc4F)c3cc2NC(=O)C(C)C)C1
4193,8.869539518037485,CC(=O)Nc1cc2c(Nc3ccc(Br)cc3F)ncnc2cc1OCCNC(=O)C1CCCN1C
4194,8.769660874875942,CC(=O)Nc1cc2c(Nc3ccc(Br)cc3F)ncnc2cc1OCCNC(=O)C1CCCN1
4195,8.612540705221056,COc1cc(N2CCN(C(C)=O)CC2)ccc1Nc1ncc(Cl)c(Nc2cccc3c2N(C(C)=O)CCC3)n1
4196,8.619363205998518,COc1cc(N2CCN(C(=O)CO)CC2)ccc1Nc1ncc(Cl)c(Nc2cccc3c2N(C(C)=O)CCC3)n1
4197,8.633003293759847,COc1cc(N2CCCN(C(C)=O)CC2)ccc1Nc1ncc(C(F)(F)F)c(Nc2cccc(NC(C)=O)c2)n1
4198,8.558179520867604,COc1cc(N2CCCN(C(C)=O)CC2)ccc1Nc1ncc(C(F)(F)F)c(Nc2cccc(C(N)=O)c2)n1
4199,8.299989931831929,COc1cc(N2CCCN(C(C)=O)CC2)ccc1Nc1ncc(SC)c(Oc2cccc(NC(C)=O)c2)n1
4200,8.060200356743655,COc1cc(N2CCCN(C(C)=O)CC2)ccc1Nc1ncc(OC)c(Oc2cccc(NC(C)=O)c2)n1
4201,9.02264478315091,COc1cc2c(Nc3ccc(Br)cc3F)ncnc2cc1OCC1CN(C(C)=O)CCCO1
4202,8.846224722236027,COc1cc2c(Nc3ccc(Cl)c(Cl)c3)ncnc2cc1OCC1CN(C(=O)C2CCCO2)CCO1
4203,8.777838528663018,COC(=O)N1CCN(c2ccc(Nc3ncc(C(F)(F)F)c(Nc4cccc(NC(C)=O)c4)n3)c(OC)c2)CC1
4204,8.650799852321288,CCC(=O)Nc1cccc(Nc2nc(Nc3ccc(N4CCN(C(C)=O)C(C)C4)cc3OC)ncc2C(F)(F)F)c1
4205,8.736562700003269,CC(=O)N1CCN(C(=O)COc2cc3ncnc(Nc4ccc(Br)cc4F)c3cc2NC(=O)C(C)C)CC1
4206,8.72439540626437,CC(=O)Nc1cc2c(Nc3ccc(Br)cc3F)ncnc2cc1OCC(=O)N1CCN(C(C)=O)CC1
4207,8.570908550464539,O=C(/C=C/c1cccnc1)N1CCOc2c1ccc1ncnc(Nc3ccc(OCc4ccccn4)c(Cl)c3)c21
4208,8.75706031579441,CC(=O)N1CCN(CC(=O)N2CCOc3c2ccc2ncnc(Nc4ccc(OCc5ccccn5)c(Cl)c4)c32)CC1
4209,8.277612569272328,CC(=O)Nc1cccc(Nc2nc(Nc3ccc(N4CCN(C(C)=O)CC4)c(F)c3)ncc2Cl)c1
4210,8.043952877373613,CC(=O)Nc1cccc(Nc2nc(Nc3ccc(N4CCN(C(C)=O)CC4)c(Cl)c3)ncc2Cl)c1
4211,8.494736083709693,COc1cc(Nc2ncc(C(F)(F)F)c(Nc3cccc(NC(C)=O)c3)n2)ccc1N1CCN(C(C)=O)CC1
4212,8.577294199237576,COc1cc(Nc2ncc(C(F)(F)F)c(Nc3cccc(NC(C)=O)c3)n2)ccc1N1CCN(C)CC1
4213,8.536508099460914,COc1cc(N2CCN(C(C)=O)CC2)ccc1Nc1ncc(Cl)c(-c2cn(C)c3ccccc23)n1
4214,8.519174717136384,COc1cc(N2CCOCC2)ccc1Nc1ncc(Cl)c(-c2c[nH]c3ccccc23)n1
4215,8.596506554636745,COc1cc(N2CCN(C(C)=O)CC2)ccc1Nc1ncc(C(F)(F)F)c(Nc2cccc(NC(C)=O)c2)n1
4216,8.939600189953223,COc1cc(N2CCN(C(C)=O)CC2)ccc1Nc1ncc(C(F)(F)F)c(Nc2cccc(NC(=O)CO)c2)n1
4217,8.042208162399811,CC(=O)Nc1cccc(Nc2nc(Nc3ccc(N4CCN(C(C)=O)CC4)cc3Cl)ncc2Cl)c1
4218,8.204846148705553,CC(=O)N1CCN(c2ccc(Nc3ncc(Cl)c(Nc4cccc(NC(=O)CN(C)C)c4)n3)c(Cl)c2)CC1
4219,8.578296653344422,COc1cc(N2CCN(C(C)=O)CC2)ccc1Nc1ncc(Br)c(Nc2cccc(NC(=O)CO)c2)n1
4220,8.632054033655328,COc1cc(N2CCN(C(C)=O)CC2)ccc1Nc1ncc(Br)c(Nc2cccc(NC(=O)CCN(C)C)c2)n1
4221,8.548325297897135,COc1cc(N2CCN(C(C)=O)CC2)ccc1Nc1ncc(C(F)(F)F)c(Nc2cccc(C(N)=O)c2)n1
4222,8.35029316934408,CC(=O)Nc1cccc(Nc2nc(Nc3ccc(N4CCN(C(C)=O)CC4)cc3C(F)(F)F)ncc2C(F)(F)F)c1
4223,8.422836049600424,COc1cc(N2CCN(C(C)=O)CC2)ccc1Nc1ncc(Cl)c(Nc2cccc(NC(=O)CCN(C)C)c2)n1
4224,8.360203274385304,COc1cc(N2CCN(C(C)=O)CC2)ccc1Nc1ncc(Cl)c(Nc2cccc(NC(=O)CN(C)C)c2)n1
4225,8.135414069166291,COc1cc(N2CCN(C(C)=O)CC2)ccc1Nc1cc(Nc2cccc(NS(C)(=O)=O)c2)c(Cl)cn1
4226,8.088861484106792,COc1cc(N2CCN(C(C)=O)CC2)ccc1Nc1cc(Nc2cccc(NC(=O)CCO)c2)c(Cl)cn1
4227,8.004946521227488,COc1cc(N2CCN(C(C)=O)CC2)ccc1Nc1ncc(Cl)c(Nc2cccc(N)c2)n1
4228,8.39581422376224,COc1cc(N2CCN(C(C)=O)CC2)ccc1Nc1ncc(Cl)c(Nc2cccc(NC(=O)CCO)c2)n1
4229,8.548357557170418,COc1cc(N2CCN(C(C)=O)CC2)ccc1Nc1ncc(Cl)c(Nc2cccc(NS(C)(=O)=O)c2)n1
4230,8.458783596650635,COc1cc(N2CCN(C(C)=O)CC2)ccc1Nc1ncc(Cl)c(Nc2ccc(NS(C)(=O)=O)cc2)n1
4231,8.355605650951622,COc1cc(N2CCN(C(C)=O)CC2)ccc1Nc1ncc(Cl)c(Nc2ccc(NC(=O)CCO)cc2)n1
4232,8.720680775959469,COc1cc(N2CCN(C(C)=O)CC2)ccc1Nc1ncc(Cl)c(Nc2cc(N)cc(NCCS(C)(=O)=O)c2)n1
4233,8.522704363324165,COc1cc(N2CCN(C(C)=O)CC2)ccc1Nc1ncc(C(F)(F)F)c(Nc2cccc(NC(C)=O)n2)n1
4234,8.328987951961398,COc1cc(N2CCN(C(C)=O)CC2)ccc1Nc1ncc(C(F)(F)F)c(Nc2cccc(C(N)=O)n2)n1
4235,8.627991276544492,COc1cc(N2CCN(C(C)=O)CC2)ccc1Nc1ncc(C(F)(F)F)c(Oc2cccc(NC(C)=O)c2)n1
4236,8.871716800932512,COc1cc(N2CCN(C(C)=O)CC2)ccc1Nc1ncc(C(F)(F)F)c(Oc2cccc(NC(=O)CO)c2)n1
4237,8.143449261871957,COc1cc(N2CCN(C(C)=O)CC2)ccc1Nc1ncc(Cl)c(Oc2cccc(NC(C)=O)c2)n1
4238,8.308041596741637,COc1cc(N2CCN(C(C)=O)CC2)ccc1Nc1ncc(Cl)c(Oc2cccc(NC(=O)CCO)c2)n1
4239,8.111987727933194,COc1cc(N2CCN(C(C)=O)CC2)ccc1Nc1ncc(OC)c(Oc2cccc(NC(=O)CCO)c2)n1
4240,8.375027833153363,COc1cc(N2CCN(C(C)=O)CC2)ccc1Nc1ncc(SC)c(Oc2cccc(NC(=O)CCO)c2)n1
4241,8.418288937283128,CSc1cnc(Nc2ccc(N3CCN(C(C)=O)CC3)cc2OC(F)F)nc1Oc1cccc(C(N)=O)c1
4242,8.466884353726321,CSc1cnc(Nc2ccc(N3CCN(C(C)=O)CC3)cc2OC(F)F)nc1Oc1cccc(NC(C)=O)c1
4243,8.21716282981754,COc1cc(N2CCN(C(C)=O)CC2)ccc1Nc1ncc2c(=O)n(C)c(=O)n(-c3cccc(NC(C)=O)c3)c2n1
4244,8.216939634759074,COc1cc(N2CCN(C(C)=O)CC2)ccc1Nc1ncc2c(=O)n(C)c(=O)n(-c3ccccc3)c2n1
4245,8.231523775771258,COc1cc(N2CCN(C(C)=O)CC2)ccc1Nc1nc(OC2CCN(C)CC2)c2sccc2n1
4246,8.363992958356745,COc1cc(N2CCN(C(C)=O)CC2)ccc1Nc1nc(OC2CCN(C(C)C)CC2)c2sccc2n1
4247,7.957389150129482,COc1cc(N2CCN(C(C)=O)CC2)ccc1Nc1nc(OC2CCN(C(C)=O)CC2)c2cc[nH]c2n1
4248,8.113082875859021,COc1cc(N2CCN(C(C)=O)CC2)ccc1Nc1nc(OC2CCN(C(=O)CO)CC2)c2cc[nH]c2n1
4249,9.143579947453034,O=C1c2cc(-c3ccc(N4CCOCC4)cc3)ccc2CN1[C@H](c1cc2ccccc2[nH]1)c1cc(F)ccc1O
4250,9.09025171410547,CN1CCN(c2ccc(-c3ccc4c(c3)C(=O)N([C@H](c3cc5ccccc5[nH]3)c3ccccc3O)C4)cc2)CC1
4251,8.034007713213395,CC(=O)N1CCN(c2ccc(Nc3ncc(Cl)c(Nc4cccc(C(=O)N(C)C)c4)n3)cc2)CC1
4252,8.192750557729047,CC(=O)N1CCN(c2ccc(Nc3ncc(Cl)c(Nc4cccc(NC(=O)CN(C)C)c4)n3)cc2)CC1
4253,8.150023048019385,CC(=O)N1CCN(c2ccc(Nc3ncc(Cl)c(Nc4cccc(NC(=O)C5CC5)c4)n3)cc2)CC1
4254,8.097186696056163,CC(=O)Nc1cccc(Oc2nc(Nc3ccc(N4CCN(C(C)=O)CC4)cc3)ncc2Cl)c1
4255,8.28819852284957,CC(=O)N1CCN(c2ccc(Nc3ncc(Cl)c(Oc4cccc(NC(=O)C5CC5)c4)n3)cc2)CC1
4256,8.25045576440263,CC(=O)Nc1cccc(-c2cccc3cnc(Nc4ccc(N5CCN(C)CC5)cc4)nc23)c1F
4257,7.966437918852848,CC(=O)Nc1cccc(-c2cccc3cnc(Nc4ccc(N5CCN(C(C)=O)CC5)cc4)nc23)c1F
4258,7.916132550828559,CC(=O)Nc1cccc(-c2cccc3cnc(Nc4ccc(N5CCN(C(C)=O)CC5)cc4)nc23)c1
4259,8.78074065619314,CNc1cncc(-c2c[nH]c3nc(Nc4ccc(N5CCN(C(C)=O)CC5)cc4)nc(O[C@@H]4CCN(C)C4)c23)n1
4260,8.78074065619314,CNc1cncc(-c2c[nH]c3nc(Nc4ccc(N5CCN(C(C)=O)CC5)cc4)nc(O[C@H]4CCN(C)C4)c23)n1
4261,8.762095188431667,CNc1cncc(-c2c[nH]c3nc(Nc4ccc(N5CCN(C(C)=O)CC5)cc4)nc(OC[C@@H]4CCCN4C)c23)n1
4262,8.770601984289092,CNc1cncc(-c2c[nH]c3nc(Nc4ccc(N5CCN(C(C)=O)CC5)cc4)nc(OC[C@@H]4CCCN4)c23)n1
4263,8.375200331204024,CC(=O)N1CCN(c2ccc(Nc3nc(Oc4ccccc4)c4c(-c5cncnc5)c[nH]c4n3)cc2)CC1
4264,8.250454379490892,CC(=O)N1CCN(c2ccc(Nc3nc(Oc4ccccc4)c4c(-c5cncc(N)n5)c[nH]c4n3)cc2)CC1
4265,8.642041447348872,CC(=O)N1CCN(c2ccc(Nc3nc(OC4CCCCC4)c4c(-c5cncnc5)c[nH]c4n3)cc2)CC1
4266,8.733165189662135,CC(=O)N1CCN(c2ccc(Nc3nc(OC4CCCCC4)c4c(-c5cnc6[nH]ccc6c5)c[nH]c4n3)cc2)CC1
4267,8.710450992489376,CNc1cncc(-c2c[nH]c3nc(Nc4ccc(N5CCN(C(C)=O)CC5)cc4)nc(OC4CCOCC4)c23)n1
4268,8.784517250399153,CNc1cncc(-c2c[nH]c3nc(Nc4ccc(N5CCN(C(C)=O)CC5)cc4)nc(OC4CCN(C)CC4)c23)n1
4269,8.698646478893007,CC(=O)N1CCN(c2ccc(Nc3nc(OC4CCOCC4)c4c(-c5cncnc5)c[nH]c4n3)cc2)CC1
4270,8.713616472532632,CC(=O)N1CCN(c2ccc(Nc3nc(OC4CCOCC4)c4c(-c5cnc6[nH]ccc6c5)c[nH]c4n3)cc2)CC1
4271,9.684132825391774,O=S1(=O)CC(n2cc(-c3ncnc4oc(N5CCN(C6CCCC6)CC5)cc34)c(-c3ccc(F)cc3)n2)C1
4272,8.193829201904432,CC(=O)N1CCN(c2cc(Nc3n[nH]c4ccccc34)nc(Oc3cccc(NC(=O)CN(C)C)c3)n2)CC1
4273,7.941390070538227,CC(=O)N1CCN(c2cc(Nc3n[nH]c4ccccc34)nc(Oc3cccc(C(N)=O)c3)n2)CC1
4274,8.168048338894266,CC(=O)Nc1cccc(Nc2nc(Nc3ccc(N4CCN(C(C)=O)CC4)nc3)ncc2Cl)c1
4275,8.301964324976055,CC(=O)N1CCN(c2ccc(Nc3ncc(Cl)c(Nc4cccc(NC(=O)CN(C)C)c4)n3)cn2)CC1
4276,8.051127077478046,CC(=O)N1CCN(C2CCC(n3nc(-c4ccc5nc(C)[nH]c5c4)c4c(N)ncnc43)CC2)CC1
4277,8.477214460619388,COc1cc(N2CCN(C(C)=O)CC2)ccc1Nc1ncc(Cl)c(Nc2ccccc2S(C)(=O)=O)n1
4278,8.630246766198278,CC(=O)N1CCN(Cc2ccn3ncnc(Nc4ccc5c(cnn5Cc5cccc(F)c5)c4)c23)CC1
4279,9.159400424160648,CN1CCN(CCCOc2cc3ncnc(Nc4ccc(F)c(Cl)c4)c3cc2NC(=O)c2cc([N+](=O)[O-])ccc2F)CC1
4280,8.951363484446262,COc1cc2c(Nc3ccc(Br)cc3F)ncnc2cc1OCC1CN(C(C)=O)CCO1
4281,8.606120235576393,C=CC(=O)Nc1cccc(Nc2nc(Nc3ccc4c(c3)OCCN4C(=O)CN(C)C)ncc2F)c1
4282,8.380679134925431,C=CC(=O)Nc1cccc(Nc2nc(Nc3ccc4c(c3)OCCN4C(=O)OCC(C)C)ncc2F)c1
4283,8.580851682348102,CS(=O)(=O)N1CCOc2c1ccc1ncnc(Nc3ccc(F)c(Cl)c3)c21
4284,8.182871016025194,CC(=O)N1CCOc2c1ccc1ncnc(Nc3ccc(F)c(C(F)(F)F)c3)c21
4285,8.682759312064267,CS(=O)(=O)N1CCOc2c1ccc1ncnc(Nc3cccc(Br)c3)c21
4286,7.936711940806783,CC(=O)N1CCOc2c1ccc1ncnc(Nc3cccc(C(F)(F)F)c3)c21
4287,8.086336532888437,CS(=O)(=O)N1CCOc2c1ccc1ncnc(Nc3cccc(C(F)(F)F)c3)c21
4288,8.85439412303336,CC(=O)N1CCOc2c1ccc1ncnc(Nc3cccc(Br)c3)c21
4289,9.20863720417684,CC(=O)Nc1cccc(Oc2cc(C(=O)Nc3nc4ccc(CN5CCN(C)CC5)cc4n3CC3CC3)ccn2)c1C=O
4290,8.805575341567108,CN1CCN(Cc2ccc3nc(NC(=O)c4ccnc(Oc5ccccc5C(=O)N(C)C)c4)n(C)c3c2)CC1
4291,8.834104124641343,O=C(Nc1c(Br)cccc1Nc1ncnc2ccncc12)C1CC1
4292,8.779700949667781,CC(=O)Nc1c(Cl)cccc1Nc1ncnc2ccncc12
4293,8.850118382198625,CC(=O)Nc1ccc(-c2cc3c(N[C@H](CO)c4ccccc4)ncnc3[nH]2)cc1
4294,8.696113451627102,CC(=O)Nc1ccc(-c2cc3c(N[C@H](CO)c4ccccc4)ncnc3[nH]2)c(C)c1
4295,8.420140974088275,COc1cc(NC(C)=O)ccc1Nc1nccc(-c2cn(Cc3ccc(C(=O)O)c(O)c3)c3ccccc23)n1
4296,8.30105996993775,COc1cc(N)c(NC(C)=O)cc1Nc1nccc(-c2cn(Cc3ccc(C(=O)O)c(O)c3)c3ccccc23)n1
4297,8.801438943104612,COc1cc(N(C)CCN(C)C)ccc1Nc1nccc(-c2cn(Cc3ccc(O)c(C(=O)O)c3)c3ccccc23)n1
4298,8.663429441502403,COc1cc(N(C)CCN(C)C)ccc1Nc1nccc(-c2cn(Cc3ccc(O)c(C(N)=O)c3)c3ccccc23)n1
4299,8.008327349034008,COc1cc(N2CCN(C)CC2)ccc1Nc1ncc(Cl)c(Oc2ccc(NC(=O)CCO)cc2)n1
4300,8.153813097780178,COc1cc(N2CCN(C)CC2)ccc1Nc1ncc(Cl)c(Oc2cccc(NC(=O)CCO)c2)n1
4301,7.565538659922532,CC(=O)Nc1cccc(Oc2cc(Nc3ccc(OCc4cccc(F)c4)cc3)ncn2)c1
4302,7.553668466028456,CC(=O)Nc1cccc(Oc2cc(Nc3cccc(OCc4cccc(F)c4)c3)ncn2)c1
4303,8.553848964113483,CN(C)CCn1ncc2cc(Nc3nccc(-c4cn(C)c5ccccc45)n3)ccc21
4304,8.030363478588082,CC(=O)Nc1ccc(-c2cc3c(Nc4ccc(Oc5cccc(C(F)(F)F)c5)cc4)ncnc3s2)cc1
4305,8.49627972613173,CC(=O)Nc1cccc(-c2cc3c(Nc4ccc(Oc5cccc(C(F)(F)F)c5)c(Cl)c4)ncnc3s2)c1
4306,7.937267380342333,CC(=O)Nc1ccc(Nc2ncc3ncc(=O)n(-c4cccc(NC(C)=O)c4)c3n2)cc1
4307,8.113344359634462,CC(=O)Nc1cccc(-n2c(=O)cnc3cnc(Nc4ccc(NC(=O)C5CC5)cc4)nc32)c1
4308,8.24584079236981,N#Cc1cccc(C#Cc2cncnc2Nc2ccc(OCc3cccc(F)c3)c(Cl)c2)c1
4309,8.280490118479474,Fc1cccc(COc2ccc(Nc3ncncc3C#Cc3ccccc3)cc2Cl)c1
4310,8.005203543094206,COc1cc(N2CCN(C(C)=O)CC2)ccc1Nc1ncc(Cl)c(Nc2ccc(N)cc2)n1
4311,9.126543718762392,CN1CCN(Cc2ccc3nc(NC(=O)c4ccnc(C#Cc5ccccc5)c4)n(CC(C)(C)O)c3c2)CC1
4312,9.446913416661024,CN1CCN(Cc2ccc3nc(NC(=O)c4cc(-n5ncc(-c6ccccc6)c5C(C)(C)O)n(CC(C)(C)C)c4)n(C)c3c2)C1
4313,9.238711691170236,CN1CCN(CC2=CC=C3CCN(C2)C(NC(=O)c2cc(-n4ncc(-c5ccccc5)c4C(C)(C)O)n(CC(C)(C)C)c2)=N3)CC1
4314,8.370635315311926,N#Cc1cccc(C#Cc2cncnc2Nc2ccc(OCc3cccc(F)c3)c(Cl)c2)n1
4315,7.850224876118236,COc1cc(N)ccc1Nc1ncc(Cl)c(Nc2ccccc2NC(C)=O)n1
4316,8.05285659280982,COc1cc(NC(=O)C2CCCCC2)ccc1Nc1ncc(Cl)c(Nc2ccccc2NC(C)=O)n1
4317,8.13947616517065,COc1cc(N2CCN(C)CC2)ccc1Nc1ncc(Cl)c(Oc2ccccc2NC(=O)CCO)n1
4318,8.08632668858266,COc1cc(N2CCN(C)CC2)ccc1Nc1ncc(Cl)c(Oc2cccc(NC(=O)CO)c2)n1
4319,8.157229964184973,CC(=O)Nc1ccc2ncnc(Nc3ccc(F)c(C(F)(F)F)c3)c2c1
4320,8.56733995353506,CC(=O)Nc1ccc2c(Nc3ccc(OCc4cccc(F)c4)c(Cl)c3)ncnc2c1
4321,8.498043662654,CC(=O)Nc1ccc2ncnc(Nc3ccc(OCc4cccc(F)c4)c(Cl)c3)c2n1
4322,8.36093862871784,CC(=O)Nc1ccc2ncnc(Nc3ccc(OCc4ccncc4)c(Cl)c3)c2c1
4323,8.452123425677641,CC(=O)Nc1ccc2ncnc(Nc3ccc(OCc4ccccn4)c(Cl)c3)c2c1C
4324,8.848449438874582,O=C(Nc1ccc2ncnc(Nc3cccc(Br)c3)c2c1)C1CC1
4325,8.630078899671133,O=C(Nc1ccc2ncnc(Nc3cccc(Br)c3)c2c1)C(F)(F)F
4326,8.189657786643922,CC(=O)Nc1ccc2ncnc(Nc3cccc(C#N)c3)c2c1
4327,7.340168624630295,Nc1ccc2c(c1)C(c1ccccc1Cl)=Nc1cn[nH]c1N2
4328,7.874582848615333,CS(=O)(=O)Nc1ccc2c(c1)C(c1ccccc1Cl)=Nc1cn[nH]c1N2
4329,9.062234637415536,CN(C)CCn1ccc2cc(Nc3nccc(-c4sc(N)nc4-c4ccc(F)cc4)n3)ccc21
4330,8.571481057198552,CC(=O)Nc1nc(-c2ccc(F)cc2)c(-c2ccnc(Nc3ccc4c(c3)CN(C)C4)n2)s1
4331,6.83895485659382,CC(=O)Nc1nc(C(=O)NNC(=O)CN2CCCCC2)cs1
4332,7.158155499826822,CC(=O)Nc1nc(C(=O)NNC(=O)CCN2CCOCC2)cs1
4333,7.21122204511417,CC(=O)Nc1nc(C(=O)NNC(=O)CN2CCN(C)CC2)cs1
4334,6.843564680132803,CC(=O)Nc1nc(C(=O)NNC(=O)CCN2CCCCC2)cs1
4335,7.049594629722116,CC(=O)Nc1nc(C(=O)NNC(=O)CN2CCOCC2)cs1
4336,7.34860541048189,CN1CCc2[nH]c(-c3ccnc(N)c3)c(Nc3ccccc3)c2C1=O
4337,8.003869138662962,CC(=O)Nc1cc(-c2[nH]c3c(c2Nc2ccccc2)C(=O)N(C)CC3)cc(C)n1
4338,8.292606546900245,O=C1NCCc2[nH]c(-c3ccnc(NC(=O)C4CC4)c3)c(Nc3ccccc3)c21
4339,7.807415778906015,CC(=O)Nc1cc(-c2[nH]c3c(c2Nc2ccccc2)C(=O)NCC3)cc(C)n1
4340,8.549838642678392,CSc1nc(-c2cccc(NC(=O)c3cc(O)ccc3F)c2)c(-c2ccnc(Nc3ccccc3)c2)[nH]1
4341,8.58011612567725,CSc1nc(-c2cccc(NC(=O)c3cc(O)ccc3F)c2)c(-c2ccnc(NC(=O)CCC(=O)O)c2)[nH]1
4342,7.635583524797163,CSc1nc(-c2cccc(NC(=O)c3c(F)ccc(O)c3CN3C(=O)c4ccccc4C3=O)c2)c(-c2ccccc2)[nH]1
4343,8.538733023941774,CSc1nc(-c2cccc(NC(=O)c3c(F)ccc(O)c3CN3C(=O)c4ccccc4C3=O)c2)c(-c2ccnc(N)c2)[nH]1
4344,8.50951260259999,CSc1nc(C)c(-c2ccnc(NC(C)=O)c2)c(-c2cccc(NC(=O)c3c(F)ccc(O)c3CN3CCCC3=O)c2)n1
4345,8.702449373436002,COc1cc(N2CCC(O)CC2)ccc1Nc1ncc(Cl)c(Nc2ccccc2NS(C)(=O)=O)n1
4346,8.427589303986041,OCc1cccc(C#Cc2cncnc2Nc2ccc(OCc3cccc(F)c3)c(Cl)c2)c1
4347,8.453778430487855,NC(=O)c1ccc(C#Cc2cncnc2Nc2ccc(OCc3cccc(F)c3)c(Cl)c2)cc1
4348,7.499060819812136,Nc1nccn2c(C3CCC3)nc(-c3cc4ccccc4[nH]3)c12
4349,7.572217254771369,Nc1nccn2c(C3CCC(C(=O)O)CC3)nc(-c3cc4ccccc4[nH]3)c12
4350,8.740563628845578,CC(=O)NCCCCOc1cc2ncnc(Nc3ccc(Br)cc3F)c2cc1NC(C)=O
4351,8.851047754721625,CC(=O)NCCCCOc1cc2ncnc(Nc3ccc(Br)cc3F)c2cc1NC(=O)CCN(C)C
4352,8.883654242250556,C=CCOc1cc2ncnc(Nc3ccc(Br)cc3F)c2cc1OCCCNC(C)=O
4353,8.75686778968138,CC(=O)NCCCOc1cc2ncnc(Nc3ccc(Br)cc3F)c2cc1NC(=O)CC(C)C
4354,10.706562373356782,CC(C)(C)OC(=O)NCCn1cc(-c2ncnc3oc(-c4ccccc4)cc23)c(-c2ccc(F)cc2)n1
4355,8.889589812700523,OCCn1ccc2ncnc(Nc3ccc(Oc4cccc5sncc45)c(Cl)c3)c21
4356,8.799331046910812,CC(C)(N)C(=O)NCCn1ccc2ncnc(Nc3ccc(Oc4cccc5sncc45)c(Cl)c3)c21
4357,8.673198221048933,CC(=O)NCCOc1cc2ncnc(Nc3ccc(Br)c(Cl)c3F)c2cc1NC(C)=O
4358,8.400222985380333,CC(=O)NCCOc1cc2ncnc(Nc3ccc(F)c(F)c3F)c2cc1NC(C)=O
4359,8.65353851121011,CC(=O)NCCOc1cc2ncnc(Nc3ccc(F)c(F)c3F)c2cc1NC(=O)CN1CCC1
4360,8.417095474598918,CC(=O)NCCOc1cc2ncnc(Nc3ccc(Br)cc3C(F)(F)F)c2cc1NC(C)=O
4361,8.919138235017806,C=CC(=O)Nc1cc2c(Nc3ccc(Br)cc3C(F)(F)F)ncnc2cc1OCCN1CCN(C)CC1
4362,8.451054603757319,CC(=O)NCCOc1cc2ncnc(Nc3ccc(Br)cc3Cl)c2cc1NC(C)=O
4363,8.543752278281513,CC(=O)NCCOc1cc2ncnc(Nc3ccc(Br)cc3Cl)c2cc1NC(=O)CC(C)C
4364,8.69543306033458,CC(=O)NCCOc1cc2ncnc(Nc3ccc(Br)cc3F)c2cc1N(C)C(C)=O
4365,8.373947423204923,CC(=O)NCCOc1cc2ncnc(Nc3ccc(Cl)cc3Cl)c2cc1NC(C)=O
4366,8.44645998095641,CC(=O)NCCOc1cc2ncnc(Nc3ccc(Cl)cc3Cl)c2cc1NC(=O)CC(C)C
4367,8.64688591434531,CC(=O)NCCOc1cc2ncnc(Nc3ccc(Cl)cc3F)c2cc1NC(C)=O
4368,8.766465807281001,CC(=O)NCCOc1cc2ncnc(Nc3ccc(Cl)cc3F)c2cc1NC(=O)CC(C)C
4369,8.543008548942687,CC(=O)NCCOc1cc2ncnc(Nc3c(F)cc(Br)cc3F)c2cc1NC(C)=O
4370,8.629836521438103,CC(=O)NCCOc1cc2ncnc(Nc3c(F)cc(Br)cc3F)c2cc1NC(=O)CN(C)C
4371,8.688379409684737,CC(=O)NCCOc1cc2ncnc(Nc3ccc(F)c(Cl)c3)c2cc1NC(C)=O
4372,8.78471549750111,CC(=O)NCCOc1cc2ncnc(Nc3ccc(F)c(Cl)c3)c2cc1NC(=O)CC(C)C
4373,8.023380787057183,CC(=O)NCCOc1cc2ncnc(Nc3ccc(OCc4cccnc4)c(Cl)c3)c2cc1OCCNC(C)=O
4374,8.649692862701398,CC(=O)NCCOc1cc2ncnc(Nc3ccc(OCc4cccnc4)c(Cl)c3)c2cc1NC(=O)CN(C)C
4375,8.085829749254422,CC(=O)NCCOc1cc2ncnc(Nc3cc(Cl)c(Cl)cc3Cl)c2cc1NC(C)=O
4376,8.346731804161628,CC(=O)NCCOc1cc2ncnc(Nc3cc(Cl)c(Cl)cc3Cl)c2cc1NC(=O)CN(C)C
4377,7.9717247245988805,CCC(=O)Nc1cc2c(Nc3cc(OC)c(Cl)cc3Cl)ncnc2cc1OCCNC(C)=O
4378,8.186012226526918,COc1cc(Nc2ncnc3cc(OCCNC(C)=O)c(NC(=O)C4CC4)cc23)c(Cl)cc1Cl
4379,8.678973269761249,CC(=O)NCCOc1cc2ncnc(Nc3cc(Cl)c(Br)cc3F)c2cc1NC(C)=O
4380,8.530857641216077,CC(=O)NCCOc1cc2ncnc(Nc3cc(F)c(Br)cc3F)c2cc1NC(C)=O
4381,8.608254786189049,CC(=O)NCCOc1cc2ncnc(Nc3cc(F)c(Br)cc3F)c2cc1NC(=O)CN(C)C
4382,8.590394527195109,CC(=O)NCCOc1cc2ncnc(Nc3cc(Cl)c(Cl)cc3F)c2cc1NC(C)=O
4383,8.732167225988192,C=CCOc1cc2ncnc(Nc3cc(OC)c(Cl)cc3F)c2cc1NC(=O)C=C
4384,8.495558888070068,COc1cc(Nc2ncnc3cc(OCCNC(C)=O)c(NC(=O)C4CC4)cc23)c(F)cc1Cl
4385,7.913969146098599,CCC(=O)Nc1cc2c(Nc3cc(OC)c(Cl)cc3OC)ncnc2cc1OCCNC(C)=O
4386,8.138163871783991,COc1cc(Nc2ncnc3cc(OCCNC(C)=O)c(NC(=O)C4CC4)cc23)c(OC)cc1Cl
4387,8.143269123952445,CC(=O)NCCOc1cc2ncnc(Nc3ccc(Cl)nc3)c2cc1NC(C)=O
4388,8.671288905324044,CC(=O)NCCSc1cc2ncnc(Nc3ccc(Br)cc3F)c2cc1NC(C)=O
4389,8.491705801069315,CC(=O)NCCSc1cc2ncnc(Nc3ccc(Br)cc3F)c2cc1NC(=O)c1ccccc1
4390,6.579086045333503,O=C(O)c1csc2ncc(-c3ccc(Br)cc3)n12
4391,7.140879151469754,CC(=O)NNC(=O)c1csc2ncc(-c3ccc(F)cc3)n12
4392,7.516191157670968,COc1ccccc1C(=O)NCc1ccc(-c2nn(C3CCCCC3)c3ncnc(N)c23)cc1
4393,7.647652410757758,COc1ccccc1C(=O)NCc1ccc(-c2nn([C@H]3C[C@@H](O)C3)c3ncnc(N)c23)cc1
4394,7.4225323654331685,CC(=O)O[C@H]1CC[C@]2(C)[C@H]3CC=C4[C@@H]5CC(C)(C)CC[C@]5(C(=O)OCCO)CC[C@@]4(C)[C@]3(C)CC[C@H]2C1(C)C
4395,7.168681039233151,CC(=O)O[C@H]1CC[C@]2(C)[C@H]3CC=C4[C@@H]5CC(C)(C)CC[C@]5(C(=O)OCC(=O)O)CC[C@@]4(C)[C@]3(C)CC[C@H]2C1(C)C
4396,6.979404826501633,CC(=O)O[C@H]1CC[C@]2(C)[C@H]3CC=C4[C@@H]5CC(C)(C)CC[C@]5(C(=O)OC(C)C)CC[C@@]4(C)[C@]3(C)CC[C@H]2C1(C)C
4397,8.724039777442957,COc1cc2c(Nc3ccc(F)c(Cl)c3)ncnc2cc1O[C@H]1CO[C@H]2[C@@H]1OC[C@H]2OC
4398,8.724039777442957,COc1cc2c(Nc3ccc(F)c(Cl)c3)ncnc2cc1O[C@H]1CO[C@H]2[C@@H]1OC[C@@H]2OC
4399,7.378999040239977,CC(=O)OC[C@]1(C)C[C@]2(C)[C@H]3CC=C4[C@@H]5CC(C)(C)CC[C@]5(C(=O)OCCO)CC[C@@]4(C)[C@]3(C)CC[C@@H]12
4400,7.32685450085009,CC(=O)OC[C@]1(C)C[C@]2(C)[C@H]3CC=C4[C@@H]5CC(C)(C)CC[C@]5(C(=O)OCCCO)CC[C@@]4(C)[C@]3(C)CC[C@@H]12
4401,8.008366299764312,C#Cc1cccc(Nc2ncnc3cc(OCCOC(=O)c4ccccc4)c(OCCOC(C)=O)cc23)c1
4402,7.885409155348078,C#Cc1cccc(Nc2ncnc3cc(OCCOC(C)=O)c(OCCOC(C)=O)cc23)c1
4403,8.061336410537052,C#Cc1cccc(Nc2ncnc3cc(OCCOC(=O)c4ccccc4)c(OCCOC)cc23)c1
4404,8.207334289083875,C#Cc1cccc(Nc2ncnc3cc(OCCOC(=O)c4ccccc4OC(C)=O)c(OCC)cc23)c1
4405,8.688242536398876,CN(C)CCN(C)N=Nc1ccc2ncnc(Nc3cccc(Cl)c3)c2c1
4406,8.771145437613155,CN(C)CCCN(C)N=Nc1ccc2ncnc(Nc3cccc(Cl)c3)c2c1
4407,8.315838169605502,CN(N=Nc1ccc2ncnc(Nc3cccc(Cl)c3)c2c1)C(=O)OCCO
4408,8.672929811374852,CC(=O)N(C)N=Nc1ccc2ncnc(Nc3cccc(Cl)c3)c2c1
4409,8.102759589129587,CC(=O)NCC(=O)Nc1ccc2ncc(C#N)c(Nc3ccc(OCc4cccc(F)c4)c(Cl)c3)c2c1
4410,7.760317914788217,CC(=O)OCC(=O)Nc1ccc2ncc(C#N)c(Nc3ccc(OCc4cccc(F)c4)c(Cl)c3)c2c1
4411,8.8119868558842,CS(=O)(=O)NCCn1ccc2ncnc(Nc3ccc(Oc4cccc(Cl)c4)c(Cl)c3)c21
4412,8.784873251524631,CS(=O)(=O)CCCn1ccc2ncnc(Nc3ccc(Oc4cccc(Cl)c4)c(Cl)c3)c21
4413,9.042012770893274,O=C(CCO)NCCn1ccc2ncnc(Nc3ccc(Oc4cccc(C(F)(F)F)c4)c(Cl)c3)c21
4414,8.829944967470059,CC(C)(O)C(=O)NCCn1ccc2ncnc(Nc3ccc(Oc4cccc(C(F)(F)F)c4)c(Cl)c3)c21
4415,8.687377892455743,CC(C)C(=O)Nc1cc2c(Nc3ccc(Br)cc3F)ncnc2cc1OCCNC(=O)C(C)(C)N
4416,8.729448279397747,CCC(=O)Nc1cc2c(Nc3ccc(Br)cc3F)ncnc2cc1OCCNC(=O)C(C)N
4417,8.63022462570015,CC(C)NC(=O)COc1cc2ncnc(Nc3ccc(Br)cc3F)c2cc1NC(=O)CN(C)C
4418,8.854234564153577,CN(C)C(=O)COc1cc2ncnc(Nc3ccc(Br)cc3F)c2cc1NC(=O)C1CCC1
4419,9.121769306430561,N#Cc1cnc2c(Cl)cc(N[C@H](C3=CNNC3)c3cccnc3)cc2c1Nc1cnc(F)c(F)c1
4420,8.37627421718382,C[C@@H](O)[C@@H](Nc1c(C#N)cnc2c(Cl)cc(N[C@@H](c3cccnc3)c3c[nH][nH]3)cc12)c1ccccc1
4421,8.668219626401969,CC(C)(O)[C@@H](Nc1c(C#N)cnc2c(Cl)cc(N[C@@H](c3cccnc3)c3c[nH][nH]3)cc12)c1cccc(F)c1
4422,8.159906983333059,CC(C)(C#N)C(=O)N1CCC[C@@H]1Cn1nc(-c2ccc(Oc3ccccc3)cc2F)c2c(N)ncnc21
4423,8.404985456913119,CN1CCN(C(C)(C)/C=C(\C#N)C(=O)N2CCC[C@@H](n3nc(-c4ccccc4)c4c(N)ncnc43)C2)CC1
4424,8.593615129575829,CN1CCN(C(C)(C)/C=C(\C#N)C(=O)N2CCC[C@@H](n3nc(-c4ccc(F)cc4)c4c(N)ncnc43)C2)CC1
4425,11.085651687760485,NC(=O)Cn1cc(-c2ncnc3oc(-c4ccccc4)cc23)c(-c2ccc(F)cc2)n1
4426,11.474955489195233,CC(C)n1cc(-c2ncnc3oc(-c4ccccc4)cc23)c(-c2ccc(F)cc2)n1
4427,8.743021668525525,O=C(NCCn1ccc2ncnc(Nc3ccc(Oc4cccc5sncc45)c(Cl)c3)c21)C1CC1
4428,8.90703902110317,CC(C)(CO)C(=O)NCCn1ccc2ncnc(Nc3ccc(Oc4cccc5sncc45)c(Cl)c3)c21
4429,8.246322279459083,CC(C)(C)C(=O)N1CCC[C@@H](n2nc(-c3ccc(Oc4ccccc4)cc3F)c3c(N)ncnc32)C1
4430,8.19987931147874,N#C/C=C(\C#N)C(=O)N1CCC[C@@H](n2nc(-c3ccc(Oc4ccccc4)cc3F)c3c(N)ncnc32)C1
4431,7.886865798159269,COc1cc(N2CCN(C)CC2)ccc1Nc1ncc(Cl)c(Oc2cccc(NC(C)=O)c2)n1
4432,8.044278768576737,COc1cc(N2CCN(C)CC2)ccc1Nc1ncc(Cl)c(Oc2cccc(NC(=O)CC#N)c2)n1
4433,8.454662620441225,COc1cc(N2CCN(C(=O)C(C)(C)C)CC2)ccc1Nc1ncc(C(F)(F)F)c(Nc2cccc(N)c2)n1
4434,8.3638753314278,COc1cc(N2CCN(C(=O)C(C)(C)C)CC2)ccc1Nc1ncc(SC)c(Oc2cccc(NC(C)=O)c2)n1
4435,8.191043897962443,COc1cc(N2CCN(C(=O)C(C)(C)C)CC2)ccc1Nc1ncc(SC)c(Oc2cccc(N)c2)n1
4436,8.967768145809398,COc1cc2ncnc(Nc3ccc(F)c(Cl)c3)c2cc1OCC1CN(C(=O)C(C)(C)C)CCO1
4437,8.924877014108297,COc1cc2c(Nc3ccc(Cl)c(Cl)c3)ncnc2cc1OCC1CN(C(=O)C2CCCC2)CCO1
4438,7.997280138698592,COc1cc(Nc2ncc(NC(=O)C(C)(C)C)c(-c3cn(C)c4ccccc34)n2)c(N(C)C)cc1OC
4439,7.9908183545862705,COc1cc(Nc2ncc(NC(=O)C(C)(C)C)c(-c3cn(C)c4ccccc34)n2)c(OC)cc1N
4440,7.7701723028836005,CC(=O)Nc1nc(Nc2ccc(F)c(Br)c2)c2cc(CCc3ccccn3)[nH]c2n1
4441,7.3205750488994745,CC(C)(C)C(=O)Nc1nc(Nc2ccc(F)c(Cl)c2)c2cc(CCc3ccccn3)[nH]c2n1
4442,7.761374166725457,CC(C)(C)C(=O)O[C@H]1C=C[C@H](n2nc(-c3ccc(CNC(=O)c4ccccc4)cc3)c3c(N)ncnc32)C1
4443,7.8794630579763325,CC(C)(C)OC(=O)O[C@@H]1C=C[C@H](n2nc(-c3ccc(CNC(=O)c4ccccc4)cc3)c3c(N)ncnc32)C1
4444,8.337331294892993,COc1ccc(NC(C)=O)cc1Nc1cc(-c2nc(SC)[nH]c2C(C)(C)C)ccn1
4445,8.397041151605098,COc1ccc(NC(=O)CCN(C)C)cc1Nc1cc(-c2nc(SC)[nH]c2C(C)(C)C)ccn1
4446,7.175295238029816,COc1c(NC(=O)Nc2ccc(-c3ccc(CN4CCOCC4)cc3)c3ccccc23)cc(C(C)(C)C)cc1NS(C)(=O)=O
4447,7.52143019540507,CC(C)(C)c1cc(NC(=O)Nc2ccc(-c3ccc(CN4CCOCC4)nc3)c3ccccc23)cc(C(=O)O)c1
4448,6.8322767856088,COc1ccc(/C=C2\CCC/C(=C\c3cc(C(C)(C)C)c(O)c(C(C)(C)C)c3)C2=O)c(OC)c1
4449,6.7354803789315465,COc1ccc(/C=C2\CCC/C(=C\c3cc(C(C)(C)C)c(O)c(C(C)(C)C)c3)C2=O)cc1OC
4450,8.04975846030867,CNS(=O)(=O)c1ccc(OC)c(Nc2cc(Nc3cccc(C(C)(C)C)c3)ncn2)c1
4451,7.769964693929439,CNS(=O)(=O)c1cccc(Nc2cc(Nc3cccc(OC)c3)ncn2)c1
4452,7.424156974833368,CC(C)(C)c1cc(N=C2NC(=S)CS2)no1
4453,7.784720701672718,CC(C)(C)c1cc(N=C2NC(=O)CCS2)no1
4454,7.360400596322679,CC(C)(C)c1cc(NC(=O)CBr)no1
4455,7.431529772211086,CC(C)(C)c1cc(NC(=O)CCCl)no1
4456,7.738401936826913,CC(C)(C)c1cc(NC(=O)CN2CCN(c3cccc(Cl)c3)CC2)no1
4457,7.75193441810916,CC(C)(C)c1cc(NC(=O)CN2CCN(c3ccccc3F)CC2)no1
4458,7.270241365185632,CC(C)(C)c1cc(NC(=O)CN2CCCCC2)no1
4459,7.313074792955691,CC(C)(C)c1cc(NC(=O)CN2CCCC2)no1
4460,6.9991345372226235,O=C(CCCN1CCC(OC(c2ccccc2)c2ccccc2)CC1)c1ccc(C(F)(F)F)cc1
4461,7.186136611207517,O=C(CCCN1CCC(OC(c2ccccc2)c2ccccc2)CC1)c1ccc(Br)cc1
4462,7.366310850996184,CN1CCN(c2ccc(Nc3nc(N4CCC[C@@H](NC(=O)c5ccc(C(C)(C)C)cc5)C4)cnc3C(N)=O)cc2)CC1
4463,7.783088581961197,CC(C)(C)c1ccc(C(=O)N[C@@H]2CCCN(c3cnc(C(N)=O)c(Nc4ccc(C5CCNCC5)cc4)n3)C2)cc1
4464,6.933521141670632,OC(CCCN1CCC(C(O)(c2ccccc2)c2ccccc2)CC1)c1ccc(Br)cc1
4465,6.884750146656015,OC(CCCN1CCC(C(O)(c2ccccc2)c2ccccc2)CC1)c1ccccc1
4466,6.019914640031029,COc1ccc(-c2nnc(SCc3ccccc3)o2)cc1
4467,6.5749581911833435,CC(C)(C)c1ccc(-c2nnc(SCc3ccc(Cl)cc3)o2)cc1
4468,8.709903441374774,COc1cc2c(Nc3ccc(Cl)c(Cl)c3)ncnc2cc1OCc1nc(-c2ccccc2)no1
4469,8.497577414279213,COc1cc2c(Nc3ccc(Cl)c(Cl)c3)ncnc2cc1OCc1nc(-c2ccc(C#N)cc2)no1
4470,8.11809218001242,CC(=O)Nc1ccc2ncnc(Nc3ccc(C(C)(C)C)cc3)c2c1
4471,8.02421191631766,CC(C)(C)c1ccc(Nc2ncnc3ccc(NC(=O)C4CC4)cc23)cc1
4472,7.750281552290729,CC(C)(C)c1ccc(Nc2ncnc3cc4oc(=O)n(CCCO)c4cc23)cc1
4473,7.862855514359683,CC(C)(C)c1ccc(Nc2ncnc3cc4oc(=O)n(CCCCO)c4cc23)cc1
4474,7.632847523104287,COc1ccc(Nc2ncc(C(C)(C)C)c(Nc3cccc(C#N)c3)n2)cn1
4475,8.069295498070172,COc1ccc(Nc2ncc(C(C)(C)C)c(Nc3cccc(C(=O)O)c3)n2)cn1
4476,8.432126206877394,COc1cc2c(Nc3ccc(Cl)c(Cl)c3)ncnc2cc1OCc1noc(C)n1
4477,8.58396267296633,COc1cc2c(Nc3ccc(Cl)c(Cl)c3)ncnc2cc1OCc1nnc(C(C)(C)C)o1
4478,8.618261612782959,COc1cc(N2CCN(C(=O)CC(C)(C)C)CC2)ccc1Nc1ncc(C(F)(F)F)c(Nc2cccc(N)c2)n1
4479,8.610001111963768,COc1cc(N2CCN(C(=O)CC(C)(C)C)CC2)ccc1Nc1ncc(C(F)(F)F)c(Oc2cccc(NC(C)=O)c2)n1
4480,8.308266993828951,COc1cc(N2CCN(C(=O)CC(C)(C)C)CC2)ccc1Nc1ncc(Cl)c(Oc2cccc(NC(C)=O)c2)n1
4481,8.29846284623279,CCC(=O)Nc1cccc(Oc2nc(Nc3ccc(N4CCN(C(=O)CC)CC4)cc3OC)ncc2Cl)c1
4482,9.064440538380618,O=C1NCCc2[nH]c(-c3ccncc3OCC3CC3)c(Nc3cccc(F)c3)c21
4483,8.829660331275791,CC(C)(C)CCOc1cnccc1-c1[nH]c2c(c1Nc1cccc(F)c1)C(=O)NC2
4484,8.96383359479838,CN(c1cc(Cl)c2ncc(C#N)c(N)c2c1)[C@H](C1=C(F)N(C2(C(F)F)CC2)NN1)c1cccc2ncccc12
4485,8.932800909295581,CN(c1cc(Cl)c2ncc(C#N)c(NCC(C)(C)C)c2c1)[C@H](C1=C(F)N(C2(C(F)F)CC2)NN1)c1ccccc1
4486,9.037679828361224,Cn1cnc2cccc([C@H](Nc3cc(C#N)c4ncc(C#N)c(NCC(F)F)c4c3)c3cn(C4(C(F)(F)F)CC4)[nH]3)c21
4487,9.032718904241372,Cn1cnc2cccc([C@H](Nc3cc(C#N)c4ncc(C#N)c(NCCO)c4c3)c3cn(C4(C(F)(F)F)CC4)[nH]3)c21
4488,8.812247457099703,Cn1cnc2cccc([C@@H](Nc3cc(C#N)c4ncc(C#N)c(NCC(C)(C)C)c4c3)C3=CNCC3)c21
4489,8.685566902870878,CC(C)(C)CNc1c(C#N)cnc2c(C#N)cc(N[C@H](C3=CNCC3)c3cccc4ncsc34)cc12
4490,8.96857947257976,CC(C)(C)CNc1c(C#N)cnc2c(C#N)cc(N[C@H](C3=CN(CCO)CC3)c3cccc4ncsc34)cc12
4491,9.467049194297074,CC(C)(C)CNc1ccnc2c(C#N)cc(N[C@H](C3=CN(C4(C(F)(F)F)CC4)NN3)c3cccc4ncsc34)cc12
4492,8.763300086943087,CC(C)(C)CNc1ccnc2c(C#N)cc(N[C@H](C3=CN(C4(C(F)(F)F)CC4)NN3)c3ccccc3)cc12
4493,8.640386142281752,CC(C)(C)CNc1c(C#N)cnc2c(C#N)cc(N[C@H](C3=CNC3)c3cccc4ncsc34)cc12
4494,8.566508592161423,N#Cc1cnc2cc(N[C@H](c3cn(C4(c5ccncc5)CC4)[nH]3)c3cccc4ncsc34)cc(C#N)c2c1
4495,9.705068876537368,CC(C)(C)CNc1ccnc2c(C#N)cc(N[C@H](C3=CN(C4(c5ccncc5)CC4)NN3)c3cccc4ncsc34)cc12
4496,9.021210955075304,CC(C)N1C=C([C@@H](Nc2cc(C#N)c3ncc(C#N)c(NCC(C)(C)C)c3c2)c2cccc3ncsc23)NC1
4497,8.878165460266063,CC(C)(C)CNc1c(C#N)cnc2c(C#N)cc(N[C@H](C3=CN(CCO)C3)c3cccc4ncsc34)cc12
4498,9.307131494802542,COc1ccc2c([C@H](Nc3cc(C#N)c4ncc(C#N)c(NCCF)c4c3)C3=CN(C4(C(F)(F)F)CC4)NN3)c[nH]c2c1
4499,8.540052093839542,CC(C)(C)CNC1=C(C#N)C=NC2=C(C#N)C=C(N[C@H](C3=CNCC3)c3ccc(C#N)cc3)c3ncccc3N21
4500,8.357216179558726,CC(C)(C)CNC1=C(C#N)C=Nc2c(C#N)cc(c3ccc(F)cc23)N[C@H](C2=CN(CCO)CC2)c2ccc(F)cc21
4501,9.203931366591293,N#Cc1cnc2cc(N[C@H](C3=CN(C4CCC4)NC3)c3ccc(F)c4ncccc34)cc(C#N)c2c1NCC1CC1
4502,9.039878185633702,CC(C)(C)CNc1c(C#N)cnc2c(C#N)cc(N[C@H](C3=CN(CCO)C3)c3ccc(F)c4ncccc34)cc12
4503,8.616907009701489,CN1C=C([C@@H](Nc2cc(C#N)c3ncc(C#N)c(NCC(C)(C)C)c3c2)c2cccc3ncccc23)C1
4504,8.928855650998829,N#Cc1cnc2c(C#N)cc(N[C@H](c3cn([C@@H]4C[C@@H]4F)[nH]3)c3cccc4ncccc34)cc2c1NCCO
4505,8.54290103694754,CC(C)(C)CNc1c(C#N)cnc2c(C#N)cc(N[C@H](C3=CNC3)c3cccc4ncccc34)cc12
4506,8.113311984057455,CC(C)(C)CNc1c(C#N)cnc2c(C#N)cc(N[C@@H](c3ccccc3)c3cn(C(C)(C)C)[nH]3)cc12
4507,8.949376120536858,CC(C)(C)CNc1c(C#N)cnc2c(C#N)cc(N[C@H](C3=CN(CCO)CC3)c3cccc4ncccc34)cc12
4508,8.661373188570895,CC(C)(C)CNc1c(C#N)cnc2c(C#N)cc(N[C@H](C3=CNCC3)c3cccc4ncccc34)cc12
4509,8.596314148073715,N#Cc1cc(N[C@H](C2=CN(C3(C#N)CC3)NN2)c2cccc3ncccc23)c2cc(C#N)cnc2c1
4510,9.149703733197772,N#Cc1cnc2c(C#N)cc(N[C@H](C3=CN(C4CCC4)NC3)c3cccc4ncccc34)cc2c1NCC1CC1
4511,9.061897872456065,N#Cc1cnc2c(C#N)cc(N[C@H](C3=CN(C4CC4)NC3)c3cccc4ncccc34)cc2c1NCC1CC1
4512,8.634961239863577,Cn1ccc2c([C@H](Nc3cc(C#N)c4ncc(C#N)c(NCC(C)(C)C)c4c3)C3=CNCC3)cccc21
4513,9.395485675524354,Cn1ccc2c([C@H](Nc3cc(C#N)c4ncc(C#N)c(NCC(F)(F)F)c4c3)C3=CN(C4(C(F)F)CC4)NN3)cccc21
4514,8.895518908895662,Cn1ccc2c([C@@H](Nc3cc(C#N)c4ncc(C#N)c(NCC(C)(C)C)c4c3)C3=CNCC3)c[nH]c21
4515,9.163385904124327,Cn1ccc2c1=CC=CN=CC=2[C@H](Nc1cc(C#N)c2ncc(C#N)c(NCC(F)(F)F)c2c1)c1cn(C2(C(F)(F)F)CC2)[nH]1
4516,8.910612805347801,Cn1ccc2c([C@H](Nc3cc(C#N)c4ncc(C#N)c(NCC(C)(C)C)c4c3)C3=CNCC3)ccnc21
4517,8.361155348219008,CC(C)(C)CNc1c(C#N)cnc2c(C#N)cc(N[C@H](C3=CNCC3)c3ccncc3)cc12
4518,9.436093124584001,Cn1ncc2c([C@H](Nc3cc(C#N)c4ncc(C#N)c(NCCF)c4c3)C3=CN(C4(C(F)(F)F)CC4)NN3)ccnc21
4519,9.355580690819803,Cn1ncc2c([C@H](Nc3cc(C#N)c4ncc(C#N)c(NCCO)c4c3)C3=CN(C4CC4)NN3)cccc21
4520,9.358048574630871,Cn1ncc2c([C@H](Nc3cc(C#N)c4ncc(C#N)c(NCC(F)F)c4c3)C3=CN(C4CC4)NN3)cccc21
4521,9.304762034262337,Cn1ncc2c([C@H](Nc3cc(C#N)c4ncc(C#N)c(NCCF)c4c3)C3=CN(Cc4c(F)cccc4F)NN3)cccc21
4522,9.143595697617263,Cn1ncc2c([C@H](Nc3cc(C#N)c4ncc(C#N)c(NCC(F)F)c4c3)C3=CN(Cc4c(F)cccc4F)NN3)cccc21
4523,9.503225585605021,CC(C)(C)CNc1ccnc2c(C#N)cc(N[C@H](C3=CN(C4(C(F)(F)F)CC4)NN3)c3cccc4[nH]ncc34)cc12
4524,8.881802990429616,CC(C)(C)CNc1ccnc2c(C#N)cc(N[C@H](C3=CN(C4(C(F)(F)F)CC4)NN3)c3ccccc3N)cc12
4525,8.625651048983407,CC(C)(C)CNc1c(C#N)cnc2c(C#N)cc(N[C@H](C3=CN(CCO)C3)c3cccc4c3CCN4)cc12
4526,8.410672043750077,CC(C)(C)CNc1c(C#N)cnc2c(C#N)cc(N[C@@H](C3=CN(C4CC4)NC3)c3ccccc3)cc12
4527,9.639511056211267,CN1Cc2cccc([C@H](Nc3cc(C#N)c4ncc(F)c(NCC(C)(C)C)c4c3)C3=CN(C4CC4)NN3)c2C1=O
4528,8.977686135600068,CN1Cc2cccc([C@H](Nc3cc(C#N)c4ncc(C#N)c(NCC(C)(C)C)c4c3)C3=CNCCN3)c2C1=O
4529,9.054912439050494,CC(C)N1C=C([C@@H](Nc2cc(C#N)c3ncc(C#N)c(NCC(C)(C)C)c3c2)c2cccc3c2C(=O)NC3)NC1
4530,9.054626477280816,CC(C)N1C=C([C@@H](Nc2cc(C#N)c3ncc(C#N)c(NCC(C)(C)C)c3c2)c2cccc3c2C(=O)NC3)CCN1
4531,9.197095495565751,Cn1ccc2c([C@H](Nc3cc(C#N)c4ncc(C#N)c(NCC(C)(C)C)c4c3)C3=CNCCN3)cccc2c1=O
4532,8.865324174184378,Cn1ccc2c([C@H](Nc3cc(C#N)c4ncc(C#N)c(NCC(C)(C)C)c4c3)C3=CNCC3)cccc2c1=O
4533,9.430744117544208,Cn1ccc2c([C@H](Nc3cc(C#N)c4ncc(C#N)c(NCCF)c4c3)C3=CN(C4(C(F)(F)F)CC4)NN3)ccnc21
4534,8.939611209656377,CC(C)(C)CNc1c(C#N)cnc2c(C#N)cc(N[C@H](C3=CNN(C4(C(F)F)CC4)C3)c3ccccc3)cc12
4535,9.667432179169541,Cn1ccc2c([C@H](Nc3cc(C#N)c4ncc(C#N)c(NCCO)c4c3)C3=CN(C4(C5CC5)CC4)NN3)cccc21
4536,9.645767111677024,Cn1ccc2c([C@H](Nc3cc(C#N)c4ncc(C#N)c(NCC(F)F)c4c3)C3=CN(C4(C5CC5)CC4)NN3)cccc21
4537,8.48272150407682,CC(C)(C)CNc1c(C#N)cnc2c(C#N)cc(N[C@H](C3=CNC3)c3cccc4cnccc34)cc12
4538,9.068736002894465,CC(C)(C)CNc1c(C#N)cnc2c(C#N)cc(N[C@H](C3=CN(CCO)CN3)c3cccc4cnccc34)cc12
4539,8.944965438969708,CC(C)(C)CNc1c(C#N)cnc2c(C#N)cc(N[C@H](C3=CN(CCO)CC3)c3cccc4cnccc34)cc12
4540,8.616535091607401,CC(C)(C)CNc1c(C#N)cnc2c(C#N)cc(N[C@H](C3=CNCC3)c3cccc4cnccc34)cc12
4541,8.817606824160995,N#Cc1cc(N[C@H](C2=CN(C3(C(F)(F)F)CC3)NN2)c2cccc3cnccc23)c2ccnc(C#N)c2c1
4542,8.802301813245055,N#Cc1cnc2c(N[C@H](C3=CN(C4(C(F)(F)F)CC4)NN3)c3cccc4cnccc34)cc(C#N)cc2c1
4543,8.680430427281586,N#Cc1cc(N[C@H](C2=CN(C3(C#N)CC3)NN2)c2cccc3cnccc23)c2cc(C#N)cnc2c1
4544,8.806863099544945,CC(C)(C)CNc1c(C#N)cnc2c(C#N)cc(N[C@H](C3=CN(CCO)C3)c3cccc4cnccc34)cc12
4545,9.043213216831012,N#Cc1cnc2c(C#N)cc(N[C@H](C3=CN(C4CC4)NC3)c3cccc4cnccc34)cc2c1NCC1CC1
4546,9.005555744398546,N#Cc1cnc2c(C#N)cc(N[C@H](C3=CN(C4CC4)NC3)c3cccc4cnccc34)cc2c1NCCO
4547,8.94376068418539,COc1nccc2c([C@H](Nc3cc(C#N)c4ncc(C#N)c(NCC(C)(C)C)c4c3)C3=CN(C)CC3)cccc12
4548,9.276846685847772,COc1nccc2c1=NC=2[C@H](Nc1cc(C#N)c2ncc(C#N)c(NCC(C)O)c2c1)c1cn(C2(C(F)(F)F)CC2)[nH]1
4549,9.231827986015404,COc1nccc2c([C@H](Nc3cc(C#N)c4ncc(C#N)c(NCC(C)O)c4c3)c3cn(C4(C(F)(F)F)CC4)[nH]3)nccc12
4550,8.905314527227812,COc1nccc2c([C@H](Nc3cc(C#N)c4ncc(C#N)c(NCC(C)(C)C)c4c3)C3=CNCC3)cccc12
4551,9.63061368850276,COc1nccc2c([C@H](Nc3cc(C#N)c4ncc(C)c(NCC(C)(C)C)c4c3)C3=CN(C4CC4)NN3)cccc12
4552,9.471560087072385,N#Cc1cc(N[C@H](C2=CN(C3(C(F)(F)F)CC3)NN2)c2cccc3ccncc23)c2ncc(C#N)c(NCCO)c2c1
4553,8.802231448022543,N#Cc1cnc2c(N[C@H](C3=CN(C4(C(F)(F)F)CC4)NN3)c3cccc4ccncc34)cc(C#N)cc2c1
4554,8.946679442217187,CC(C)(C)CNc1c(C#N)cnc2c(C#N)cc(N[C@H](C3=CN(CCO)CC3)c3cccc4ccncc34)cc12
4555,8.933944431498198,CC(C)(C)CNc1c(C#N)cnc2c(C#N)cc(N[C@H](C3=CN(C4CCCC4)CC3)c3cccc4ccncc34)cc12
4556,9.193088764316423,CC(C)(C)CNc1c(C#N)cnc2c(C#N)cc(N[C@H](C3=CN(C4CCC4)CN3)c3cccc4c3CNC4)cc12
4557,8.236146629865896,CC(C)(C)CNc1c(C#N)cnc2c(C#N)cc(N[C@H](C3=CN(CC(F)(F)F)CC3)c3ccccc3)cc12
4558,8.644481023419722,CC(C)(C)CNc1c(C#N)cnc2c(C#N)cc(N[C@H](c3ccccc3)c3cn(C4CC4)[nH]c3=O)cc12
4559,8.777027003465692,CC(C)(C)CNc1c(C#N)cnc2c(C#N)cc(N[C@H](C3=CN(CCO)C3)c3cccc4c3CNC4=O)cc12
4560,9.046125523926827,Cn1ncc2cccc([C@H](Nc3cc(C#N)c4ncc(C#N)c(NCC(F)F)c4c3)c3cn(C4(C(F)(F)F)CC4)[nH]3)c21
4561,9.353188413857648,Cn1ncc2cccc([C@H](Nc3cc(C#N)c4ncc(C#N)c(NCC(F)F)c4c3)C3=CN(C4(C(F)F)CC4)NN3)c21
4562,9.400798967728706,Cn1cc2c([C@H](Nc3cc(C#N)c4ncc(C#N)c(NCCF)c4c3)C3=CN(C4(C(F)(F)F)CC4)NN3)cccc2n1
4563,9.110881110531126,Cn1cccc1C(Nc1cc(C#N)c2ncc(C#N)c(NCC(C)(C)C)c2c1)c1cn(C2(C(F)(F)F)CC2)[nH]1
4564,8.833168578549682,N#Cc1cnc2cc(N[C@H](C3=CN(C4(C(F)(F)F)CC4)NN3)c3cccn4nccc34)cc(C#N)c2c1
4565,9.392186855657474,N#Cc1cnc2cc(N[C@H](C3=CN(C4(C(F)(F)F)CC4)NN3)c3cccn4nccc34)cc(C#N)c2c1NCCO
4566,8.818794997067487,CC(C)(C)CNc1c(C#N)cnc2c(C#N)cc(N[C@H](C3=CNCC3)c3cccn4nccc34)cc12
4567,9.03987698514073,CC(C)(C)CNc1c(C#N)cnc2c(C#N)cc(N[C@H](C3=CN(CCO)CC3)c3cccn4nccc34)cc12
4568,9.327663772195018,Cn1nccc1[C@@H](Nc1cc(C#N)c2ncc(C#N)c(NCC(C)(C)C)c2c1)c1cn(C2(C(F)(F)F)CC2)[nH]1
4569,8.531591193903886,Cn1nccc1C(Nc1cc(C#N)c2ncc(C#N)c(NCC(C)(C)C)c2c1)C1=CNCC1
4570,9.53860009054913,Cn1nccc1[C@H](Nc1cc(C#N)c2ncc(C#N)c(NCC3CC3)c2c1)C1=CN(C2(C(F)F)CC2)NN1
4571,9.402068583825073,Cn1nccc1[C@@H](Nc1cc(C#N)c2ncc(C#N)c(NCC(C)(C)C)c2c1)c1cn(C2(C(F)F)CC2)[nH]1
4572,8.54780056637479,CC(C)(C)CNc1c(C#N)cnc2c(C#N)cc(N[C@H](C3=CNC3)c3ccc4cccnc4c3)cc12
4573,8.953038202344525,CC(C)(C)CNc1c(C#N)cnc2c(C#N)cc(N[C@H](C3=CN(CCO)CC3)c3ccc4cccnc4c3)cc12
4574,8.579277137627168,CC(C)(C)CNc1c(C#N)cnc2c(C#N)cc(N[C@H](C3=CNCC3)c3ccc(C#N)nc3)cc12
4575,8.974043242537384,CC(C)(C)CNc1c(C#N)cnc2c(C#N)cc(N[C@H](C3=CN(CC(F)(F)F)CC3)c3ccc(C#N)nc3)cc12
4576,9.540147908783764,CC(C)(C)CNc1ccnc2c(C#N)cc(N[C@H](C3=CN(C4(C(F)(F)F)CC4)NN3)c3ccc4nccn4c3)cc12
4577,9.189680023938484,CC(C)(C)CNc1c(C#N)cnc2c(C#N)cc(N[C@H](C3=CN(CC(F)(F)F)CC3)c3ccc4nccn4c3)cc12
4578,8.818076872382392,CC(C)(C)CNc1c(C#N)cnc2c(C#N)cc(N[C@H](C3=CNCC3)c3csc4cnccc34)cc12
4579,8.723503582712398,CC(C)(C)CNc1c(C#N)cnc2c(C#N)cc(N[C@H](C3=CNC3)c3csc4cnccc34)cc12
4580,9.013093933012414,CC(C)(C)CNc1c(C#N)cnc2c(C#N)cc(N[C@H](C3=CN(CCO)C3)c3csc4cnccc34)cc12
4581,9.33707702977502,CC(C)(C)CNc1c(C#N)cnc2c(C#N)cc(N[C@@H](C3=CN(C4CC4)CC3)c3csc4c3CCN(C3COC3)C4)cc12
4582,9.222396602569981,CC(C)(C)CNc1c(C#N)cnc2c(C#N)cc(N[C@H](C3=CN(CCO)C3)c3csc4c3CCN(C3CC3)C4)cc12
4583,9.276988515440529,CN1C=C([C@H](Nc2cc(C#N)c3ncc(C#N)c(NCC4CC4)c3c2)c2ccc(F)nc2)NN1
4584,8.95636353816694,CN1C=C([C@H](Nc2cc(C#N)c3ncc(C#N)c(NCC(C)(C)C)c3c2)c2ccc(F)cc2)NN1
4585,8.679464473361461,CC(C)(C)CNc1c(C#N)cnc2c(C#N)cc(NC(C3=CNCC3)c3cccc4ncsc34)cc12
4586,8.697521608186433,CN1C=C(C(Nc2cc(C#N)c3ncc(C#N)c(NCC(C)(C)C)c3c2)c2cccc3ncsc23)C1
4587,9.44080962733442,N#Cc1cnc2c(Cl)cc(N[C@H](C3=CN(C4CC4)NN3)c3cccc4nc(N)sc34)cc2c1NCC1CC1
4588,8.920071052677914,CC(C)(C)CNc1c(C#N)cnc2c(Cl)cc(N[C@H](c3cn(C4CC4)[nH]3)c3cccc4nc(N)sc34)cc12
4589,8.568227601913295,CC(C)(C)CNc1c(C#N)cnc2c(Cl)cc(N[C@@H](c3ccccc3)c3cn(C4(C(N)=O)CC4)[nH]3)cc12
4590,8.506817477081693,CC(C)(C)CNc1c(C#N)cnc2c(Cl)cc(N[C@@H](c3ccccc3)c3cn(C4(C(F)(F)F)CC4)[nH]3)cc12
4591,8.501808521326819,CC(C)(C)CNc1c(C#N)cnc2c(Cl)cc(N[C@H](c3cn(C4(C(F)(F)F)CC4)[nH]3)c3ccccc3Cl)cc12
4592,9.07179418809536,CC(C)(C)CNc1c(C#N)cnc2c(Cl)cc(N[C@H](C3=CN(C4CC4)NC3)c3cccc4c3SCCN4)cc12
4593,8.992666080978411,CC(C)(C)CNc1c(C#N)cnc2c(Cl)cc(N[C@H](c3cn(C4CC4)[nH]3)c3cccc4c3SCCN4)cc12
4594,8.931462257810175,CC(C)(C)CNc1c(C#N)cnc2c(Cl)cc(N[C@H](C3=CN(C4CC4)NC3)c3cccc4c3CCN4)cc12
4595,8.357181657999078,CC(C)(C)CNc1c(C#N)cnc2c(Br)cc(N[C@H](C3=CN(C4CC4)NC3)c3ccccc3)cc12
4596,9.101356445041544,CC(C)(C)CNc1c(C#N)cnc2c(Cl)cc(N[C@H](C3=CN(C4CC4)NC3)c3cccc4c3C(=O)NC4)cc12
4597,9.622234236077436,CC(C)(C)CNc1c(C#N)cnc2c(Cl)cc(N[C@H](C3=CN(C4CC4)NN3)c3cccc4c3C(=O)NC4)cc12
4598,9.044134678510602,CC(C)N1C=C([C@@H](Nc2cc(Cl)c3ncc(C#N)c(NCC(C)(C)C)c3c2)c2ccc(F)nc2Cl)NC1
4599,8.794099204040469,CC(C)(C)CNc1c(C#N)cnc2c(Cl)cc(N[C@@H](C3=CN(C4CC4)CN3)c3ccc(F)cc3F)cc12
4600,8.801695078427027,COc1ncccc1[C@@H](Nc1cc(Cl)c2ncc(C#N)c(NCC(C)(C)C)c2c1)C1=CN(C(C)=O)CC1
4601,8.788374287265095,COc1ncccc1[C@H](Nc1cc(Cl)c2ncc(C#N)c(NCC(C)(C)C)c2c1)C1=CN(C(C)C)CC1
4602,9.233332902486806,Cn1cnc2c([C@H](Nc3cc(Cl)c4ncc(C#N)c(NCCF)c4c3)C3=CN(C4(C(F)(F)F)CC4)NN3)cccc21
4603,8.962010820478351,COc1ccnc2cccc([C@@H](Nc3cc(Cl)c4ncc(C#N)c(NCC(C)O)c4c3)c3cn(C4(C(F)(F)F)CC4)[nH]3)c12
4604,8.93668811432362,CC(C)(C)CNc1c(C#N)cnc2c(Cl)cc(N[C@H](C3=CN(CC(F)(F)F)CC3)c3cccc4nccnc34)cc12
4605,9.183897065537872,CC(C)(C)CNc1c(C#N)cnc2c(Cl)cc(N[C@H](C3=CN(C4CCC4)CN3)c3cccc4nccnc34)cc12
4606,9.22880355091876,Cn1cnc2cccc([C@H](Nc3cc(Cl)c4ncc(C#N)c(NCC(F)F)c4c3)C3=CN(C4(C(F)(F)F)CC4)NN3)c21
4607,8.703789319211712,Cn1cnc2cccc([C@@H](Nc3cc(Cl)c4ncc(C#N)c(NCC(C)(C)C)c4c3)C3=CNCC3)c21
4608,9.20594894364342,Cn1cnc2cccc([C@H](Nc3cc(Cl)c4ncc(C#N)c(NCC(F)F)c4c3)C3=CN(C4(C(F)F)CC4)NN3)c21
4609,9.660580021189961,Cn1cnc2cccc([C@@H](Nc3cc(Cl)c4ncc(C#N)c(NCC(C)(C)C)c4c3)C3=CN(C4CC4)NN3)c21
4610,8.577144148846944,CC(C)(C)CNc1c(C#N)cnc2c(Cl)cc(N[C@H](C3=CNCC3)c3cccc4ncsc34)cc12
4611,8.89422802107731,CC(C)(C)CNc1c(C#N)cnc2c(Cl)cc(N[C@H](C3=CN(CCO)CC3)c3cccc4ncsc34)cc12
4612,8.878990447338019,CC(C)(C)CNc1c(C#N)cnc2c(Cl)cc(N[C@H](C3=CN(CC(F)(F)F)CC3)c3cccc4ncsc34)cc12
4613,8.518201781913618,CC(C)(C)CNc1c(C#N)cnc2c(Cl)cc(N[C@H](C3=CNC3)c3cccc4ncsc34)cc12
4614,8.787020713618725,CN1C=C([C@@H](Nc2cc(Cl)c3ncc(C#N)c(NCC(C)(C)C)c3c2)c2cccc3ncsc23)NC1
4615,8.906609769645074,CC(C)N1C=C([C@@H](Nc2cc(Cl)c3ncc(C#N)c(NCC(C)(C)C)c3c2)c2cccc3ncsc23)NC1
4616,8.84721415644286,CC(C)(C)CNc1c(C#N)cnc2c(Cl)cc(N[C@H](C3=CN(CCO)C3)c3cccc4ncsc34)cc12
4617,8.840715032349241,Cn1[nH]c2cccc([C@H](Nc3cc(Cl)c4ncc(C#N)c(NCC(C)(C)C)c4c3)C3=CNCC3)c21
4618,8.764287570383155,CN1C=C([C@@H](Nc2cc(Cl)c3ncc(C#N)c(NCC(C)(C)C)c3c2)c2cccc3[nH]n(C)c23)CC1
4619,8.875465937196397,CC(C)N1C=C([C@@H](Nc2cc(Cl)c3ncc(C#N)c(NCC(C)(C)C)c3c2)c2cccc3scnc23)NC1
4620,8.937823355800068,CC(C)(C)CNc1c(C#N)cnc2c(Cl)cc(N[C@H](C3=CN(CCO)CN3)c3cccc4scnc34)cc12
4621,9.194852089371423,Cn1c(=O)ccc2c([C@H](Nc3cc(Cl)c4ncc(C#N)c(NCC(F)F)c4c3)c3cn(C4(C(F)(F)F)CC4)[nH]3)n[nH]c21
4622,8.997811281135553,CC(C)(C)CNc1c(C#N)cnc2c(Cl)cc(N[C@H](C3=CN(CCO)CC3)c3ccc(F)c4ncccc34)cc12
4623,8.971953074636236,CC(C)(C)CNc1c(C#N)cnc2c(Cl)cc(N[C@H](C3=CN(C4CCC4)CC3)c3ccc(F)c4ncccc34)cc12
4624,8.616979543930523,CC(C)(C)CNc1c(C#N)cnc2c(Cl)cc(N[C@H](C3=CNC3)c3ccc(F)c4ncccc34)cc12
4625,8.809022219330561,CC(C)(C)CNc1c(C#N)cnc2c(Cl)cc(N[C@H](C3=CN(CCO)C3)c3ccc(F)c4ncccc34)cc12
4626,8.929554194741312,CC(C)(C)CNc1c(C#N)cnc2c(Cl)cc(N[C@H](C3=CN(CCO)CN3)c3cccc4ncccc34)cc12
4627,8.619862113723826,CC(C)(C)CNc1c(C#N)cnc2c(Cl)cc(N[C@H](c3cn(C(N)=O)[nH]3)c3cccc4ncccc34)cc12
4628,8.434940215314402,CC(C)(C)CNc1c(C#N)cnc2c(Cl)cc(N[C@H](C3=CNC3)c3cccc4ncccc34)cc12
4629,8.672219255446281,CC(C)(C)CNc1c(C#N)cnc2c(Cl)cc(N[C@H](C3=CNCCO3)c3cccc4ncccc34)cc12
4630,8.832536126752055,CC(C)(C)CNc1c(C#N)cnc2c(Cl)cc(N[C@H](C3=CN(C(=O)CO)CN3)c3cccc4ncccc34)cc12
4631,8.741030996004703,CC(C)(C)CNc1c(C#N)cnc2c(Cl)cc(N[C@H](c3cn(C(=O)CO)[nH]3)c3cccc4ncccc34)cc12
4632,8.534894435845047,CC(C)(C)CNc1c(C#N)cnc2c(Cl)cc(N[C@H](C3=CNCC3)c3cccc4ncccc34)cc12
4633,8.8374108837051,CC(C)(C)CNc1c(C#N)cnc2c(Cl)cc(N[C@H](C3=CN(CCO)CC3)c3cccc4ncccc34)cc12
4634,8.727080131456999,CC(C)(C)CNc1c(C#N)cnc2c(Cl)cc(N[C@H](C3=CN(CCO)C3)c3cccc4ncccc34)cc12
4635,8.524495459581845,Cn1ccc2c([C@H](Nc3cc(Cl)c4ncc(C#N)c(NCC(C)(C)C)c4c3)C3=CNCC3)cccc21
4636,9.288532895318763,Cn1ccc2c([C@H](Nc3cc(Cl)c4ncc(C#N)c(NCCF)c4c3)C3=CN(C4(C(F)F)CC4)NN3)cccc21
4637,8.797734334262584,Cn1ccc2c([C@H](Nc3cc(Cl)c4ncc(C#N)c(NCC(C)(C)C)c4c3)C3=CNCC3)ccnc21
4638,9.315871253543866,Cn1ccc2c([C@H](Nc3cc(Cl)c4ncc(C#N)c(NCCF)c4c3)C3=CN(C4(C(F)(F)F)CC4)NN3)ccnc21
4639,9.342855288950302,Cn1ccc2c([C@H](Nc3cc(Cl)c4ncc(C#N)c(NCCF)c4c3)C3=CN(C4(C(F)F)CC4)NN3)ccnc21
4640,9.032589514933816,Cn1ccc2c([C@H](Nc3cc(Cl)c4ncc(C#N)c(NCC(C)(C)C)c4c3)C3=CNCCN3)ccnc21
4641,9.014514370106568,CC(C)(C)CNc1c(C#N)cnc2c(Cl)cc(N[C@H](C3=CN(CCO)CC3)c3ccc(F)c4cnccc34)cc12
4642,8.970302401676012,CC(C)(C)CNc1c(C#N)cnc2c(Cl)cc(N[C@H](C3=CN(C4CCC4)CC3)c3ccc(F)c4cnccc34)cc12
4643,8.485806434627827,CC(C)(C)CNc1c(C#N)cnc2c(Cl)cc(N[C@H](C3=CNC3)c3cccc4[nH]ccc34)cc12
4644,8.777399686599727,CC(C)(C)CNc1c(C#N)cnc2c(Cl)cc(N[C@H](C3=CN(CCO)C3)c3cccc4[nH]ccc34)cc12
4645,9.287719069286325,Cn1ncc2c([C@H](Nc3cc(Cl)c4ncc(C#N)c(NCCF)c4c3)C3=CN(C4(C(F)(F)F)CC4)NN3)cccc21
4646,9.333385935098578,Cn1ncc2c([C@H](Nc3cc(Cl)c4ncc(C#N)c(NCCF)c4c3)C3=CN(C4(C(F)F)CC4)NN3)cccc21
4647,8.701969049631495,Cn1ncc2c([C@H](Nc3cc(Cl)c4ncc(C#N)c(NCC(C)(C)C)c4c3)C3=CNCC3)cccc21
4648,9.374289737809645,Cn1ncc2c([C@H](Nc3cc(Cl)c4ncc(C#N)c(NCCF)c4c3)C3=CN(C4CC4)NN3)cccc21
4649,9.283767838436015,Cn1ncc2c([C@H](Nc3cc(Cl)c4ncc(C#N)c(NCC(F)F)c4c3)C3=CN(C4CC4)NN3)cccc21
4650,9.530136120612577,Cn1ncc2c([C@H](Nc3cc(Cl)c4ncc(C#N)c(NCC(C)(C)C)c4c3)C3=CN(Cc4cccnc4)NN3)cccc21
4651,9.077978338858774,Cn1ncc2c([C@H](Nc3cc(Cl)c4ncc(C#N)c(NCC(C)(C)C)c4c3)C3=CN(Cc4c(F)cccc4F)NC3)cccc21
4652,8.763240500329145,CC(C)(C)CNc1c(C#N)cnc2c(Cl)cc(N[C@H](C3=CNCC3)c3cccc4[nH]ncc34)cc12
4653,8.904063710821314,CC(C)(C)CNc1c(C#N)cnc2c(Cl)cc(N[C@H](C3=CN(CCO)CC3)c3cccc4[nH]ncc34)cc12
4654,8.946789179866252,CC(C)N1C=C([C@@H](Nc2cc(Cl)c3ncc(C#N)c(NCC(C)(C)C)c3c2)c2cn[nH]c2)NC1
4655,9.001711726358874,CC(C)N1C=C([C@@H](Nc2cc(Cl)c3ncc(C#N)c(NCC(C)(C)C)c3c2)c2cccc3[nH]ncc23)NC1
4656,8.862694040476276,COc1cc([C@H](Nc2cc(Cl)c3ncc(C#N)c(NCC(C)(C)C)c3c2)C2=CN(CCO)CC2)ccn1
4657,8.643628565863919,CN1Cc2cccc([C@H](Nc3cc(Cl)c4ncc(C#N)c(NCC(C)(C)C)c4c3)C3=CNCC3)c2C1=O
4658,9.3061369355515,CN1C=C([C@@H](Nc2cc(Cl)c3ncc(C#N)c(NCC4CC4)c3c2)c2cccc3c(=O)n(C)ccc23)NN1
4659,9.055422903959968,Cn1ccc2c([C@@H](Nc3cc(Cl)c4ncc(C#N)c(NCC(C)(C)C)c4c3)C3=CNNC3)cccc2c1=O
4660,9.070531392261108,Cn1ccc2c([C@H](Nc3cc(Cl)c4ncc(C#N)c(NCC(C)(C)C)c4c3)C3=CNCCN3)cccc2c1=O
4661,9.014650171145485,Cn1ccc2c([C@H](Nc3cc(Cl)c4ncc(C#N)c(NCC(C)(C)C)c4c3)C3=CN(CCF)CN3)cccc2c1=O
4662,9.243617390906577,Cn1ccc2c([C@H](Nc3cc(Cl)c4ncc(C#N)c(NCCF)c4c3)C3=CN(C4(C(F)(F)F)CC4)NN3)cccc21
4663,9.468535270172284,Cn1ccc2c([C@H](Nc3cc(Cl)c4ncc(C#N)c(NCC(F)F)c4c3)C3=CN(C4(C5CC5)CC4)NN3)cccc21
4664,9.304803055114034,COc1cccc([C@H](Nc2cc(Cl)c3ncc(C#N)c(NCC(C)(C)C)c3c2)C2=CN(C3(C4CC4)CC3)NN2)c1
4665,8.709889550514445,Cn1ccc2c([C@H](Nc3cc(Cl)c4ncc(C#N)c(NCC(C)(C)C)c4c3)C3=CNCC3)cccc2c1=O
4666,8.74163424037238,Cn1ccc2c([C@H](Nc3cc(Cl)c4ncc(C#N)c(NCC(C)(C)C)c4c3)C3=CN(CCF)CC3)cccc2c1=O
4667,9.338753621522347,Cn1ccc2c([C@H](Nc3cc(Cl)c4ncc(C#N)c(NCC(F)F)c4c3)C3=CN(C4CC4)NN3)cccc2c1=O
4668,9.37717020112326,CNc1c(C#N)cnc2c(Cl)cc(N[C@H](C3=CN(C4CCC4)NN3)c3cccc4c(=O)n(C)ccc34)cc12
4669,8.36399439355078,CC(C)(C)CNc1c(C#N)cnc2c(Cl)cc(N[C@H](C3=CNC3)c3cccc4cnccc34)cc12
4670,8.606875249601215,CC(C)(C)CNc1c(C#N)cnc2c(Cl)cc(N[C@H](C3=CNCCO3)c3cccc4cnccc34)cc12
4671,8.84957398435378,CC(C)(C)CNc1c(C#N)cnc2c(Cl)cc(N[C@H](C3=CN(C(=O)CO)CN3)c3cccc4cnccc34)cc12
4672,8.822634105211417,CC(C)(C)CNc1c(C#N)cnc2c(Cl)cc(N[C@H](C3=CN(CCO)CC3)c3cccc4cnccc34)cc12
4673,8.77283213870263,CC(C)(C)CNc1c(C#N)cnc2c(Cl)cc(N[C@H](C3=CN(C4CCC4)CC3)c3cccc4cnccc34)cc12
4674,8.491603307850122,CC(C)(C)CNc1c(C#N)cnc2c(Cl)cc(N[C@H](C3=CNCC3)c3cccc4cnccc34)cc12
4675,8.709598363576088,CC(C)(C)CNc1c(C#N)cnc2c(Cl)cc(N[C@H](C3=CN(CCO)C3)c3cccc4cnccc34)cc12
4676,8.643673171860348,CC(C)(C)CNc1c(C#N)cnc2c(Cl)cc(N[C@H](c3cn(C(N)=O)[nH]3)c3cccc4cnccc34)cc12
4677,8.78608242619193,COc1nccc2c([C@H](Nc3cc(Cl)c4ncc(C#N)c(NCC(C)(C)C)c4c3)C3=CNCC3)cccc12
4678,9.476317771331464,COc1nccc2c([C@H](Nc3cc(Cl)c4ncc(C#N)c(NCC(C)O)c4c3)C3=CN(C4(C5CC5)CC4)NN3)cccc12
4679,9.33260517736877,COc1nccc2c([C@H](Nc3cc(Cl)c4ncc(C#N)c(NCC(C)O)c4c3)C3=CN(C4CC4)NN3)cccc12
4680,8.750039333373143,CC(C)(C)CNc1c(C#N)cnc2c(Cl)cc(N[C@H](C3=CN(CC(F)(F)F)CC3)c3cccc4ccncc34)cc12
4681,9.071166213457316,CC(C)(C)CNc1c(C#N)cnc2c(Cl)cc(N[C@H](C3=CN(C4CCC4)CN3)c3cccc4ccncc34)cc12
4682,8.490472047921466,CC(C)(C)CNc1c(C#N)cnc2c(Cl)cc(N[C@H](C3=CNCC3)c3cccc4ccncc34)cc12
4683,8.823903224856197,CC(C)(C)CNc1c(C#N)cnc2c(Cl)cc(N[C@H](C3=CN(CCO)CC3)c3cccc4ccncc34)cc12
4684,8.364116919763664,CC(C)(C)CNc1c(C#N)cnc2c(Cl)cc(N[C@H](C3=CNC3)c3cccc4ccncc34)cc12
4685,8.648868000561565,CC(C)(C)CNc1c(C#N)cnc2c(Cl)cc(N[C@H](c3cn(C(N)=O)[nH]3)c3cccc4ccncc34)cc12
4686,8.999547739418107,CC(C)(C)CNc1c(C#N)cnc2c(Cl)cc(N[C@H](C3=CN(CCO)NC3)c3cccc4ccncc34)cc12
4687,9.28932490552305,CC(C)(C)CNc1c(C#N)cnc2c(Cl)cc(N[C@@H](c3cccc4c3CN(C3COC3)C4)c3cn(C4CC4)[nH]c3=O)cc12
4688,8.964293896356422,CC(C)(C)CNc1c(C#N)cnc2c(Cl)cc(N[C@@H](C3=CN(C4CC4)NC3)c3cccc4c3CNC4)cc12
4689,8.746867683577449,CC(C)(C)CNc1c(C#N)cnc2c(Cl)cc(N[C@H](C3=CN(CCO)CC3)c3cccc4c3CNC4)cc12
4690,9.040728410219785,CC(C)(C)CNc1c(C#N)cnc2c(Cl)cc(N[C@H](C3=CN(C4CCC4)CN3)c3cccc4c3CNC4)cc12
4691,8.359444092590847,CC(C)(C)CNc1c(C#N)cnc2c(Cl)cc(N[C@H](C3=CN(C4CC4)NC3)c3ccccc3)cc12
4692,8.851000191834967,CC(C)N1C=C([C@@H](Nc2cc(Cl)c3ncc(C#N)c(NCC(C)(C)C)c3c2)c2cccc3c2CNC3)NC1
4693,8.696859853061616,Cn1ncc2cccc([C@@H](Nc3cc(Cl)c4ncc(C#N)c(NCC(C)(C)C)c4c3)C3=CNCC3)c21
4694,8.84549284898188,CC(C)(C)CNc1c(C#N)cnc2c(Cl)cc(N[C@H](C3=CN(CCO)CN3)c3cccc4cccnc34)cc12
4695,8.764806312904659,CC(C)(C)CNc1c(C#N)cnc2c(Cl)cc(N[C@H](c3cn(CCO)[nH]3)c3cccc4cccnc34)cc12
4696,9.024184346204951,CC(C)(C)CNc1c(C#N)cnc2c(Cl)cc(N[C@H](C3=CN(CCO)CC3)c3cccc4c3NNC4)cc12
4697,9.24942174305412,CC(C)(C)CNc1c(C#N)cnc2c(Cl)cc(N[C@H](C3=CN(C4CCC4)CN3)c3cccc4c3NNC4)cc12
4698,8.719447998712628,Cn1cc2c([C@H](Nc3cc(Cl)c4ncc(C#N)c(NCC(C)(C)C)c4c3)C3=CNCC3)cccc2n1
4699,9.28041893461778,Cn1cc2c([C@H](Nc3cc(Cl)c4ncc(C#N)c(NCC(F)F)c4c3)C3=CN(C4CC4)NN3)cccc2n1
4700,9.84048902249295,CC(C)(C)CNc1c(C#N)cnc2c(Cl)cc(N[C@H](C3=CN(C4CC4)NN3)c3cccc4ncccc34)cc12
4701,9.336514819540035,Cn1cccc([C@H](Nc2cc(Cl)c3ncc(C#N)c(NCC(F)F)c3c2)C2=CN(C3(C(F)(F)F)CC3)NN2)c1=O
4702,8.738747276592704,CC(C)(C)CNc1c(C#N)cnc2c(Cl)cc(N[C@H](C3=CNCC3)c3cccn4nccc34)cc12
4703,8.8920638300988,CC(C)(C)CNc1c(C#N)cnc2c(Cl)cc(N[C@H](C3=CN(CC(F)(F)F)CC3)c3cccn4nccc34)cc12
4704,8.935817189822759,CC(C)(C)CNc1c(C#N)cnc2c(Cl)cc(N[C@H](C3=CN(CCO)CC3)c3cccn4nccc34)cc12
4705,8.822477890571028,CC(C)(C)CNc1ccnc2c(Cl)cc(N[C@H](C3=CN(C4CC4)NN3)C3=CC=CN4NCC=C34)cc12
4706,9.370216267454076,CC(C)(C)CNc1c(C#N)cnc2c(Cl)cc(N[C@H](C3=CN(C(C)(C)C)NN3)C3=CC=CN4NCC=C34)cc12
4707,8.745680397292348,CC(C)(C)CNc1c(C#N)cnc2c(Cl)cc(N[C@H](C3=CNCC3)c3cccn4cncc34)cc12
4708,8.924947377860349,CC(C)(C)CNc1c(C#N)cnc2c(Cl)cc(N[C@H](C3=CN(CC(F)(F)F)CC3)c3cccn4cncc34)cc12
4709,8.985406156789969,N#Cc1cnc2c(Cl)cc(N[C@H](C3=CN(C4CC4)NC3)c3cccn4cncc34)cc2c1NCC1CC1
4710,8.949283304877548,CC(C)(C)CNc1c(C#N)cnc2c(Cl)cc(N[C@H](c3cn(C(C)(C)C)[nH]3)c3cccn4cncc34)cc12
4711,9.429974456372308,Cn1nccc1C(Nc1cc(Cl)c2ncc(C#N)c(NCC3CC3)c2c1)C1=CN(C2(C(F)(F)F)CC2)NN1
4712,9.308638360265958,Cn1nccc1[C@@H](Nc1cc(Cl)c2ncc(C#N)c(NCC(F)(F)F)c2c1)C1=CN(C2(C(F)(F)F)CC2)NN1
4713,9.499659757781531,Cn1nccc1[C@H](Nc1cc(Cl)c2ncc(C#N)c(NCC3CC3)c2c1)C1=CN(C2(C(F)F)CC2)NN1
4714,9.191106520329955,Cn1nccc1[C@@H](Nc1cc(Cl)c2ncc(C#N)c(NCC(F)F)c2c1)C1=CN(C2(C(F)F)CC2)NN1
4715,8.832286571469773,CC(C)(C)CNc1c(C#N)cnc2c(Cl)cc(N[C@H](C3=CN(CCO)CC3)c3ccc4cccnc4c3)cc12
4716,8.654618643213976,CC(C)(C)CNc1c(C#N)cnc2c(Cl)cc(N[C@H](C3=CN(CC(F)(F)F)CC3)c3cccnc3)cc12
4717,8.540049175424338,CC(C)(C)CNc1c(C#N)cnc2c(Cl)cc(N[C@H](C3=CNCC3)c3ccc4cccnc4c3)cc12
4718,8.520025051994347,CC(C)(C)CNc1c(C#N)cnc2c(Cl)cc(N[C@H](C3=CNCC3)c3cnc4ccccc4c3)cc12
4719,8.735224065134739,CC(C)(C)CNc1c(C#N)cnc2c(Cl)cc(N[C@H](C3=CN(CC(F)(F)F)CC3)c3cnc4ccccc4c3)cc12
4720,8.337449980520661,CC(C)(C)CNc1c(C#N)cnc2c(Cl)cc(N[C@H](C3=CNCC3)c3ccc(Cl)nc3)cc12
4721,8.739509603359869,CC(C)(C)CNc1c(C#N)cnc2c(Cl)cc(N[C@H](C3=CN(CCO)CC3)c3ccc(Cl)nc3)cc12
4722,8.854692684421162,COc1ccc([C@H](Nc2cc(Cl)c3ncc(C#N)c(NCC(C)(C)C)c3c2)C2=CN(CCO)CC2)cn1
4723,8.328594379275373,CC(C)(C)CNc1c(C#N)cnc2c(Cl)cc(N[C@H](C3=CNCC3)c3cccnc3)cc12
4724,9.141485684885225,N#Cc1cnc2c(Cl)cc(N[C@H](C3=CN(C4COC4)NN3)c3cccnc3)cc2c1NCC1CC1
4725,8.900338607505278,N#Cc1cnc2c(Cl)cc(N[C@H](C3=CN(C4COC4)NN3)c3cccnc3)cc2c1NCc1ccccc1
4726,8.677710170661365,CC(C)(C)CNc1c(C#N)cnc2c(Cl)cc(N[C@H](C3=CNNC3)c3cccnc3)cc12
4727,8.256181621116871,N#Cc1cnc2c(Cl)cc(N[C@@H](c3cccnc3)c3c[nH][nH]3)cc2c1NCc1ccccc1
4728,8.483779929056896,CC(C)(C)CNc1c(C#N)cnc2c(Cl)cc(N[C@H](C3=CNCC3)c3cncc4ccccc34)cc12
4729,8.812782673922722,CC(C)(C)CNc1c(C#N)cnc2c(Cl)cc(N[C@H](C3=CN(CCO)CC3)c3cncc4ccccc34)cc12
4730,8.729756499590776,CC(C)(C)CNc1c(C#N)cnc2c(Cl)cc(N[C@H](C3=CNCC3)c3ccc4nccn4c3)cc12
4731,8.958661943068941,CC(C)(C)CNc1c(C#N)cnc2c(Cl)cc(N[C@H](C3=CN(CC(F)(F)F)CC3)c3ccc4nccn4c3)cc12
4732,8.361936001233374,CC(C)(C)CNc1c(C#N)cnc2c(Cl)cc(N[C@@H](C3=CNCC3)c3cccnc3Cl)cc12
4733,8.782163137749752,CC(C)(C)CNc1c(C#N)cnc2c(Cl)cc(N[C@@H](C3=CN(CCO)CC3)c3cccnc3Cl)cc12
4734,8.576222317961141,CC(C)(C)CNc1c(C#N)cnc2c(Cl)cc(N[C@@H](C3=CNCC3)c3cccnc3F)cc12
4735,8.930365434554645,CC(C)(C)CNc1c(C#N)cnc2c(Cl)cc(N[C@@H](C3=CN(CCO)CC3)c3cccnc3F)cc12
4736,8.904289973132576,CC(C)(C)CNc1c(C#N)cnc2c(Cl)cc(N[C@H](C3=CN(C4CC4)C3)c3cccnc3F)cc12
4737,9.119206641241547,CC(C)(C)CNc1c(C#N)cnc2c(Cl)cc(N[C@H](C3=CN(C4CC4)CN3)c3cccnc3F)cc12
4738,8.810797759871464,CC(C)(C)CNc1c(C#N)cnc2c(Cl)cc(N[C@H](C3=CNCC3)c3cnn4ncccc34)cc12
4739,8.961709177395623,CC(C)(C)CNc1c(C#N)cnc2c(Cl)cc(N[C@H](C3=CN(CCO)CC3)c3cnn4ncccc34)cc12
4740,8.639098890167617,CC(C)(C)CNc1c(C#N)cnc2c(Cl)cc(N[C@H](C3=CNC3)c3csc4cnccc34)cc12
4741,8.750384963915227,CC(C)(C)CNc1c(C#N)cnc2c(Cl)cc(N[C@H](C3=CNCC3)c3csc4cnccc34)cc12
4742,8.677159454229415,CC(C)(C)CNc1c(C#N)cnc2c(Cl)cc(N[C@H](C3=CNC3)c3cncc4cnccc34)cc12
4743,8.998921211251286,CC(C)(C)CNc1c(C#N)cnc2c(Cl)cc(N[C@H](C3=CN(C(=O)CO)CC3)c3cncc4cnccc34)cc12
4744,8.97137298142493,CC(C)(C)CNc1c(C#N)cnc2c(Cl)cc(N[C@H](C3=CN(C(=O)CO)C3)c3csc4cnccc34)cc12
4745,9.114035923074127,CC(C)(C)CNc1c(C#N)cnc2c(Cl)cc(N[C@@H](C3=CN(CCO)CN3)c3ccc(F)nc3)cc12
4746,8.530821996658664,CC(C)(C)CNc1c(C#N)cnc2c(Cl)cc(N[C@H](c3cccnc3)c3cn(C(C)(C)C)[nH]3)cc12
4747,8.933979591446306,CC(C)(C)CNc1c(C#N)cnc2c(Cl)cc(N[C@@H](C3=CN(CCO)CC3)c3ccc(F)nc3)cc12
4748,9.165040462824622,CC(C)(C)CNc1c(C#N)cnc2c(Cl)cc(N[C@@H](C3=CN(C4CCOCC4)CC3)c3ccc(F)nc3)cc12
4749,8.583276525562,CC(C)(C)CNc1c(C#N)cnc2c(Cl)cc(N[C@@H](C3=CN(CC(=O)O)CN3)c3ccc(F)cc3)cc12
4750,9.639567558303442,CC(C)(C)CNc1c(C#N)cnc2c(Cl)cc(N[C@H](C3=CN(C4CC4)NN3)c3ccc(F)cn3)cc12
4751,8.914123555697667,CC(C)(C)CNc1c(C#N)cnc2c(Cl)cc(N[C@H](C3=CNN(C4CC4)N3)c3ccc(F)cc3)cc12
4752,8.81355772947798,CC(C)(C)CNc1c(C#N)cnc2c(Cl)cc(N[C@H](C3=NN(C4CC4)C3)c3cccnc3)cc12
4753,8.813785415932545,CC(C)(C)CNc1c(C#N)cnc2c(Cl)cc(N[C@H](C3=NN(C4CC4)C3)c3ccccn3)cc12
4754,9.54376440817569,Cc1ccc(C(Nc2cc(Cl)c3ncc(C#N)c(NCC(C)(C)C)c3c2)C2=CN(C3CC3)NN2)cn1
4755,9.05673493729519,CC(C)(C)CNc1c(C#N)cnc2c(Cl)cc(NC(C3=CN(CCO)CC3)c3ccc(F)nc3F)cc12
4756,9.76051339960551,CC(C)N1CCc2c(NC(C3=CN(C4CC4)NN3)c3cc(Cl)c4ncc(C#N)c(NCC(C)(C)C)c4c3)csc2C1
4757,9.203097176300297,CC(C)(C)CNc1c(C#N)cnc2c(Cl)cc(NC(c3cn(C(C)(C)C)[nH]3)c3csc4c3CCN(CCO)C4)cc12
4758,8.597199217226922,CC(C)(C)CNc1c(C#N)cnc2c(F)cc(N[C@H](C3=CNC3)c3cccc4ncsc34)cc12
4759,8.954408843398106,CC(C)(C)CNc1c(C#N)cnc2c(F)cc(N[C@H](C3=CN(CC(F)(F)F)CC3)c3cccc4ncsc34)cc12
4760,9.021872860060297,CC(C)(C)CNc1c(C#N)cnc2c(F)cc(N[C@H](C3=CN(CCO)CC3)c3cccc4ncsc34)cc12
4761,8.66155135996104,CC(C)(C)CNc1c(C#N)cnc2c(F)cc(N[C@H](C3=CNCC3)c3cccc4ncsc34)cc12
4762,8.951154398358492,COc1cc(N[C@@H](C2=CN(C(C)C)NN2)c2ccc(F)cc2)cc2c(NCC(C)(C)C)c(C#N)cnc12
4763,9.39682965063416,COc1cc(N[C@@H](C2=CN(C(C)C)NN2)c2ccc(F)cn2)cc2c(NCC(C)(C)C)c(C#N)cnc12
4764,9.020363972151646,CC(C)(C)CNc1ncnc2c(C#N)cc(N[C@H](c3cn(CC(F)(F)F)nn3)c3cccc4ncsc34)cc12
4765,9.009263677549898,Cn1ccc2c([C@H](Nc3cc(C#N)c4ncnc(NCC5CC5)c4c3)c3cn(C4(C(F)F)CC4)nn3)cccc2c1=O
4766,9.057427964955599,Cn1ccc2c([C@H](Nc3cc(C#N)c4ncnc(NCC(C)(C)C)c4c3)c3cn(CCF)nn3)cccc2c1=O
4767,8.647281315449396,N#Cc1cc(NC(c2ccc(F)cc2)c2cn(C3CC3)nn2)cc2c(NC3CC3)ncnc12
4768,8.763650298430575,N#Cc1cc(NC(c2ccc(F)cc2)c2cn(C3CC3)nn2)cc2c(NCCO)ncnc12
4769,8.836458229563764,CC(C)(C)CNc1ncnc2c(C#N)cc(NC(c3cn(CCO)nn3)c3ccccc3Cl)cc12
4770,8.716604114860766,N#Cc1cc(NC(c2cn(C3(C#N)CC3)nn2)c2ccccc2Cl)cc2c(NC3CC3)ncnc12
4771,8.639796302798768,CC(C)Nc1ncnc2c(C#N)cc(NC(c3cn(C4CC4)nn3)c3ccccc3Cl)cc12
4772,8.771507334563887,N#Cc1cc(NC(c2cn(C3CC3)nn2)c2ccccc2Cl)cc2c(NCCN3CCOCC3)ncnc12
4773,8.780457300426264,CC(C)Nc1ncnc2ccc(N[C@@H](c3ccc(F)cc3)c3cn(C4CC4)nn3)cc12
4774,8.785207309916942,Fc1ccc([C@H](Nc2ccc3ncnc(NCC4CC4)c3c2)c2cn(C3CC3)nn2)cc1
4775,8.744783346436694,CC(C)Nc1ncnc2ccc(N[C@H](c3cn(C4CC4)nn3)c3ccccc3Cl)cc12
4776,8.236857221160992,Nc1ncnc2ccc(N[C@H](c3cn(C4CC4)nn3)c3ccccc3Cl)cc12
4777,8.790110235943573,CC(C)Nc1ncnc2ccc(NC(c3ccc(F)cc3)c3cn(C4CC4)nn3)cc12
4778,8.793622116211587,Fc1ccc(C(Nc2ccc3ncnc(NCC4CC4)c3c2)c2cn(C3CC3)nn2)cc1
4779,8.713417127302886,N#Cc1cccc(C(Nc2ccc3ncnc(NCC4CC4)c3c2)c2cn(C3CC3)nn2)c1
4780,8.781360355987307,CC(C)(C)CNc1ncnc2ccc(NC(c3cccc(C#N)c3)c3cn(CCO)nn3)cc12
4781,9.272177337414139,CC(C)(C)CNc1ncnc2c(Cl)cc(N[C@H](c3cn(C4(C(F)(F)F)CC4)nn3)c3cccc4ncsc34)cc12
4782,8.919857099138712,CC(C)(C)Nc1ncnc2c(Cl)cc(N[C@H](c3cn(C4(C(F)(F)F)CC4)nn3)c3cccc4ncsc34)cc12
4783,9.013993851682487,CC(C)Nc1ncnc2c(Br)cc(NC(c3ccc(F)cc3)c3cn(C4CC4)nn3)cc12
4784,9.186118851569153,CC(C)(C)CNc1ncnc2c(Cl)cc(NC(c3ccc(F)cc3)c3cn(C4CC4)nn3)cc12
4785,8.988376932203602,Cn1cc([C@@H](Nc2cc(Cl)c3ncnc(NCC(C)(C)C)c3c2)c2cccc3c(=O)n(C)ccc23)nn1
4786,9.03698534906742,Cn1ccc2c([C@H](Nc3cc(Cl)c4ncnc(NCC(C)(C)C)c4c3)c3cn(CCO)nn3)cccc2c1=O
4787,9.171483585412691,Cn1ccc2c([C@H](Nc3cc(Cl)c4ncnc(NCC5CC5)c4c3)c3cn(C45CC(C4)C5)nn3)cccc2c1=O
4788,8.996562915114703,Cn1ccc2c([C@H](Nc3cc(Cl)c4ncnc(NCC(F)F)c4c3)c3cn(C45CC(C4)C5)nn3)cccc2c1=O
4789,8.832877836805565,CC(C)Nc1ncnc2c(Cl)cc(NC(c3ccc(F)cc3)c3cn(C4(C(F)(F)F)CC4)nn3)cc12
4790,8.866127046963907,CC(C)(C)Nc1ncnc2c(Cl)cc(NC(c3ccc(F)cc3)c3cn(C4(C(F)(F)F)CC4)nn3)cc12
4791,9.036596726021015,CC(C)Nc1ncnc2c(Cl)cc(NC(c3ccc(F)cc3)c3cn(C4(CF)CC4)nn3)cc12
4792,9.072151791236315,CC(C)(C)CNc1ncnc2c(Cl)cc(NC(c3ccc(F)cc3)c3cn(CCO)nn3)cc12
4793,8.782422286840768,CC(C)Nc1ncnc2c(Cl)cc(NC(c3cn(C4CC4)nn3)c3ccccc3Cl)cc12
4794,8.665585546780912,Clc1ccccc1C(Nc1cc(Cl)c2ncnc(NC3CC3)c2c1)c1cn(C2CC2)nn1
4795,8.7818325756928,CC(C)Nc1ncnc2c(Cl)cc(NC(c3cn(CC(=O)O)nn3)c3ccccc3Cl)cc12
4796,8.937676396754464,CC(C)(C)CNc1ncnc2c(Cl)cc(NC(c3cn(CCC(=O)O)nn3)c3ccccc3Cl)cc12
4797,8.61445103892375,CN(C/C=C/C(=O)N1CCc2c(sc3ncnc(Nc4cccc(O)c4)c23)C1)C(C)(C)C
4798,8.811033741614393,CN(C/C=C/C(=O)N1CCc2c(sc3ncnc(Nc4ccc(F)c(F)c4)c23)C1)C(C)(C)C
4799,7.575600568095662,CC(C)n1cc(-c2cncc3ccccc23)c2c(N)ncnc21
4800,7.654458409796617,CC(C)(C)n1cc(-c2cccc3ccccc23)c2c(N)ncnc21
4801,9.540841154474082,CC(C)N1C=C([C@@H](Nc2cc(Cl)c3ncc(C#N)c(Nc4cnc(F)c(F)c4)c3c2)c2cccnc2)NN1
4802,8.871439431330268,N#Cc1cnc2c(Cl)cc(N[C@H](C3=CCNC3)c3cccnc3)cc2c1Nc1cnc(F)c(F)c1
4803,9.113600949836469,CC(C)(C)N1C=C([C@@H](Nc2cc(Cl)c3nccc(Nc4ccc(F)c(Cl)c4)c3c2)c2cocn2)NN1
4804,9.184536871480006,CC(C)(C)N1C=C([C@@H](Nc2cc(Cl)c3ncc(C#N)c(Nc4cccc(Cl)c4)c3c2)c2cocn2)NN1
4805,9.471850178799638,CC(C)N1C=C([C@@H](Nc2cc(Cl)c3ncc(C#N)c(Nc4ccc(F)c(Cl)c4)c3c2)c2cscn2)NN1
4806,8.694226876121304,N#Cc1cnc2c(Cl)cc(N[C@@H](C3=CCNCC3)c3cscn3)cc2c1Nc1ccc(F)c(Cl)c1
4807,8.386359901855169,COc1nn(C)cc1Nc1nc(N2CC[C@@H](NC(C)=O)[C@H](F)C2)nc2c1ncn2C(C)(C)C
4808,8.572781924217455,COc1nn(C)cc1Nc1nc(N2C[C@@H](F)[C@H](NC(=O)C3CCC3)C2)nc2c1ncn2C(C)(C)C
4809,6.714714221379337,COc1cc(-c2nn(C(C)(C)C)c3ncnc(N)c23)cc(OC)c1OC
4810,6.640564990655409,COc1ccc(-c2nn(C(C)(C)C)c3ncnc(N)c23)cc1F
4811,7.241236495211524,CC(C)(C)n1nc(-c2cccc(Cl)c2)c2c(N)ncnc21
4812,6.956953907592031,CC(C)(C)n1nc(-c2ccc(C(F)(F)F)cc2)c2c(N)ncnc21
4813,8.405673055829045,CN(C)CCOC(=O)c1ccc(C(=O)Nc2ncnc3c2c(-c2ccc(Cl)cc2)nn3C(C)(C)C)nc1
4814,8.174057093200219,CC(C)(C)n1nc(-c2ccc(Cl)cc2)c2c(NC(=O)c3ccc(C(=O)NCCO)cn3)ncnc21
4815,7.856089455154399,CC(C)(C)n1nc(-c2ccc(CNC(=O)c3ccccc3F)cc2)c2c(N)ncnc21
4816,7.764833610278123,CC(C)(C)n1nc(-c2ccc(CNC(=O)c3ccccc3)cc2)c2c(N)ncnc21
4817,7.6436365790975564,CC(C)(C)n1nc(-c2ccc(CNC(=O)Nc3ccccc3)cc2)c2c(N)ncnc21
4818,8.842151766444308,CC(=O)N1CCC(n2cc([C@@H](Nc3ccc4ncnc(Nc5ccc(F)c(Cl)c5)c4c3)c3ccc(Cl)cc3)nn2)CC1
4819,8.81264481827174,CC(=O)N1CCC(n2cc([C@@H](Nc3ccc4ncnc(Nc5ccc(F)c(Cl)c5)c4c3)c3ccc(F)cc3)nn2)CC1
4820,9.165836590737962,CN1CCC(n2cc([C@@H](Nc3cc(Cl)c4ncc(C#N)c(NC5CCCCC5)c4c3)c3cccnc3)nn2)CC1
4821,8.689224421345797,N#Cc1cnc2c(Cl)cc(N[C@@H](c3cccnc3)c3cnn(C4CCCCC4)c3)cc2c1NC1CCCCC1
4822,8.80618588063892,N#Cc1cnc2c(Cl)cc(N[C@@H](C3=CN(CCO)C3)c3ccc(Cl)nc3Cl)cc2c1Nc1ccc(F)c(Cl)c1
4823,8.766490671914235,N#Cc1cnc2c(Cl)cc(N[C@@H](C3=CN(CC(=O)O)C3)c3ccc(Cl)nc3Cl)cc2c1Nc1ccc(F)c(Cl)c1
4824,8.75811829297506,CC(=O)N1CCC(N2C=C([C@@H](Nc3cc(Cl)c4ncc(C#N)c(Nc5ccc(F)c(Cl)c5)c4c3)c3cccnc3N)C2)CC1
4825,9.010774788806732,CN1CCC(n2cc([C@@H](Nc3cc(Cl)c4ncc(C#N)c(Nc5ccc(F)c(Cl)c5)c4c3)c3cccnc3Cl)[nH]2)CC1
4826,9.704346524222402,CCN1CCC(N2C=C([C@@H](Nc3cc(Cl)c4ncc(C#N)c(Nc5ccc(F)c(Cl)c5)c4c3)c3cccnc3C)NN2)CC1
4827,8.909052108110679,CN1CCC(N2C=C([C@@H](Nc3cc(Cl)c4ncc(C#N)c(Nc5ccc(F)c(F)c5)c4c3)c3cccc4c3NCC4)C2)CC1
4828,8.90169613173845,CN1CCC(N2C=C([C@@H](Nc3cc(Cl)c4ncc(C#N)c(Nc5ccc(F)c(F)c5)c4c3)c3cccc4c3NCC4)CC2)CC1
4829,9.024672877429891,CN1CCC(n2cc([C@@H](Nc3cc(Cl)c4ncc(C#N)c(Nc5ccc(F)c(F)c5)c4c3)c3cccc4c3CCNC4)c3c2=CC=3)C1
4830,8.927227942324397,CN1CCC(N2C=C([C@@H](Nc3cc(Cl)c4ncc(C#N)c(Nc5ccc(F)c(F)c5)c4c3)c3cccc4c3CNC4)C2)CC1
4831,8.615300947945094,Cn1nccc1[C@@H](Nc1cc(Cl)c2ncc(C#N)c(Nc3ccc(F)c(Cl)c3)c2c1)C1=CCN(C(N)=O)CC1
4832,8.615300947945094,Cn1nccc1[C@H](Nc1cc(Cl)c2ncc(C#N)c(Nc3ccc(F)c(Cl)c3)c2c1)C1=CCN(C(N)=O)CC1
4833,8.56574623374782,CN1CCC(n2cc([C@@H](Nc3cc(Cl)c4ncc(C#N)c(Nc5ccc(F)c(F)c5)c4c3)c3ccccc3)c3ccccc32)C1
4834,8.774837326794655,CN1CCC(n2cc([C@@H](Nc3cc(Cl)c4ncc(C#N)c(Nc5ccc(F)c(F)c5)c4c3)c3ccccc3)c3sccc32)C1
4835,8.945734918941207,CN1CCC(N2C=C([C@@H](Nc3cc(Cl)c4ncc(C#N)c(Nc5ccc(F)c(F)c5)c4c3)c3ccc4c(c3)NCO4)C2)CC1
4836,8.835184717112254,CN1CCC(N2C=C([C@@H](Nc3cc(F)c4ncc(C#N)c(Nc5ccc(F)c(F)c5)c4c3)c3ccc4c(c3)NCO4)C2)CC1
4837,8.917535034565041,CN1CCC(N2C=C([C@@H](Nc3cc(Cl)c4ncc(C#N)c(Nc5ccc(F)c(F)c5)c4c3)c3ccc4c(c3)CCN4)C2)CC1
4838,8.914439864257732,CN1CCC(N2C=C([C@@H](Nc3cc(Cl)c4ncc(C#N)c(Nc5ccc(F)c(F)c5)c4c3)c3ccc4c(c3)CNC4)C2)CC1
4839,9.403331951104713,CN1CCC(N2C=C([C@@H](Nc3cc(Cl)c4ncc(C#N)c(Nc5ccc(F)c(F)c5)c4c3)C3=CCOCC3)NN2)CC1
4840,9.480216756122108,CN1CCC(N2C=C([C@@H](Nc3cc(Cl)c4ncc(C#N)c(Nc5ccc(F)c(Cl)c5)c4c3)C3=CCOCC3)NN2)CC1
4841,8.649832219215913,Cn1cnc([C@H](Nc2cc(Cl)c3ncc(C#N)c(Nc4ccc(F)c(Cl)c4)c3c2)C2=CNCC2)c1
4842,9.041912947760682,Cn1cnc([C@H](Nc2cc(Cl)c3ncc(C#N)c(Nc4cccc(F)c4)c3c2)c2cn(C3CCNCC3)[nH]2)c1
4843,8.80117907441456,N#Cc1cnc2c(Cl)cc(N[C@@H](C3=CN(CC(=O)O)C3)c3ccc(F)nc3)cc2c1Nc1ccc(F)c(Cl)c1
4844,8.800693786635993,N#Cc1cnc2c(Cl)cc(N[C@@H](C3=CN(CCO)C3)c3ccc(F)nc3)cc2c1Nc1ccc(F)c(Cl)c1
4845,8.964610890639864,CN1CCC(n2cc([C@@H](Nc3cc(Cl)c4ncc(C#N)c(Nc5ccc(Cl)c(Cl)c5F)c4c3)c3cccnc3)[nH]2)CC1
4846,8.725340961780471,N#Cc1cnc2c(Cl)cc(N[C@@H](C3=CN(CCO)C3)c3cccnc3)cc2c1Nc1ccc(Cl)c(Cl)c1F
4847,9.653137997303645,CN1CCC(N2C=C([C@@H](Nc3cc(Cl)c4ncc(C#N)c(Nc5cccc(Cl)c5F)c4c3)c3cccnc3)NN2)CC1
4848,9.744582740248292,CCN1CCC(N2C=C([C@@H](Nc3cc(Cl)c4ncc(C#N)c(Nc5cccc(Cl)c5F)c4c3)c3cccnc3)NN2)CC1
4849,9.807024307920672,CCN1CCC(N2C=C([C@@H](Nc3cc(Cl)c4ncc(C#N)c(Nc5ccc(F)c(Cl)c5)c4c3)c3cccnc3)NN2)CC1
4850,9.667683008345538,CN1CCC(N2C=C([C@@H](Nc3cc(Cl)c4ncc(C#N)c(Nc5ccc(F)c(Cl)c5)c4c3)c3cccnc3)NN2)CC1
4851,9.441277766711936,CN1CCC(N2C=C([C@@H](Nc3cc(Cl)c4ncc(C#N)c(Nc5ccc(F)c(F)c5)c4c3)c3cccnc3)NN2)CC1
4852,9.338310838846656,CN1C=C([C@@H](Nc2cc(Cl)c3ncc(C#N)c(Nc4ccc(F)c(F)c4)c3c2)c2cccnc2)NN1
4853,9.492886003588103,CN1CCC(N2C=C([C@@H](Nc3cc(Cl)c4ncc(C#N)c(Nc5cnc(F)c(F)c5)c4c3)c3cccnc3)NN2)CC1
4854,9.495435267263321,CN1CCC(N2C=C([C@@H](Nc3cc(Cl)c4ncc(C#N)c(NC5CCCCC5)c4c3)c3cccnc3)NN2)CC1
4855,8.693425026943155,N#Cc1cnc2c(Cl)cc(N[C@@H](C3=CN(CC(=O)O)CC3)c3cccnc3)cc2c1NC1CCCCCC1
4856,8.743486057950044,Cn1cncc1[C@H](Nc1cc(Cl)c2ncc(C#N)c(Nc3ccc(F)c(Cl)c3)c2c1)C1=CCNCC1
4857,8.629520404189268,Cn1cncc1[C@H](Nc1cc(Cl)c2ncc(C#N)c(Nc3ccc(F)c(Cl)c3)c2c1)C1=CCN(C(N)=O)CC1
4858,8.824302551311169,CN1C=C([C@@H](Nc2cc(Cl)c3ncc(C#N)c(Nc4ccc(F)c(Cl)c4)c3c2)c2cnco2)N(C)C1
4859,8.879064042203261,CC1=NNC([C@@H](Nc2cc(Cl)c3ncc(C#N)c(Nc4ccc(F)c(Cl)c4)c3c2)c2cnco2)=CN1C
4860,9.744556683615368,CN1CCC(N2C=C([C@@H](Nc3cc(Cl)c4ncc(C#N)c(Nc5ccc(F)c(Cl)c5)c4c3)c3cncs3)NN2)CC1
4861,8.888893607760382,CC1=NNC([C@@H](Nc2cc(Cl)c3ncc(C#N)c(Nc4ccc(F)c(Cl)c4)c3c2)c2cncs2)=CN1C
4862,9.447864354784814,CN1CCC(N2C=C([C@@H](Nc3cc(Cl)c4ncc(C#N)c(Nc5ccc(F)c(Cl)c5)c4c3)c3cocn3)NN2)CC1
4863,8.700382321857191,CN1C=C([C@@H](Nc2cc(Cl)c3ncc(C#N)c(Nc4ccc(F)c(Cl)c4)c3c2)c2cocn2)NN(C)C1=O
4864,9.448670403320671,CN1CCC(N2C=C([C@@H](Nc3cc(Cl)c4ncc(C#N)c(Nc5ccc(Cl)c(Cl)c5)c4c3)c3cscn3)NN2)CC1
4865,8.641436366105243,CC1=NNC([C@@H](Nc2cc(Cl)c3ncc(C#N)c(Nc4ccc(Cl)c(Cl)c4)c3c2)c2cscn2)=CN1C
4866,9.683070282334983,CN1CCC(N2C=C([C@@H](Nc3cc(Cl)c4ncc(C#N)c(Nc5ccc(F)c(Cl)c5)c4c3)c3cscn3)NN2)CC1
4867,8.880437011749123,CC1=NNC([C@@H](Nc2cc(Cl)c3ncc(C#N)c(Nc4ccc(F)c(Cl)c4)c3c2)c2cscn2)=CN1C
4868,8.943088303799483,CN1CCC(N2C=C([C@@H](Nc3cc(Cl)c4ncc(C#N)c(Nc5ccc(Cl)c(Cl)c5)c4c3)c3csc4c3CCNC4)C2)CC1
4869,9.0648745899062,CN1CCC(N2C=C([C@@H](Nc3cc(Cl)c4ncc(C#N)c(Nc5ccc(Cl)c(F)c5)c4c3)c3csc4c3CCNC4)C2)CC1
4870,9.057182951996388,CN1CCC(N2C=C([C@@H](Nc3cc(Cl)c4ncc(C#N)c(Nc5cccc(Cl)c5F)c4c3)c3csc4c3CCNC4)C2)CC1
4871,9.472845002016891,CN1CCC(N2C=C([C@@H](Nc3cc(Cl)c4ncc(C#N)c(Nc5ccc(F)c(Cl)c5)c4c3)C3CCOCC3)NN2)CC1
4872,9.439321530802015,CN1CCC(N2C=C([C@@H](Nc3cc(Cl)c4ncc(C#N)c(Nc5ccc(F)c(F)c5)c4c3)C3CCOCC3)NN2)CC1
4873,8.661667277733326,Cn1cc(C(Nc2cc(Cl)c3ncc(C#N)c(Nc4ccc(F)c(Cl)c4)c3c2)C2=CNCC2)[nH]1
4874,9.016260914880803,CN1C=C(C(Nc2cc(Cl)c3ncc(C#N)c(Nc4cncc(Cl)c4)c3c2)c2cccnc2)NN1
4875,8.972987404836577,N#Cc1cnc2c(Cl)cc(NC3=CN(C4CCOCC4)NNC3)cc2c1Nc1cncc(Cl)c1
4876,8.667090016197877,O=C(NC1CC1)c1cccc(Oc2ccc(Nc3ncnc4ccn(CCO)c34)cc2Cl)c1
4877,8.720413049708153,O=C(NCC(F)(F)F)c1cccc(Oc2ccc(Nc3ncnc4ccn(CCO)c34)cc2Cl)c1
4878,7.838118236065517,COc1ccc(Nc2ncc(C(=O)NC(C)(C)C)c(Nc3cccc(N)c3)n2)cn1
4879,8.383177279233784,COc1ccc(Nc2ncc(C(=O)NC(C)(C)C)c(Nc3cccc(NC(=O)CN4CCCC4)c3)n2)cn1
4880,8.759222882150395,CC(C)(C)NC(=O)N1CCC(COc2cc3ncnc(Nc4ccc(Br)cc4F)c3cc2[N+](=O)[O-])CC1
4881,8.673362437304922,CC(C)(C)NC(=O)N1CCC(COc2cc3ncnc(Nc4ccc(Br)cc4F)c3cc2C#N)CC1
4882,8.643696025771654,CC(C)(C)NC(=O)NCCOc1cc2ncnc(Nc3ccc(Br)c(Cl)c3F)c2cc1O
4883,8.4910152474138,CC(C)(C)NC(=O)NCCOc1cc2ncnc(Nc3ccc(Br)c(Cl)c3F)c2cc1N
4884,7.581236767255063,CN1CCN(c2ccc(Nc3nc(N4CCC[C@@H](NC(=O)OC(C)(C)C)C4)cnc3C(N)=O)cc2)CC1
4885,7.581236767255063,CN1CCN(c2ccc(Nc3nc(N4CCC[C@H](NC(=O)OC(C)(C)C)C4)cnc3C(N)=O)cc2)CC1
4886,7.322957855653527,Nc1ncnc2c1c(-c1ccc3c(ccn3C(=O)O)c1)nn2C1CCCC1
4887,7.5411903896195875,Nc1ncnc2c1c(-c1ccc3c(ccn3C(=O)NC3CC3)c1)nn2C1CCCC1
4888,8.452333089882774,CC(C)(C)OC(=O)n1ncc2cc(Nc3ncc(F)c(Nc4cccc(NS(C)(=O)=O)c4)n3)ccc21
4889,8.321003130043044,CC(C)(C)OC(=O)n1ncc2cc(Nc3ncc(F)c(Nc4cccc(NC(=O)CN)c4)n3)ccc21
4890,10.71500763543632,CN1CC(C#Cc2cc3c(-c4cn(C5CS(=O)(=O)C5)nc4-c4ccc(F)cc4)ncnc3o2)C1
4891,9.531166728758402,CC(C)(C)OC(=O)N1CC(C#Cc2cc3c(-c4cn(C5CS(=O)(=O)C5)nc4-c4ccccc4)ncnc3o2)C1
4892,8.853954841865223,COc1cc(NC2CN(C(=O)OC(C)(C)C)C2)ccc1Nc1ncc(C(F)(F)F)c(Nc2cccc(NC(C)=O)c2)n1
4893,8.673113014484086,COc1cc(NC2CN(C(=O)OC(C)(C)C)C2)ccc1Nc1ncc(C(F)(F)F)c(Nc2cccc(N)c2)n1
4894,8.783041114936623,CN1CCN(c2ccc(Nc3ncc4nc(Nc5ccccc5)n([C@H]5CCN(C(=O)OC(C)(C)C)C5)c4n3)cc2)CC1
4895,8.865474977642148,CN1CCN(c2ccc(Nc3ncc4nc(Nc5ccc(F)cc5)n([C@H]5CCN(C)C5)c4n3)cc2)CC1
4896,8.775847561597718,COc1cc2c(Nc3ccc(Cl)c(Cl)c3)ncnc2cc1OCc1noc(C2CCN(C(C)=O)CC2)n1
4897,8.799590074030828,COc1cc2c(Nc3ccc(Cl)c(Cl)c3)ncnc2cc1OCc1noc(C2CCN(C)CC2)n1
4898,8.250653530132025,COc1cc(Nc2ncc(Cl)c(-c3cnn(C4CCN(C(=O)OC(C)(C)C)CC4)c3)n2)c(OC)cc1NC(=O)CO
4899,6.884975523557021,CN(C)C(=O)N[C@@H]1CCCN(c2cnc(C(N)=O)c(Nc3cnn(C4CCN(C5CCC5)CC4)c3)n2)C1
4900,6.982660036351895,CN(C)C(=O)N[C@@H]1CCCN(c2cnc(C(N)=O)c(Nc3cnn(C4CCN(C(=O)OC5CCC5)CC4)c3)n2)C1
4901,9.050063499293021,CN1CCC(n2cc([C@@H](Nc3cc(Cl)c4ncc(C#N)c(Nc5ccc(F)c(Cl)c5)c4c3)c3cncs3)c3cnccc32)CC1
4902,8.949655772293562,CN1CCC(N2C=C([C@@H](Nc3cc(Cl)c4ncc(C#N)c(Nc5ccc(F)c(Cl)c5)c4c3)c3cncs3)C2)CC1
4903,9.039181989432178,COc1cc(N2CCN(C3CCOCC3)CC2)ccc1Nc1ncc(Cl)c(Nc2ccccc2NS(C)(=O)=O)c1C
4904,8.504330171207105,COc1cc(N2CCN(C3CCN(S(C)(=O)=O)CC3)CC2)ccc1Nc1cc(Nc2ccccc2NS(C)(=O)=O)c(Cl)cn1
4905,10.90180519379293,O=C(O)CN1CCC=C(c2cc3c(-c4cn(C5CS(=O)(=O)C5)nc4-c4ccc(F)cc4)ncnc3o2)C1
4906,10.166004588833292,CC(C)(C)OC(=O)N1CCC=C(c2cc3c(-c4cn(C5CC5)nc4-c4ccc(F)cc4)ncnc3o2)C1
4907,10.156936216464052,CC(C)(C)OC(=O)N1C=C(c2cc3c(-c4cn(C5CC5)nc4-c4ccc(F)cc4)ncnc3o2)CCC1
4908,11.13765122429366,CC1=C(c2cc3c(-c4cn(C5CS(=O)(=O)C5)nc4-c4ccc(F)cc4)ncnc3o2)CCN1C
4909,8.869595600982958,COc1cc2c(Nc3ccc(Cl)c(Cl)c3)ncnc2cc1OCc1noc(C2CCN(C(=O)OC(C)(C)C)CC2)n1
4910,8.391971159340564,COc1cc(N2CCCN(C(C)=O)CC2)ccc1Nc1ncc(C(F)(F)F)c(Nc2cccc(N)c2)n1
4911,8.590209413283478,COc1cc(N2CCCN(C(C)=O)CC2)ccc1Nc1ncc(C(F)(F)F)c(Oc2cccc(NC(C)=O)c2)n1
4912,8.432383847017602,COc1cc(N2CCCN(C(=O)C3CC3)CC2)ccc1Nc1ncc(C(F)(F)F)c(Oc2cccc(NC(C)=O)c2)n1
4913,8.545831825205624,COc1cc(N2CCCN(C(=O)OC(C)(C)C)CC2)ccc1Nc1ncc(Cl)c(Oc2cccc(NC(C)=O)c2)n1
4914,8.434072820806675,COc1cc(N2CCCN(C(=O)OC(C)C)CC2)ccc1Nc1ncc(Cl)c(Oc2cccc(NC(C)=O)c2)n1
4915,8.42157306780504,COc1cc(N2CCN(C(=O)OC(C)(C)C)CC2)ccc1Nc1ncc(Cl)c(Oc2cccc(NC(C)=O)c2)n1
4916,8.121108894824204,COc1cc(N2CCN(C(=O)OC(C)(C)C)CC2)ccc1Nc1ncc(Cl)c(Oc2cccc(N)c2)n1
4917,8.33846704316585,CC(C)(C)OC(=O)N1CCN(c2ccc(Nc3ncc(Cl)c(Oc4cccc(N)c4)n3)c(OC(F)(F)F)c2)CC1
4918,8.161732826612079,CC(=O)Nc1cccc(Oc2nc(Nc3ccc(N4CCN(C(=O)OC(C)(C)C)CC4)cc3)ncc2Cl)c1
4919,8.726975890291923,COc1cc2c(Nc3ccc(Cl)c(Cl)c3)ncnc2cc1OCc1nc(N2CCN(C)CC2)no1
4920,8.699879308015852,COc1cc2c(Nc3ccc(Cl)c(Cl)c3)ncnc2cc1OCc1nc(N2CCCCC2)no1
4921,8.779349148101646,COc1cc(N2CCC(N3CCC(O)C3)CC2)ccc1Nc1cc(Nc2ccccc2NS(C)(=O)=O)c(Cl)cn1
4922,8.396461856459746,COc1cc(N2CCN(C(=O)C3CCC3)CC2)ccc1Nc1cc(Nc2ccccc2NS(C)(=O)=O)c(Cl)cn1
4923,8.900644828461095,COc1cc2ncnc(Nc3ccc(F)c(Cl)c3)c2cc1OCC1CN(C(=O)OC(C)(C)C)CCO1
4924,8.743728342752288,COc1cc2c(Nc3ccc(Cl)c(Cl)c3)ncnc2cc1OCC1CN(C(=O)OC(C)C)CCO1
4925,7.999755655361127,CC(C)(C)OC(=O)N1CCOc2ccc(Nc3ncc(F)c(Nc4cccc(N)c4)n3)cc21
4926,8.327510205474153,CC(C)(C)OC(=O)N1CCOc2ccc(Nc3ncc(F)c(Nc4cccc(NC(=O)C5CC5)c4)n3)cc21
4927,8.118248019412105,C[C@@H](NC(=O)OC(C)(C)C)C(=O)Nc1ccc2ncnc(Nc3ccc(F)c(Cl)c3)c2c1
4928,8.858019644489046,CC(C)(C)OC(=O)NCC(=O)Nc1ccc2ncnc(Nc3cccc(Br)c3)c2c1
4929,8.528663183955237,CC(C)(C)OC(=O)NCC(=O)Nc1ccc2ncnc(Nc3ccc(F)c(Cl)c3)c2c1
4930,8.03835755492569,CC(C)(C)OC(=O)NCC(=O)Nc1ccc2ncnc(Nc3cccc(C(F)(F)F)c3)c2c1
4931,8.442350405818607,CC(C)(C)OC(=O)NCCCOc1ccc(Nc2ncc(F)c(Nc3cccc(NC(=O)C4CC4)c3)n2)cc1
4932,8.15590295886648,CC(C)(C)OC(=O)NCCCOc1ccc(Nc2ncc(F)c(Nc3cccc(N)c3)n2)cc1
4933,8.449543338036941,CC(C)(C)OC(=O)NCCCOc1cccc(Nc2ncc(F)c(Nc3cccc(NC(=O)C4CC4)c3)n2)c1
4934,8.180750301468894,CC(C)(C)OC(=O)NCCCOc1cccc(Nc2ncc(F)c(Nc3cccc(N)c3)n2)c1
4935,8.459126914544749,C=CC(=O)Nc1cccc(Nc2nc(Nc3ccc(OCCNC(=O)OC(C)(C)C)c(F)c3)ncc2F)c1
4936,8.479548776127643,C=CC(=O)Nc1cccc(Nc2nc(Nc3ccc(OCCCNC(=O)OC(C)(C)C)c(F)c3)ncc2F)c1
4937,8.44296162664364,CC(C)(C)OC(=O)NCCOc1ccc(Nc2ncc(F)c(Nc3cccc(NC(=O)C4CC4)c3)n2)cc1
4938,8.23878691794581,CC(C)(C)OC(=O)NCCOCCOc1ccc(Nc2ncc(F)c(Nc3cccc(N)c3)n2)cc1
4939,6.802976730596716,CCOCn1cc(C2=C(c3cc(OC)c(OC)c(OC)c3)C(=O)NC2)c2ccccc21
4940,6.632100432112059,COc1cc(C2=C(c3cn(COC(C)C)c4ccccc34)C(=O)NC2)cc(OC)c1OC
4941,8.892561289190397,N#Cc1cnc2c(C#N)cc(N[C@H](C3=CN(C4CC4)NC3)c3cccc4ncsc34)cc2c1NCCO
4942,8.859180817554853,CC(C)(C)ONc1c(C#N)cnc2c(C#N)cc(N[C@H](C3=CN(CCO)C3)c3cccc4ncsc34)cc12
4943,8.812338350270748,CS(=O)(=O)CC(=O)NCCn1ccc2ncnc(Nc3ccc(Oc4cccc(C(F)(F)F)c4)c(Cl)c3)c21
4944,8.806219064991472,CS(=O)(=O)NCCn1ccc2ncnc(Nc3ccc(Oc4cccc(C(F)(F)F)c4)c(Cl)c3)c21
4945,8.414049300799437,COc1ccc(C#CC(C)(C)O)cc1-c1[nH]nc2nc(Nc3ccc(F)cc3F)cnc12
4946,8.074469432082518,COc1ccc(C#CC(C)(C)N)cc1-c1[nH]nc2nc(Nc3ccc(F)cc3F)cnc12
4947,8.45122595887186,COc1cc(Nc2ncc(Cl)c(-c3cn(C)c4ccccc34)n2)cc(C#CC(C)(C)N(C)C)c1OC
4948,8.143143072077873,COc1cc(Nc2ncc(Cl)c(-c3cn(C)c4ccccc34)n2)c(OC)cc1C#CC(C)(C)N
4949,7.979647151183598,COc1cc2ncnc(Nc3cccc(C#CCCO)c3)c2cc1OC
4950,7.910509894450021,COc1cc2ncnc(Nc3cccc(C#CC(C)(C)C(=O)O)c3)c2cc1OC
4951,8.51195838754029,CC(O)C#Cc1ccc2ncnc(Nc3ccc(F)c(Cl)c3)c2c1
4952,8.604834435132243,CC(C)(O)CC#Cc1ccc2ncnc(Nc3ccc(F)c(Cl)c3)c2c1
4953,8.531813228888522,CN1CCN(C(C)(C)C#Cc2cc3ncnc(Nc4ccc(F)c(Cl)c4)c3cc2N)CC1
4954,9.206475296533192,CN1CCN(C(C)(C)C#Cc2cc3ncnc(Nc4ccc(F)c(Cl)c4)c3cc2NC(=O)CCN2CCOCC2)CC1
4955,8.112005035838935,COc1cc2ncnc(C#CC(C)(C)Nc3ccccc3)c2cc1OC
4956,8.525469685354595,COc1cc2ncnc(C#C[C@](C)(O)Cc3ccccc3)c2cc1OC
4957,8.261656553259328,CC(C)(C)c1ccc(C(=O)N[C@@H]2[C@H]3Oc4ccc(Oc5ccnc6c5CCC(=O)N6)cc4[C@@H]23)cc1
4958,8.209180830519278,O=C1CCc2c(Oc3ccc4c(c3)[C@@H]3[C@H](NC(=O)c5ccc(Cl)cc5)[C@H]3O4)ccnc2N1
4959,9.230903687407936,C=CC(=O)Nc1cc(Nc2ncnc(Nc3cc(F)c(Cl)cc3F)n2)c(OC)cc1N(C)CCN(C)C
4960,9.170574633206316,C=CC(=O)Nc1cc(Nc2ncnc(Nc3ccc(F)c(Cl)c3)n2)c(OC)cc1N(C)CCN(C)C
4961,8.884052372518255,COc1cc(Nc2ncnc(Nc3cc(F)c(C4CC4)cc3C(C)(C)O)n2)cc(NC(=O)CN(C)C)c1OC
4962,8.768636173248066,COc1cc(Nc2ncnc(Nc3cc(F)c(C4CC4)cc3C(C)(C)O)n2)cc(N(C)CCN(C)C)c1OC
4963,9.39077129456004,COc1cc(N2CC[C@@H]3CN(C)C[C@@H]32)c(OC)cc1Nc1ncnc(Nc2cc(F)c(C3CC3)cc2C(C)(C)O)n1
4964,9.550980922875409,C=CC(=O)Nc1cc(Nc2ncnc(Nc3cc(F)c(C4CC4)cc3C(C)(C)O)n2)c(C)cc1N1CC[C@@H]2CN(C)C[C@@H]21
4965,9.294056985971448,C=CC(=O)Nc1cc(Nc2ncnc(Nc3cc(F)c(C4CC4)cc3C(C)(C)O)n2)ccc1N1CCC[C@@H]1CN(C)C
4966,9.402558293337746,C=CC(=O)Nc1cc(Nc2ncnc(Nc3cc(F)c(C4CC4)cc3C(C)(C)O)n2)c(C)cc1N1CCC[C@@H]1CN(C)C
4967,8.89616834368357,COc1cc(Nc2ncnc(Nc3cc(C4CC4)c(F)cc3C(C)(C)O)n2)cc(NC(=O)CN(C)C)c1OC
4968,8.785548351668984,COc1cc(Nc2ncnc(Nc3cc(C4CC4)c(F)cc3C(C)(C)O)n2)cc(N(C)CCN(C)C)c1OC
4969,8.778654643917115,C=CC(=O)Nc1cc(Nc2ncnc(Nc3cc4c(cc3C)OCO4)n2)c(OC)cc1N(C)CCN(C)C
4970,9.03619926567287,C=CC(=O)Nc1cc(Nc2ncnc(Nc3cc4cc[nH]c4cc3C(C)(C)O)n2)ccc1N(C)CCN(C)C
4971,8.706951124350546,C=CC(=O)Nc1cc(Nc2ncnc(Nc3cc4cc[nH]c4cc3C(C)(C)O)n2)c(C)cc1N(C)C
4972,8.589501676463401,COc1cc(N(C)CCN(C)C)c(NC(=O)CN(C)C)cc1Nc1ncnc(Nc2ccc(C(F)(F)F)cc2)n1
4973,8.961169437798047,COc1cc(N(C)CCN(C)C)c(NC(=O)CN(C)C)cc1Nc1ncnc(Nc2ccc(C(F)(F)F)cc2C(C)(C)O)n1
4974,8.816771937338169,C=CC(=O)Nc1cc(Nc2ncnc(Nc3ccc(Cl)c(F)c3C(C)(C)O)n2)c(C)cc1N(C)C
4975,9.209501377065905,C=CC(=O)Nc1cc(Nc2ncnc(Nc3ccc(Cl)c(F)c3C(C)(C)O)n2)ccc1N(C)CCN(C)C
4976,8.676279350250992,C=CC(=O)Nc1cc(Nc2ncnc(Nc3ccc(F)c(F)c3C(C)(C)O)n2)c(C)cc1N(C)C
4977,8.541864375134356,C=CC(=O)Nc1cc(Nc2ncnc(Nc3ccc(F)c(F)c3C(C)(C)O)n2)c(OC)cc1C
4978,8.94128579322529,C=CC(=O)Nc1cc(Nc2ncnc(Nc3cccnc3C)n2)c(OC)cc1N(C)CCN(C)C
4979,8.857189757292536,C=CC(=O)Nc1cc(Nc2ncnc(Nc3cccnc3C(C)(C)O)n2)c(C)cc1N(C)CCN(C)C
4980,9.051713929546098,C=CC(=O)Nc1cc(Nc2ncnc(Nc3ccc4[nH]ccc4c3C(C)(C)O)n2)ccc1N(C)CCN(C)C
4981,8.617171203272635,C=CC(=O)Nc1cc(Nc2ncnc(Nc3ccc4[nH]ccc4c3C(C)(C)O)n2)c(OC)cc1C
4982,9.085716190618909,C=CC(=O)Nc1cc(Nc2nccc(Nc3cc(Cl)ccc3C(C)(C)O)n2)c(OC)cc1N(C)CCN(C)C
4983,8.855635384037235,C=CC(=O)Nc1cc(Nc2nccc(Nc3ccccc3C(C)(C)O)n2)c(OC)cc1N(C)CCN(C)C
4984,9.095880285884359,C=CC(=O)Nc1cc(Nc2nccc(Nc3ccc(F)cc3F)n2)c(OC)cc1N1C[C@@H](F)[C@@H](N(C)C)C1
4985,8.9258992271703,C=CC(=O)Nc1cc(Nc2nccc(Nc3cccc(F)c3)n2)c(OC)cc1N1C[C@@H](F)[C@@H](N(C)C)C1
4986,8.98827487127978,C=CC(=O)Nc1cc(Nc2nccc(Nc3cccc(F)c3)n2)c(OC)cc1N1C[C@H](F)C[C@@H]1CN(C)C
4987,9.61179914367449,COc1cc(N2C[C@H](F)C[C@@H]2CN(C)C)c(NC(=O)C2CC2)cc1Nc1nccc(Nc2cc(Cl)ccc2C(C)(C)O)n1
4988,9.31735519465736,C=CC(=O)Nc1cc(Nc2nccc(Nc3ccc(F)cc3F)n2)c(OC)cc1N1C[C@H](N(C)C)C2(CC2)C1
4989,9.232382760875456,C=CC(=O)Nc1cc(Nc2nccc(Nc3cc(C)ccc3F)n2)c(OC)cc1N1C[C@H](N(C)C)C2(CC2)C1
4990,9.459722323925728,C=CC(=O)Nc1cc(Nc2nccc(Nc3cc(Cl)c(F)cc3C(C)(C)O)n2)c(C)cc1N1C[C@@H]2CN(C)[C@@H]2C1
4991,10.00655836552391,C=CC(=O)Nc1cc(Nc2nccc(Nc3cc(Cl)c(F)cc3C(C)(C)O)n2)c(OC)cc1N1C[C@H]2CNC[C@H]2C1
4992,9.463729843237003,C=CC(=O)Nc1cc(Nc2nccc(Nc3cc(Cl)c(F)cc3C(C)(C)O)n2)c(C)cc1N1C[C@@H]2CN(C)C[C@@H]21
4993,9.963752261605391,C=CC(=O)Nc1cc(Nc2nccc(Nc3cc(Cl)c(F)cc3C(C)(C)O)n2)c(OC)cc1N1C[C@@H]2CNC[C@@H]21
4994,9.459722323925728,C=CC(=O)Nc1cc(Nc2nccc(Nc3cc(Cl)c(F)cc3C(C)(C)O)n2)c(C)cc1N1C[C@H]2CN(C)[C@H]2C1
4995,10.301933783467526,C=CC(=O)Nc1cc(Nc2nccc(Nc3cc(Cl)c(F)cc3C(C)(C)O)n2)c(OC)cc1N1C[C@H]2CN(C)C[C@H]2C1
4996,9.34827562292688,C=CC(=O)Nc1cc(Nc2nccc(Nc3ccc(F)cc3F)n2)c(OC)cc1N1CC(F)(F)C[C@@H]1CN(C)C
4997,9.086427858319695,C=CC(=O)Nc1cc(Nc2nccc(Nc3cccc(F)c3)n2)c(OC)cc1N1CC(F)(F)C[C@@H]1CN(C)C
4998,9.435882234128,C=CC(=O)Nc1cc(Nc2nccc(Nc3cc(Cl)ccc3C(C)(C)O)n2)c(OC)cc1N1CC[C@H](N(C)C)C1
4999,9.2817618450167,C=CC(=O)Nc1cc(Nc2nccc(Nc3cc(Cl)c(F)cc3C(C)(C)O)n2)c(C)cc1N1CC[C@H](N(C)C)C1
5000,9.006073319070492,C=CC(=O)Nc1cc(Nc2nccc(Nc3cc(Cl)c(Cl)cc3C(C)(C)O)n2)c(C)cc1N1CC[C@@H]1CN(C)C
5001,8.53841881033439,C=CC(=O)Nc1cc(Nc2nccc(Nc3cc(Cl)c(Cl)cc3C(C)(C)O)n2)ccc1N1CC[C@@H](O)C1
5002,9.168497503315738,C=CC(=O)Nc1cc(Nc2nccc(Nc3cc(Cl)c(F)cc3C(C)(C)O)n2)c(C)cc1N1CC[C@@H]1CN(C)C
5003,9.13632972458901,C=CC(=O)Nc1cc(Nc2nccc(Nc3cc(Cl)c(F)cc3C(C)(C)O)n2)ccc1N1CC[C@@H](N(C)C)C1
5004,9.408768114216137,C=CC(=O)Nc1cc(Nc2nccc(Nc3cc(Cl)c(F)cc3C(C)(C)O)n2)c(C)cc1N1CC[C@@H](CN(C)C)C1
5005,9.599027344301728,C=CC(=O)Nc1cc(Nc2nccc(Nc3cc(Cl)c(F)cc3C(C)(C)O)n2)c(OC)cc1N1CC[C@@H](CN)C1
5006,9.2817618450167,C=CC(=O)Nc1cc(Nc2nccc(Nc3cc(Cl)c(F)cc3C(C)(C)O)n2)c(C)cc1N1CC[C@@H](N(C)C)C1
5007,9.086171624539725,C=CC(=O)Nc1cc(Nc2nccc(Nc3cc(Cl)c(F)cc3C(C)(C)O)n2)ccc1N1CC[C@@H](NC)C1
5008,9.013357613225715,C=CC(=O)Nc1cc(Nc2nccc(Nc3cc(Cl)c(F)cc3C(C)(C)O)n2)c(C)cc1N1CC[C@@H](N)C1
5009,9.31053448818631,C=CC(=O)Nc1cc(Nc2nccc(Nc3cc(Cl)c(F)cc3C(C)(C)O)n2)c(C)cc1N1CCC[C@@H]1CN1CCC1
5010,9.5435269765232,C=CC(=O)Nc1cc(Nc2nccc(Nc3cc(Cl)c(F)cc3C(C)(C)O)n2)c(OC)cc1N1CCC[C@@H]1CO
5011,9.004177448898025,COc1cc(N2CC[C@@H](N(C)C)C2)c(OC)cc1Nc1ncc(C(F)(F)F)c(Nc2cc(Cl)ccc2C(C)(C)O)n1
5012,8.486946261239439,COc1cc(Nc2ncc(C(F)(F)F)c(Nc3cc(Cl)c(F)cc3C(C)(C)O)n2)cc(NC(C)=O)c1OC
5013,9.21502483703569,C=CC(=O)Nc1cc(Nc2ncc(C#N)c(Nc3ccccc3C(C)(C)O)n2)c(OC)cc1N1CC[C@@H](N(C)C)C1
5014,8.91889598407638,C=CC(=O)Nc1cc(Nc2ncc(C#N)c(Nc3cccc(C(C)C)c3)n2)c(OC)cc1N1CC[C@@H](N(C)C)C1
5015,9.18671267078013,C=CC(=O)Nc1cc(Nc2ncc(Cl)c(Nc3cc(C)ccc3C(C)(C)O)n2)c(OC)cc1N(C)CCN(C)C
5016,9.023184099026482,C=CC(=O)Nc1cc(Nc2ncc(Cl)c(Nc3cccc(C(C)(C)O)c3)n2)c(OC)cc1N(C)CCN(C)C
5017,9.610776558546094,C=CC(=O)Nc1cc(Nc2ncc(Cl)c(Nc3cc(C)ccc3C(C)(C)O)n2)c(OC)cc1N1CC[C@@H](N(C)C)C1
5018,10.27835168871863,C=CC(=O)Nc1cc(Nc2ncc(Cl)c(Nc3cc(C)c(F)cc3C(C)(C)O)n2)c(OC)cc1N1CC[C@@H](N(C)C)C1
5019,9.653948852220458,COc1cc(N(C)CCO)c(NC(=O)/C=C/CN(C)C)cc1Nc1ncnc(Nc2cc(F)c(F)cc2C(C)(C)O)n1
5020,9.198491671607949,COc1cc(N(C)CCN(C)C)c(NC(=O)CO)cc1Nc1ncnc(Nc2cc(F)c(F)cc2C(C)(C)O)n1
5021,9.855715182670773,C=CC(=O)Nc1cc(Nc2ncnc(Nc3cc(Cl)ccc3C(C)(C)O)n2)c(OC)cc1N(C)C[C@@H]1CCCN1C
5022,9.292270324816132,C=CC(=O)Nc1cc(Nc2ncnc(Nc3cc(Cl)c(F)cc3C(C)(C)O)n2)c(OC)cc1N(C)C
5023,9.855715182670773,C=CC(=O)Nc1cc(Nc2ncnc(Nc3cc(Cl)ccc3C(C)(C)O)n2)c(OC)cc1N(C)C[C@H]1CCCN1C
5024,9.024075301607176,C=CC(=O)Nc1cc(Nc2ncnc(Nc3cc(F)c(F)cc3C(C)(C)O)n2)c(OC)cc1N(C)C
5025,9.483375201047517,C=CC(=O)Nc1cc(Nc2ncnc(Nc3cc(F)c(F)cc3C(C)(C)O)n2)c(C)cc1N(C)C[C@H]1CCCN1C
5026,9.345106558726988,C=CC(=O)Nc1cc(Nc2ncnc(Nc3cccc(F)c3)n2)c(OC)cc1N(C)CC1CCCN1CN(C)C
5027,9.52889211434828,C=CC(=O)Nc1cc(Nc2ncnc(Nc3ccc(F)c(Cl)c3)n2)c(OC)cc1N(C)CC1CCCN1C
5028,9.520441503538141,C=CC(=O)Nc1cc(Nc2ncnc(Nc3cc(Cl)ccc3C(C)(C)O)n2)c(OC)cc1N(C)CCN(C)C
5029,8.815520395316119,C=CC(=O)Nc1cc(Nc2ncnc(Nc3cc(Cl)c(Cl)cc3C(C)(C)O)n2)ccc1N(C)CCN(C)C
5030,8.781360894948959,C=CC(=O)Nc1cc(Nc2ncnc(Nc3cc(Cl)c(F)cc3C(C)(C)O)n2)c(C)cc1N(C)C
5031,9.229425108238098,C=CC(=O)Nc1cc(Nc2ncnc(Nc3cc(F)c(Cl)cc3C(C)(C)O)n2)ccc1N(C)CCN(C)C
5032,8.782155444383239,C=CC(=O)Nc1cc(Nc2ncnc(Nc3cc(F)c(Cl)cc3C(C)(C)O)n2)c(C)cc1N(C)C
5033,9.005238288990663,C=CC(=O)Nc1cc(Nc2ncnc(Nc3cc(F)c(F)cc3C(C)(C)O)n2)ccc1N(C)CCN(C)C
5034,8.633022644288321,C=CC(=O)Nc1cc(Nc2ncnc(Nc3cc(F)c(F)cc3C(C)(C)O)n2)c(C)cc1N(C)C
5035,9.744664020123984,C=CC(=O)Nc1cc(Nc2ncnc(Nc3cc(Cl)ccc3C(C)(C)O)n2)c(OC)cc1N(C)CCN1CCCC1
5036,9.474644811545282,C=CC(=O)Nc1cc(Nc2ncnc(Nc3cc(Cl)c(F)cc3C(C)(C)O)n2)c(C)cc1N(C)CCN1CCCC1
5037,9.314419913128877,C=CC(=O)Nc1cc(Nc2ncnc(Nc3cc(F)c(F)cc3C(C)(C)O)n2)ccc1N(C)CCN1CCCC1
5038,9.33353651526181,C=CC(=O)Nc1cc(Nc2ncnc(Nc3cc(F)c(F)cc3C(C)(C)O)n2)c(C)cc1N(C)CCN1CCCC1
5039,9.403406348687914,C=CC(=O)Nc1cc(Nc2ncnc(Nc3cc(Cl)c(F)cc3C(C)(C)O)n2)ccc1N(C)CCN1CCCCC1
5040,9.453051876734056,C=CC(=O)Nc1cc(Nc2ncnc(Nc3cc(Cl)c(F)cc3C(C)(C)O)n2)c(C)cc1N(C)CCN1CCCCC1
5041,9.321674500881583,C=CC(=O)Nc1cc(Nc2ncnc(Nc3cc(F)c(F)cc3C(C)(C)O)n2)ccc1N(C)CCN1CCCCC1
5042,9.320673000420758,C=CC(=O)Nc1cc(Nc2ncnc(Nc3cc(F)c(F)cc3C(C)(C)O)n2)c(C)cc1N(C)CCN1CCCCC1
5043,9.258086200536333,C=CC(=O)Nc1cc(Nc2ncnc(Nc3cc(Cl)ccc3F)n2)c(OC)cc1N1C[C@@H](F)[C@@H](N(C)C)C1
5044,9.246818083914453,C=CC(=O)Nc1cc(Nc2ncnc(Nc3ccc(F)c(Cl)c3)n2)c(OC)cc1N1C[C@@H](F)[C@@H](N(C)C)C1
5045,9.676184054180114,C=CC(=O)Nc1cc(Nc2ncnc(Nc3cc(Cl)ccc3C(C)(C)O)n2)c(OC)cc1N1CC(CN(C)C)C1
5046,9.044370903856175,C=CC(=O)Nc1cc(Nc2ncnc(Nc3cc(Cl)ccc3Cl)n2)c(OC)cc1N1CC(CN(C)C)C1
5047,9.205754476113768,C=CC(=O)Nc1cc(Nc2ncnc(Nc3cc(F)c(F)cc3C(C)(C)O)n2)ccc1N1CC(CN(C)C)C1
5048,9.272871772679181,C=CC(=O)Nc1cc(Nc2ncnc(Nc3cc(F)c(F)cc3C(C)(C)O)n2)c(C)cc1N1CC(CN(C)C)C1
5049,9.7746622146516,C=CC(=O)Nc1cc(Nc2ncnc(Nc3cc(Cl)ccc3C(C)(C)O)n2)c(OC)cc1N1CC[C@H](N(C)C)C1
5050,9.570015701847709,C=CC(=O)Nc1cc(Nc2ncnc(Nc3cc(Cl)c(F)cc3C(C)(C)O)n2)c(C)cc1N1CC[C@H](N(C)C)C1
5051,9.74975941802507,C=CC(=O)Nc1cc(Nc2ncnc(Nc3cc(Cl)ccc3C(C)(C)O)n2)c(OC)cc1N1CC[C@@H]1CN(C)C
5052,8.74271248865857,C=CC(=O)Nc1cc(Nc2ncnc(Nc3cc(Cl)c(Cl)cc3C(C)(C)O)n2)ccc1N1CC[C@@H](O)C1
5053,9.489184452408926,C=CC(=O)Nc1cc(Nc2ncnc(Nc3cc(Cl)c(F)cc3C(C)(C)O)n2)c(C)cc1N1CC[C@@H]1CN(C)C
5054,9.40692226752021,C=CC(=O)Nc1cc(Nc2ncnc(Nc3cc(F)c(Cl)cc3C(C)(C)O)n2)ccc1N1CC[C@@H](N(C)C)C1
5055,9.49482596023722,C=CC(=O)Nc1cc(Nc2ncnc(Nc3cc(F)c(Cl)cc3C(C)(C)O)n2)c(C)cc1N1CC[C@@H]1CN(C)C
5056,9.37549452979748,C=CC(=O)Nc1cc(Nc2ncnc(Nc3cc(F)c(F)cc3C(C)(C)O)n2)c(C)cc1N1CC[C@@H]1CN(C)C
5057,9.314654038314435,C=CC(=O)Nc1cc(Nc2ncnc(Nc3cc(F)c(F)cc3C(C)(C)O)n2)ccc1N1CC[C@@H](N(C)C)C1
5058,10.085946578896406,C=CC(=O)Nc1cc(Nc2ncnc(Nc3cc(F)c(F)cc3C(C)(C)O)n2)c(OC)cc1N1CC[C@H]2CNC[C@H]21
5059,10.085946578896406,C=CC(=O)Nc1cc(Nc2ncnc(Nc3cc(F)c(F)cc3C(C)(C)O)n2)c(OC)cc1N1CC[C@@H]2CNC[C@@H]21
5060,9.088038525067631,C=CC(=O)Nc1cc(Nc2ncnc(Nc3cc(Cl)c(Cl)cc3C(C)(C)O)n2)ccc1N1CC[C@@H](N(C)C)C1
5061,9.27008420940974,C=CC(=O)Nc1cc(Nc2ncnc(Nc3cc(Cl)c(Cl)cc3C(C)(C)O)n2)c(C)cc1N1CC[C@@H](N(C)C)C1
5062,9.7746622146516,C=CC(=O)Nc1cc(Nc2ncnc(Nc3cc(Cl)ccc3C(C)(C)O)n2)c(OC)cc1N1CC[C@@H](N(C)C)C1
5063,9.570015701847709,C=CC(=O)Nc1cc(Nc2ncnc(Nc3cc(Cl)c(F)cc3C(C)(C)O)n2)c(C)cc1N1CC[C@@H](N(C)C)C1
5064,9.577880344084289,C=CC(=O)Nc1cc(Nc2ncnc(Nc3cc(F)c(Cl)cc3C(C)(C)O)n2)c(C)cc1N1CC[C@@H](N(C)C)C1
5065,9.4046557261706,C=CC(=O)Nc1cc(Nc2ncnc(Nc3cc(F)c(F)cc3C(C)(C)O)n2)c(C)cc1N1CC[C@@H](N(C)C)C1
5066,9.47816719147038,C=CC(=O)Nc1cc(Nc2ncnc(Nc3cc(Cl)c(F)cc3C(C)(C)O)n2)ccc1N1CC[C@@H](NC)C1
5067,9.364745698880538,C=CC(=O)Nc1cc(Nc2ncnc(Nc3cc(Cl)c(F)cc3C(C)(C)O)n2)c(C)cc1N1CC[C@@H](N)C1
5068,9.749190951885048,C=CC(=O)Nc1cc(Nc2ncnc(Nc3cc(Cl)c(F)cc3C(C)(C)O)n2)c(C)cc1N1CC[C@@H]2CN(C)C[C@@H]21
5069,10.413186222796169,C=CC(=O)Nc1cc(Nc2ncnc(Nc3cc(Cl)c(F)cc3C(C)(C)O)n2)c(OC)cc1N1CC[C@@H]2CNC[C@@H]21
5070,10.419722596551003,C=CC(=O)Nc1cc(Nc2ncnc(Nc3cc(F)c(Cl)cc3C(C)(C)O)n2)c(OC)cc1N1CC[C@@H]2CNC[C@@H]21
5071,9.756787734692905,C=CC(=O)Nc1cc(Nc2ncnc(Nc3cc(F)c(Cl)cc3C(C)(C)O)n2)c(C)cc1N1CC[C@@H]2CN(C)C[C@@H]21
5072,9.538988535164508,C=CC(=O)Nc1cc(Nc2ncnc(Nc3cc(F)c(F)cc3C(C)(C)O)n2)c(C)cc1N1CC[C@@H]2CN(C)C[C@@H]21
5073,9.467877703409224,C=CC(=O)Nc1cc(Nc2ncnc(Nc3cc(F)c(Cl)cc3C(C)(C)O)n2)c(C)cc1N1CCC[C@@H]1CN
5074,9.907776167131733,C=CC(=O)Nc1cc(Nc2ncnc(Nc3cc(F)c(Cl)cc3C(C)(C)O)n2)c(OC)cc1N1CCC[C@@H]1CO
5075,9.279084295891222,C=CC(=O)Nc1cc(Nc2ncnc(Nc3cc(F)c(F)cc3C(C)(C)O)n2)c(C)cc1N1CCC[C@@H]1CN
5076,9.798837202757417,C=CC(=O)Nc1cc(Nc2ncnc(Nc3cc(F)c(F)cc3C(C)(C)O)n2)c(OC)cc1N1CCC[C@@H]1CN
5077,9.460214540282216,C=CC(=O)Nc1cc(Nc2ncnc(Nc3cc(Cl)c(F)cc3C(C)(C)O)n2)c(C)cc1N1CCC[C@H]1CN
5078,9.895291742446664,C=CC(=O)Nc1cc(Nc2ncnc(Nc3cc(Cl)c(F)cc3C(C)(C)O)n2)c(OC)cc1N1CCC[C@H]1CO
5079,9.77276341912349,C=CC(=O)Nc1cc(Nc2ncnc(Nc3cc(Cl)ccc3C(C)(C)O)n2)c(OC)cc1N1CCOC[C@@H]1CN(C)C
5080,9.960265084292066,C=CC(=O)Nc1cc(Nc2ncnc(Nc3cc(Cl)c(F)cc3C(C)(C)O)n2)c(C)cc1N1CCOC[C@@H]1CN(C)C
5081,9.549799180819914,C=CC(=O)Nc1cc(Nc2ncnc(Nc3cc(F)c(F)cc3C(C)(C)O)n2)c(OC)cc1N1CCOCC1
5082,9.796483291678694,C=CC(=O)Nc1cc(Nc2ncnc(Nc3cc(F)c(F)cc3C(C)(C)O)n2)c(C)cc1N1CCOC[C@@H]1CN(C)C
5083,8.53058067135814,O=C1CCc2c(Oc3ccc4c(c3)C[C@H](NC(=O)c3cc(-c5cn[nH]c5)cc(C(F)(F)F)c3)CC4)ccnc2N1
5084,8.43232033606563,O=C1CCc2c(Oc3ccc4c(c3)C[C@H](NC(=O)c3cc(-c5cc[nH]n5)cc(C(F)(F)F)c3)CC4)ccnc2N1
5085,9.217732871196395,CC(C)(N)c1cc(C(=O)N[C@@H]2[C@H]3Oc4ccc(Oc5ccnc6c5CCC(=O)N6)cc4[C@@H]23)cc(C(F)(F)F)c1F
5086,8.524313200208438,CC(C)(N)c1cc(C(=O)N[C@@H]2[C@H]3Oc4ccc(Oc5ccnc6c5CCC(=O)N6)cc4[C@@H]23)ccc1Cl
5087,9.211539661907501,C=CC(=O)Nc1cc(Nc2ncnc(Nc3cnc(F)cc3C(C)(C)O)n2)ccc1N(C)CCN(C)C
5088,8.788777830698944,C=CC(=O)Nc1cc(Nc2ncnc(Nc3cnc(F)cc3C(C)(C)O)n2)c(C)cc1N(C)C
5089,6.924704760043182,CC(C)(O)c1ccccc1CC[C@@H](SCC1(CC(=O)O)CC1)c1cccc(/C=C/c2ccccn2)c1
5090,6.839116593463797,CC(C)(O)c1ccccc1CC[C@@H](SCC1(CC(=O)O)CC1)c1cccc(/C=C/c2ccccc2)c1
5091,8.805231556212798,C=CC(=O)Nc1cc(Nc2ncnc(Nc3ccccc3C(C)(C)O)n2)c(C)cc1N1CCC[C@@H](N(C)C)C1
5092,9.326272746885678,C=CC(=O)Nc1cc(Nc2ncnc(Nc3cccc(C(C)(C)O)c3)n2)c(OC)cc1N1CCC[C@@H](N(C)C)C1
5093,8.632513090947965,O=C(CO)NCCc1ccc2ncnc(Nc3ccc(Oc4cccc(C(F)(F)F)c4)c(Cl)c3)c2c1
5094,8.362835442581748,CC(=O)NCCc1ccc2ncnc(Nc3ccc(Oc4cccc(C(F)(F)F)c4)c(Cl)c3)c2c1
5095,8.586691223217535,CC(=O)NCCn1ccc2ncnc(Nc3ccc(Oc4cccc(C(F)(F)F)c4)c(Cl)c3)c21
5096,7.962176040070184,COc1cc2ncnc(C#CC(C)(C)c3ccccc3)c2cc1OC
5097,10.599983939787222,OCCCc1nc(-c2ccc(F)cc2)c(-c2ncnc3oc(-c4ccccc4)nc23)o1
5098,9.151603242862894,CC(C)(O)CCc1nc(-c2ccccc2)c(-c2ncnc3oc(-c4ccccc4)nc23)o1
5099,11.037622376187871,OCCCc1nc(-c2ccc(F)cc2)c(-c2ncnc3oc(-c4ccccc4)cc23)o1
5100,10.660720879955436,CC(C)(O)CCc1nc(-c2ccc(F)cc2)c(-c2ncnc3oc(-c4ccc(O)cc4)cc23)o1
5101,10.264616656937706,OCCCc1nc(-c2ccc(F)cc2)c(-c2ncnc3sc(-c4ccccc4)cc23)o1
5102,9.177893196081104,CC(C)(C)c1nc(-c2ccc(F)cc2)c(-c2ncnc3sc(-c4ccccc4)cc23)o1
5103,10.799920421838117,OCCn1ncc(-c2ncnc3oc(-c4ccccc4)nc23)c1-c1ccc(F)cc1
5104,11.098163555463197,OCCCn1ncc(-c2ncnc3oc(-c4ccccc4)nc23)c1-c1ccc(F)cc1
5105,11.584519740247725,CC(C)(O)Cn1cc(-c2ncnc3nc(-c4ccccc4)[nH]c23)c(-c2ccc(F)cc2)n1
5106,11.261420208185596,CC(C)(O)Cn1cc(-c2ncnc3oc(-c4ccccc4)nc23)c(-c2ccc(F)cc2)n1
5107,12.059329437809453,CC(C)(O)Cn1cc(-c2ncnc3oc(-c4ccccc4)cc23)c(-c2ccc(F)cc2)n1
5108,10.550336655068834,OCCCn1cc(-c2ncnc3sc(-c4ccccc4)cc23)c(-c2ccc(F)cc2)n1
5109,8.806788175260529,Cn1cc(-c2cc(C(=O)Nc3nc4ccccc4n3CCCO)ccn2)cn1
5110,8.644269640078582,Cn1cc(-c2cc(C(=O)Nc3nc4ccccc4n3CCC(C)(C)O)ccc2F)cn1
5111,11.39734827536102,OCCCn1nc(-c2ccc(F)cc2)c(-c2ncnc3oc(-c4ccccc4)cc23)n1
5112,11.050261312646468,CC(C)Cn1nc(-c2ccc(F)cc2)c(-c2ncnc3oc(-c4ccccc4)cc23)n1
5113,10.570276727265332,COc1cc2c(cc1Nc1ncc(Cl)c(Nc3ccc4nccnc4c3NS(C)(=O)=O)n1)-c1cnn(C)c1CCN2C
5114,10.180693994136844,COc1cc2c(cc1Nc1ncc(Cl)c(Nc3ccc4nccnc4c3NS(C)(=O)=O)n1)-c1cnn(C)c1CCN2
5115,11.829879395726014,OCCn1cc(-c2ncnc3oc(-c4ccccc4)cc23)c(-c2cccc(F)c2)n1
5116,11.661859125939717,CCn1cc(-c2ncnc3oc(-c4ccccc4)cc23)c(-c2cccc(F)c2)n1
5117,12.267334542736032,Cn1cc(-c2cc3c(-c4cn(CC(C)(C)O)nc4-c4ccc(F)cc4)ncnc3o2)cn1
5118,11.501107989168284,CC(C)(O)Cn1cc(-c2ncnc3oc(-c4cnn(CC(F)(F)F)c4)cc23)c(-c2ccc(F)cc2)n1
5119,12.152198659451466,CC(C)(O)Cn1cc(-c2ncnc3oc(-c4cccnc4)cc23)c(-c2ccc(F)cc2)n1
5120,11.470515878255618,NC(=O)CCn1cc(-c2ncnc3oc(-c4ccccc4)cc23)c(-c2ccc(F)cc2)n1
5121,11.24392428416139,OCCn1cc(-c2ncnc3oc(-c4ccccc4Cl)cc23)c(-c2ccc(F)cc2)n1
5122,11.107361014803764,CCn1cc(-c2ncnc3oc(-c4ccccc4Cl)cc23)c(-c2ccc(F)cc2)n1
5123,11.75995806170333,OCCn1cc(-c2ncnc3oc(-c4ccccn4)cc23)c(-c2ccc(F)cc2)n1
5124,10.04885710538579,CC(C)(O)Cn1cc(-c2ncnc3oc(-c4ccccn4)cc23)c(-c2ccccc2)n1
5125,11.34639691649793,O=c1[nH]cccc1-c1cc2c(-c3cn(CC4CC4)nc3-c3ccc(F)cc3)ncnc2o1
5126,11.264367050966726,CCn1cc(-c2ncnc3oc(-c4ccc[nH]c4=O)cc23)c(-c2ccc(F)cc2)n1
5127,10.754613736424771,CC(C)(O)Cn1cc(-c2ncnc3oc(-c4ccc(N)nc4)cc23)c(-c2ccc(F)cc2)n1
5128,11.396165450747882,CC(C)(O)Cn1cc(-c2ncnc3oc(-c4ccc(F)cc4)cc23)c(-c2ccc(F)cc2)n1
5129,11.793805466623965,OCCn1cc(-c2ncnc3oc(-c4cccc(F)n4)cc23)c(-c2ccc(F)cc2)n1
5130,11.433052310969066,CCn1cc(-c2ncnc3oc(-c4cccc(F)n4)cc23)c(-c2ccc(F)cc2)n1
5131,11.74369817209034,OCCn1cc(-c2ncnc3oc(-c4ccc(F)cn4)cc23)c(-c2ccc(F)cc2)n1
5132,11.543517442338985,CCn1cc(-c2ncnc3oc(-c4ccc(F)cn4)cc23)c(-c2ccc(F)cc2)n1
5133,10.108767742673427,CC(C)(O)Cn1cc(-c2ncnc3oc(-c4ccc(O)cc4)cc23)c(-c2ccccc2)n1
5134,11.792956267032851,OCCn1cc(-c2ncnc3oc(-c4ccccc4)cc23)c(-c2ccccc2F)n1
5135,11.535900633052883,CC(C)n1cc(-c2ncnc3oc(-c4ccccc4)cc23)c(-c2ccccc2F)n1
5136,8.024234797937233,CC(C)(O)Cn1cc(Nc2nc(Nc3cccc(NC(=O)C4CC4)c3)nc3c2C(=O)NC3)cn1
5137,8.089956239038282,C=CC(=O)Nc1cccc(Nc2nc3c(c(Nc4cnn(CC(C)(C)O)c4)n2)C(=O)N(C)C3)c1
5138,9.134277749631954,CC(C)(O)Cn1c(NC(=O)c2ccnc(-c3cccnc3)c2)nc2cc(C3CCCOC3)ccc21
5139,9.246803108065748,CC(C)(O)Cn1c(NC(=O)c2ccnc(-c3cnn(CCO)c3)c2)nc2cc(C3CCCOC3)ccc21
5140,8.811833955047222,Cn1c(NC(=O)c2ccnc(-c3cccnc3)c2)nc2cc(C3CCCOC3)ccc21
5141,8.321612214717108,CC(C)(O)Cn1c(NC(=O)c2ccnc(-c3cccnc3)c2)nc2cc(C(N)=O)ccc21
5142,9.448416509477406,Cn1cc(-c2cc(C(=O)Nc3nc4cc(C5CCN(S(C)(=O)=O)CC5)ccc4n3CC(C)(C)O)ccn2)cn1
5143,9.261123202246868,CN1CCC(c2ccc3c(c2)nc(NC(=O)c2ccnc(-c4cnn(C)c4)c2)n3CC2CC2)CC1=O
5144,8.948840826561957,CN1CCC(c2ccc3c(c2)nc(NC(=O)c2ccnc(-c4ccccc4)c2)n3CC(C)(C)O)CC1
5145,9.2000053364586,CN1CCC(c2ccc3c(c2)nc(NC(=O)c2ccnc(-c4cccnc4)c2)n3CC(C)(C)O)CC1
5146,9.109791090373353,CN1CCC(c2ccc3c(c2)nc(NC(=O)c2ccnc(-c4cnn5cccnc45)c2)n3CCO)CC1
5147,9.004647277228015,CN1CCC(c2ccc3c(c2)nc(NC(=O)c2ccnc(-c4cnn(C)c4)c2)n3C)CC1
5148,9.171821893544806,CN1CCC(c2ccc3c(c2)nc(NC(=O)c2ccnc(-c4cnn(C)c4)c2)n3CCO)CC1
5149,8.945951759988994,CN1CCN(c2ccc3c(c2)nc(NC(=O)c2ccnc(-n4cnc5cccc(F)c54)c2)n3CC(C)(C)O)CC1
5150,9.242341350605127,CN1CCN(Cc2ccc3c(c2)nc(NC(=O)c2ccnc(-n4cnc5cccc(F)c54)c2)n3CC(C)(C)O)CC1
5151,8.480172643331233,CC(C)(O)Cn1c(NC(=O)c2cccnc2)nc2cc(C3CCN(C4CC4)CC3)ccc21
5152,9.279634700869035,CC(C)(O)Cn1c(NC(=O)c2ccnc(-c3cccnc3)c2)nc2cc(C3CCN(C4CC4)CC3)ccc21
5153,8.911369847759403,O=C(Nc1nc2cc(CC(=O)N3CCCCC3)ccc2n1CCO)c1ccnc(-c2cccnc2)c1
5154,8.377079221543417,O=C(Nc1nc2cc(CC(=O)N3CCCCC3)ccc2n1Cc1ccccc1)c1ccnc(-c2cccnc2)c1
5155,8.817777159138926,Cn1cc(-c2cc(C(=O)Nc3nc4cc(CC(=O)O)ccc4n3CC(C)(C)O)ccn2)cn1
5156,8.84975009179843,Cn1cc(-c2cc(C(=O)Nc3nc4cc(C(=O)NC5CC5)ccc4n3CC(C)(C)O)ccn2)cn1
5157,8.508041636521382,CC(C)(O)Cn1c(NC(=O)c2ccnc(-c3cccnc3)c2)nc2cc(C(=O)O)ccc21
5158,8.950780119904119,CC(C)(O)Cn1c(NC(=O)c2ccnc(-c3cccnc3)c2)nc2cc(C(=O)N3CCCCC3)ccc21
5159,9.035972064937402,Cn1cc(-c2cc(C(=O)Nc3nc4cc(CC#N)ccc4n3CC3CC3)ccn2)cn1
5160,8.703411843247052,Cn1cc(-c2cc(C(=O)Nc3nc4cc(CC#N)ccc4n3CCO)ccn2)cn1
5161,8.668990504943993,Cn1cc(-c2cc(C(=O)Nc3nc4cc(CCC(N)=O)ccc4n3CC(C)(C)O)ccn2)cn1
5162,8.902492698775944,CC(C)(O)Cn1c(NC(=O)c2ccnc(-c3ccncc3)c2)nc2cc(CCCO)ccc21
5163,8.791538594926262,CC(C)(CO)Cn1c(NC(=O)c2ccnc(-c3cccnc3)c2)nc2cc(C(C)(C)O)ccc21
5164,8.533186980858114,CC(C)(CO)Cn1c(NC(=O)c2ccnc(-c3cccnc3)c2)nc2cc(C#N)ccc21
5165,9.278973495783386,Cn1cc(-c2cc(C(=O)Nc3nc4cc(CN5CCCC5)ccc4n3CC(C)(C)O)ccn2)cn1
5166,9.368239791471712,COc1cccc(-c2cc(C(=O)Nc3nc4cc(CN5CCOCC5)ccc4n3CC(C)(C)O)ccn2)c1
5167,8.957950939028473,CC(C)(O)Cn1c(NC(=O)c2ccnc(-c3ccccc3)c2)nc2cc(CN3CCOCC3)ccc21
5168,9.521816440100933,CN(C)C1CCN(c2ccc3c(c2)nc(NC(=O)c2ccnc(Oc4cccc(O)c4C=O)c2)n3CC(C)(C)O)CC1
5169,9.026718464147773,CN1CCN(c2ccc3c(c2)nc(NC(=O)c2ccnc(-c4cnn(C)c4)c2)n3C2CC2)CC1
5170,9.093142668255663,CN1CCN(c2ccc3c(c2)nc(NC(=O)c2ccnc(-c4cnn(C)c4)c2)n3C2CCC2)CC1
5171,8.394114734230794,CC(C)(O)Cn1c(NC(=O)c2ccnc(-c3cccnc3)c2)nc2cc(Cl)ccc21
5172,9.12284063735589,CC(C)(O)Cn1c(NC(=O)c2ccnc(-c3cccnc3)c2)nc2cc(CN3CCCCC3)ccc21
5173,9.04291478437465,CC(C)(O)Cn1c(NC(=O)c2ccnc(Oc3cccc(O)c3C=O)c2)nc2ccc(C(=O)N3CCOCC3)cc21
5174,9.169313305467977,CC(C)(O)Cn1c(NC(=O)c2ccnc(Oc3cccc(O)c3C=O)c2)nc2ccc(C(=O)N3CCCCC3)cc21
5175,8.489345700952583,CC(C)(O)Cn1c(NC(=O)c2ccnc(Oc3cccc(O)c3C=O)c2)nc2ccc(C#N)cc21
5176,9.50414190529153,CC(C)(O)Cn1c(NC(=O)c2ccnc(Oc3cccc(O)c3C=O)c2)nc2ccc(CN3CCCC3)cc21
5177,9.609870325413194,CC(C)(O)Cn1c(NC(=O)c2ccnc(Oc3cccc(O)c3C=O)c2)nc2ccc(CN3CCCCC3)cc21
5178,9.457416853539677,CC(C)(O)Cn1c(NC(=O)c2ccnc(Oc3cccc(O)c3C=O)c2F)nc2ccc(CN3CCOCC3)cc21
5179,9.30487513983981,CC(C)(O)Cn1c(NC(=O)c2ccnc(Oc3cccc(O)c3C=O)c2F)nc2ccc(CN3CCCC3)cc21
5180,9.36477050357794,CN1CCN(Cc2ccc3nc(NC(=O)c4ccc(F)c(Oc5cccc(O)c5)c4)n(CC(C)(C)O)c3c2)CC1
5181,8.936483868086968,CC(C)(O)Cn1c(NC(=O)c2ccc(F)c(Oc3cccc(O)c3C=O)c2)nc2ccc(CN3CCC3)cc21
5182,8.015301533638421,CC(C)(O)Cn1c(NC(=O)c2cc(Oc3cccc(O)c3C=O)c3sccc3c2)nc2ccc(CN)cc21
5183,7.9878334178805686,CC(C)(O)Cn1c(NC(=O)c2cc(Oc3cccc(O)c3C=O)c3sccc3c2)nc2ccc(Cl)cc21
5184,7.70984570407031,CC(C)(O)Cn1c(NC(=O)c2cc(C#N)cc(Oc3cccc(O)c3C=O)c2)nc2cc(Cl)ccc21
5185,7.710469947639907,CC(C)(O)Cn1c(NC(=O)c2cc(C#N)cc(Oc3cccc(O)c3C=O)c2)nc2ccc(Cl)cc21
5186,7.839733143481578,CC(C)(O)Cn1c(NC(=O)c2cc(Oc3cccc(O)c3C=O)cc(C(=O)O)c2)nc2ccc(Cl)cc21
5187,7.681201289913864,CC(C)(O)Cn1c(NC(=O)c2cc(Oc3cccc(O)c3C=O)cc(C(=O)O)c2)nc2ccc(CN)cc21
5188,8.578528844626694,CN1CCN(Cc2ccc3nc(NC(=O)c4cc(N)cc(Cc5cccc(O)c5C=O)c4)n(C)c3c2)CC1
5189,8.765783316529141,CN1CCN(Cc2ccc3nc(NC(=O)c4cc(Cc5cccc(O)c5C=O)ccc4Cl)n(C)c3c2)CC1
5190,7.853362201725582,CC(C)(O)Cn1c(NC(=O)c2cc(F)cc(Oc3cccc(O)c3C=O)c2)nc2cc(Cl)ccc21
5191,8.998351676520986,CC(C)(O)Cn1c(NC(=O)c2cc(F)cc(Oc3cccc(O)c3C=O)c2)nc2ccc(CN3CCC3)cc21
5192,7.764127131992643,CC(C)(O)Cn1c(NC(=O)c2cccc(Oc3cccc(O)c3C=O)c2)nc2ccc(Cl)cc21
5193,9.214351399066178,CC(C)(O)Cn1c(NC(=O)c2cccc(Oc3cccc(O)c3C=O)c2)nc2ccc(CN3CCCCC3)cc21
5194,8.653943858974941,CC(C)(O)Cn1c(NC(=O)c2cncc(Oc3cccc(O)c3C=O)c2)nc2ccc(Cl)cc21
5195,9.644373059794969,CC(C)(O)Cn1c(NC(=O)c2cncc(Oc3cccc(O)c3C=O)c2)nc2ccc(CN3CCOCC3)cc21
5196,9.257319881541004,CN1CCN(Cc2ccc3nc(NC(=O)c4cc(Cl)nc(Cc5cccc(O)c5)c4)n(CC(C)(C)O)c3c2)CC1
5197,9.519096026331944,CN1CCN(Cc2ccc3nc(NC(=O)c4cc(Cl)nc(Cc5cccc(O)c5CO)c4)n(CC(C)(C)O)c3c2)CC1
5198,9.428909496468295,CN1CCN(Cc2ccc3nc(NC(=O)c4cc(F)nc(Oc5cccc(O)c5)c4)n(CC(C)(C)O)c3c2)CC1
5199,9.193803323176077,CC(C)(O)Cn1c(NC(=O)c2cc(F)nc(Oc3cccc(O)c3C=O)c2)nc2ccc(CN3CCC3)cc21
5200,8.284273707639437,CC(C)(O)Cn1c(NC(=O)c2cc(Oc3cccc(O)c3C=O)nc(C(=O)O)c2)nc2ccc(Cl)cc21
5201,8.532643649157288,CC(C)(O)Cn1c(NC(=O)c2cc(C(=O)Nc3cccc(O)c3C=O)nc3ccc(CN4CCCC4)cc23)nc2c1=CC=CC=C(O)C=2
5202,8.495148735858821,CC(C)(O)Cn1c(NC(=O)c2ccnc(C#Cc3ccc(F)c(O)c3C=O)c2)nc2cc(Cl)ccc21
5203,9.62148100959146,CC(C)(O)Cn1c(NC(=O)c2ccnc(C#Cc3ccc(F)c(O)c3C=O)c2)nc2ccc(CN3CCOCC3)cc21
5204,8.620222842695819,CC(C)(O)Cn1c(NC(=O)c2ccnc(C#Cc3cc(F)cc(O)c3C=O)c2)nc2cc(Cl)ccc21
5205,9.30600296291002,CC(C)(O)Cn1c(NC(=O)c2ccnc(C#Cc3cc(F)cc(O)c3C=O)c2)nc2ccc(CN3CCC3)cc21
5206,9.046967641613442,CN1CCN(Cc2ccc3nc(NC(=O)c4ccnc(C#Cc5cccc(N)c5)c4)n(CC(C)(C)O)c3c2)CC1
5207,8.942521139177499,CC(C)(O)Cn1c(NC(=O)c2ccnc(C#Cc3cccc(N)c3C=O)c2)nc2ccc(CN3CCCC3)cc21
5208,7.937527260930854,Cc1ccc2nc(NC(=O)c3ccnc(C#Cc4cccc(NC(=O)C(F)(F)F)c4)c3)n(CC(C)(C)O)c2c1
5209,8.574951586604927,CN(C)Cc1ccc2nc(NC(=O)c3ccnc(C#Cc4cccc(NC(=O)C5CC5)c4C(F)(F)F)c3)n(CC(C)(C)O)c2c1
5210,8.915885902334198,CN(C)Cc1ccc2nc(NC(=O)c3ccnc(C#Cc4cccc(NC(=O)C5CC5)c4C=O)c3)n(CC(C)(C)O)c2c1
5211,8.417550762452727,CC(C)(O)Cn1c(NC(=O)c2ccnc(C#Cc3cccc(NS(C)(=O)=O)c3C#N)c2)nc2ccc(Cl)cc21
5212,9.469647392045104,CN1CCN(Cc2ccc3nc(NC(=O)c4ccnc(C#Cc5cccc(O)c5)c4)n(CC(C)(C)O)c3c2)CC1
5213,9.492373093023891,CC(C)(O)Cn1c(NC(=O)c2ccnc(C#Cc3cccc(O)c3C=O)c2)nc2ccc(CN3CCCCC3)cc21
5214,8.625461597418727,CC(C)(O)Cn1c(NC(=O)c2ccnc(C#Cc3c(F)ccc(O)c3C=O)c2)nc2cc(Cl)ccc21
5215,9.259771273646335,CC(C)(O)Cn1c(NC(=O)c2ccnc(C#Cc3c(F)ccc(O)c3C=O)c2)nc2ccc(CN3CCC3)cc21
5216,9.307754896830911,CN1CCN(Cc2ccc3nc(NC(=O)c4ccnc(C#Cc5cccnc5)c4)n(CC(C)(C)O)c3c2)CC1
5217,8.915929264407549,Cc1ccc2nc(NC(=O)c3ccnc(-c4cnn(-c5cccc(O)c5C=O)c4)c3)n(CC(C)(C)O)c2c1
5218,9.583059000654243,CN(Cc1cccc(O)c1C=O)c1cc(C(=O)Nc2nc3ccc(CN4CCOCC4)cc3n2CC(C)(C)O)ccn1
5219,9.439616891101934,CN(Cc1cccc(O)c1C=O)c1cc(C(=O)Nc2nc3ccc(CN4CCCC4)cc3n2CC(C)(C)O)ccn1
5220,9.199284747864318,CN(C)Cc1ccc2nc(NC(=O)c3ccnc(-n4cc(-c5cccc(O)c5C=O)cn4)c3)n(CC(C)(C)O)c2c1
5221,8.78883630304178,Cc1ccc2nc(NC(=O)c3ccnc(-n4ccc(-c5cccc(O)c5C=O)n4)c3)n(CC(C)(C)O)c2c1
5222,8.881951725243278,CC(C)(O)Cn1c(NC(=O)c2ccnc(N3CC(Oc4cccc(O)c4C=O)C3)c2)nc2ccc(Cl)cc21
5223,8.883103596225114,CC(C)(O)Cn1c(NC(=O)c2ccnc(N3CC(Oc4cccc(O)c4C=O)C3)c2)nc2cc(Cl)ccc21
5224,10.031508641573538,CN1CCN(Cc2ccc3c(c2)nc(NC(=O)c2ccnc(Oc4ccc(F)c(O)c4C=O)c2)n3CC(C)(C)O)CC1
5225,9.183864382794074,CC(C)(O)Cn1c(NC(=O)c2ccnc(Oc3ccc(F)c(O)c3C=O)c2)nc2ccc(CN3CCC3)cc21
5226,8.514865318987098,CC(C)(O)Cn1c(NC(=O)c2ccnc(Oc3c(F)ccc(O)c3C=O)c2)nc2cc(Cl)ccc21
5227,9.184857608841096,CC(C)(O)Cn1c(NC(=O)c2ccnc(Oc3c(F)ccc(O)c3C=O)c2)nc2ccc(CN3CCC3)cc21
5228,8.632458225755743,CC(C)(O)Cn1c(NC(=O)c2ccnc(Oc3cc(F)cc(O)c3C=O)c2)nc2cc(Cl)ccc21
5229,9.419654708473566,CC(C)(O)Cn1c(NC(=O)c2ccnc(Oc3cc(F)cc(O)c3C=O)c2)nc2ccc(CN3CCC3)cc21
5230,8.610671309278327,CC(C)(O)Cn1c(NC(=O)c2ccnc(Oc3cccc(O)c3C=O)c2)nc2ccc(Cl)cc21
5231,9.235986205637484,CC(C)(O)Cn1c(NC(=O)c2ccnc(Oc3ccccc3C#N)c2)nc2ccc(CN3CCNCC3)cc21
5232,9.431251738612335,CN1CCN(Cc2ccc3nc(NC(=O)c4cccc(Oc5ccccc5C=O)c4)n(CC(C)(C)O)c3c2)CC1
5233,7.734668673753993,CC(C)(O)Cn1c(NC(=O)c2ccc(Oc3cccc(O)c3C=O)cc2)nc2ccc(Cl)cc21
5234,9.011838180667203,CC(C)(O)Cn1c(NC(=O)c2ccc(Oc3cccc(O)c3C=O)cc2)nc2ccc(CN3CCCC3)cc21
5235,9.646630586166859,CN1CCN(Cc2ccc3c(c2)nc(NC(=O)c2ccc(Oc4cccc(O)c4C=O)s2)n3CC(C)(C)O)CC1
5236,9.232393403682883,CC(C)(O)Cn1c(NC(=O)c2ccc(Oc3cccc(O)c3C=O)s2)nc2ccc(CN3CCOCC3)cc21
5237,8.304331728998022,CC(C)(O)Cn1c(NC(=O)c2cnc(C#N)c(Oc3cccc(O)c3C=O)n2)nc2ccc(Cl)cc21
5238,10.055591443247192,CN1CCN(Cc2ccc3c(c2)nc(NC(=O)c2cnc(C#N)c(Oc4cccc(O)c4C=O)n2)n3CC(C)(C)O)CC1
5239,8.579763986057424,CC(C)(O)Cn1c(NC(=O)c2cncc(Oc3cccc(O)c3C=O)n2)nc2ccc(Cl)cc21
5240,9.520553676211495,CC(C)(O)Cn1c(NC(=O)c2cncc(Oc3cccc(O)c3C=O)n2)nc2ccc(CN3CCOCC3)cc21
5241,8.375944651520461,CC(C)(O)Cn1c(NC(=O)c2cccc(Oc3cccc(O)c3C=O)n2)nc2ccc(Cl)cc21
5242,9.672063232624943,CC(C)(O)Cn1c(NC(=O)c2cccc(Oc3cccc(O)c3C=O)n2)nc2ccc(CN3CCOCC3)cc21
5243,10.337288920123118,CN1CCN(Cc2ccc3nc(NC(=O)c4ccnc(Oc5cccc(O)c5C=O)c4)n(CC(C)(C)O)c3c2)CC1
5244,8.586530284380942,CC#Cc1cc(C(=O)Nc2nc3ccc(CN4CCOCC4)cc3n2CC(C)(C)O)ccn1
5245,8.922756390633957,CC(C)(O)Cn1c(NC(=O)c2ccnc(C#Cc3ccccc3)c2)nc2ccc(CN3CCOCC3)cc21
5246,9.052348664104088,CC(C)(O)Cn1c(NC(=O)c2ccnc(Oc3cccc(O)c3C#N)c2)nc2ccc(N3CCC(C(C)(C)O)CC3)cc21
5247,9.244706170957151,CC(C)(O)Cn1c(NC(=O)c2ccnc(Oc3cccc(O)c3C=O)c2)nc2ccc(N3CCC(O)CC3)cc21
5248,9.42695373758877,CN1CCN(c2ccc3nc(NC(=O)c4ccnc(Oc5cccc(O)c5C=O)c4)n(CC(C)(C)O)c3c2)CC1
5249,8.640428558048637,CC(C)(O)Cn1c(NC(=O)c2ccnc(Oc3cccc(O)c3C=O)c2)nc2ccc(F)cc21
5250,8.293645077970146,O=C(Nc1nc2ccccc2n1CCO)c1cc(F)cc(-c2cccnc2)c1
5251,8.380858003450255,O=C(Nc1nc2ccccc2n1CCCO)c1cc(F)cc(-c2cccnc2)c1
5252,8.104148931603637,Cn1c(NC(=O)c2ccnc(C#Cc3cccc(O)c3C=O)c2)nc2ccccc21
5253,8.200416887319951,CC(C)(O)Cn1c(NC(=O)c2ccnc(C#Cc3ccccc3)c2)nc2ccccc21
5254,8.338267209551399,CC(C)n1c(NC(=O)c2ccnc(C#Cc3cccc(C=O)c3O)c2)nc2ccccc21
5255,8.488631933159448,O=Cc1cccc(C#Cc2cc(C(=O)Nc3nc4ccccc4n3CCCO)ccn2)c1O
5256,8.866091265368542,CC(C)(O)Cn1c(NC(=O)c2ccnc(-c3ccccc3)c2)nc2ccccc21
5257,8.886323664096619,COc1ccncc1-c1cc(C(=O)Nc2nc3ccccc3n2CC(C)(C)O)cc(C)n1
5258,8.739302523898289,O=C(Nc1nc2ccccc2n1CCCO)c1ccnc(-c2cnn3ccccc23)c1
5259,8.706175109321189,O=C(Nc1nc2ccccc2n1CCO)c1ccnc(-c2cnn3ccccc23)c1
5260,8.739878251358551,O=C(Nc1nc2ccccc2n1CCCO)c1ccnc(-c2cnn3cccnc23)c1
5261,8.668029844118147,O=C(Nc1nc2ccccc2n1CCO)c1ccnc(-c2cnn3cccnc23)c1
5262,8.448476591606482,O=Cc1c(O)cccc1-c1ccc(-c2cc(C(=O)Nc3nc4ccccc4n3CCO)ccn2)cc1
5263,8.45746186940447,O=Cc1c(O)cccc1-c1ccc(-c2cc(C(=O)Nc3nc4ccccc4n3CCCO)ccn2)cc1
5264,8.484142437291668,O=Cc1c(O)cccc1-c1cc(C(=O)Nc2nc3ccccc3n2CCO)ccn1
5265,8.505462572377361,O=Cc1c(O)cccc1-c1cc(C(=O)Nc2nc3ccccc3n2CCCO)ccn1
5266,8.632994681700648,CN(C)Cc1cccc(-c2cc(C(=O)Nc3nc4ccccc4n3CCO)ccn2)c1
5267,8.604761578099499,CN(C)Cc1cccc(-c2cc(C(=O)Nc3nc4ccccc4n3CCCO)ccn2)c1
5268,8.237216999078123,O=C(Nc1nc2ccccc2n1CCO)c1ccnc(-c2ccccc2)c1
5269,8.284728625444671,O=C(Nc1nc2ccccc2n1CCCO)c1ccnc(-c2ccccc2)c1
5270,8.547589916791631,COc1ccccc1-c1cc(C(=O)Nc2nc3ccccc3n2CC(C)(C)O)cc(C)n1
5271,8.697696830331825,O=C(Nc1nc2ccccc2n1CCCO)c1ccnc(-c2cccn3cnnc23)c1
5272,8.692143123974462,O=C(Nc1nc2ccccc2n1CCO)c1ccnc(-c2cccn3cnnc23)c1
5273,8.461523792569112,CC(C)(CO)Cn1c(NC(=O)c2ccnc(-c3ccccc3)c2)nc2ccccc21
5274,9.066504755593646,Cn1cc(-c2cc(C(=O)Nc3nc4ccccc4n3CC(C)(C)C)ccn2)cn1
5275,8.622822973614765,Cn1cc(-c2cc(C(=O)Nc3nc4ccccc4n3CCO)ccn2)cn1
5276,8.585207969831963,Cn1cc(-c2cc(C(=O)Nc3nc4ccccc4n3CC(C)(C)O)ccc2F)cn1
5277,8.19057725949168,O=C(Nc1nc2ccccc2n1CCO)c1ccnc(-c2cccnc2)c1
5278,8.335360753237111,O=C(Nc1nc2ccccc2n1CCCO)c1ccnc(-c2cccnc2)c1
5279,8.351365671088342,CCn1c(NC(=O)c2ccnc(CCc3cccc(O)c3C=O)c2)nc2ccccc21
5280,8.640806705332427,CN(C)CCn1c(NC(=O)c2ccnc(CCc3cccc(O)c3C=O)c2)nc2ccccc21
5281,8.439214763274641,CCn1c(NC(=O)c2ccnc(COc3cccc(O)c3C=O)c2)nc2ccccc21
5282,8.679427897877748,O=Cc1c(O)cccc1OCc1cc(C(=O)Nc2nc3ccccc3n2CCCO)ccn1
5283,8.487785874427452,O=C(Nc1nc2ccccc2n1CCCO)c1ccnc(-n2cnc3ccccc32)c1
5284,8.425618391340482,O=C(Nc1nc2ccccc2n1CCO)c1ccnc(-n2cnc3ccccc32)c1
5285,8.695041451257788,O=Cc1c(O)cccc1N1CCN(c2cc(C(=O)Nc3nc4ccccc4n3CCCO)ccn2)CC1
5286,8.589473235836456,O=Cc1c(O)cccc1N1CCN(c2cc(C(=O)Nc3nc4ccccc4n3CCO)ccn2)CC1
5287,8.504262287232512,O=Cc1c(O)cccc1Oc1cc(C(=O)Nc2nc3ccccc3n2CCCO)ccn1
5288,8.527456835006054,O=Cc1c(O)cccc1Oc1cc(C(=O)Nc2nc3ccccc3n2CCO)ccn1
5289,8.111701580218025,O=C(Nc1nc2ccccc2n1CCO)c1cccc(-c2cccnc2)c1
5290,8.19174436642465,O=C(Nc1nc2ccccc2n1CCCO)c1cccc(-c2cccnc2)c1
5291,8.629388458135411,O=C(Cc1ccc(F)cc1)Nc1cc(-c2[nH]c3c(c2Nc2ccccc2)C(=O)NCC3)ccn1
5292,8.665573745914509,CN1CCc2[nH]c(-c3ccnc(NC(=O)Cc4ccc(F)cc4)c3)c(Nc3ccccc3)c2C1=O
5293,8.476713721464485,CC(C)(O)CN1CCN(c2ccc(Nc3ncc4cccc(-c5cccc(S(C)(=O)=O)c5)c4n3)cc2)CC1
5294,8.44367985694192,CC(C)(O)CN1CCN(c2ccc(Nc3ncc4cccc(-c5cccc(C(=O)NCCO)c5)c4n3)cc2)CC1
5295,8.792664785216543,CC(C)(CN1CCOCC1)NC/C=C/C(=O)N1CCc2c(sc3ncnc(Nc4ccccc4)c23)C1
5296,11.117907166742617,CCn1nc(-c2ccc(F)cc2)c(-c2ncnc3oc(-c4ccccc4)cc23)n1
5297,11.057411724779264,OCCn1nc(-c2ccc(F)cc2)c(-c2ncnc3oc(-c4ccccc4)cc23)n1
5298,9.256670902784382,CC(C)(CNc1c(C#N)cnc2c(C#N)cc(N[C@H](C3=CN(CCO)CC3)c3ccc(F)c4ncccc34)cc12)CN1CCCC1
5299,8.8267802686902,N#Cc1cc(N[C@H](C2=CN(C3CCC3)NC2)c2ccc(F)c3ncccc23)c2cc(F)c(NCCN)c(C#N)c2c1
5300,8.979974965668767,CC(C)(C)N1C=C([C@@H](Nc2cc(C#N)c3ncc(C#N)c(NCC(F)(F)F)c3c2)c2cccc3ncccc23)NC1
5301,9.202963470213794,CC(C)(CNc1c(C#N)cnc2c(C#N)cc(N[C@H](C3=CN(C4CCC4)CC3)c3cccc4ncccc34)cc12)C(F)F
5302,8.73192823521879,N#Cc1cc(N[C@H](C2=CN(C3(C(F)(F)F)CC3)NC2)c2cccc3ncccc23)c2cc(F)c(NCCO)nc2c1
5303,8.4818250148377,CC(C)(CNc1c(C#N)cnc2c(C#N)cc(N[C@H](C3=CN(C4CCC4)CC3)c3ccccc3)cc12)C(F)(F)F
5304,9.253858524338117,Cn1ccc2c1=NC=2[C@H](Nc1cc(C#N)c2ncc(Cl)c(NCC(C)(C)C(F)(F)F)c2c1)C1=CN(C2(C(F)F)CC2)NC1
5305,9.101028897877642,N#Cc1cc(N[C@H](C2=CN(C3(C(F)F)CC3)NN2)C2=CC=CC2F)c2ncc(C#N)c(NC3CCCCC3)c2n1
5306,8.98021357928155,N#Cc1cc(N[C@H](C2=CN(C3(C(F)F)CC3)NN2)C2=CC=CC2F)c2ncc(C#N)c(NC3CC3)c2n1
5307,8.09024202702202,CC(C)(CNc1c(C#N)cnc2c(Cl)cc(N[C@H](C3=CNC3)c3ccc(F)cc3Cl)cc12)C(F)(F)F
5308,9.19231507098992,CC(C)(CNc1c(C#N)cnc2c(Cl)cc(N[C@H](C3=CN(CCO)CC3)c3ccc(F)c4ncccc34)cc12)CN1CCC1
5309,8.650361581591083,CC(C)(CNc1c(C#N)cnc2c(Cl)cc(N[C@H](C3=CNC3)c3ccc(F)c4ncccc34)cc12)C(F)(F)F
5310,8.861922939497548,CC(C)(C)N1C=C([C@@H](Nc2cc(Cl)c3ncc(C#N)c(NCC(F)(F)F)c3c2)c2cccc3ncccc23)NC1
5311,9.009697893946578,CC(C)(CNc1c(C#N)cnc2c(Cl)cc(N[C@H](C3=CN(C4CCC4)CC3)c3cccc4ncccc34)cc12)C(F)F
5312,9.372409762840844,CC(C)(CNc1ncnc2c(Cl)cc(N[C@H](C3=CN(C4(C5CC5)CC4)NN3)c3cccc4ncccc34)cc12)C(F)(F)F
5313,9.12128780710341,CC(C)(CNc1ncnc2c(Cl)cc(N[C@H](C3=CN(C4(C5CC5)CC4)NN3)c3ccccc3Cl)cc12)C(F)(F)F
5314,8.569324696700653,CC(C)(CNc1c(C#N)cnc2c(Cl)cc(N[C@H](C3=CNC3)c3cccc4ncccc34)cc12)C(F)(F)F
5315,9.015100780554064,CC(C)(CNc1c(C#N)cnc2c(Cl)cc(N[C@H](C3=CN(C4CCC4)CN3)c3cccc4ncccc34)cc12)C(F)(F)F
5316,9.533820734147971,Cn1ccc2c([C@H](Nc3cc(Cl)c4ncc(C#N)c(NCCF)c4c3)C3=CN(C4(C5CC5)CC4)NN3)n[nH]c21
5317,9.391475893139138,COc1cccc([C@H](Nc2cc(Cl)c3ncc(C#N)c(NCC(C)(C)CO)c3c2)C2=CN(C34CC(C3)NN4)C2)c1
5318,8.270512916299689,CC(C)(CO)Oc1ccc(Nc2ncc(F)c(Nc3cccc(NC(=O)C4CC4)c3)n2)cc1F
5319,8.402008537364793,CC(C)(CO)Oc1cc(Nc2ncc(F)c(Nc3cccc(NC(=O)C4CC4)c3)n2)ccc1Cl
5320,8.456390463432182,CC(C)(CO)Oc1cc(Nc2ncc(F)c(Nc3cccc(NC(=O)CCCN)c3)n2)ccc1Cl
5321,8.309044802625973,CC(C)(CO)Oc1ccc(Nc2ncc(F)c(Nc3cccc(NC(=O)C4CC4)c3)n2)cc1
5322,8.348084440938168,CC(C)(CO)Oc1ccc(Nc2ncc(F)c(Nc3cccc(NC(=O)CCCN)c3)n2)cc1
5323,8.331284427651442,CC(C)(CO)Oc1cccc(Nc2ncc(F)c(Nc3cccc(NC(=O)C4CC4)c3)n2)c1
5324,8.399554937712042,CC(C)(CO)Oc1cccc(Nc2ncc(F)c(Nc3cccc(NC(=O)CCCN)c3)n2)c1
5325,8.32209436268085,CC(C)(O)COc1ccc(Nc2ncc(F)c(Nc3cccc(NC(=O)C4CC4)c3)n2)cc1F
5326,8.267409247311079,CC(C)(O)COc1ccc(Nc2ncc(F)c(Nc3cccc(NC(=O)CCC(=O)O)c3)n2)cc1F
5327,8.623264528038444,CN(C)CC(=O)NC(C)(C)COc1cc2ncnc(Nc3ccc(Br)cc3F)c2cc1N
5328,8.917841077820094,CN(C)CC(=O)NC(C)(C)COc1cc2ncnc(Nc3ccc(Br)cc3F)c2cc1NC(=O)CN1CCCC1
5329,8.451494511237549,CC(C)(O)COc1cc(Nc2ncc(F)c(Nc3cccc(NC(=O)C4CC4)c3)n2)ccc1Cl
5330,8.350612714279817,CC(C)(O)COc1cc(Nc2ncc(F)c(Nc3cccc(NC(=O)CCC(=O)O)c3)n2)ccc1Cl
5331,8.523094277680944,COc1ccncc1-c1[nH]c2c(c1Nc1ccc(F)c(F)c1F)C(=O)NCC2
5332,8.515031144381911,COc1cnccc1-c1[nH]c2c(c1Nc1ccc(F)c(F)c1F)C(=O)NCC2
5333,9.243688100372559,COc1cc(F)c(F)cc1Nc1c(-c2cnccc2OC)[nH]c2c1C(=O)NCC2
5334,10.578701061060578,COc1c(F)cc(F)cc1Nc1c(-c2ccncc2OCC(C)(C)O)[nH]c2c1C(=O)NCC2
5335,9.183848079965538,COc1cnccc1-c1[nH]c2c(c1Nc1cccc(F)c1CC(F)F)C(=O)NCC2
5336,10.092961203131212,COC(C)(C)COc1cnccc1-c1[nH]c2c(c1Nc1cccc(F)c1CC(F)F)C(=O)NC2
5337,9.256223597339401,COc1cnccc1-c1[nH]c2c(c1Nc1cccc(F)c1O)C(=O)NCC2
5338,9.727177967061897,CC(C)(C)COc1cnccc1-c1[nH]c2c(c1Nc1cccc(F)c1O)C(=O)NCC2
5339,9.473485486611088,COc1cnccc1-c1[nH]c2c(c1Nc1cccc(F)c1OC(F)F)C(=O)NCC2
5340,10.196847471679932,O=C1NCCc2[nH]c(-c3ccncc3OCCO)c(Nc3cccc(F)c3OC(F)F)c21
5341,10.250612066613437,COc1c(F)cccc1Nc1c(-c2ccncc2OCC2CC2)[nH]c2c1C(=O)NCC2
5342,10.651161325056906,COc1c(F)cccc1Nc1c(-c2ccncc2OCC(C)(C)O)[nH]c2c1C(=O)NCC2
5343,9.954299145362453,COc1cnccc1-c1[nH]c2c(c1Nc1cccc(F)c1OCC(F)F)C(=O)NCC2
5344,9.90541286273046,O=C1NCCc2[nH]c(-c3ccncc3OCCO)c(Nc3cccc(F)c3OCC(F)F)c21
5345,8.913704076998913,COc1cnccc1-c1[nH]c2c(c1Nc1cc(F)cc(F)c1)C(=O)NCC2
5346,9.26074050592287,O=C1NCCc2[nH]c(-c3ccncc3OCC3CC3)c(Nc3cc(F)cc(F)c3)c21
5347,8.616138195015585,COc1cnccc1-c1[nH]c2c(c1Nc1cccc(F)c1)C(=O)NCC2
5348,9.912367258527393,O=C1NCCc2[nH]c(-c3ccncc3OCCN3CCOCC3)c(Nc3cccc(F)c3)c21
5349,8.0878995391318,O=C1NCCc2[nH]c(-c3ccncc3O)c(Nc3cccc(F)c3)c21
5350,7.73978412063834,O=C1NCCc2[nH]c(-c3ccncc3Cl)c(Nc3cccc(F)c3)c21
5351,9.073246152867299,CC(C)(C)COc1cnccc1-c1[nH]c2c(c1Nc1cccc(F)c1)C(=O)NCC2
5352,8.382408590338041,CC(C)(O)COc1cccc(Nc2ncc(F)c(Nc3cccc(NC(=O)C4CC4)c3)n2)c1
5353,8.252041674828627,CC(C)(O)COc1cccc(Nc2ncc(F)c(Nc3cccc(NC(=O)CCC(=O)O)c3)n2)c1
5354,8.598427873745079,CC(C)(O)COc1ccc(Nc2ncc(F)c(Nc3cccc(NC(=O)C4CC4)c3)n2)cn1
5355,8.499755117872798,CC(C)(O)COc1ccc(Nc2ncc(F)c(Nc3cccc(NC(=O)CCCN)c3)n2)cn1
5356,8.397790935762146,CC(C)(O)COc1ccc(Nc2ncc(F)c(Nc3cccc(C(C#N)C4CC4)c3)n2)cn1
5357,8.335014794202975,C=C(C#N)C(O)c1cccc(Nc2nc(Nc3ccc(OCC(C)(C)O)nc3)ncc2C)c1
5358,8.473535723790903,CC(C)[C@H](CO)Nc1ncnc2oc(-c3ccccc3)c(-c3cccc(NC(=O)CN)c3)c12
5359,8.572402522490057,CC(C)[C@H](CO)Nc1ncnc2oc(-c3ccccc3)c(-c3cccc(NC(=O)CN(C)C)c3)c12
5360,7.930991617156184,C[C@@H](NC(=O)OC(C)(C)C)C(=O)Nc1ccc2ncnc(Nc3cccc(C(F)(F)F)c3)c2c1
5361,8.163309504361674,COc1cc(N2CCN(C)CC2)ccc1Nc1ncc(Cl)c(Oc2cccc(NC(=O)CCC(C)C)c2)n1
5362,8.43070739186789,COc1cc(NC(=O)CN(C)C)c(NC(=O)/C=C\C(C)C)cc1Nc1ncc(C#N)c(-c2cn(C)c3ccc(F)cc23)n1
5363,8.426613484452641,COc1cc(NC(=O)CCN(C)C)c(NC(=O)/C=C\C(C)C)cc1Nc1ncc(C#N)c(-c2cn(C)c3ccc(F)cc23)n1
5364,8.356961728340313,COc1cc(NC(=O)CN(C)C)c(NC(=O)/C=C\C(C)C)cc1Nc1ncc(C#N)c(-c2cn(C)c3ccccc23)n1
5365,8.339163196844659,COc1cc(NC(=O)CCN(C)C)c(NC(=O)/C=C\C(C)C)cc1Nc1ncc(C#N)c(-c2cn(C)c3ccccc23)n1
5366,8.411754355948888,COc1cc(NC(=O)/C=C\C(C)C)ccc1Nc1nccc(-c2cn(C)c3ccc(F)cc23)n1
5367,8.235772739100296,COc1cc(NC(=O)/C=C\C(C)C)cc(Nc2nccc(-c3cn(C)c4ccc(F)cc34)n2)c1OC
5368,8.243916040789358,COc1cc(NC(=O)/C=C\C(C)C)ccc1Nc1nccc(-c2cn(C)c3ccccc23)n1
5369,8.435801054848216,COc1cc(NC(=O)CCN(C)C)c(NC(=O)/C=C\C(C)C)cc1Nc1nccc(-c2cn(C)c3ccccc23)n1
5370,8.430682418339973,COc1cc(NC(=O)CCN(C)C)c(Nc2nc3c(c(-c4cn(C)c5ccccc45)n2)CS(=O)(=O)C3)cc1NC(C)=O
5371,8.42008300274509,COc1cc(NC(=O)CCN(C)C)c(Nc2nc3c(c(-c4cn(C)c5ccccc45)n2)CS(=O)(=O)C3)cc1OC
5372,8.542979635530736,COc1cc(NC(=O)CCN(C)C)c(Nc2nc3c(c(-c4cn(C)c5ccccc45)n2)CSCC3)cc1NC(C)=O
5373,8.600121862871228,COc1cc(NC(=O)CN(C)C)c(NC(=O)/C=C\C(C)C)cc1Nc1nc2c(c(-c3cn(C)c4ccccc34)n1)CSCCCC2
5374,7.995966818348996,COc1cc(Nc2ncc(N(C)C(=O)C(C)C)c(-c3cn(C)c4ccccc34)n2)c(N(C)C)cc1OC
5375,8.141884425061917,COc1cc(N(C)C)c(OC)cc1Nc1ncc(N(C)C(=O)C(C)C)c(-c2cn(C)c3ccccc23)n1
5376,8.342007284147945,COc1cc(N2CCN(C(=O)C(C)C)CC2)ccc1Nc1ncc(SC)c(Oc2cccc(NC(C)=O)c2)n1
5377,7.998038736057792,COc1cc(N2CCN(C(=O)C(C)C)CC2)ccc1Nc1ncc(OC)c(Oc2cccc(NC(C)=O)c2)n1
5378,8.473213684281795,C=CC(=O)Nc1cc(Nc2ncc(NC(=O)C(C)C)c(-c3ccccc3)n2)c(OC)cc1N(C)CCN(C)C
5379,8.046669066804208,COc1cc(Nc2ncc(NC(=O)C(C)C)c(-c3cn(C)c4ccccc34)n2)c(N(C)C)cc1OC
5380,8.67649638325471,CC(C)NCCOc1cc2ncnc(Nc3ccc(Br)cc3F)c2cc1NC(=O)C(C)C
5381,8.495259929744629,CC(C)C(=O)NCCOc1cc2ncnc(Nc3ccc(Br)cc3F)c2cc1NC(=O)C(C)C
5382,8.20440409871024,CC(C)CC(=O)N1CCc2c(sc3ncnc(Nc4cc(O)cc(Cl)c4)c23)C1
5383,8.653316345329717,CC(C)(C)/C=C/C(=O)N1CCc2c(sc3ncnc(Nc4cc(O)cc(Cl)c4)c23)C1
5384,7.641057337812561,CC(C)n1cnc2c(Nc3ccc(N4CCNCC4)cc3)nc(Cl)nc21
5385,7.794305409047788,CC(C)n1cnc2c(Nc3ccc(N4CCNCC4)cc3)nc(NCCO)nc21
5386,8.592721449931298,CN(C)CC(=O)NC(COc1cc2ncnc(Nc3ccc(Br)cc3F)c2cc1N)C(C)(C)C
5387,8.725777963177572,CC(C)NC(=O)Nc1cc2c(Nc3ccc(Br)cc3F)ncnc2cc1OCC(NC(=O)CN(C)C)C1CC1
5388,8.486125747971435,CC(C)C[C@H](NC(=O)OC(C)(C)C)C(=O)Nc1ccc2ncnc(Nc3ccc(F)c(Cl)c3)c2c1
5389,8.038497928469193,CC(C)C[C@H](NC(=O)OC(C)(C)C)C(=O)Nc1ccc2ncnc(Nc3cccc(C(F)(F)F)c3)c2c1
5390,8.146659501966566,CC(C)c1ccc(C(=O)Nc2ccc(CN3CCN(C)CC3)cc2)cc1NC(=O)c1cnc2[nH]ccc2c1
5391,8.448692057381912,CC(C)c1ccc(C(=O)Nc2ccc(CN3CCN(C)CC3)c(F)c2)cc1NC(=O)c1cnc2[nH]ccc2c1
5392,8.359745955360442,CC(C)c1nc(C(N)=O)c(Nc2ccc(N3CCN(C)CC3)cc2)nc1Oc1cccc(C(=O)O)c1
5393,8.29749270946424,CC(C)c1nc(C(N)=O)c(Nc2ccc(N3CCN(C)CC3)cc2)nc1Oc1cccc(NC(=O)C(C)(C)C)c1
5394,8.44640291514257,CC(C)c1nc(C(N)=O)c(Nc2cnn(C3CCN(C)CC3)c2)nc1Oc1cccc(NC(=O)C2CC2)c1
5395,8.534343351678409,CC(C)c1nc(C(N)=O)c(Nc2cnn(C3CCN(C)CC3)c2)nc1Oc1cccc(NC(=O)C(C)(C)C)c1
5396,8.4936844931529,CC(C)c1ccc(N2CCN(C)CC2)c2cnc(Nc3ccnc(N4CCC(O)CC4)c3)nc12
5397,8.282837309533813,CC(C)c1ccc(N2CCC(N)CC2)c2cnc(Nc3ccnc(N4CCC(O)CC4)c3)nc12
5398,8.843529117477022,C=CC(=O)Nc1cc(Nc2nccc(-c3cc(F)c4nn(C)c(C(C)C)c4c3)n2)ccc1N(C)CCN(C)C
5399,8.486158099177292,C=CC(=O)Nc1cc(Nc2nccc(-c3cc(F)c4nn(C)c(C(C)C)c4c3)n2)c(C)cc1OC
5400,8.545913255479812,CC(C)c1ccc(N2CC3(CCNC3)C2)c2ccc(Nc3ccnc(N4CCC(O)CC4)n3)cc12
5401,8.518398636193009,CC(C)c1ccc(N2CC3(CCN(C)C3)C2)c2ccc(Nc3ccnc(N4CCC(O)CC4)n3)cc12
5402,8.435310239524116,C=CC(=O)Nc1cc(Nc2nccc(-c3ccc4nn(C)c(C(C)C)c4c3)n2)c(C)cc1N(C)C
5403,8.679035990881255,C=CC(=O)Nc1cc(Nc2nccc(-c3ccc4nn(C)c(C(C)C)c4c3)n2)ccc1N(C)CCN(C)C
5404,9.333952076173325,CC(C)c1cc(C#N)c(N2CCNCC2)c2cnc(Nc3ccnc(N4CCC(O)C(F)C4)n3)cc12
5405,8.40147140296508,CC(C)c1cc(C#N)c(N2CC(C)(C)C2)c2cnc(Nc3ccnc(N4CCC(O)CC4)n3)cc12
5406,8.732651957562041,CC(C)c1ccc(C2CN(CCO)C2)c2cnc(Nc3ccnc(N4CCC(O)CC4)n3)cc12
5407,8.43821900881774,CC(C)c1ccc(C2CN(C)C2)c2cnc(Nc3ccnc(N4CCC(O)CC4)n3)cc12
5408,9.13511829392718,CC(C)c1ccc(N2CC(CO)C2(C)C)c2cnc(Cc3ccnc(N4CCC(O)C(F)C4)n3)cc12
5409,9.078170893772361,CC(C)c1ccc(N2CC(C(N)=O)C2(C)C)c2cnc(Cc3ccnc(N4CCC(O)C(F)C4)n3)cc12
5410,8.893928333655781,CC(C)c1ccc(N2CC(c3ccc[nH]c3=O)C2)c2cnc(Nc3ccnc(N4CCN(C)CC4)n3)cc12
5411,8.882186172899752,CC(C)c1ccc(N2CC(c3ccc[nH]c3=O)C2)c2cnc(Nc3ccnc(N4CCNCC4)n3)cc12
5412,8.770954248025827,CC(C)c1ccc(N2CC(c3cccnc3)C2)c2cnc(Nc3ccnc(N4CCN(C)CC4)n3)cc12
5413,8.748212324966117,CC(C)c1ccc(N2CC(c3cccnc3)C2)c2cnc(Nc3ccnc(N4CCNCC4)n3)cc12
5414,8.847210779719564,CC(C)c1ccc(N2CC(c3cscn3)C2)c2cnc(Nc3ccnc(N4CCN(C)CC4)n3)cc12
5415,8.85855798246152,CC(C)c1ccc(N2CC(c3cscn3)C2)c2cnc(Nc3ccnc(N4CCCNCC4)n3)cc12
5416,9.371493129256125,CC(C)c1ccc(N2CC(C(N)=O)C2)c2cnc(Nc3ccnc(N4CCC(O)C(F)C4)n3)cc12
5417,8.672234401782992,CC(C)c1ccc(N2CC(C(=O)N(C)C)C2)c2cnc(Nc3ccnc(N4CCC(O)CC4)n3)cc12
5418,9.419581535172417,CC(C)c1ccc(N2CC(C)(C)C2)c2cnc(Nc3ccnc(-c4cnn(S(=O)(=O)C5CC5)c4)n3)cc12
5419,8.688103999929032,CC(C)c1ccc(N2CC(CC(N)=O)C2)c2cnc(Nc3ccnc(-c4cnn(C)c4)n3)cc12
5420,8.697942901690533,CC(C)c1ccc(N2CCN(C)CC2)c2cnc(Nc3ccnc(C#Cc4cccc(O)c4C=O)n3)cc12
5421,8.797039279851823,CC(C)c1ccc(N2CCN(C)CC2)c2cnc(Nc3ccnc(C#Cc4cccc(O)c4C(=O)O)n3)cc12
5422,8.75935477748486,CC(C)c1ccc(N2CCN(C)CC2)c2cnc(Nc3ccnc(-c4ccc(O)c(C(=O)O)c4)n3)cc12
5423,8.653460284449794,CC(C)c1ccc(N2CCC(N)CC2)c2cnc(Nc3ccnc(-c4ccc(O)c(C(=O)O)c4)n3)cc12
5424,8.530378737276756,CC(C)c1ccc(N2CCNCC2)c2cnc(Nc3ccnc(-c4cccc(-c5cccc(O)c5C=O)c4)c3)cc12
5425,8.488206139694434,CC(C)c1ccc(N2CCN(C)CC2)c2cnc(Nc3ccnc(-c4cccc(-c5cccc(O)c5C=O)c4)c3)cc12
5426,9.273816580285166,CC(C)c1ccc(N2CCN(S(C)(=O)=O)CC2)c2cnc(Nc3ccnc(-c4cnn(CC(F)(F)F)c4)n3)cc12
5427,8.632437181744043,CC(C)c1ccc(N2CCN(C)CC2)c2cnc(Nc3ccnc(-c4cnn(CC(F)(F)F)c4)n3)cc12
5428,9.175721166501548,CC(C)c1ccc(N2CCN(S(C)(=O)=O)CC2)c2cnc(Nc3ccnc(-c4cnn(S(C)(=O)=O)c4)n3)cc12
5429,9.106678828600957,CC(C)c1ccc(N2CCC(N)C2)c2cnc(Nc3ccnc(-c4cnn(S(C)(=O)=O)c4)n3)cc12
5430,9.277322596955024,CC(C)c1ccc(N2CCNCC2)c2cnc(Nc3ccnc(-c4cnn(S(=O)(=O)C5CC5)c4)n3)cc12
5431,8.854889771419787,CS(=O)(=O)C1CN(c2cccc3cnc(Nc4ccnc(-c5cnn(S(=O)(=O)C6CCC6)c5)n4)nc23)C1
5432,9.191882634281198,CC(C)c1ccc(N2CCN(S(C)(=O)=O)CC2)c2cnc(Nc3ccnc(-c4cn[nH]c4)n3)cc12
5433,8.518515034060933,CC(C)c1ccc(N2CCN(C)CC2)c2cnc(Nc3ccnc(-c4cn[nH]c4)n3)cc12
5434,8.406855764153077,COc1cccc(-c2nccc(Nc3cc4c(cn3)N(C)CC(CS(C)(=O)=O)C4)n2)n1
5435,8.433901568731109,COc1cccc(-c2nccc(Nc3cc4c(cn3)N(C)CC(CS(C)(=O)=O)CC4)n2)n1
5436,8.796243649812814,CC(C)c1ccc(N2CCN(C)CC2)c2cnc(Nc3ccnc(COc4cccc(O)c4C=O)n3)cc12
5437,9.000113898807147,CC(C)c1ccc(N2CCN(C)CC2)c2cnc(Nc3ccnc(COc4cccc(O)c4C(=O)O)n3)cc12
5438,9.04796660039474,CC(C)c1ccc(N2CCN(C)CC2)c2cnc(Nc3ccnc(N(C)Cc4cccc(C(=O)O)c4O)n3)cc12
5439,9.001698515475534,CC(C)c1ccc(N2CCNCC2)c2cnc(Nc3ccnc(N(C)Cc4cccc(C(=O)O)c4O)n3)cc12
5440,8.880039341016941,CC(C)c1ccc(N2CCN(C)CC2)c2cnc(Nc3ccnc(N(C)Cc4cccc(O)c4C=O)n3)cc12
5441,9.06588471619252,CC(C)c1ccc(N2CCN(C)CC2)c2cnc(Nc3ccnc(N(C)Cc4cccc(O)c4C(=O)O)n3)cc12
5442,9.062213996045402,CC(C)c1ccc(N2CCN(C)CC2)c2cnc(Nc3ccnc(N(C)CCc4cccc(O)c4C(=O)O)n3)cc12
5443,8.884718553268765,CC(C)c1ccc(N2CCN(C)CC2)c2cnc(Nc3ccnc(N(C)CCc4cccc(O)c4C=O)n3)cc12
5444,8.745752489243868,CC(C)c1ccc(N2CCN(C)CC2)c2cnc(Nc3ccnc(-n4cc(-c5cccc(O)c5C#N)cn4)n3)cc12
5445,8.837681159874869,CC(C)c1ccc(N2CCN(C)CC2)c2cnc(Nc3ccnc(-n4cc(-c5cccc(O)c5C=O)cn4)n3)cc12
5446,8.558225344396794,CC(C)c1ccc(N2CCN(C)CC2)c2cnc(Nc3ccnc(N4CC[C@@H](O)[C@H](C)C4)n3)cc12
5447,9.393306953672598,CC(C)c1ccc(N2CCN(C)CC2)c2cnc(Nc3ccnc(N4CC[C@@H](O)[C@@](C)(F)C4)n3)cc12
5448,8.66442155381078,CC(C)c1ccc(N2CCN(C)CC2)c2cnc(Nc3ccnc(Oc4cccc(O)c4C=O)n3)cc12
5449,8.84999434709958,CC(C)c1ccc(N2CCN(C)CC2)c2cnc(Nc3ccnc(Oc4cccc(O)c4C(=O)O)n3)cc12
5450,9.504957147282514,CC(C)C1CN(c2ccc(C(C)(C)O)c3cc(Nc4ccnc(N5CCC(O)C(F)C5)n4)ncc23)C1
5451,8.978486321471072,CC(C)C1CN(c2ccc(C(F)(F)F)c3cc(Nc4ccnc(N5CCC(O)C(F)C5)n4)ncc23)C1
5452,9.29910864263657,CC(C)c1ccc(N2CCN(C)CC2)c2cnc(Nc3ccnc(N4CC[C@@H](O)[C@@H](F)C4)n3)cc12
5453,10.27884434209272,CC(C)c1ccc(N2CCN(S(C)(=O)=O)CC2)c2cnc(Nc3ccnc(N4CC[C@@H](O)[C@@H](F)C4)n3)cc12
5454,8.948123314225125,CC(C)c1ccc(N2CCN(S(C)(=O)=O)CC2)c2cnc(Nc3ccnc(N4CCC(O)CC4)n3)cc12
5455,9.430273961113684,CC(C)c1ccc(N2CCN(S(C)(=O)=O)CC2)c2cnc(Nc3ccnc(N4CCC(O)C(C)(C)C4)n3)cc12
5456,9.176106754366709,CC(C)c1ccc(N2CCN(C)CC2)c2cnc(Nc3ccnc(N4CCC(O)C(F)(F)C4)n3)cc12
5457,9.281264710172582,CC(C)c1ccc(N2CCN(S(C)(=O)=O)CC2)c2cnc(Nc3ccnc(N4CCC(C)(O)C4)n3)cc12
5458,9.955320993242609,CC(C)c1ccc(N2CCN(S(C)(=O)=O)CC2)c2cnc(Nc3ccnc(N4CCC(C)(O)C(F)(F)C4)n3)cc12
5459,8.967349173262066,CC(C)c1ccc(N2CCN(S(C)(=O)=O)CC2)c2cnc(Nc3ccnc(N4CCC(O)C4)n3)cc12
5460,9.42469037252257,COC1CCN(c2nccc(Nc3cc4c(C(C)C)ccc(N5CCN(C)CC5)c4cn3)n2)CC1F
5461,8.994928486419443,CC(C)c1ccc(N2CC(NS(=O)(=O)c3ccccc3)C2)c2cnc(Nc3ccnc(N4CCC(O)CC4)n3)cc12
5462,9.087702846845644,CC(C)c1ccc(N2CC(NS(=O)(=O)c3cccnc3)C2)c2cnc(Nc3ccnc(N4CCCC4)n3)cc12
5463,9.231060998140197,CC(C)c1ccc(N2CC(NS(C)(=O)=O)C2)c2cnc(Nc3ccnc(N4CCC(O)CC4)n3)cc12
5464,9.090621454011933,CC(C)c1ccc(N2CC(NS(C)(=O)=O)C2)c2cnc(Nc3ccnc(N4CC(O)C4)n3)cc12
5465,9.449119702150817,CC(C)c1ccc(N2CC3(CCN(C)C3)C2)c2cnc(Nc3ccnc(-c4cnn(S(C)(=O)=O)c4)c3)n12
5466,9.669497526690169,CC(C)c1ccc(N2CC3(CCNC3)C2)c2cnc(Nc3ccnc(N4CCC(O)C(F)C4)n3)cc12
5467,8.597715497149645,CC(C)c1ccc(N2CC3(CCN(C)C3)C2)c2cnc(Nc3ccnc(N4CCC(O)CC4)n3)cc12
5468,8.655285268699314,CC(C)c1ccc(N2CC3(CCNC3)C2)c2cnc(Nc3ccnc(N4CCC(O)CC4)n3)cc12
5469,9.654312250858723,CC(C)c1ccc(N2CC3(CNC3)C2)c2cnc(Nc3ccnc(N4CCC(O)C(F)C4)n3)cc12
5470,9.157723843278136,CC(C)c1ccc(N2CC3(C2)CN(S(C)(=O)=O)C3)c2cnc(Nc3ccnc(N4CCC(C(N)=O)CC4)n3)cc12
5471,5.644315032666632,CC(C)Oc1c(C(C)C)cc(/C=C(\C#N)C(N)=O)cc1C(C)C
5472,5.471997761183725,CC(C)c1cc(/C=C(\C#N)C(N)=O)cc(C(C)C)c1N
5473,6.2109818114012665,CC(C)c1cc(/C=C2\C(=O)Nc3ccccc32)cc(C(C)(C)C)c1O
5474,6.4288893958500894,CC(C)c1cc(/C=C2\C(=O)Nc3ccc(Cl)cc32)cc(C(C)C)c1O
5475,8.0751369408904,CNS(=O)(=O)c1ccc(OC)c(Nc2cc(Nc3cccc(C(C)C)c3)ncn2)c1
5476,8.280282054208286,CNS(=O)(=O)c1cccc(Nc2cc(Nc3cccc(C(C)C)c3)ncn2)c1C
5477,8.771621224099231,COc1cc(N2CCN(C)CC2)ccc1Nc1ncc2c(C(C)C)cc(=O)n(-c3cccc(NC(C)=O)c3)c2n1
5478,8.681804990749526,COc1cc(N2CCN(C)CC2)ccc1Nc1ncc2c(C(C)C)cc(=O)n(-c3cccc(C(N)=O)c3)c2n1
5479,7.59087980443365,COc1ccc(C2N=C(C(N)=O)c3ncn(-c4ccc(F)cc4)c3N2)cc1
5480,7.744420807535171,NC(=O)C1=NC(c2ccc(Br)cc2)Nc2c1ncn2-c1ccc(F)cc1
5481,7.655623872263879,CC(C)c1ccc(Cn2cc(-c3cc(-c4ccccc4)nc(N)n3)c3ccccc32)cc1
5482,7.860075284415982,COc1ccc(-c2cc(-c3cn(Cc4ccc(C(C)C)cc4)c4ccccc34)nc(N)n2)cc1
5483,8.365724337561714,C=CC(=O)Nc1cc(Nc2ncc3ncn(-c4ccc(C(C)C)cc4)c3n2)c(OC)cc1C
5484,8.538191875096606,C=CC(=O)Nc1cc(Nc2ncc3ncn(-c4ccc(C(C)C)cc4)c3n2)c(C)cc1N(C)C
5485,6.805169979526326,CCN(CC)c1ccc(C(=O)Nc2ccc(N(CCCl)CCCl)cc2)cc1
5486,6.657440519848451,CC(C)c1ccc(NC(=O)c2ccc(N(CCCl)CCCO)cc2)cc1
5487,8.439620530117637,CC(C)c1cnc(N2CCC(C(N)=O)CC2)c2cnc(Nc3ccnc(N4CC[C@@H](O)[C@H](C)C4)n3)cc12
5488,8.540713434993027,CC(C)c1cnc(N2CCN(C)CC2)c2cnc(Nc3ccnc(N4CC[C@@H](O)[C@H](C)C4)n3)cc12
5489,9.268416117782138,CC(C)c1cnc(N2CCNCC2)c2cnc(Nc3ccnc(N4CC[C@H](O)[C@H](F)C4)n3)cc12
5490,8.194076247929688,CC(C)c1cnc(N2CCC(N)CC2)c2cnc(Nc3ccnc(N4CC[C@H](O)C4)n3)cc12
5491,8.335480343712229,CC(C)c1cnc(N2CC(C#N)C2)c2cnc(Nc3ccnc(N4CCC(O)CC4)n3)cc12
5492,8.351344272484383,CC(C)c1cnc(N2CC(C#N)C2)c2cnc(Nc3ccnc(N4CCN(C)CC4)n3)cc12
5493,8.365813978408655,CC(C)c1cnc(N2CCN(C)CC2)c2cnc(Nc3ccnc(N4CC[C@@H](O)C4)n3)cc12
5494,8.365813978408655,CC(C)c1cnc(N2CCN(C)CC2)c2cnc(Nc3ccnc(N4CC[C@H](O)C4)n3)cc12
5495,8.426825194030288,CC(C)c1cnc(N2CCC(N)CC2)c2cnc(Nc3ccnc(N4CC[C@@H](O)[C@H](C)C4)n3)cc12
5496,8.337144799529197,CC(C)c1cnc(N2CC(O)C2)c2cnc(Nc3ccnc(N4CCN(C)CC4)n3)cc12
5497,8.554457668730526,CC(C)c1cnc(N2CC(O)C2)c2cnc(Nc3ccnc(N4CCC(C)(O)CC4)n3)cc12
5498,8.524838895878055,COC1CN(c2ncc(C(C)C)c3cc(Nc4ccnc(N5CCN(C)CC5)n4)ncc23)C1
5499,8.510254605468754,COC1CN(c2ncc(C(C)C)c3cc(Nc4ccnc(N5CCC(O)CC5)n4)ncc23)C1
5500,7.98999707285836,CC(C)c1cnc(N2CCC2)c2cnc(Nc3ccnc(N4CCC(N)CC4)n3)cc12
5501,8.226507572595128,CC(C)c1cnc(N2CCC2)c2cnc(Nc3ccnc(N4CCC(O)CC4)n3)cc12
5502,8.399911655091124,CC(C)c1cnc(N2CCCC2)c2cnc(Nc3ccnc(N4CCN(C)CC4)n3)cc12
5503,8.041125272473131,CC(C)c1cnc(N2CCCC2)c2cnc(Nc3ccnc(N4CCC(N)CC4)n3)cc12
5504,8.19098110341227,CNc1ncc(C(C)C)c2cc(Nc3ccnc(N4CCN(C)CC4)n3)ncc12
5505,7.911853921413705,CNc1ncc(C(C)C)c2cc(Nc3ccnc(N4CCC(N)CC4)n3)ncc12
5506,8.882678889982255,CC(C)c1nc(-c2ccc(F)cc2)c(-c2ccnc(Nc3ccc4c(cnn4CCN(C)C)c3)n2)s1
5507,8.644840596397058,CC(C)c1nc(-c2ccc(F)cc2)c(-c2ccnc(Nc3ccc4c(cnn4CCO)c3)n2)s1
5508,8.401783525708913,COCCOc1ccc(Nc2ncc3nc(C(C)C)c(=O)n(-c4cccc(NC(C)=O)c4)c3n2)cc1
5509,8.51212607131367,COCCOc1ccc(Nc2ncc3nc(C(C)C)c(=O)n(-c4cccc(NC(=O)[C@H](C)N)c4)c3n2)cc1
5510,8.504360687404997,CC(C)c1nn(C)c2cc(Nc3ccnc(-c4cnn(S(=O)(=O)C5CC5)c4)n3)ncc12
5511,8.536819767217096,CC(C)c1nn(C(C)C)c2cc(Nc3ccnc(-c4ccc(S(C)(=O)=O)nc4)n3)ncc12
5512,8.282013955552271,CC(C)c1nsc(C(=O)Nc2ccc3ncnc(Nc4ccccc4)c3c2)n1
5513,8.06601952298994,CC(C)c1nsc(C(=O)Nc2ccc3ncnc(Nc4cccc(C(F)(F)F)c4)c3c2)n1
5514,8.886880710023064,COc1cc(N2CCN(C)CC2)ccc1Nc1ncc2c(n1)N(c1cccc(NC(C)=O)c1)C(=O)C(C(C)C)N2C
5515,9.083458943422066,COc1cc(N2CCN(C)CC2)ccc1Nc1ncc2c(n1)N(c1cccc(NC(=O)C3CC3)c1)C(=O)C(C(C)C)N2C
5516,8.41323864224408,C#Cc1cccc(Nc2ncnc3cc(OCCOC(=O)C(C)c4ccc(CC(C)C)cc4)c(OC)cc23)c1
5517,8.340645801929888,C#Cc1cccc(Nc2ncnc3cc(OCCOC(=O)Cc4ccc(CC(C)C)cc4)c(OCCOC)cc23)c1
5518,8.813945581970975,COc1cc2c(Nc3ccc(Cl)c(Cl)c3)ncnc2cc1OCC1CN(C(C)=O)CCO1
5519,8.785284834217299,COc1cc2c(Nc3ccc(Cl)c(Cl)c3)ncnc2cc1OCC1CN(C(=O)C(C)(C)C)CCO1
5520,8.079653781339097,CC(C)C(=O)Nc1cccc(-c2c(-c3ccccc3)oc3ncnc(N[C@H](CO)c4ccccc4)c23)c1
5521,8.872589539903153,COc1cc2c(Nc3ccc(Cl)c(Cl)c3)ncnc2cc1OCC1CN(C(C)C)CCO1
5522,8.874779879024691,COc1cc2c(Nc3ccc(Br)c(Cl)c3F)ncnc2cc1OCC1CCN(C)CC1
5523,8.878710882627697,COc1cc2c(Nc3ccc(Cl)c(Cl)c3F)ncnc2cc1OCC1CCN(C)CC1
5524,8.952871726666112,COc1cc2c(Nc3ccc(Cl)c(Cl)c3F)ncnc2cc1OCC1CCN(CCO)CC1
5525,9.502195501309727,CC(C)Cn1c(NC(=O)c2ccnc(Oc3cccc(O)c3C=O)c2)nc2ccc(CN3CCOCC3)cc21
5526,9.352243629690909,CC(C)Cn1c(NC(=O)c2ccnc(Oc3cccc(O)c3C=O)c2)nc2ccc(CN3CCC(O)C3)cc21
5527,8.60932692007408,Cn1cc(-c2cc(C(=O)Nc3nc4ccccc4n3Cc3ccccc3)ccn2)cn1
5528,9.421756646484026,Cn1cc(-c2cc(C(=O)Nc3nc4ccccc4n3CC3CCCCC3)ccn2)cn1
5529,7.720739903396254,CC(C)Cn1nc(-c2ccc(CNC(=O)c3ccccc3)cc2)c2c(N)ncnc21
5530,7.656898180835602,CC(C)Cn1nc(-c2ccc(CNC(=O)Nc3ccccc3)cc2)c2c(N)ncnc21
5531,7.9718429450524955,COC1=C(c2ccnc(Nc3ccc(C4CCN(C)CC4)cc3OC)c2)C(c2ccc(OC)c(C(=O)Nc3c(F)cccc3F)c2)=N1
5532,9.906076648842623,COc1cc2c(cc1Nc1ncc(Cl)c(Nc3ccc4nccnc4c3NS(C)(=O)=O)n1)-c1cnn(C)c1CCO2
5533,10.623944490720863,COc1cc2c(cc1Nc1ncc(Br)c(Nc3ccc4nccnc4c3NS(C)(=O)=O)n1)-c1cnn(C)c1CCO2
5534,8.711233187484037,Nc1ncnc(Nc2ccc3c(cnn3Cc3cccc(F)c3)c2)c1/C=N/O
5535,8.37874957321242,Nc1ncnc(Nc2ccc3c(cnn3Cc3cccc(F)c3)c2)c1/C=N/OCC(F)(F)F
5536,8.634355009599101,C=CC(=O)Nc1cc(Nc2ncc(C(=O)OCC)c(-c3cn(C)c4ccccc34)n2)c(OC)cc1N(C)CCN(C)C
5537,8.583315815690025,C=CC(=O)Nc1cc(Nc2ncc(C(=O)OC)c(-c3cn(C)c4ccccc34)n2)c(OC)cc1N(C)CCN(C)C
5538,8.349873882045285,CC(C)COc1cc(N2CCC(N3CCOCC3)CC2)ccc1Nc1cc(-c2c(F)cccc2-c2cccc(C(N)=O)c2)ccn1
5539,8.428460259421422,CC(C)COc1ncnc2[nH]c(-c3ccc(N4CCN(C)CC4)cc3)c(-c3ccccc3)c12
5540,8.727872627365581,CC(C)COc1ncnc2[nH]c(-c3ccc(N4CCN(C)CC4)cc3)c(-c3cccc(C(N)=O)c3)c12
5541,8.164646470764673,COc1ncnc2[nH]cc(C(=O)c3c(F)ccc(NS(=O)(=O)C(C)C)c3F)c12
5542,8.71789177229928,CC(C)CS(=O)(=O)Nc1ccc(F)c(C(=O)c2c[nH]c3ncnc(N(C)C)c23)c1F
5543,8.50192893209835,CC(C)C(=O)N1CCC(n2cc(C(=O)Nc3nc4cc(-c5ccccc5)ccc4o3)c3c(N)ncnc32)C1
5544,8.786212946754677,CN(C)CCC(=O)N1CCC(n2cc(C(=O)Nc3nc4cc(-c5ccccc5)ccc4o3)c3c(N)ncnc32)C1
5545,8.112298626687398,Nc1ncnc2c1c(C(=O)Nc1nc3cc(Cl)ccc3o1)cn2[C@H]1CCN(C(=O)C2CC2)C1
5546,8.089092071153159,CC(C)NC(=O)N1CCC(n2cc(C(=O)Nc3nc4cc(Cl)ccc4o3)c3c(N)ncnc32)CC1
5547,8.80728545863926,CC(C)NC/C=C/C(=O)N1Cc2sc3ncnc(Nc4ccc(Cl)c(Cl)c4)c3c2C1
5548,8.532530349147871,CN(C)CCC(=O)N1Cc2sc3ncnc(Nc4ccc(Cl)c(Cl)c4)c3c2C1
5549,8.135362020502997,CC(C)(C)C(=O)N1CCC[C@@H](n2nc(C(=O)Nc3nc4cc(Cl)ccc4o3)c3c(N)ncnc32)C1
5550,8.56188771575379,O=C(/C=C/CO)N1CCc2sc3ncnc(Nc4ccc(Cl)c(Cl)c4)c3c2C1
5551,8.587399721891328,O=C(/C=C/c1ccc[nH]1)N1CCc2sc3ncnc(Nc4ccc(Cl)c(Cl)c4)c3c2C1
5552,9.164304940486776,CCN(CC)C/C=C/C(=O)N1CCc2c(oc3ncnc(Nc4ccc(F)c(Cl)c4)c23)C1
5553,8.667607334063124,O=C(/C=C/c1ccccc1)N1CCc2c(oc3ncnc(Nc4ccc(F)c(Cl)c4)c23)C1
5554,8.616844084565928,N#Cc1cnc2sc3c(c2c1Nc1ccc2c(cnn2Cc2cccc(F)c2)c1)CCN(C(=O)CO)C3
5555,8.516005665891916,CN1CCc2c(sc3ncc(C#N)c(Nc4ccc5c(cnn5Cc5cccc(F)c5)c4)c23)C1
5556,8.524640958865414,O=C(/C=C/c1ccco1)N1CCOc2c1ccc1ncnc(Nc3ccc(Oc4ccn5ncnc5c4)c(Cl)c3)c21
5557,8.415707959938985,CC(C)NC(=O)N1CCOc2c1ccc1ncnc(Nc3ccc(Oc4ccn5ncnc5c4)c(Cl)c3)c21
5558,8.695236006218854,CC(C)NCC(=O)N1CCOc2c1ccc1ncnc(Nc3ccc(OCc4ccccn4)c(Cl)c3)c21
5559,8.636888536020031,C=CC(=O)Nc1cc(Nc2nccc(-c3cnc4c(ccn4C)c3)n2)c(C)cc1N(C)CCN(C)C
5560,8.728726604403557,C=CC(=O)Nc1cc(Nc2nccc(-c3cnc4c(ccn4C)c3)n2)ccc1N(C)CCN(C)C(C)C
5561,9.003090795508426,COc1cc2ncnc(Nc3ccc(F)c(Cl)c3)c2cc1NC(=O)CCN(C(C)C)C(C)C
5562,8.926215870088852,COc1cc2ncnc(Nc3ccc(F)c(Cl)c3)c2cc1NC(=O)CN(C(C)C)C(C)C
5563,9.650039250947321,COc1cc2c(cc1Nc1ncc(Cl)c(Nc3ccc4nccnc4c3N(C)C)n1)-c1cnn(C)c1CCN2
5564,10.231655120519557,COc1cc2c(cc1Nc1ncc(Cl)c(Nc3ccc4nccnc4c3N(C)S(C)(=O)=O)n1)-c1cnn(C)c1CCN2
5565,10.341312276912337,COc1cc2c(cc1Nc1ncc(Br)c(Nc3ccc4nccnc4c3N(C)C)n1)-c1cnn(C)c1CCN2C
5566,9.828364795276226,COc1cc2c(cc1Nc1ncc(Cl)c(Nc3ccc4nccnc4c3N(C)C)n1)-c1cnn(C)c1CCN2C
5567,9.44881825865312,COc1cc2c(cc1Nc1ncc(Cl)c(Nc3ccccc3N(C(C)C)S(C)(=O)=O)n1)-c1cnn(C)c1CCN2
5568,9.210586707934443,COc1cc2c(cc1Nc1ncc(Cl)c(Nc3ccccc3N(C(C)C)S(C)(=O)=O)n1)-c1cnn(C)c1CCO2
5569,8.892611437679744,CN(C)CC#CC(=O)Nc1ccc2ncnc(Nc3ccc(F)c(Cl)c3)c2c1
5570,8.534574920190423,CC(C)N(CC#CC(=O)Nc1ccc2ncnc(Nc3cccc(Cl)c3)c2c1)C(C)C
5571,9.165873094032568,CN(C)CC#CC(=O)Nc1cc2c(Nc3ccc(F)c(Cl)c3)ncnc2cn1
5572,9.08490972043549,CC(C)N(CC#CC(=O)Nc1cc2c(Nc3ccc(F)c(Cl)c3)ncnc2cn1)CCO
5573,8.71031803546347,CC(C)N(Cc1ccccc1)c1ncnc2[nH]c(-c3cccc(CO)c3)cc12
5574,8.606855244372955,CC(C)N(Cc1ccccc1)c1ncnc2[nH]c(-c3ccc(C(=O)O)cc3)cc12
5575,8.574452903506389,COc1cc(N(C)CCN(C)C)ccc1Nc1ncc2c(=O)n(C(C)C)c(=O)n(-c3cccc(NC(C)=O)c3)c2n1
5576,8.3845827408064,COc1cc(N(C)CCN(C)C)ccc1Nc1ncc2c(=O)n(C(C)C)c(=O)n(-c3cccc(C(N)=O)c3)c2n1
5577,8.887178698207975,COc1cc(N2CCC(N(C)C)CC2)ccc1Nc1ncc2c(=O)n(C(C)C)c(=O)n(-c3ccccc3F)c2n1
5578,8.939240243686697,COc1cc(N2CCC(N(C)C)CC2)ccc1Nc1ncc2c(=O)n(C(C)C)c(=O)n(-c3ccccc3C)c2n1
5579,8.657283075214961,CC(C)n1c(=O)c2cnc(Nc3ccc(N4CCC(N5CCN(C)CC5)CC4)cc3)cc2n(-c2ccccc2)c1=O
5580,8.678715361637353,CC(C)n1c(=O)c2cnc(Nc3ccc(N4CCC(N5CCN(C)CC5)CC4)cc3)cc2n(-c2cccc(N)c2)c1=O
5581,8.760097349420557,COc1cc(N2CCN(C)CC2)ccc1Nc1ncc2c(=O)n(C(C)C)c(=O)n(-c3cccc(NC(C)=O)c3)c2n1
5582,8.535160343034544,COc1cc(N2CCN(C)CC2)ccc1Nc1ncc2c(=O)n(C(C)C)c(=O)n(-c3cccc(C(N)=O)c3)c2n1
5583,8.55087850347035,COc1cc(OCCN(C)C)ccc1Nc1ncc2c(=O)n(C(C)C)c(=O)n(-c3cccc(NC(C)=O)c3)c2n1
5584,8.297053801118745,COc1cc(OCCN(C)C)ccc1Nc1ncc2c(=O)n(C(C)C)c(=O)n(-c3cccc(C(N)=O)c3)c2n1
5585,8.485718761370311,COc1cc(Nc2ncc3c(=O)n(C(C)C)c(=O)n(-c4cccc(N)c4)c3n2)ccc1N1CCN(C)CC1
5586,8.720658211056964,COc1cc(Nc2ncc3c(=O)n(C(C)C)c(=O)n(-c4cccc(NC(=O)CN(C)C)c4)c3n2)ccc1N1CCN(C)CC1
5587,8.890979949226702,COc1cc2c(Nc3ccc(Cl)c(Cl)c3F)ncnc2cc1OCC1CCN(C(C)C)CC1
5588,8.540887851881871,COc1cc(Nc2ncc(-c3cnn(C(C)C)c3)c(-c3cn4c5c(cccc35)CCC4)n2)c(OC)cc1C
5589,8.40289306539225,COc1cc(OC)c(OC)cc1Nc1ncc(-c2cnn(C(C)C)c2)c(-c2cn3c4c(cccc24)CCC3)n1
5590,9.251791709478224,CN1C=C([C@@H](Nc2cc(Cl)c3ncc(C#N)c(Nc4ccc(F)c(Cl)c4)c3c2)c2ccc(Cl)nc2Cl)NN1
5591,9.253012800010307,CCN1C=C([C@@H](Nc2cc(Cl)c3ncc(C#N)c(Nc4ccc(F)c(Cl)c4)c3c2)c2ccc(Cl)nc2Cl)NN1
5592,9.238217493990499,CN1C=C([C@@H](Nc2cc(Cl)c3ncc(C#N)c(Nc4ccc(F)c(Cl)c4)c3c2)c2cc(Cl)cnc2Cl)NN1
5593,9.24164753883766,CCN1C=C([C@@H](Nc2cc(Cl)c3ncc(C#N)c(Nc4ccc(F)c(Cl)c4)c3c2)c2cc(Cl)cnc2Cl)NN1
5594,9.321322501943254,CN1C=C([C@@H](Nc2cc(Cl)c3ncc(C#N)c(Nc4ccc(F)c(Cl)c4)c3c2)c2cccnc2Cl)NN1
5595,8.127947860055789,N#Cc1cnc2c(Cl)cc(N[C@@H](C(=O)O)c3cccnc3)cc2c1Nc1ccc(F)c(Cl)c1
5596,9.15745779903829,CN1C=C([C@@H](Nc2cc(Cl)c3ncc(C#N)c(Nc4ccc(F)c(Cl)c4)c3c2)c2cccc3[nH]cnc23)NN1
5597,8.432614456563416,N#Cc1cnc2c(Cl)cc(N[C@@H](CO)c3cccc4[nH]cnc34)cc2c1Nc1ccc(F)c(Cl)c1
5598,9.40901194386131,CN1C=C([C@@H](Nc2cc(Cl)c3ncc(C#N)c(Nc4ccc(F)c(Cl)c4)c3c2)c2cccc3c2CCCN3)NN1
5599,7.979246493602672,N#Cc1cnc2c(Cl)cc(N[C@@H](C(=O)O)c3cccc4c3CCN4)cc2c1Nc1ccc(F)c(Cl)c1
5600,8.59106940705377,N#Cc1cnc2c(Cl)cc(N[C@@H](C(=O)O)c3cccc4c3CCN4)cc2c1Nc1cnc(F)c(F)c1
5601,8.847096356383476,N#Cc1cnc2c(Cl)cc(N[C@@H](C(=O)N3CCC3)c3cccc4c3CCN4)cc2c1Nc1cnc(F)c(F)c1
5602,8.551244615430214,CN1CCc2cccc([C@@H](Nc3cc(Cl)c4ncc(C#N)c(Nc5ccc(F)c(Cl)c5)c4c3)C(=O)NO)c2C1
5603,8.471535269902574,CN1CCc2cccc([C@@H](Nc3cc(Cl)c4ncc(C#N)c(Nc5ccc(F)c(Cl)c5)c4c3)C(=O)N(C)C)c2C1
5604,8.710895084336217,CN1C=C([C@@H](Nc2cc(Cl)c3ncc(C#N)c(Nc4ccc(F)c(Cl)c4)c3c2)c2cncc(C(=O)N(C)C)c2)C1
5605,8.503067723047996,Cn1cc([C@@H](Nc2cc(Cl)c3ncc(C#N)c(Nc4ccc(F)c(Cl)c4)c3c2)c2cncc(C(N)=O)c2)c2cnccc21
5606,9.38156940214389,CN1C=C([C@@H](Nc2cc(Cl)c3ncc(C#N)c(Nc4ccc(F)c(Cl)c4)c3c2)c2cc(C#N)cs2)NN1
5607,8.999409523837723,CN1C=C([C@@H](Nc2cc(Cl)c3ncc(C#N)c(Nc4ccc(F)c(Cl)c4)c3c2)c2ccc(C#N)cc2)NN1
5608,8.60536941869659,CN1C=C([C@@H](Nc2cc(Cl)c3ncc(C#N)c(Nc4ccc(F)c(Cl)c4)c3c2)c2cccc3c2C(=O)NC3)C1
5609,8.506551812342838,CN1CC([C@@H](Nc2cc(Cl)c3ncc(C#N)c(Nc4ccc(F)c(Cl)c4)c3c2)c2cccc3c2C(=O)N(C)C3)=N1
5610,8.750674798286944,Cn1cc([C@@H](Nc2cc(Cl)c3ncc(C#N)c(Nc4ccc(F)c(Cl)c4)c3c2)c2cccc3c2C(=O)NC3)[nH]c1=O
5611,9.334334634017456,CN1C=C([C@@H](Nc2cc(Cl)c3ncc(C#N)c(Nc4ccc(F)c(Cl)c4)c3c2)c2cccc3c2CNC3=O)NN1
5612,8.803706351698,CN1CCc2cccc([C@@H](Nc3cc(Cl)c4ncc(C#N)c(Nc5ccc(F)c(Cl)c5)c4c3)C3=CNCC3)c2C1
5613,8.72674329088886,CN1C=C([C@@H](Nc2cc(Cl)c3ncc(C#N)c(Nc4ccc(F)c(Cl)c4)c3c2)c2cccc3c2CNC3)C1
5614,8.712572028835655,CN1C=C([C@@H](Nc2cc(Cl)c3ncc(C#N)c(Nc4ccc(F)c(Cl)c4)c3c2)c2cccc3c2CN(C(=O)CO)C3)C1
5615,8.558359013700587,N#Cc1cnc2c(Cl)cc(N[C@@H](C(=O)O)c3cccc4c3CN(C3COC3)C4)cc2c1Nc1ccc(F)c(Cl)c1
5616,9.092806108789786,CN1C=C([C@@H](Nc2cc(Cl)c3ncc(C#N)c(Nc4ccc(F)c(Cl)c4)c3c2)c2cccc3c2CCC3)NN1
5617,9.519738180065,CN1C=C([C@@H](Nc2cc(Cl)c3ncc(C#N)c(Nc4ccc(F)c(Cl)c4)c3c2)c2cccc3c2CNC3)NN1
5618,9.35791366275907,CN1C=C([C@@H](Nc2cc(Cl)c3ncc(C#N)c(Nc4ccc(F)c(Cl)c4)c3c2)c2cccn3nccc23)NN1
5619,8.5459713914112,N#Cc1cnc2c(Cl)cc(N[C@@H](CO)c3cccn4nccc34)cc2c1Nc1ccc(F)c(Cl)c1
5620,9.280968841408562,CN1C=C([C@@H](Nc2cc(Cl)c3ncc(C#N)c(Nc4ccc(F)c(Cl)c4)c3c2)c2ccnn2C)NN1
5621,9.000438530878375,Cn1nccc1[C@H](Nc1cc(Cl)c2ncc(C#N)c(Nc3ccc(F)c(Cl)c3)c2c1)C1=NNCCN1
5622,9.262436638705443,CN1C=C([C@@H](Nc2cc(Cl)c3ncc(C#N)c(Nc4ccc(F)c(Cl)c4)c3c2)c2ccc3ncsc3c2)NN1
5623,8.2902711409405,N#Cc1cnc2c(Cl)cc(N[C@@H](C(=O)O)c3ccc4ncsc4c3)cc2c1Nc1ccc(F)c(Cl)c1
5624,8.89533230835794,CN1CCc2ccc([C@H](Nc3cc(Cl)c4ncc(C#N)c(Nc5ccc(F)c(Cl)c5)c4c3)C3=NNCC3)cc2C1
5625,8.823221309301987,CN1CCc2ccc([C@H](Nc3cc(Cl)c4ncc(C#N)c(Nc5ccc(F)c(Cl)c5)c4c3)C3=NNC(=O)C3)cc2C1
5626,9.191237421564288,CN1C=C([C@@H](Nc2cc(Cl)c3ncc(C#N)c(Nc4ccc(F)c(Cl)c4)c3c2)C2=CCOCC2)NN1
5627,9.23057223564779,CN1C=C([C@@H](Nc2cc(Cl)c3ncc(C#N)c(Nc4ccc(F)c(Cl)c4)c3c2)c2cnc(Cl)cc2Cl)NN1
5628,9.229888117585928,CC(C)N1C=C([C@@H](Nc2cc(Cl)c3ncc(C#N)c(Nc4cccc(F)c4)c3c2)c2cnc(Cl)cc2Cl)NN1
5629,8.790559494548372,CN1C=C([C@@H](Nc2cc(Cl)c3ncc(C#N)c(N[C@@H](c4ccccc4)C(C)(C)O)c3c2)c2cccnc2)NN1
5630,8.792724189296509,CC(C)N1C=C([C@@H](Nc2cc(Cl)c3ncc(C#N)c(N[C@@H](c4ccccc4)C(C)(C)O)c3c2)c2cccnc2)NN1
5631,8.769685935232289,CN1C=C([C@@H](Nc2cc(Cl)c3ncc(C#N)c(N[C@H](CCO)c4ccccc4)c3c2)c2cccnc2)NN1
5632,8.769685935232289,CN1C=C([C@@H](Nc2cc(Cl)c3ncc(C#N)c(N[C@@H](CCO)c4ccccc4)c3c2)c2cccnc2)NN1
5633,8.72846102066869,CN1C=C([C@@H](Nc2cc(Cl)c3ncc(C#N)c(NC(CCO)c4ccccc4)c3c2)c2cccnc2)NN1
5634,8.5361287082865,N#Cc1cnc2c(Cl)cc(N[C@H](C3=CCNCC3)c3cccnc3)cc2c1NC(CCO)c1ccccc1
5635,8.677301433118869,CC(C)N1C=C([C@@H](Nc2cc(Cl)c3ncc(C#N)c(NCc4ccccc4)c3c2)c2ccccc2)NN1
5636,9.213094152244624,CC(C)N1C=C([C@@H](Nc2cc(Cl)c3ncc(C#N)c(N[C@H](C)c4ccccc4)c3c2)c2cccnc2)NN1
5637,9.261598723806673,CN1C=C([C@@H](Nc2cc(Cl)c3ncc(C#N)c(Nc4ccc(F)c(Cl)c4)c3c2)c2cncn2C)NN1
5638,8.762969060776815,Cn1cncc1[C@H](Nc1cc(Cl)c2ncc(C#N)c(Nc3ccc(F)c(Cl)c3)c2c1)C1=NNCC1
5639,9.160082473581516,CC(C)N1C=C(C(Nc2cc(Cl)c3ncc(C#N)c(Nc4cccc(F)c4)c3c2)c2cnco2)NN1
5640,9.29751679859955,CC(C)N1C=C(C(Nc2cc(Cl)c3ncc(C#N)c(Nc4ccc(F)c(Cl)c4)c3c2)c2cnco2)NN1
5641,9.364878901385419,CN1C=C(C(Nc2cc(Cl)c3ncc(C#N)c(Nc4ccc(F)c(Cl)c4)c3c2)c2cncs2)NN1
5642,9.388909183736077,CN1C=C([C@@H](Nc2cc(Cl)c3ncc(C#N)c(Nc4ccc(F)c(Cl)c4)c3c2)c2cncs2)NN1
5643,9.237619918869369,CN1C=C([C@@H](Nc2cc(Cl)c3ncc(C#N)c(Nc4ccc(F)c(Cl)c4)c3c2)c2cocn2)NN1
5644,9.154895096117123,CC(C)N1C=C([C@@H](Nc2cc(Cl)c3ncc(C#N)c(Nc4cccc(C(F)(F)F)c4)c3c2)c2cocn2)NN1
5645,9.37941152529041,CN1C=C([C@@H](Nc2cc(Cl)c3ncc(C#N)c(Nc4ccc(F)c(Cl)c4)c3c2)c2csc(N3CCOCC3)n2)NN1
5646,9.502432387305005,CN1C=C([C@@H](Nc2cc(Cl)c3ncc(C#N)c(Nc4ccc(F)c(Cl)c4)c3c2)c2csc(N3CCCCC3)n2)NN1
5647,9.228288216396857,CC(C)N1C=C([C@@H](Nc2cc(Cl)c3ncc(C#N)c(Nc4cccc(C(F)(F)F)c4)c3c2)c2cscn2)NN1
5648,8.968488940790664,CN1CCc2scc([C@H](Nc3cc(Cl)c4ncc(C#N)c(Nc5ccc(F)c(Cl)c5)c4c3)C3=NNCC3)c2C1
5649,9.203598752083728,CN1CCc2scc([C@H](Nc3cc(Cl)c4ncc(C#N)c(Nc5ccc(F)c(Cl)c5)c4c3)C3=NNC(N)N3)c2C1
5650,9.574517519965655,CN1C=C([C@@H](Nc2cc(Cl)c3ncc(C#N)c(Nc4ccc(F)c(Cl)c4)c3c2)c2csc3c2CCCNC3)NN1
5651,9.020706537527506,CN1CCc2scc([C@H](Nc3cc(Cl)c4ncc(C#N)c(Nc5ccc(F)c(Cl)c5)c4c3)C3=NNC(C)(C)C3)c2C1
5652,9.595873959516554,CC(C)(C)CNc1c(C#N)cnc2c(Cl)cc(N[C@H](C3=CN(C4(C)CC4)NN3)c3cccc4cc[nH]c34)cc12
5653,9.167681451332292,CC(C)(C)CNc1c(C#N)cnc2c(Cl)cc(N[C@H](C3=CN(C4(C)CC4)NN3)c3cccc4ccccc34)cc12
5654,9.615898307011587,Cn1ccc2cccc([C@H](Nc3cc(Cl)c4ncc(C#N)c(NCC(C)(C)C)c4c3)C3=CN(C45CC(C4)C5)NN3)c21
5655,8.576983121921563,C=CC(=O)Nc1cc(Nc2nccc(-c3cnc4c(ccn4C(C)C)c3)n2)ccc1N(C)C
5656,8.585983115391118,C=CC(=O)Nc1cc(Nc2nccc(-c3cnc4c(ccn4C(C)C)c3)n2)c(C)cc1N(C)C
5657,9.150481572493174,C=CC(=O)Nc1cc(Nc2ncc(Cl)c(-c3cnc4c(ccn4CC)c3)n2)c(OC)cc1N(C)CCN(C)C
5658,9.12208196594035,C=CC(=O)Nc1cc(Nc2ncc(Cl)c(-c3cnc4c(ccn4C)c3)n2)c(OC)cc1N(C)CCN(C)C
5659,8.113171153452454,CC(C)n1cnc2c(Nc3ccc(N4CCN(C)CC4)cc3)nc(N[C@H]3CC[C@H](N)CC3)nc21
5660,8.345664434221408,CC(C)n1cnc2c(Nc3ccc(N4CCN(C)CC4)cc3)nc(N[C@@H]3CCCC[C@H]3C(=O)O)nc21
5661,8.290969159524018,CC(C)n1cnc2c(Nc3ccc(N4CCN(C)CC4)cc3)nc(N[C@H]3CC[C@H](O)CC3)nc21
5662,8.188208907688116,C=CC(=O)N[C@H]1CN(c2nc(Nc3ccnn3C)c3ncn(C(C)C)c3n2)C[C@@H]1F
5663,7.982998261320305,C=CC(=O)N[C@H]1CN(c2nc(Nc3cnn(C)c3)c3ncn(C(C)C)c3n2)C[C@@H]1OC
5664,8.294490859206721,CC(=O)N1C[C@@H]2CN(c3nc(Nc4ccc(N5CCN(C)CC5)cc4)c4ncn(C(C)C)c4n3)C[C@@H]2C1
5665,8.243347324839714,CC(C)n1cnc2c(Nc3ccc(N4CCN(C)CC4)cc3)nc(N3C[C@H]4C[C@@H]3CN4)nc21
5666,7.663489975829072,CC(=O)N1C[C@@H]2CN(c3nc(Nc4cnn(C)c4)c4ncn(C(C)C)c4n3)C[C@@H]2C1
5667,7.881087393769539,CC(C)n1cnc2c(Nc3cnn(C)c3)nc(N3C[C@H]4CN(C(=O)C5CC5)C[C@H]4C3)nc21
5668,8.188208907688116,C=CC(=O)N[C@@H]1CN(c2nc(Nc3ccnn3C)c3ncn(C(C)C)c3n2)C[C@H]1F
5669,8.232205559606586,C=CC(=O)N[C@@H]1CN(c2nc(Nc3cnn(C)c3)c3ncn(C(C)C)c3n2)C[C@@H]1F
5670,8.57453157722558,C=CC(=O)N[C@@H]1CN(c2nc(Nc3cn(C)nc3OC)c3ncn(C(C)C)c3n2)C[C@@H]1F
5671,8.139214409289199,C=CC(=O)N[C@@H]1CN(c2nc(Nc3cn(C)nc3OC)c3ncn(C(C)C)c3n2)C[C@H]1OC
5672,8.308857335737734,COc1nn(C2CCN(C)C2)cc1Nc1nc(N2C[C@H](OC)[C@@H](O)C2)nc2c1ncn2C(C)C
5673,8.642798987865811,COc1nn(C2CCN(C)C2)cc1Nc1nc(N2C[C@H](OC)[C@@H](F)C2)nc2c1ncn2C(C)C
5674,7.904714783801616,CC(C)n1cnc2c(Nc3ccc(N4CCN(C)CC4)cc3)nc(N3CC[C@@H](N)C3)nc21
5675,8.049250850643201,CC(C)n1cnc2c(Nc3ccc(N4CCN(C)CC4)cc3)nc(N3CCC(N)CC3)nc21
5676,8.36618745537297,CC(C)n1cnc2c(Nc3cnn(C)c3)nc(N3CC[C@@H](NC(=O)c4ccco4)C3)nc21
5677,8.36618745537297,CC(C)n1cnc2c(Nc3cnn(C)c3)nc(N3CC[C@H](NC(=O)c4ccco4)C3)nc21
5678,8.5880886975174,C=CC(=O)Nc1cc(Nc2nccc(-c3ccc4ncn(C)c4c3)n2)c(OC)cc1N(C)C
5679,8.82583026039686,C=CC(=O)Nc1cc(Nc2nccc(-c3ccc4ncn(C)c4c3)n2)c(OC)cc1N(C)CCN(C)C
5680,9.124969806085737,C=CC(=O)Nc1cc(Nc2nccc(-c3cc(F)c4nc(C)n(C(C)C)c4c3)n2)c(OC)cc1N(C)CCN(C)C
5681,8.897700494941363,C=CC(=O)Nc1cc(Nc2nccc(-c3cc(F)c4nc(C)n(C(C)C)c4c3)n2)c(OC)cc1N(C)C
5682,8.632715043239491,C=CC(=O)Nc1cc(Nc2nccc(-c3cc(F)c4nc(C)n(C(C)C)c4c3)n2)c(OC)cc1OC
5683,9.056946597775688,C=CC(=O)Nc1cc(Nc2nccc(-c3cc(F)c4nc(CO)n(C(C)C)c4c3)n2)c(OC)cc1N(C)C
5684,8.429449192248399,C=CC(=O)Nc1cc(Nc2nccc(-c3cc(F)c4nc(OC)n(C(C)C)c4c3)n2)ccc1OC
5685,8.45683583864266,C=CC(=O)Nc1cc(Nc2nccc(-c3cc(F)c4nc(OC)n(C(C)C)c4c3)n2)c(C)cc1OC
5686,8.75232779219543,C=CC(=O)Nc1cc(Nc2nccc(-c3cc(F)c4nc(OC)n(C(C)C)c4c3)n2)c(OC)cc1N(C)C
5687,8.916143341076038,C=CC(=O)Nc1cc(Nc2nccc(-c3cc(F)c4nc(OC)n(C)c4c3)n2)c(OC)cc1N(C)CCN(C)C
5688,9.056363569377123,C=CC(=O)Nc1cc(Nc2nccc(-c3cc(F)c4nc(C)n(C)c4c3)n2)c(OC)cc1N(C)CCN(C)C
5689,8.970189153248837,C=CC(=O)Nc1cc(Nc2nccc(-c3cc(F)c4nc(SC)n(C)c4c3)n2)c(OC)cc1N(C)C
5690,9.084630131690254,C=CC(=O)Nc1cc(Nc2nccc(-c3cc(F)c4nc(SC)n(C)c4c3)n2)c(OC)cc1N(C)CCO
5691,8.800359427732873,C=CC(=O)Nc1cc(Nc2nccc(-c3cc(F)c4nc(OC)n(C(C)C)c4c3)n2)ccc1OCCN(C)C
5692,8.79472453888519,C=CC(=O)Nc1cc(Nc2nccc(-c3cc(F)c4nc(OC)n(C(C)C)c4c3)n2)c(C)cc1OCCO
5693,8.7469892739934,C=CC(=O)Nc1cc(Nc2nccc(-c3ccc4c(cnn4C)c3)n2)c(OC)cc1N(C)CCN(C)C
5694,8.738300584047979,C=CC(=O)Nc1cc(Nc2nccc(-c3ccc4cnn(C)c4c3)n2)c(OC)cc1N(C)CCN(C)C
5695,9.132957313437302,C=CC(=O)Nc1cc(Nc2nccc(-c3ccc4nc(C)n(C(C)C)c4c3)n2)c(OC)cc1N(C)CCN(C)C
5696,8.90082820227785,C=CC(=O)Nc1cc(Nc2nccc(-c3ccc4c(c3)nc(C(F)(F)F)n4C)n2)c(OC)cc1N(C)CCN(C)C
5697,8.929181419797775,C=CC(=O)Nc1cc(Nc2nccc(-c3ccc4nc(OC)n(C(C)C)c4c3)n2)ccc1N(C)CCN(C)C
5698,8.614554696203383,C=CC(=O)Nc1cc(Nc2nccc(-c3ccc4nc(OC)n(C(C)C)c4c3)n2)c(C)cc1N(C)C
5699,8.586227801091912,C=CC(=O)Nc1cc(Nc2nccc(-c3cc(F)c4cnn(C(C)C)c4c3)n2)c(C)cc1N(C)C
5700,8.44777032093492,C=CC(=O)Nc1cc(Nc2nccc(-c3cc(F)c4cnn(C(C)C)c4c3)n2)c(OC)cc1C
5701,9.159338830590956,CC(C)n1c(=O)cc(N2CC(C)(O)C2)c2cnc(Cc3ccnc(-c4cnn(S(=O)(=O)C5CC5)c4)n3)cc21
5702,8.978834979490493,CC(C)n1c(=O)cc(N2CC(C)(O)C2)c2cnc(Cc3ccnc(-c4cnn(S(=O)(=O)C5CC5)c4)n3)n21
5703,8.911723311179788,CC(C)n1c(=O)nc(N2CC(C)(C)C2)c2cnc(Cc3ccnc(N4CC[C@H](O)[C@H](F)C4)n3)cc21
5704,9.325611177232581,CC(C)n1c(=O)nc(N2CC(CS(C)(=O)=O)C2)c2cnc(Cc3ccnc(N4CCC(O)CC4)n3)cc21
5705,8.911723311179788,CC(C)n1c(=O)nc(N2CC(C)(C)C2)c2cnc(Cc3ccnc(N4CC[C@@H](O)[C@H](F)C4)n3)cc21
5706,8.918752516574978,CC(C)n1c(=O)cc(N2CC(CS(C)(=O)=O)C2)c2cnc(Cc3ccnc(N4CCCC4)n3)cc21
5707,9.454508557691314,CC(C)n1c(=O)cc(N2CC(CS(C)(=O)=O)C2)c2cnc(Cc3ccnc(N4CCC(F)(F)C4)n3)cc21
5708,9.285388542370576,CC(C)n1c(=O)cc(N2CC(CS(C)(=O)=O)C2)c2cnc(Cc3ccnc(N4CCC(O)CC4)n3)cc21
5709,9.116540979441835,CC(C)n1c(=O)cc(N2CC(CS(C)(=O)=O)C2)c2cnc(Cc3ccnc(N4CCCCC4)n3)cc21
5710,8.328491212130844,CC(C)n1c(=O)cc(N2CC(CO)C2)c2cnc(Cc3ccnc(N4CCC(O)CC4)n3)cc21
5711,8.763347021178586,C=CCNc1cc(Nc2nccc(-c3cnc4nc(OC)n(C(C)C)c4c3)n2)c(C)cc1N(C)C
5712,8.485739118847816,C=CCNc1cc(Nc2nccc(-c3cnc4nc(OC)n(C(C)C)c4c3)n2)c(OC)cc1C
5713,8.609763710378658,C=CC(=O)Nc1cc(Nc2nccc(-c3cc4c5c(c3)n(C)c(=O)n5CCC4)n2)c(OC)cc1N(C)C
5714,7.560976156372679,CCn1nc(N)c2cnc(Nc3ccnc(-c4cnn(S(=O)(=O)C5CC5)c4)n3)cc21
5715,8.25963396769236,CC(C)n1nc(N)c2cnc(Nc3ccnc(-c4cnn(S(=O)(=O)C5CC5)c4)c3)cc21
5716,8.248030047180222,CC(C)(O)C1CN(c2n[nH]c3cc(Nc4ccnc(-c5cnn(S(=O)(=O)C6CC6)c5)n4)ncc23)C1
5717,8.30043253046919,CC(C)(O)C1CN(c2nn(C3CC3)c3cc(Nc4ccnc(-c5cnn(S(=O)(=O)C6CC6)c5)n4)ncc23)C1
5718,8.053109446449628,CC(C)n1nc(N2CC(CO)C2)c2cnc(Nc3ccnc(-c4cnn(C)c4)n3)cc21
5719,8.332622781151647,O=S(=O)(C1CC1)n1cc(-c2nccc(Nc3cc4c(cn3)c(N3CC(CO)C3)nn4C3CC3)n2)cn1
5720,8.238250365125197,CC(C)n1nc(N2CCC(O)CC2)c2cnc(Nc3ccnc(-c4cnn(C)c4)n3)cc21
5721,8.223610741466796,O=S(=O)(C1CC1)n1cc(-c2nccc(Nc3cc4c(cn3)c(N3CCC(O)CC3)nn4C3CC3)n2)cn1
5722,8.166724030896559,CC(C)n1nc(N2CCOCC2)c2cnc(Nc3ccnc(-c4cnn(C)c4)n3)cc21
5723,8.752933037539481,CC(C)n1nc(N2CCOCC2)c2cnc(Nc3ccnc(-c4ccc(S(C)(=O)=O)cc4)n3)cc21
5724,7.683214407934295,CC(C)n1c(CO)nc2cnc(Nc3ccnc(N4CCC(N)CC4)n3)cc21
5725,7.907241726242273,CC(C)n1c(CO)nc2cnc(Nc3ccnc(N4CCC(CO)CC4)n3)cc21
5726,8.015657036352499,CO[C@H]1CCN(c2nccc(Nc3cc4c(cn3)nc(CO)n4C(C)C)n2)CC1(F)F
5727,8.072487917149168,CO[C@H]1CCN(c2nccc(Nc3cc4c(cn3)nc(C)n4C(C)C)n2)CC1(F)F
5728,7.931795999091227,COC1CCN(c2nccc(Nc3cc4c(cn3)nc(C)n4C(C)C)n2)CC1
5729,8.114798826586446,O=C1NC(=O)c2cc(OCCN3CCN(CCOCc4nc5cc(Nc6ccccc6)ncc5cc4F)CC3)ccc21
5730,7.89646946814066,O=C1NC(=O)c2cc(OCCN3CCN(CCOCCOCc4nc5cc(Nc6ccccc6)ncc5cc4CO)CC3)ccc21
5731,8.48600559866789,O=c1[nH]c(=O)n(C2CC2)c2cc(OCCN3CCN(CCOCCOCc4nc5cc(Nc6ccccc6)ncc5cc4CO)CC3)ccc12
5732,8.746706388375102,COc1cc(N(C)CCN(C)C)ccc1Nc1ncc2c(n1)n(-c1cccc(NC(C)=O)c1)c(=O)c(=O)n2C(C)C
5733,8.527092272477418,COc1cc(N(C)CCN(C)C)ccc1Nc1ncc2c(n1)n(-c1cccc(NC(=O)CN(C)C)c1)c(=O)c(=O)n2C
5734,8.368225588138259,CC(C)n1c(=O)c(=O)n(-c2cccc(NC(=O)C3CC3)c2)c2cc(Nc3ccc(N4CCC(N)CC4)cc3)ncc21
5735,8.9044882997977,COc1cc(N2CCN(C)CC2)ccc1Nc1ncc2c(n1)n(-c1cccc(NC(C)=O)c1)c(=O)c(=O)n2C(C)C
5736,8.645168842294087,COc1cc(N2CCN(C)CC2)ccc1Nc1ncc2c(n1)n(-c1cccc(NC(=O)CN(C)C)c1)c(=O)c(=O)n2C
5737,8.63206001918426,COc1cc(OCCN(C)C)ccc1Nc1ncc2c(n1)n(-c1cccc(NC(C)=O)c1)c(=O)c(=O)n2C(C)C
5738,8.613361626944593,COc1cc(OCCN(C)C)ccc1Nc1ncc2c(n1)n(-c1cccc(NC(=O)CN(C)C)c1)c(=O)c(=O)n2C(C)C
5739,8.91988843090374,COc1cc(Nc2ncc3c(n2)n(-c2cccc(NC(C)=O)c2)c(=O)c(=O)n3C(C)C)ccc1N1CCN(C)CC1
5740,8.761307892219781,COc1cc(Nc2ncc3c(n2)n(-c2cccc(NC(=O)C(C)C)c2)c(=O)c(=O)n3C(C)C)ccc1N1CCN(C)CC1
5741,8.696964033009996,CC(C)n1c(Nc2ccc(F)c(Cl)c2)nc2cnc(Nc3ccc(C(=O)NN(C)C)cc3F)nc21
5742,8.864348718527765,CC(C)n1c(Nc2ccc(F)c(Cl)c2)nc2cnc(Nc3ccc(C(=O)NN4CCCC4)cc3F)nc21
5743,8.520339069229722,CC(C)n1c(Nc2ccc(F)c(Cl)c2)nc2cnc(Nc3ccc(C(=O)NC4CC4)cc3)nc21
5744,8.761715453184552,CC(C)n1c(Nc2ccc(F)c(Cl)c2)nc2cnc(Nc3ccc(C(=O)NC4CCN(C)CC4)cc3)nc21
5745,8.786284529328737,CN1CCN(c2ccc(Nc3ncc4nc(Nc5ccc(F)c(Cl)c5)n(C)c4n3)cc2)CC1
5746,8.888606035596627,CCn1c(Nc2ccc(F)c(Cl)c2)nc2cnc(Nc3ccc(N4CCN(C)CC4)cc3)nc21
5747,8.942226194204194,CC(C)n1c(Nc2ccc(OCc3ccccn3)c(Cl)c2)nc2cnc(Nc3ccc(N4CCN(C)CC4)cc3)nc21
5748,8.829225591558268,CC(C)n1c(Nc2ccc(OCc3ccccc3)c(Cl)c2)nc2cnc(Nc3ccc(N4CCN(C)CC4)cc3)nc21
5749,8.608094737161109,CN1CCN(c2ccc(Nc3ncc4nc(Nc5cccc(Br)c5)n(C)c4n3)cc2)CC1
5750,8.982041338465205,CN1CCN(c2ccc(Nc3ncc4nc(Nc5cccc(Br)c5)n(C5CCCC5)c4n3)cc2)CC1
5751,8.546772484006725,CC(=O)Nc1cccc(Nc2nc3cnc(Nc4ccc(C(=O)NN5CCN(C)CC5)cc4)nc3n2C(C)C)c1
5752,8.823157777896641,CC(C)n1c(Nc2cccc(NC(=O)C3CC3)c2)nc2cnc(Nc3ccc(C(=O)NN4CCN(C)CC4)cc3F)nc21
5753,8.405738318764461,COc1cccc(Nc2nc3ccc(Nc4ccc(N5CCN(C)CC5)cc4)nc3n2C(C)C)c1
5754,8.693241375113026,COc1cccc(Nc2nc3cnc(Nc4ccc(N5CCN(C)CC5)cc4)nc3n2CC(C)(C)O)c1
5755,8.51300750955724,CN1CCN(c2ccc(Nc3ncc4nc(Nc5ccc(F)cc5)n(C)c4n3)cc2)CC1
5756,8.552164795017944,CN1CCN(c2ccc(Nc3ncc4nc(Nc5ccc(Br)cc5)n(C)c4n3)cc2)CC1
5757,8.542130761112409,CC(C)n1c(Nc2ccc(C(N)=O)cc2)nc2cnc(Nc3ccc(N4CCN(C)CC4)cc3)nc21
5758,8.616443427182304,CC(C)n1c(Nc2ccc(C(=O)NCCO)cc2)nc2cnc(Nc3ccc(N4CCN(C)CC4)cc3)nc21
5759,8.374770299167288,CN1CCN(c2ccc(Nc3ncc4nc(Nc5ccc(C(F)(F)F)cc5)n(C)c4n3)cc2)CC1
5760,8.193538396947108,CN1CCN(c2ccc(Nc3ncc4nc(Nc5ccc(S(N)(=O)=O)cc5)n(C)c4n3)cc2)CC1
5761,8.587458642748867,CCNC(=O)Nc1ccc(Nc2nc3cnc(Nc4ccc(N5CCN(C)CC5)cc4)nc3n2C(C)C)cc1
5762,8.57620066182381,CC(C)n1c(Nc2ccc(NC(=O)NCCO)cc2)nc2cnc(Nc3ccc(N4CCN(C)CC4)cc3)nc21
5763,8.324162553678923,COc1ccc(Nc2nc3ccc(Nc4ccc(N5CCN(C)CC5)cc4)nc3n2C(C)C)cc1
5764,8.896030338933683,COc1ccc(Nc2nc3cnc(Nc4ccc(N5CCN(C)CC5)cc4)nc3n2C2CCCC2)cc1
5765,8.452781695068637,CN1CCN(c2ccc(Nc3ncc4nc(Nc5cccc(C(F)(F)F)c5)n(C)c4n3)cc2)CC1
5766,8.314044192152172,CN1CCN(c2ccc(Nc3ncc4nc(Nc5cccc(C(F)(F)F)c5)[nH]c4n3)cc2)CC1
5767,8.753645780682165,CC(C)n1c(Nc2cccc(S(C)(=O)=O)c2)nc2cnc(Nc3ccc(N4CCN(C)CC4)cc3)nc21
5768,8.631659489370994,CC(C)n1c(Nc2cccc(C#N)c2)nc2cnc(Nc3ccc(N4CCN(C)CC4)cc3)nc21
5769,8.866985481332659,C=CC(=O)Nc1cc(Nc2ncc3nc(Nc4ccccc4)n(C(C)C)c3n2)ccc1N(C)CCN(C)C
5770,8.618948986278786,C=CC(=O)Nc1cc(Nc2ncc3nc(Nc4ccccc4)n(C(C)C)c3n2)c(C)cc1N(C)C
5771,8.516038308874538,CN1CCN(C(=O)c2ccc(Nc3ncc4nc(Nc5ccccc5)n(C)c4n3)c(F)c2)CC1
5772,8.802417580657963,CC(C)n1c(Nc2ccccc2)nc2cnc(Nc3ccc(C(=O)NN4CCC(O)CC4)cc3F)nc21
5773,8.632825733196153,COc1cc(C(=O)NCCN2CCOCC2)ccc1Nc1ncc2nc(Nc3ccccc3)n(C(C)C)c2n1
5774,8.659318473244747,COc1cc(C(=O)NC2CCN(C)CC2)ccc1Nc1ncc2nc(Nc3ccccc3)n(C(C)C)c2n1
5775,8.040880009599702,CC(C)n1c(Nc2ccccc2)nc2cnc(Nc3cccc(C(=O)O)c3)nc21
5776,8.150103781825846,CC(C)n1c(Nc2ccccc2)nc2cnc(Nc3cccc(NC(=O)C4CC4)c3)nc21
5777,8.255194582993887,CN1CCC(NC(=O)c2ccc(Nc3ncc4nc(Nc5ccccc5)n(C)c4n3)cc2)CC1
5778,8.37514837378561,CN1CCC(NC(=O)c2ccc(Nc3ncc4nc(Nc5ccccc5)n(C(C)(C)C)c4n3)cc2)CC1
5779,8.16381882786645,CN1CCN(C(=O)c2ccc(Nc3ncc4nc(Nc5ccccc5)n(C)c4n3)cc2)CC1
5780,8.489783507706289,CC(C)n1c(Nc2ccccc2)nc2cnc(Nc3ccc(C(=O)NCCN4CCOCC4)cc3)nc21
5781,8.662569031483198,CN1CCN(c2ccc(Nc3ncc4nc(Nc5ccccc5)n(C)c4n3)cc2)CC1
5782,8.956279712811591,CN1CCN(c2ccc(Nc3ncc4nc(Nc5ccccc5)n(C5CCCC5)c4n3)cc2)CC1
5783,8.50776044975965,CN1CCN(c2ccc(Nc3ncc4nc(Nc5cccnc5)n(C)c4n3)cc2)CC1
5784,8.906444994761648,CN1CCN(c2ccc(Nc3ncc4nc(Nc5cccnc5)n(C5CCCC5)c4n3)cc2)CC1
5785,8.175640029336225,CN1CCN(c2ccc(Nc3ncc4nc(NC5CCCCC5)n(C)c4n3)cc2)CC1
5786,8.301056775327954,CC(C)n1c(NC2CCCCC2)nc2cnc(Nc3ccc(N4CCN(C(=O)CN)CC4)cc3)nc21
5787,6.8740804800035455,CC(C)n1nc(-c2ccccc2F)c2c(N)ncnc21
5788,7.449149981589025,CC(C)n1nc(-c2cccc(O)c2Cl)c2c(N)ncnc21
5789,7.001407190738797,COc1ccccc1-c1nn(C(C)C)c2ncnc(N)c12
5790,6.651537783686052,COc1ccc(-c2nn(C(C)C)c3ncnc(N)c23)c(OC)c1
5791,7.144813033988095,CC(C)n1nc(-c2ccc3[nH]ccc3c2)c2c(N)ncnc21
5792,7.059935444853201,CC(C)n1nc(-c2cccc3cc[nH]c23)c2c(N)ncnc21
5793,6.55763676623838,CC(C)n1nc(-c2ccc(C=O)c(F)c2)c2c(N)ncnc21
5794,7.068623967750675,CC(C)n1nc(-c2cc(F)c(Cl)c(F)c2)c2c(N)ncnc21
5795,6.448520164728857,COc1ccc(-c2nn(C(C)C)c3ncnc(N)c23)cc1OC
5796,6.936722024019075,COc1cc(-c2nn(C(C)C)c3ncnc(N)c23)cc(I)c1OC
5797,7.287485979998879,CC(C)n1nc(-c2cccc(O)c2)c2c(N)ncnc21
5798,7.580404410081206,CC(C)n1nc(-c2ccc(Cl)c(O)c2)c2c(N)ncnc21
5799,6.940494175797385,CC(C)n1nc(-c2ccc(Br)c(OCCN)c2)c2c(N)ncnc21
5800,7.086266481570516,COc1cc(-c2nn(C(C)C)c3ncnc(N)c23)ccc1Br
5801,6.54984469841636,CC(C)n1nc(-c2ccc(Cl)c(C#N)c2)c2c(N)ncnc21
5802,6.574385874448445,CC(C)n1nc(-c2ccc(C#N)c(Cl)c2)c2c(N)ncnc21
5803,5.782105640295425,CC(C)n1nc(-c2cccc(C#N)c2)c2c(N)ncnc21
5804,6.420560078779471,CC(C)n1nc(-c2cccc(C=O)c2)c2c(N)ncnc21
5805,7.001409689382834,CC(C)n1nc(-c2ccc(O)c(F)c2)c2c(N)ncnc21
5806,7.351646343174407,CC(C)n1nc(-c2ccc(O)cc2)c2c(N)ncnc21
5807,6.479297585422274,COc1ccc(-c2nn(C(C)C)c3ncnc(N)c23)cc1F
5808,7.5313651982865535,CC(C)n1nc(-c2ccc(O)c(Cl)c2)c2c(N)ncnc21
5809,6.643465833112737,CC(C)n1nc(-c2ccc(N)c(OC(F)F)c2)c2c(N)ncnc21
5810,7.257021449308658,CC(C)n1nc(-c2ccc(NC(=O)OC(C)(C)C)c(F)c2)c2c(N)ncnc21
5811,7.141295673042693,CC(C)n1nc(-c2ccc(NC(=O)OC(C)(C)C)c(C(F)(F)F)c2)c2c(N)ncnc21
5812,7.045156852761579,CC(C)Nc1ccc(-c2nn(C(C)C)c3ncnc(N)c23)cc1F
5813,7.260850269353658,CC(C)Nc1ccc(-c2nn(C(C)C)c3ncnc(N)c23)cc1Cl
5814,7.06526476988479,COc1cc(-c2nn(C(C)C)c3ncnc(N)c23)ccc1N
5815,6.9634328349572305,COc1cc(-c2nn(C(C)C)c3ncnc(N)c23)ccc1O
5816,6.573394813819343,COc1cc(-c2nn(C(C)C)c3ncnc(N)c23)cc(OC)c1OC
5817,7.087972709145499,CC(C)n1nc(-c2ccc(O)cc2F)c2c(N)ncnc21
5818,7.458489746236987,CC(C)n1nc(-c2cc(O)cc(Cl)c2)c2c(N)ncnc21
5819,7.107895788498089,CC(C)n1nc(-c2cc(F)cc(Cl)c2)c2c(N)ncnc21
5820,6.572793480814273,CC(=O)Nc1cccc(-c2nn(C(C)C)c3ncnc(N)c23)c1
5821,6.1393025376271115,CC(C)n1nc(-c2cccc(C(N)=O)c2)c2c(N)ncnc21
5822,7.207646410282473,CC(C)n1nc(-c2cccc(C(=O)NC3=NCCO3)c2)c2c(N)ncnc21
5823,7.406974038076809,CC(C)n1nc(-c2cccc(C(=O)NC3=NCCCS3)c2)c2c(N)ncnc21
5824,6.900121372970599,Cc1cccc(-c2nn(C(C)C)c3ncnc(N)c23)c1
5825,6.99400182378686,CC(C)n1nc(-c2cc(Br)co2)c2c(N)ncnc21
5826,6.374087491836988,CC(C)n1nc(-c2cc(CO)co2)c2c(N)ncnc21
5827,7.708072505014645,CC(C)n1nc(-c2ccc(CNC(=O)c3ccccc3)cc2)c2c(N)ncnc21
5828,7.620575464729429,CC(C)n1nc(-c2ccc(CNC(=O)Nc3ccccc3)cc2)c2c(N)ncnc21
5829,6.892681467490309,CC(C)n1nc(-c2ccc(C(F)(F)F)cc2)c2c(N)ncnc21
5830,6.9304167137601995,Cc1ccc(-c2nn(C(C)C)c3ncnc(N)c23)cc1
5831,7.062059448702861,CC(C)n1nc(-c2ccc(Cl)cc2)c2c(N)ncnc21
5832,7.117747931312045,CC(C)n1nc(-c2ccc3[nH]cc(C=O)c3c2)c2c(N)ncnc21
5833,7.222605353328221,CC(C)n1nc(-c2ccc3c(CO)c[nH]c3c2)c2c(N)ncnc21
5834,7.441828016804067,CC(C)n1nc(-c2ccc3[nH]nc(N)c3c2)c2c(N)ncnc21
5835,7.253446881446898,CC(C)(C)n1nc(-c2ccc3c(N)n[nH]c3c2)c2c(N)ncnc21
5836,7.583675307071426,CC(C)n1nc(-c2ccc3ccccc3c2)c2c(N)ncnc21
5837,7.455421234338995,CC(C)n1nc(-c2cccc3cc(O)ccc23)c2c(N)ncnc21
5838,7.168082097211828,CC(C)n1nc(-c2ccc3[nH]ncc3c2)c2c(N)ncnc21
5839,7.439772616821926,CC(C)n1nc(-c2ccc3ccn(C(=O)OC(C)(C)C)c3c2)c2c(N)ncnc21
5840,6.896314106516865,CC(C)n1nc(-c2ccc3c(ccn3C)c2)c2c(N)ncnc21
5841,7.268618222484814,CC(C)n1nc(-c2ccc3cc[nH]c3c2)c2c(N)ncnc21
5842,6.920592055031667,CC(C)n1nc(-c2cccc3c2ccn3C)c2c(N)ncnc21
5843,6.646272513402974,CC(C)(C)n1nc(-c2ccc3nc(N)ccc3c2)c2c(N)ncnc21
5844,6.3204466964284,CC(C)n1nc(-c2ccc3cc(N)ncc3c2)c2c(N)ncnc21
5845,6.720256526729184,CC(C)n1nc(-c2cnc3ccccc3c2)c2c(N)ncnc21
5846,6.6277173615866705,CCn1nc(-c2ccc3nc[nH]c(=O)c3c2)c2c(N)ncnc21
5847,7.1035436835975,CC(C)n1nc(-c2ccc3[nH]cnc3c2)c2c(N)ncnc21
5848,6.7383760601402,CCn1nc(-c2ccc3[nH]c(=O)ccc3c2)c2c(N)ncnc21
5849,6.954926779192813,CC(C)n1nc(-c2ccc3c(c2)OCO3)c2c(N)ncnc21
5850,6.969763448810458,CC(C)(C)n1nc(-c2ccc3[nH]c(=O)[nH]c3c2)c2c(N)ncnc21
5851,6.972067202741394,CCn1nc(-c2ccc3[nH]ccc3c2)c2c(N)ncnc21
5852,7.127002706690417,CC(C)n1nc(-c2ccc3cn[nH]c3c2)c2c(N)ncnc21
5853,7.001769913561562,CC(C)n1nc(-c2ccc3c(c2)OCCO3)c2c(N)ncnc21
5854,7.161394412482754,CC(C)n1nc(-c2cc3ccccc3[nH]2)c2c(N)ncnc21
5855,7.26204696269926,CC(C)n1nc(-c2cc3cccc(O)c3[nH]2)c2c(N)ncnc21
5856,7.429024250109816,CC(C)n1nc(-c2cccc3ccccc23)c2c(N)ncnc21
5857,6.731819815075402,CC(C)n1nc(-c2ccc3nonc3c2)c2c(N)ncnc21
5858,6.492738305120812,CC(C)n1nc(-c2ccc3ncccc3c2)c2c(N)ncnc21
5859,6.827641536430334,CCn1nc(-c2cnc3[nH]ccc3c2)c2c(N)ncnc21
5860,9.140250862135241,COc1cc2ncnc(Nc3cccc(Cl)c3F)c2cc1CN(C)C1(C(N)=O)CCN(C)CC1
5861,9.143419745710142,CN1CC2(C1)CN(c1ccc3ncnc(Nc4cccc(Cl)c4F)c3c1)C(=O)O2
5862,8.762501162004343,CC(C)N1CC2(CN(c3ccc4ncnc(Nc5cccc(Br)c5)c4c3)C(=O)O2)C1
5863,8.391967254863783,COc1cc(N2CCN(C)CC2)ccc1Nc1ncc2c(n1)n([C@H]1CCN(C(C)=O)C1)c(=O)n2C(C)C
5864,8.580002411887323,COc1cc(N2CCN(C)CC2)ccc1Nc1ncc2c(n1)n([C@H]1CCN(C(=O)CO)C1)c(=O)n2C(C)C
5865,8.826072747362693,COc1cc(N2CCN(C)CC2)ccc1Nc1ncc2c(n1)n(-c1cccc(NC(C)=O)c1)c(=O)n2C(C)C
5866,8.951862840986795,COc1cc(N2CCN(C)CC2)ccc1Nc1ncc2c(n1)N(c1cccc(NC(C)=O)c1)C(=O)N(C(C)C)C2
5867,9.160994494987166,COc1cc2ncnc(Nc3cccc(Cl)c3F)c2cc1CN(C)C1(C(N)=O)CN(C(C)C)C1
5868,7.940657238671251,CN1CCN([C@H]2CCCN(c3cnc(C(N)=O)c(Nc4ccc(C5(C)CCN(C)CC5)cc4)n3)C2)CC1
5869,7.377909180083695,CN1CCN([C@H]2CCCN(c3cnc(C(N)=O)c(Nc4ccc(C5(C)CCNCC5)cc4)n3)C2)C1=O
5870,7.527609586017158,CC(C)C(=O)N[C@H]1CCCN(c2cnc(C(N)=O)c(Nc3ccc(C4CCN(C(C)C)CC4)cc3)n2)C1
5871,7.527609586017158,CC(C)C(=O)N[C@@H]1CCCN(c2cnc(C(N)=O)c(Nc3ccc(C4CCN(C(C)C)CC4)cc3)n2)C1
5872,8.502213994520861,CC(C)N1CCC(n2nc(-c3ccc(Nc4nc5cccc(F)c5o4)cc3)c3c(N)ncnc32)CC1
5873,8.447149287000524,Nc1ncnc2c1c(-c1ccc(Nc3nc4cccc(Cl)c4o3)cc1)nn2C1CCN(CCO)CC1
5874,9.691834738718839,COc1cc2c(cc1Nc1ncc(Cl)c(Nc3ccc4nccnc4c3NS(C)(=O)=O)n1)-c1cccnc1CCN2C
5875,9.458379939483939,COc1cc2c(cc1Nc1ncc(Cl)c(Nc3ccc4nccnc4c3NS(C)(=O)=O)n1)-c1cccnc1CCN2
5876,9.652629918146628,COc1cc2c(cc1Nc1ncc(Cl)c(Nc3ccc(F)cc3NS(C)(=O)=O)n1)-c1cnn(C)c1CCN2C
5877,10.081022409816923,COc1cc2c(cc1Nc1ncc(Br)c(Nc3ccc(F)cc3NS(C)(=O)=O)n1)-c1cnn(C)c1CCN2
5878,9.71709831755297,COc1cc2c(cc1Nc1ncc(Br)c(Nc3ccc4nccnc4c3C(=O)N(C)C)n1)-c1cnn(C)c1CCO2
5879,9.576426867813899,COc1cc2c(cc1Nc1ncc(Cl)c(Nc3ccc4nccnc4c3C(=O)N(C)C)n1)-c1cnn(C)c1CCN2C
5880,9.537519898867702,COc1cc2c(cc1Nc1ncc(Cl)c(Nc3ccc4nccnc4c3C(N)=O)n1)-c1cnn(C)c1CCN2C
5881,9.695720838212825,COc1cc2c(cc1Nc1ncc(Br)c(Nc3ccc4nccnc4c3C(N)=O)n1)-c1cnn(C)c1CCO2
5882,9.378260058324138,CNC(=O)c1c(Nc2nc(Nc3cc4c(cc3OC)N(C(C)C)CC4)ncc2Br)ccc2nccnc12
5883,10.281211690361289,COc1cc2c(cc1Nc1ncc(Br)c(Nc3ccc4nccnc4c3CNS(C)(=O)=O)n1)-c1cnn(C)c1CCO2
5884,10.100531235369928,COc1cc2c(cc1Nc1ncc(Br)c(Nc3ccc4nccnc4c3CN(C)C)n1)-c1cnn(C)c1CCN2C
5885,9.878621495934835,COc1cc2c(cc1Nc1ncc(Cl)c(Nc3ccc4nccnc4c3N(C)S(C)(=O)=O)n1)-c1cnn(C)c1CCO2
5886,10.632213476625076,COc1cc2c(cc1Nc1ncc(Br)c(Nc3ccc4nccnc4c3N(C)S(C)(=O)=O)n1)-c1cnn(C)c1CCO2
5887,10.34249790259275,COc1cc2c(cc1Nc1ncc(Br)c(Nc3ccc4nccnc4c3N3CCCS3(=O)=O)n1)-c1cnn(C)c1CCO2
5888,9.764026278942685,COc1cc2c(cc1Nc1ncc(Cl)c(Nc3ccc4nccnc4c3N3CCCS3(=O)=O)n1)-c1cnn(C)c1CCO2
5889,9.856464952575811,COc1cc2c(cc1Nc1ncc(Cl)c(Nc3ccc4nccnc4c3NC(C)=O)n1)-c1cnn(C)c1CCN2C
5890,10.072584487157995,COc1cc2c(cc1Nc1ncc(Br)c(Nc3ccc4nccnc4c3NC(C)=O)n1)-c1cnn(C)c1CCO2
5891,10.095692046133442,COc1cc2c(cc1Nc1ncc(Cl)c(Nc3ccc4nccnc4c3NS(C)(=O)=O)n1)-c1cn[nH]c1CCN2C
5892,9.500779800859403,COc1cc2c(cc1Nc1ncc(Cl)c(Nc3ccn4ccnc4c3NS(C)(=O)=O)n1)-c1cnn(C)c1CCO2
5893,10.01577075058115,COc1cc2c(cc1Nc1ncc(Cl)c(Nc3ccn4ccnc4c3NS(C)(=O)=O)n1)-c1cnn(C)c1CCN2C
5894,9.263057544939544,COc1cc2c(cc1Nc1ncc(Cl)c(Nc3ccccc3S(=O)(=O)N(C)C)n1)-c1cnn(C)c1CCN2C
5895,9.315293715523751,COc1cc2c(cc1Nc1ncc(Br)c(Nc3ccccc3S(=O)(=O)N(C)C)n1)-c1cnn(C)c1CCO2
5896,9.47390180399808,COc1cc2c(cc1Nc1ncc(Cl)c(Nc3cccc4c3NS(=O)(=O)C4)n1)-c1cnn(C)c1CCN2C
5897,9.614950339584766,COc1cc2c(cc1Nc1ncc(Br)c(Nc3cccc4c3NS(=O)(=O)C4)n1)-c1cnn(C)c1CCO2
5898,8.89592704658369,COc1cc2c(Nc3ccc(Br)cc3F)ncnc2cc1OCC1CN(C(C)C)CCCO1
5899,8.745408558747304,COc1cc2c(Nc3ccc(Cl)c(Cl)c3)ncnc2cc1OCC1CN(C)C1
5900,9.037750218668371,CC(C)N1CCN(c2ccc3c(c2)nc(NC(=O)c2cccc(-c4cccnc4)c2)n3CC(C)(C)O)CC1
5901,8.939396287643984,CC(C)N1CCN(c2ccc3c(c2)nc(NC(=O)c2ccc(-c4cccnc4)cc2)n3CC(C)(C)O)CC1
5902,8.633642494653108,Nc1ncnc2c1c(-c1ccc(Nc3nc4cccc(Cl)c4o3)cc1)nn2C1CCC(N2CCOCC2)CC1
5903,8.855322287164421,COc1cc2c(Nc3ccc(Br)cc3F)ncnc2cc1OCC1CN(C(C)C)CCO1
5904,6.625133849502025,CC(C)NC(=O)c1ccc(S(=O)(=O)Oc2ccc(/C=C/C(=O)O)cc2)cc1
5905,6.553784866594333,CC(C)NC(=O)c1ccc(S(=O)(=O)Oc2ccc(/C=C/C(N)=O)cc2)cc1
5906,9.622091704060667,CC(C)NC(=O)c1ccc2c(c1)OCCCOc1c(cnn1C)-c1cc3c(n[nH]c3c(=O)n1C)/C=C/2
5907,10.041028339671268,CCN(CC)C(=O)c1ccc2c(c1)OCCCOc1c(cnn1C)-c1cc3c(n[nH]c3cn1)/C=C/2
5908,8.702903486504256,CCC(=O)Nc1cc2c(Nc3ccc(Br)cc3F)ncnc2cc1OCCNC(=O)NC(C)C
5909,8.468785666310572,CC(C)NC(=O)NCCOc1cc2ncnc(Nc3ccc(Br)cc3F)c2cc1NC(=O)c1ccccc1
5910,8.79728769910632,CC(C)NC(=O)c1ccc(-c2ccc3ncnc(Nc4ccc(OCc5cccc(F)c5)c(Cl)c4)c3c2)o1
5911,8.887564731814246,CNC(=O)c1ccc(-c2ccc3ncnc(Nc4ccc(OCc5cccc(F)c5)c(Cl)c4)c3c2)o1
5912,9.248665476724168,CN(C)CCC/C=C/C(=O)Nc1cc2c(Nc3ccc(F)c(Cl)c3)ncnc2cc1O[C@H]1CCOC1
5913,8.937512032606357,O=C(/C=C/c1ccc[nH]1)Nc1cc2c(Nc3ccc(F)c(Cl)c3)ncnc2cc1O[C@H]1CCOC1
5914,9.233614519999893,CC(C)NC/C=C/C(=O)Nc1cc2c(Nc3ccc(F)c(Cl)c3)ncnc2cc1O[C@H]1CCOC1
5915,8.94358819053495,CC(C)NC/C=C/C(=O)Nc1cc2c(Nc3cccc(Cl)c3)ncnc2cc1O[C@H]1CCOC1
5916,8.269548873805117,c1ccc(-c2c(-c3ccc(OCCN4CCCC4)cc3)oc3ncnc(NC4CC4)c23)cc1
5917,8.438984415604436,c1ccc(-c2c(-c3ccc(OCCN4CCCC4)cc3)oc3ncnc(NCCN4CCOCC4)c23)cc1
5918,8.223804821228232,CC(C)Nc1ncnc2oc(-c3ccccc3)c(-c3ccc(N(C)CCN(C)C)c(N)c3)c12
5919,8.047596552794651,CC(C)Nc1ncnc2oc(-c3ccccc3)c(-c3ccc(N(C)C)c(N)c3)c12
5920,8.566789420300896,CC(C)Nc1ncnc2oc(-c3ccccc3)c(-c3cccc(CO)c3)c12
5921,8.533681152210976,CC(C)Nc1ncnc2oc(-c3ccccc3)c(-c3cccc(NC(=O)CN(C)C)c3)c12
5922,8.272187222792095,COc1cc(NC(C)C)ccc1Nc1ncc(C(F)(F)F)c(Nc2cccc(C(N)=O)c2)n1
5923,8.720282002841236,COc1cc(NC(C)C)ccc1Nc1ncc(C(F)(F)F)c(Nc2cccc(NC(=O)CN(C)C)c2)n1
5924,8.377975815066955,COc1cc(NC(C)C)ccc1Nc1ncc(Cl)c(Nc2cccc(NC(=O)CCN)c2)n1
5925,8.440695089240513,COc1cc(NC(C)C)ccc1Nc1ncc(Cl)c(Nc2cccc(NC(=O)CNC(C)C)c2)n1
5926,8.598799184438258,CC(C)(O)C1CN(C(=O)c2cnc(Nc3ccnc(-c4cnn(S(=O)(=O)C5CC5)c4)n3)cc2Cl)C1
5927,8.729948870809798,CC(C)(O)C1CN(C(=O)c2cnc(Nc3ccnc(-c4cnn(S(=O)(=O)C5CC5)c4)n3)cc2C(F)(F)F)C1
5928,7.664413004770497,CNC(=O)c1cnc(Nc2ccnc(N3CCC(O)CC3)n2)cc1NC(C)C
5929,7.494956108194106,CNC(=O)c1cnc(Nc2ccnc(N3CCC(CO)CC3)n2)cc1NC(C)C
5930,7.617091611360646,CNC(=O)c1cnc(Nc2ccnc(N3CCC(C)(O)CC3)n2)cc1NC(C)C
5931,7.1913168969859225,CNC(=O)c1cnc(Nc2ccnc(N3CCC(C(N)=O)CC3)n2)cc1NC(C)C
5932,8.80031227138498,CC(C)Nc1ncnc2[nH]cc(C(=O)c3c(F)ccc(NS(=O)(=O)c4ccccc4)c3F)c12
5933,8.863087678221243,CC(C)Nc1ncnc2[nH]cc(C(=O)c3c(F)ccc(NS(=O)(=O)c4cccc(F)c4)c3F)c12
5934,8.452094319676318,C=CC(=O)Nc1cc(Nc2nccc(-c3c(C(=O)OCC)n(C)c4ccccc34)n2)c(OC)cc1N(C)C
5935,8.353673065483061,C=CC(=O)Nc1cc(Nc2nccc(-c3c(C(=O)OCC)n(C)c4ccccc34)n2)c(C)cc1OC
5936,8.589652894310202,C=CC(=O)Nc1cc(Nc2nccc(-c3cn(C)c4ccccc34)n2)c(OC)cc1N(C)CCN(C)C
5937,8.51962890884987,C=CC(=O)Nc1cc(Nc2nccc(-c3cn(C)c4c(C(=O)OC)cccc34)n2)c(OC)cc1N(C)CCN(C)C
5938,8.538032079627799,C=CC(=O)Nc1cc(Nc2nccc(-c3cn(C)c4ccc(C(=O)OC)cc34)n2)c(OC)cc1N(C)CCN(C)C
5939,8.597974117662574,C=CC(=O)Nc1cc(Nc2ncc(C(=O)OC)c(-c3cnn4ccccc34)n2)c(OC)cc1N(C)CCN(C)C
5940,8.553634653121854,C=CCOC(=O)c1cnc(Nc2cc(NC(=O)CC)c(N(C)C)cc2OC)nc1-c1cnn2ccccc12
5941,8.651199264191511,C=CC(=O)Nc1cc(Nc2ncc(C(=O)OC)c(-c3cn(C)c4c(OC)cccc34)n2)c(OC)cc1N(C)CCN(C)C
5942,8.398261446676592,C=CC(=O)Nc1cc(Nc2ncc(C(=O)OC)c(-c3cn(C)c4c(OC)cccc34)n2)c(OC)cc1N(C)CCN
5943,8.84610579617536,C=CC(=O)Nc1cc(Nc2ncc(C(=O)OC)c(-c3cn(C)c4ncccc34)n2)c(OC)cc1N(C)CCN(C)C
5944,8.857980517699232,C=CC(=O)Nc1cc(Nc2ncc(C(=O)OCC)c(-c3cn(C)c4ncccc34)n2)c(OC)cc1N(C)CCN(C)C
5945,8.57488796329792,C=CC(=O)Nc1cc(Nc2ncc(C(=O)OC)c(-c3cn(C)c4ncccc34)n2)c(OC)cc1N(C)CCN
5946,8.791353746959844,C=CCOC(=O)c1cnc(Nc2cc(NC(=O)CC)c(N(C)C)cc2OC)nc1-c1cn(C)c2ncccc12
5947,8.302526891286933,C=CC(=O)Nc1cc(Nc2ncc(C(=O)OC)c(-c3cn(C(C)=O)c4ccccc34)n2)c(OC)cc1N(C)CCN
5948,8.369122489971609,C=CC(=O)Nc1cc(Nc2ncc(C(=O)OCC)c(-c3cn(C(C)=O)c4ccccc34)n2)c(OC)cc1N(C)CCN
5949,8.736541018246545,COc1cc(N2CCC(N(C)C)CC2)ccc1Nc1ncc(Cl)c(-c2cn(C(C)=O)c3ccccc23)n1
5950,8.638916726205137,C=CC(=O)Nc1cc(Nc2ncc(C(=O)OC)c(-c3cn(C)c4ccccc34)n2)c(OC)cc1N(C)C[C@@H]1CCCN1
5951,8.69975465871449,C=CC(=O)Nc1cc(Nc2ncc(C(=O)OCC)c(-c3cn(C)c4ccccc34)n2)c(OC)cc1N(C)C[C@@H]1CCCN1
5952,8.638916726205137,C=CC(=O)Nc1cc(Nc2ncc(C(=O)OC)c(-c3cn(C)c4ccccc34)n2)c(OC)cc1N(C)C[C@H]1CCCN1
5953,8.732347153325438,C=CC(=O)Nc1cc(Nc2ncc(C(=O)O)c(-c3cn(C)c4ccccc34)n2)c(OC)cc1N(C)C[C@H]1CCCN1
5954,8.632245132398237,C=CC(=O)Nc1cc(Nc2ncc(C(=O)OC)c(-c3cn(C)c4ccccc34)n2)c(OC)cc1N(C)CC1CCCN1
5955,8.692938431144077,C=CC(=O)Nc1cc(Nc2ncc(C(=O)OCC)c(-c3cn(C)c4ccccc34)n2)c(OC)cc1N(C)CC1CCCN1
5956,8.327189845128705,C=CC(=O)Nc1cc(Nc2ncc(C(=O)OC)c(-c3cn(C)c4ccccc34)n2)c(OC)cc1N(C)CCN
5957,8.75920924363972,COc1cc(N2CCN(C(C)=O)CC2)ccc1Nc1ncc(C(=O)OC(C)C)c(-c2cn(C)c3ccccc23)n1
5958,8.582551125474183,COc1cc(N2CCN(C)CC2)ccc1Nc1ncc(Cl)c(-c2cn(C)c3ccccc23)n1
5959,8.835536361572046,COc1cc(N2CCC(O)CC2)ccc1Nc1ncc(C(=O)OC(C)C)c(-c2cn(C)c3ccccc23)n1
5960,8.770492271407809,COc1cc(N2CCN(C)CC2)ccc1Nc1ncc(Cl)c(-c2cn(C)c3ccc(F)cc23)n1
5961,8.612805184275986,C=CCOc1cc(Nc2ncc(C(=O)OCC)c(-c3cn(C)c4ccccc34)n2)c(OC)cc1OCCN(C)C
5962,8.572397542155473,C=CC(=O)Nc1cc(Nc2ncc(C(=O)OC)c(-c3cn(C)c4ccccc34)n2)c(OC)cc1OCCN(C)C
5963,8.717204043619567,COc1cc(N(C)CCN(C)C)c(OC)cc1Nc1ncc(C(=O)O)c(-c2cn(C3CC3)c3ccccc23)n1
5964,8.692397504621939,C=CC(=O)Nc1cc(Nc2ncc(C(=O)OC)c(-c3cn(C4CC4)c4ccccc34)n2)c(OC)cc1N(C)CCN(C)C
5965,8.629874435842757,C=CC(=O)Nc1cc(Nc2ncc(C(=O)OC)c(-c3cnc4ccccn34)n2)c(OC)cc1N(C)CCN(C)C
5966,8.632724055939105,C=CC(=O)Nc1cc(Nc2ncc(C(=O)OCC)c(-c3cnc4ccccn34)n2)c(OC)cc1N(C)CCN(C)C
5967,8.347455304348186,COc1cc(Nc2ncc(C(=O)O)c(-c3cn4c5c(cccc35)CCC4)n2)c(N(C)C)cc1OC
5968,8.943030160708371,COc1cc(Nc2ncc(C(=O)O)c(-c3cn4c5c(cccc35)CCC4)n2)c(N(C)C)cc1N(C)CCN(C)C
5969,8.810205984679875,C=CC(=O)Nc1cc(Nc2ncc(C(=O)OC)c(-c3c[nH]c4ncccc34)n2)c(OC)cc1N(C)CCN(C)C
5970,8.68059789073494,COc1cc(Nc2ncc(C(=O)O)c(-c3c[nH]c4ncccc34)n2)c(N(C)CCN(C)C)cc1OC
5971,8.740332466186114,C=CC(=O)Nc1cc(Nc2ncc(C(=O)OC)c(-c3c[nH]c4ccccc34)n2)c(OC)cc1N(C)C[C@H]1CCCN1C
5972,8.82825969189122,C=CC(=O)Nc1cc(Nc2ncc(C(=O)O)c(-c3c[nH]c4ccccc34)n2)c(OC)cc1N(C)C[C@H]1CCCN1C
5973,8.614189649839052,C=CC(=O)Nc1cc(Nc2ncc(C(=O)OC)c(-c3c[nH]c4ccccc34)n2)c(OC)cc1N(C)CCN(C)C
5974,8.470415457844718,COc1cc(Nc2ncc(C(=O)O)c(-c3c[nH]c4ccccc34)n2)c(N(C)CCN(C)C)cc1OC
5975,8.581757090679213,COc1cc(N2CCN(C)CC2)ccc1Nc1ncc(Cl)c(-c2c[nH]c3ccccc23)n1
5976,8.762500161938519,COc1cc(N2CCN(C(C)=O)CC2)ccc1Nc1ncc(C(=O)OC(C)C)c(-c2c[nH]c3ccccc23)n1
5977,8.751899527784685,C=CC(=O)Nc1cc(Nc2ncc(C(=O)OC)c(-c3coc4ccccc34)n2)c(OC)cc1N(C)C[C@H]1CCCN1C
5978,8.781822997634611,C=CC(=O)Nc1cc(Nc2ncc(C(=O)OCC)c(-c3coc4ccccc34)n2)c(OC)cc1N(C)C[C@H]1CCCN1C
5979,8.698797437498248,C=CC(=O)Nc1cc(Nc2ncc(C(=O)OC)c(-c3nn(C)c4ccccc34)n2)c(OC)cc1N(C)CCN(C)C
5980,8.73764520063362,C=CC(=O)Nc1cc(Nc2ncc(C(=O)OCC)c(-c3nn(C)c4ccccc34)n2)c(OC)cc1N(C)CCN(C)C
5981,8.676473432440108,C=CC(=O)Nc1cc(Nc2ncc(C(=O)OC)c(-n3ccc4ccccc43)n2)c(OC)cc1N(C)C[C@H]1CCCN1C
5982,8.730394274785029,C=CC(=O)Nc1cc(Nc2ncc(C(=O)OCC)c(-n3ccc4ccccc43)n2)c(OC)cc1N(C)C[C@H]1CCCN1C
5983,8.58167289170437,C=CC(=O)Nc1cc(Nc2ncc(C(=O)OC)c(-n3ccc4ccccc43)n2)c(OC)cc1N(C)CCN(C)C
5984,8.648525639867081,COc1cc(Nc2ncc(C(=O)OC(C)C)c(-n3ccc4ccccc43)n2)cc(N(C)C)c1NC(=O)CN(C)C
5985,8.423823155228607,COc1cc(N2CCC(O)CC2)ccc1Nc1cc(Nc2cccc3c2N(S(C)(=O)=O)C3)c(C(=O)OC(C)C)cn1
5986,6.6658030208453125,COC(=O)Nc1ccc(Nc2ncnc3cc(OC)c(OC)cc23)cc1
5987,7.134497909469617,COc1cc2ncnc(Nc3ccc(NC(=O)OC(C)C)c(Cl)c3)c2cc1OC
5988,8.614933966610648,COc1cc(N2CCN(S(C)(=O)=O)CC2)ccc1Nc1cc(-c2[nH]cc(C(N)=O)c2-c2ccc(F)cc2)ccn1
5989,7.902753067859372,COc1cc(N2CCN(S(C)(=O)=O)CC2)ccc1Nc1cc(C2=C(O)C(C(N)=O)=C2c2ccc(F)c(F)c2)ccn1
5990,8.792958773387335,CN1CCOC(COc2cc3ncnc(Nc4ccc(Cl)c(Cl)c4)c3cc2OCC(=O)N(C)C)C1
5991,8.836202886628127,COc1cc2c(Nc3ccc(Cl)c(Cl)c3)ncnc2cc1OCC1CNCCO1
5992,8.755294506063183,Clc1ccc(Nc2ncnc3cc(OCC4CNCCO4)c(Cl)cc23)cc1Cl
5993,8.520831192585545,COc1cc(F)ccc1Nc1ncnc2ccc(-c3ccc(C(=O)N4CCN(C)CC4)cc3)nc12
5994,8.483279538666247,COc1cc(F)ccc1Nc1ncnc2ccc(-c3ccc(C(=O)N4CCNCC4)cc3)nc12
5995,8.30453217195796,CC(C)Oc1cc(Nc2ncc3c(n2)N(c2cccc(N)c2)C(=O)N(C)C3)ccc1N1CCN(C)CC1
5996,8.1217183748719,CC(C)Oc1cc(Nc2ccc(N3CCN(C)CC3)cc2F)ncc1CN1C(=O)N(c2cccc(N)c2)C1=O
5997,8.503593026429195,COCCOc1cc2ncnc(Nc3ccc(F)c([N+](=O)[O-])c3)c2c2c1OCCO2
5998,8.397235598143908,CC(C)Oc1cc2ncnc(Nc3ccc(F)c([N+](=O)[O-])c3)c2c2c1OCCO2
5999,8.399609014508862,CC(C)Oc1cc2ncnc(Nc3ccc(F)c(Cl)c3)c2c2c1OCCO2
6000,8.007495233242102,CCOC(C)Oc1cc2ncnc(Nc3ccc(F)c(C#N)c3)c2c2c1OCCO2
6001,7.57364874793944,COc1ccc(Nc2ncnc3cc(OC)c4c(c23)OCCO4)cc1[N+](=O)[O-]
6002,8.44185140355289,COCCOc1cc2ncnc(Nc3ccc(OCc4cccc(F)c4)c(Cl)c3)c2c2c1OCCO2
6003,8.021181414474933,COCCOc1cc2ncnc(Nc3ccc(OCc4cccc(F)c4)c(F)c3)c2c2c1OCCO2
6004,8.114031659699402,COc1cc(OC)c2c(Nc3ccc(F)c(Cl)c3)ncnc2c1
6005,8.275353596714613,COc1cc(OC(C)C)c2c(Nc3ccc(Cl)cc3)ncnc2c1
6006,8.783363018235194,CC(C)Oc1ccccc1Nc1nccc(-c2cc3c([nH]2)C2(CCN(C(=O)C(C)(C)C)CC2)CNC3=O)n1
6007,8.664639299023053,CC(C)Oc1ccccc1Nc1nccc(-c2cc3c([nH]2)C2(CCN(C(=O)C(C)(C)O)CC2)CNC3=O)n1
6008,8.475221208775485,CC(C)(C)N1C=C2C(=CC1)c1c(ncc(Cl)c1Nc1ccc(F)c(Cl)c1)N[C@H]2c1ccccn1
6009,8.448711422856315,COc1ccc(Nc2c(C#N)cnc3c(Cl)cc(N[C@H](C4=CN(C(C)(C)C)C4)c4ccc(OC)c(OC)c4)cc23)cn1
6010,8.309844743367126,CC(C)Oc1ccc(Nc2ncc(F)c(Nc3ccc(Cl)c(NC(=O)C4CC4)c3)n2)cn1
6011,8.319135684516434,C=CC(=O)Nc1cc(Nc2nc(Nc3ccc(OCC)nc3)ncc2F)ccc1Cl
6012,8.146023389718337,CC(C)Oc1ccc(Nc2ncc(F)c(Nc3cccc(NC(=O)C4CC4)c3)n2)cn1
6013,8.611648471853789,CC(C)Oc1ccc(Nc2ncc(F)c(Nc3cccc(NC(=O)CN4CCCC4)c3)n2)cn1
6014,8.378802940608306,CC(C)Oc1ncnc2[nH]c(-c3ccc(N4CCN(C)CC4)cc3)c(-c3ccccc3)c12
6015,8.617203013222229,CC(C)Oc1ncnc2[nH]c(-c3ccc(N4CCN(C)CC4)cc3)c(-c3cccc(C(N)=O)c3)c12
6016,9.224705293171876,CN(C)C/C=C/C(=O)Nc1cc2c(Nc3ccc(F)c(Cl)c3)ncnc2cc1OCCN1CCOCC1
6017,8.317830468862121,C=CC(=O)Nc1cc(Nc2nccc(Nc3ccccc3S(=O)(=O)C(C)C)n2)c(C)cc1N(C)C
6018,8.66522104899759,C=CC(=O)Nc1cc(Nc2nccc(Nc3ccccc3S(=O)(=O)C(C)C)n2)ccc1N(C)CCN(C)C
6019,7.705991729951656,CC(C)S(=O)(=O)c1ccccc1Nc1nc(N/N=C/c2ccccc2)ncc1Cl
6020,7.785718210828982,CC(C)S(=O)(=O)c1ccccc1Nc1nc(N/N=C/c2cccc(Cl)c2)ncc1Cl
6021,7.907029082592969,COc1ccc(/C=N/Nc2ncc(Cl)c(Nc3ccccc3S(=O)(=O)C(C)C)n2)cc1
6022,7.83857302122958,COc1ccc(/C=N/Nc2ncc(Cl)c(Nc3ccccc3S(=O)(=O)C(C)C)n2)cc1OC
6023,7.740323868558673,CC(C)S(=O)(=O)c1ccccc1Nc1nc(N/N=C/c2ccc(Cl)cc2)ncc1Cl
6024,7.791179743794338,CC(C)S(=O)(=O)c1ccccc1Nc1nc(N/N=C/c2ccc(C(F)(F)F)cc2)ncc1F
6025,7.729089368654661,CC(C)S(=O)(=O)c1ccccc1Nc1nc(N/N=C/c2ccc(C(F)(F)F)cc2)ncc1Cl
6026,7.976358895454828,COc1ccc(/C=N/Nc2ncc(Cl)c(Nc3ccccc3S(=O)(=O)C(C)C)n2)c(OC)c1
6027,8.298158149378649,COc1cc(N(C)C)c(NC(=O)CN)cc1Nc1ncc(Cl)c(Nc2ccccc2S(=O)(=O)C(C)C)n1
6028,8.568628299459636,COc1cc(N(C)CCN(C)C)c(NC(=O)CN(C)C)cc1Nc1ncc(Cl)c(Nc2ccccc2S(=O)(=O)C(C)C)n1
6029,8.818869765866811,COc1cc(N2CCCN(C)CC2)c(C)cc1Nc1ncc(Cl)c(Nc2ccccc2S(=O)(=O)C(C)C)n1
6030,8.84874709936318,C=CC(=O)Nc1cc(Nc2ncc(Cl)c(Nc3ccccc3S(=O)(=O)C(C)C)n2)c(C)cc1N1CCCN(C)CC1
6031,8.346660630250744,COc1cc(-n2cc(CN3CCOCC3)nn2)ccc1Nc1ncc(Cl)c(Nc2ccccc2S(=O)(=O)C(C)C)n1
6032,8.134186281276921,COc1cc(N2CCN(CCO)C2=O)ccc1Nc1ncc(Cl)c(Nc2ccccc2S(=O)(=O)C(C)C)n1
6033,8.31816987306027,COc1cc(N2CCN(CC(=O)N(C)C)C2=O)ccc1Nc1ncc(Cl)c(Nc2cccc(S(C)(=O)=O)c2)n1
6034,8.175168796082758,COc1cc(N2CCNC2=O)ccc1Nc1ncc(Cl)c(Nc2cccc(S(=O)(=O)C(C)C)c2)n1
6035,8.086645043279741,COc1cc(N2CCNC2=O)ccc1Nc1ncc(Cl)c(Nc2ccccc2S(=O)(=O)C(C)C)n1
6036,8.811578011435214,COc1cc(N(C)CCN(C)C)c(NC(=O)CN(C)C)cc1Nc1ncc(F)c(Nc2ccccc2S(=O)(=O)C(C)C)n1
6037,9.139043280559518,COc1cc(N(C)CCN(C)C)c(NC(=O)C2CC2)cc1Nc1ncc(F)c(Nc2ccccc2S(=O)(=O)C(C)C)n1
6038,8.138889880200475,COc1cc(N(C)C)c(OC)cc1Nc1ncc(I)c(Nc2ccccc2S(=O)(=O)C(C)C)n1
6039,8.432725989219804,COc1cc(N(C)CCO)c(OC)cc1Nc1ncc(I)c(Nc2ccccc2S(=O)(=O)C(C)C)n1
6040,8.744612997151911,CC(C)(N)C(=O)NCCn1ccc2ncnc(Nc3ccc(Oc4cccc(C(F)(F)F)c4)c(Cl)c3)c21
6041,8.79907267122483,COc1cc(N2CCN(C(C)=O)CC2)ccc1Nc1ncc(Cl)c(-c2cn(S(=O)(=O)C(C)C)c3ccccc23)n1
6042,8.811928649767209,COc1cc(N2CCN(C(=O)CO)CC2)ccc1Nc1ncc(Cl)c(-c2cn(S(=O)(=O)C(C)C)c3ccccc23)n1
6043,8.727028052715776,CC(C)S(=O)(=O)Nc1nc(-c2ccc(F)cc2)c(-c2ccnc(Nc3ccc(CCN(C)C)cc3)n2)s1
6044,8.9938533911368,CC(C)S(=O)(=O)Nc1nc(-c2ccc(F)cc2)c(-c2ccnc(Nc3ccc4c(c3)CCN4C)n2)s1
6045,9.107686155794505,C=CC(=O)Nc1cc(Nc2nccc(Nc3ccc(F)cc3F)n2)c(OC)cc1N1CC[C@@H](N(C)C)C1
6046,8.932853648606995,C=CC(=O)Nc1cc(Nc2nccc(Nc3cccc(F)c3)n2)c(OC)cc1N1CC[C@@H](N(C)C)C1
6047,8.883900880040851,C=CC(=O)Nc1cc(Nc2ncc(OC)c(Nc3cc(Cl)ccc3C(C)O)n2)c(OC)cc1N(C)CCN(C)C
6048,8.72695359787603,C=CC(=O)Nc1cc(Nc2ncc(OC)c(Nc3ccccc3C(C)O)n2)c(OC)cc1N(C)CCN(C)C
6049,8.710483166033445,CC(C)n1ncc2cc(Nc3ncnc4cc(C#C[C@@H]5C[C@@H](OC(=O)N6CCOCC6)CN5)sc34)ccc21
6050,8.491813240931778,CC(c1ccccc1)n1ncc2cc(Nc3ncnc4cc(C#C[C@@H]5C[C@@H](OC(=O)N6CCOCC6)CN5)sc34)ccc21
6051,8.49900677123205,CN(C)C/C=C/C(=O)N1CCOc2c(Nc3ccc(OCc4cccc(F)c4)cc3)ncnc21
6052,8.537763957331423,CC(Oc1ccc(Nc2ncnc3ccc4c(c23)OCCN4C(=O)/C=C/CN(C)C)cc1)c1ccccc1
6053,7.781504947122531,CC(NC(=O)c1ccc(-c2nn(C3CCCC3)c3ncnc(N)c23)cc1)c1ccccc1
6054,7.777527647992676,CC(NC(=O)c1ccc(-c2nn(C3CCCC3)c3ncnc(N)c23)cc1)c1ccccn1
6055,8.286193295933987,CC(C(=O)Nc1cc(-c2[nH]c3c(CC(F)(F)F)cn(C)c(=O)c3c2-c2ccccc2)ccn1)c1ccccc1
6056,8.649749399340555,COc1ccc(C(C)C(=O)Nc2cc(-c3[nH]c4c(CC(F)(F)F)cn(C)c(=O)c4c3-c3ccccc3)ccn2)cc1
6057,8.450702277070082,C[C@H](C(=O)Nc1cc(-c2[nH]c3ccn(C)c(=O)c3c2-c2ccc(F)cc2)ccn1)c1ccccc1
6058,8.405702220824528,CC(C)C(C(=O)Nc1cc(-c2[nH]c3ccn(C)c(=O)c3c2-c2ccc(F)cc2)ccn1)c1ccccc1
6059,8.178338631309535,C[C@H](C(=O)Nc1cc(-c2[nH]c3ccn(C)c(=O)c3c2-c2ccccc2)ccn1)c1ccccc1
6060,8.173102819245146,CC(C(=O)Nc1cc(-c2[nH]c3ccn(C)c(=O)c3c2-c2ccccc2)ccn1)c1ccccc1
6061,8.64943448243408,CC1(C)Cc2[nH]c(-c3ccnc(NC(=O)C(C)(C)c4ccc(F)cc4)c3)c(Nc3ccccc3)c2C(=O)N1
6062,8.328737298450658,CC(C)(C)NC(=O)c1c(-c2ccnc(NC(=O)Cc3ccc(F)cc3)c2)[nH]c2c1C(=O)NC(C)(C)C2
6063,8.388598535851342,O=C(Nc1cc(-c2[nH]c3c(c2Nc2ccccc2)C(=O)NCC3)ccn1)c1ccc(F)cc1
6064,8.077565651782761,Nc1ncc(-c2ccc3ncnc(NCc4ccc(F)cc4)c3c2)cn1
6065,8.454609368648411,C[C@@H](Nc1ncnc2ccc(-c3cnc(N)nc3)cc12)c1ccc(F)cc1
6066,8.491930167988786,COc1cc2ncnc(Nc3cccc(C(F)(F)F)c3)c2cc1OC
6067,8.195757349875054,COc1cc2ncnc(Nc3ccc(C(C)C)cc3)c2cc1OC
6068,8.23345483473348,N#Cc1cnc2ccc(-c3cncc(-c4n[nH]c(=O)o4)c3)cc2c1NCc1ccccc1
6069,8.104788433788302,N#Cc1cnc2ccc(-c3cncc(-c4n[nH]c(=O)o4)c3)cc2c1Nc1ccccc1
6070,7.761592843929229,N#Cc1cnc2ccc(-c3cnc(N)nc3)cc2c1NCc1ccccc1
6071,7.8550193062954135,N#Cc1cnc2ccc(-c3cnc(N)nc3)cc2c1NCCc1ccccc1
6072,7.848042468804603,N#Cc1cnc2ccc(-c3cnc4[nH]ncc4c3)cc2c1NCc1ccccc1
6073,7.893492483349434,N#Cc1cnc2ccc(-c3cnc4[nH]ncc4c3)cc2c1NCCc1ccccc1
6074,9.06161596059396,COc1ccccc1-c1cc2c(N[C@H](CO)c3ccccc3)ncnc2s1
6075,8.352994404098759,COc1cc(-c2ccc3ncnc(NCc4ccccc4)c3c2)cnc1OC
6076,8.449059849961166,COc1ncc(-c2ccc3ncnc(N[C@@H](C)c4ccccc4)c3c2)cc1C#N
6077,9.185325071987366,C=CC(=O)Nc1cc(Nc2ncnc(Nc3cccc(C(C)(C)O)c3)n2)c(OC)cc1N(C)CCN(C)C
6078,8.581513186437018,C=CC(=O)Nc1cc(Nc2ncnc(Nc3ccccc3C(C)(C)O)n2)c(C)cc1N(C)CCN(C)C
6079,8.60286841915747,CN(C)C/C=C/C(=O)N1CCOc2c(ccc3ncnc(Nc4ccc(OC(F)(F)F)cc4)c23)N(C(=O)/C=C/CN)C1
6080,8.356516053355577,CN(C)C/C=C/C(=O)N1CCOc2ccc3ncnc(Nc4ccc(OC(F)(F)F)cc4)c3c2OCC1
6081,8.466381505645389,CC(C)C(C(=O)Nc1cc(-c2[nH]c3c(c2Nc2ccccc2)C(=O)N(C)CC3)ccn1)c1ccccc1
6082,8.566755920503686,CN1CCc2[nH]c(-c3ccnc(NC(=O)C(C)(C)c4ccncc4)c3)c(Nc3ccccc3)c2C1=O
6083,7.774358856509882,COc1ccc2cc(C(C)C(=O)OCCOc3cc4ncnc(Nc5cccc(F)c5)c4cc3OCCOC(C)=O)ccc2c1
6084,7.705840735587957,COc1ccc2cc(C(C)C(=O)OCCOc3cc4ncnc(Nc5cccc(C#N)c5)c4cc3OCCOC(C)=O)ccc2c1
6085,8.11385196666748,C#Cc1cccc(Nc2ncnc3cc(OC)c(OCCOC(=O)C(C)c4ccc5cc(OC)ccc5c4)cc23)c1
6086,8.218892271843256,C#Cc1cccc(Nc2ncnc3cc(OCCOC(=O)Cc4ccc5cc(OC)ccc5c4)c(OCCO)cc23)c1
6087,8.692848258459591,CC(C(=O)/C=C/C(=O)NCCCN(C)C)c1cc2c(Nc3ccc(F)cc3)ncnc2cn1
6088,8.882697286459859,CC(C(=O)/C=C/C(=O)NCCCN(C)C)c1cc2c(Nc3cccc(Cl)c3)ncnc2cn1
6089,9.25404424384947,CC(=O)C(C)c1cc2c(Nc3cccc(Br)c3)ncnc2cn1
6090,8.395724467696484,C=CC(=O)C(C)c1cc2c(Nc3cccc(OC)c3)ncnc2cn1
6091,8.735483430197588,CC(C)NC(=O)COc1cc2ncnc(Nc3ccc(Br)cc3F)c2cc1NC(=O)C1CC1
6092,8.88602751501216,CN(C)CC(=O)NCCOc1cc2ncnc(Nc3ccc(Br)cc3F)c2cc1NC(=O)C1CCC1
6093,7.074903300965326,CN(C(=O)C1CC1)c1cc(-c2[nH]c3c(c2C(=O)NC(C)(C)C)C(=O)NC(C)(C)C3)ccn1
6094,8.388749373975573,CN(C(=O)C(C)(C)c1ccc(S(C)(=O)=O)cc1)c1cc(-c2[nH]c3c(c2C(=O)NC(C)(C)C)C(=O)NCC3)ccn1
6095,6.5891692834408255,Oc1ccc(CCCNCCc2ccc(O)c(O)c2)cc1
6096,6.334474946771797,CC(CCc1ccc(O)cc1)NCCc1ccc(O)cc1
6097,8.702280186422144,CN(C)CC(=O)Nc1cc2c(Nc3ccc(Br)cc3F)ncnc2cc1OCCNC(=O)C(C)(C)N
6098,8.43570963483457,COc1ccc(N(CCN=Nc2ccc3ncnc(Nc4ccccc4)c3c2)CC(C)Cl)cc1
6099,8.206505825012858,COc1ccc(N(CCN=Nc2ccc3ncnc(Nc4cccc(Cl)c4)c3c2)Cc2ccccc2)cc1
6100,7.802827508260669,COc1ccccc1C(=O)NCc1ccc(-c2nn(CC(C)C)c3ncnc(N)c23)cc1
6101,7.825946219110991,CC(=O)Nc1cccc(Nn2cc3c(c2F)NCC(=O)C3Nc2ccc(N3CCN(C)CC3)cc2)c1
6102,7.8396252223336,C=CC(=O)Nc1cccc(Nn2cc3c(c2F)NCC(=O)C3Nc2ccc(N3CCN(C)CC3)cc2)c1
6103,8.57236006259882,CC(=O)NCC(C)Oc1cc2ncnc(Nc3ccc(Br)cc3F)c2cc1NC(C)=O
6104,8.872948918249332,CC(=O)NCC(C)Oc1cc2ncnc(Nc3ccc(Br)cc3F)c2cc1NC(=O)CN1CCCC1
6105,8.462915686891483,CC(C)Oc1ccc(Nc2ncc(F)c(Nc3cccc(NC(=O)CN4CCCC4)c3)n2)cc1F
6106,8.854264461998653,CC(C)n1cc([C@@H](Nc2cc(Cl)c3ncc(C#N)c(NCC(C)(C)C)c3c2)c2cccc3c(=O)n(C)ccc23)[nH]1
6107,8.421887466387243,COCC(C)Oc1cc2ncnc(Nc3ccc(F)c([N+](=O)[O-])c3)c2c2c1OCCO2
6108,8.782536029108757,CC(=O)Nc1cc2c(Nc3ccc(Br)c(Cl)c3F)ncnc2cc1OCC(C)NC(=O)CN(C)C
6109,8.576547096305152,CC(C)COc1cc2c(Nc3ccc(Br)c(Cl)c3F)ncnc2cc1OCC(=O)NC(C)C
6110,8.479576704475123,CC(=O)NC(C)COc1cc2ncnc(Nc3ccc(Br)cc3F)c2cc1N
6111,8.695541874042688,CC(=O)Nc1cc2c(Nc3ccc(Br)cc3F)ncnc2cc1OCC(C)NC(=O)CN(C)C
6112,8.63167512654691,CC(COc1cc2ncnc(Nc3ccc(Br)cc3F)c2cc1NC(=O)C(C)C)NC(=O)CN(C)C
6113,9.616590459047464,C=CC(=O)Nc1cc(Nc2ncnc(Nc3cc(Cl)c(F)cc3[C@](C)(O)CC)n2)c(C)cc1N1CC[C@@H](N(C)C)C1
6114,10.850007014697832,C=CC(=O)Nc1cc(Nc2ncnc(Nc3cc(Cl)c(F)cc3C(C)(O)CC)n2)c(OC)cc1N1CC[C@@H](N(C)C)C1
6115,10.366588939633528,C=CC(=O)Nc1cc(Nc2ncnc(Nc3cc(Cl)c(F)cc3[C@H](C)O)n2)c(OC)cc1N1CC[C@@H](N(C)C)C1
6116,9.387452231112762,C=CC(=O)Nc1cc(Nc2ncnc(Nc3cc(Cl)c(F)cc3[C@H](C)O)n2)c(C)cc1N1CC[C@@H](N(C)C)C1
6117,9.506504537706,CC(C)c1ccc(N2C[C@H](CS(C)(=O)=O)[C@@H]2C)c2cnc(Nc3ccnc(N4CCC(O)CC4)n3)cc12
6118,8.87950869644575,COc1cc2c(Nc3ccc(Cl)c(Cl)c3)ncnc2cc1OCC1CN(CCO)CCO1
6119,9.011850955395774,CC(C)Oc1cc2ncnc(Nc3ccc(Cl)c(Cl)c3F)c2cc1OC1CCN(C(=O)C2CC2)CC1
6120,9.017518650758683,CC(C)Oc1cc2ncnc(Nc3ccc(Cl)c(Cl)c3F)c2cc1OC1CCN(C(=O)C(C)(C)N)CC1
6121,8.864814671905538,C[C@H](Nc1c(C#N)cnc2c(Cl)cc(N[C@@H](c3ccc(F)nc3)c3cn(C4CC4)nn3)cc12)c1ccccc1
6122,8.948052814221413,N#Cc1cnc2c(Cl)cc(N[C@@H](c3ccc(F)nc3)c3cn(C4CC4)nn3)cc2c1NCc1ccccn1
6123,7.631168961885962,CC[C@@H]1[C@H](NC(=O)C2CC2)CCCN1c1cnc(C(N)=O)c(Nc2ccc(C3CCN(C4CCC4)CC3)cc2)n1
6124,7.70718274128534,CC[C@@H]1[C@H](NC(=O)N2CCOCC2)CCCN1c1cnc(C(N)=O)c(Nc2ccc(C3CCN(C4CCC4)CC3)cc2)n1
6125,6.3750606069011315,CC(C)C[C@H](CO[C@@H](Cc1ccccc1)C(=O)N[C@@H](CCS(C)(=O)=O)C(=O)OC(C)C)NC[C@@H](N)CS
6126,6.425672696897581,CC(C)C[C@H](CO[C@@H](Cc1ccccc1)C(=O)N[C@@H](CCS(C)(=O)=O)C(=O)OC(C)C)NC[C@@H](N)CO
6127,8.591548884354163,C[C@@H](NC(=O)OC(C)(C)C)C(=O)Nc1ccc2ncnc(Nc3cccc(Br)c3)c2c1
6128,6.532100529559088,CC[C@H](C)[C@H](NC(=O)[C@@H]1N=C([C@@H](N)[C@H](C(=O)O)[C@H](O)C(C)C)[C@@H](N)[C@@H](N)[C@@H]1O)C(=O)N[C@H](CC1CC1)C(=O)O
6129,8.222267166017259,CCC(=O)c1cnc(Nc2ccnc(-c3cnn(S(C)(=O)=O)c3)n2)cc1NC(C)C
6130,8.430590621660519,CCC(=O)c1cnc(Nc2ccnc(-c3cnn(S(C)(=O)=O)c3)n2)cc1N[C@@H](C)CC
6131,8.505748458070913,CC(C)Nc1cc(Nc2ccnc(-c3cnn(S(=O)(=O)C4CC4)c3)n2)ncc1C(=O)N(C)C
6132,8.629695663447876,CCN(C)C(=O)c1cnc(Nc2ccnc(-c3cnn(S(=O)(=O)C4CC4)c3)n2)cc1NC(C)C
6133,8.962931890475534,CC[C@@H](C)Nc1cc(Nc2ccnc(-c3cnn(S(=O)(=O)C4CC4)c3)n2)ncc1C(=O)N1CC(C(C)(C)O)C1
6134,8.692790935748876,CC[C@H](C)Nc1cc(Nc2ccnc(-c3cnn(S(=O)(=O)C4CC4)c3)n2)ncc1C(=O)N1CC(O)C1
6135,8.396345277158286,CC[C@H](C)Nc1cc(Nc2ccnc(-c3cnn(S(C)(=O)=O)c3)n2)ncc1C(=O)NC
6136,8.534281985416866,CCNc1cc(Nc2ccnc(-c3cnn(S(=O)(=O)C4CC4)c3)n2)ncc1C(=O)NC
6137,8.496293413911612,CC[C@H](C)Nc1cc(Nc2ccnc(-c3cnn(C)c3)n2)ncc1C(=O)NC1CCOCC1
6138,8.695409409889177,CC[C@H](C)Nc1cc(Nc2ccnc(-c3cnn(C4CC4)c3)n2)ncc1C(=O)NC1CCOCC1
6139,8.032952452600536,CCNC(=O)c1cnc(Nc2ccnc(-c3cnn(C)c3)n2)cc1N[C@@H](C)CC
6140,8.4788524183497,CCNC(=O)c1cnc(Nc2ccnc(-c3cnn(CCOC)c3)n2)cc1N[C@@H](C)CC
6141,8.6886007404813,CC[C@H](C)Nc1cc(Nc2ccnc(-c3cnn(S(C)(=O)=O)c3)n2)ncc1C(=O)NCCC(F)F
6142,8.769452703142989,CC[C@H](C)Nc1cc(Nc2ccnc(-c3cnn(S(=O)(=O)C4CC4)c3)n2)ncc1C(=O)NC1CC1
6143,8.563369496073584,CC[C@H](C)Nc1cc(Nc2ccnc(-c3cnn(S(C)(=O)=O)c3)n2)ncc1C(=O)NCCCO
6144,8.919125610891511,CC[C@H](C)Nc1cc(Nc2ccnc(-c3cnn(S(=O)(=O)C4CC4)c3)n2)ncc1C(=O)NC
6145,8.73691450167448,CC(C)Nc1cc(Nc2ccnc(-c3cnn(S(=O)(=O)C4CC4)c3)n2)ncc1C(=O)NCCN(C)C
6146,8.620355360662211,CC(C)Nc1cc(Nc2ccnc(-c3cnn(S(=O)(=O)C4CC4)c3)n2)ncc1C(=O)NCCO
6147,7.94448307882402,CCNS(=O)(=O)c1cnc(Nc2ccnc(-c3cnn(C)c3)n2)cc1N[C@@H](C)CC
6148,8.403534572236639,CCNS(=O)(=O)c1cnc(Nc2ccnc(-c3cnn(C4CCNCC4)c3)n2)cc1N[C@@H](C)CC
6149,9.000970872053845,CC(=O)N1CCC(Oc2cc3c(Nc4ccc(Cl)c(Cl)c4F)ncnc3cc2OC(C)C)CC1
6150,8.759972675825038,CC[C@@H](Nc1c(C#N)cnc2c(C#N)cc(N[C@H](C3=CNC3)c3ccc(F)nc3C)cc12)c1ccccc1
6151,8.966099275051603,CC[C@@H](Nc1c(C#N)cnc2c(C#N)cc(N[C@H](C3=CN(C)CC3)c3ccc(F)nc3C)cc12)c1ccccc1
6152,8.39141765101445,CC[C@@H](Nc1c(C#N)cnc2c(C#N)cc(N[C@H](C3=CNC3)c3cccc4ncsc34)cc12)c1cccc2ncsc12
6153,8.430431650187623,CC[C@@H](Nc1c(C#N)cnc2c(C#N)cc(N[C@H](C3=CN(C)CC3)c3cccc4ncsc34)cc12)c1cccc2ncsc12
6154,9.29701258768795,N#Cc1cnc2c(C#N)cc(N[C@H](C3=CN(C4CC4)NN3)c3cccc4ncsc34)cc2c1NCCN
6155,9.291573647821396,N#Cc1cnc2c(C#N)cc(N[C@H](C3=CN(C4CC4)NN3)c3cccc4ncsc34)cc2c1NCCO
6156,8.72004296508948,C[C@@H](Nc1c(C#N)cnc2c(C#N)cc(N[C@H](C3=CN(C)NN3)c3ccc(F)cc3)cc12)c1ccccc1
6157,8.677703766939034,CC(C)Nc1c(C#N)cnc2c(C#N)cc(N[C@@H](C3=CN(C)NN3)c3ccc(F)cc3)cc12
6158,8.90344352981078,CC[C@@H](Nc1c(C#N)cnc2c(Cl)cc(N[C@@H](C3=C(F)N(C)CC3)c3ccc(F)nc3C)cc12)c1ccc(F)nc1
6159,8.863780810005663,CC[C@@H](Nc1c(C#N)cnc2c(Cl)cc(N[C@@H](C3=C(F)N(C)CC3)c3ccc(F)nc3C)cc12)c1ccc(F)nc1C
6160,8.944909755913613,CC[C@@H](Nc1c(C#N)cnc2c(Cl)cc(N[C@H](C3=CN(C)CC3)c3ccc(F)nc3C)cc12)c1ccc(F)nc1C
6161,8.758361292156883,CC[C@@H](Nc1c(C#N)cnc2c(Cl)cc(N[C@H](C3=CNC3)c3ccc(F)nc3C)cc12)c1ccc(F)nc1C
6162,8.841861909813115,CC[C@@H](Nc1c(C#N)cnc2c(Cl)cc(N[C@H](C3=CN(C)CC3)c3ccc(F)nc3C)cc12)c1ccccc1
6163,8.720047131900818,CC[C@@H](Nc1c(C#N)cnc2c(Cl)cc(N[C@H](C3=CNCC3)c3ccc(F)nc3C)cc12)c1ccccc1
6164,9.43555107648533,N#Cc1cnc2c(Cl)cc(N[C@@H](Cc3ccccc3)C(=O)O)cc2c1N[C@H](C1=CN(C2CC2)NN1)c1ccc(F)nc1F
6165,9.541560421862398,N#Cc1cnc2c(Cl)cc(N[C@H](C3=CN(C4CC4)NN3)c3ccc(F)nc3F)cc2c1NCc1ccccn1
6166,9.435598227710804,Cc1ncccc1[C@H](Nc1cc(Cl)c2ncc(C#N)c(N[C@H](C)c3ccccc3)c2c1)C1=CN(C(C)C)NN1
6167,9.435598227710804,Cc1ncccc1[C@H](Nc1cc(Cl)c2ncc(C#N)c(N[C@@H](C)c3ccccc3)c2c1)C1=CN(C(C)C)NN1
6168,8.933596687237475,Cc1ncccc1[C@H](Nc1cc(Cl)c2ncc(C#N)c(N[C@@H](C)c3ccccc3)c2c1)c1cn(C2CCN(C)CC2)[nH]1
6169,9.689952098699582,Cc1ncccc1[C@H](Nc1cc(Cl)c2ncc(C#N)c(N[C@H](C)C3CC3)c2c1)C1=CN(C2CCN(C)CC2)NN1
6170,8.336481854577674,Cc1ncccc1[C@@H](Nc1cc(Cl)c2ncc(C#N)c(NCc3ccccc3)c2c1)c1c[nH][nH]1
6171,8.716785014979267,Cc1ncccc1[C@@H](Nc1cc(Cl)c2ncc(C#N)c(N[C@H](C)c3ccccc3)c2c1)C1=CNNC1
6172,9.60485749290515,CC(C)(C)N1C=C([C@@H](Nc2cc(Cl)c3ncc(C#N)c(NCc4ccccc4)c3c2)c2cccc3c2CNC3)NN1
6173,9.67928969875694,C[C@@H](Nc1c(C#N)cnc2c(Cl)cc(N[C@H](C3=CN(C(C)(C)C)NN3)c3cccc4c3CNC4)cc12)c1ccccc1
6174,8.921792502367525,N#Cc1cnc2c(Cl)cc(N[C@H](C3=CN(C4CC4)NC3)c3cccc4c3CNC4)cc2c1NCc1ccccc1
6175,9.232263086588793,CC(C)Nc1c(C#N)cnc2c(Cl)cc(N[C@H](C3=CN(C4CC4)NN3)c3cccc4c3CNC4)cc12
6176,8.445231505065061,CC[C@@H](Nc1c(C#N)cnc2c(Cl)cc(N[C@H](C3=CN(C)C3)c3cccnc3)cc12)c1ccccc1
6177,9.29013413097579,CC(C)(C)N1C=C([C@@H](Nc2cc(Cl)c3ncc(C#N)c(NCc4ccccc4)c3c2)c2cccnc2)NN1
6178,9.296617969566444,C[C@@H](Nc1c(C#N)cnc2c(Cl)cc(N[C@H](C3=CN(C(C)(C)C)NN3)c3cccnc3)cc12)c1ccccc1
6179,8.43025842877915,CC(C)N1C=C([C@@H](Nc2cc(Cl)c3ncc(C#N)c(N[C@H](C)c4ccccc4)c3c2)c2ccccc2)NN1
6180,8.43025842877915,CC(C)N1C=C([C@@H](Nc2cc(Cl)c3ncc(C#N)c(N[C@@H](C)c4ccccc4)c3c2)c2ccccc2)NN1
6181,8.53770064287714,CC[C@@H](Nc1c(C#N)cnc2c(Cl)cc(N[C@@H](C)C3=CN(C(C)C)NN3)cc12)c1ccccc1
6182,9.285233352677416,CC(C)Nc1c(C#N)cnc2c(Cl)cc(N[C@H](C3=CN(C(F)(F)CO)NN3)c3cccnc3)cc12
6183,9.354825914176834,N#Cc1cnc2c(Cl)cc(N[C@H](C3=CN(C(F)(F)CO)NN3)c3cccnc3)cc2c1NCc1ccccc1
6184,8.962134602012503,CC(C)Nc1c(C#N)cnc2c(Cl)cc(N[C@H](C3=CN(C4CCOCC4)C[C@@H]3F)c3cccnc3)cc12
6185,9.316093234774296,N#Cc1cnc2c(Cl)cc(N[C@H](C3=CN(C4CCNC4)NN3)c3cccnc3)cc2c1NCc1ccccc1
6186,9.200002800649198,N#Cc1cnc2c(Cl)cc(N[C@H](C3=CN(C4CCNC4)NN3)c3cccnc3)cc2c1N[C@H](CO)c1ccccc1
6187,9.142092750735157,N#Cc1cnc2c(Cl)cc(N[C@@H](Cc3ccccc3)C(=O)O)cc2c1N[C@H](C1=CN(C2CC2)NN1)c1cccnc1
6188,9.581517231601081,N#Cc1cnc2c(Cl)cc(N[C@H](C3=CN(C4CCCC4)NN3)c3cccnc3)cc2c1NCc1ccccc1
6189,9.480426270601864,N#Cc1cnc2c(Cl)cc(N[C@H](C3=CN(C4CCCC4)NN3)c3cccnc3)cc2c1NCc1ccccn1
6190,9.404274801791411,CC(C)(C)N1CCC(N2C=C([C@@H](Nc3cc(Cl)c4ncc(C#N)c(NCCO)c4c3)c3cccnc3)NN2)CC1
6191,8.91920708684939,N#Cc1cnc2c(Cl)cc(N[C@@H](Cc3ccccc3)C(=O)O)cc2c1N[C@H](C1=CN(C2COC2)NN1)c1cccnc1
6192,9.132910222605965,COCCNc1c(C#N)cnc2c(Cl)cc(N[C@H](C3=CN(CC(F)(F)F)NN3)c3cccnc3)cc12
6193,8.546937928942972,CC[C@@H](Nc1c(C#N)cnc2c(Cl)cc(N[C@H](C3=CN(C)CC3)c3cccnc3)cc12)c1ccccc1
6194,8.226111795184034,CC[C@@H](Nc1c(C#N)cnc2c(Cl)cc(N[C@@H](C)C3=CN(CCN(C)CC)CC3)cc12)c1ccccc1
6195,8.406168634332762,C[C@@H](Nc1c(C#N)cnc2c(Cl)cc(N[C@@H](c3cccnc3)c3cn(C)[nH]3)cc12)c1ccccc1
6196,9.030263091938117,N#CCN1C=C([C@@H](Nc2cc(Cl)c3ncc(C#N)c(N[C@H](CO)c4ccccc4)c3c2)c2cccnc2)NN1
6197,8.924373795285534,N#Cc1cnc2c(Cl)cc(N[C@H](C3=CN(CC4(O)COC4)NN3)c3cccnc3)cc2c1NCc1ccccc1
6198,9.480564265213136,CC(C)[C@@H](Nc1c(C#N)cnc2c(Cl)cc(N[C@H](C3=CN(CC4(O)COC4)NN3)c3cccnc3)cc12)c1ccccc1
6199,9.297369143627614,N#Cc1cnc2c(Cl)cc(N[C@H](C3=CN(CCN4CCCC4)NN3)c3cccnc3)cc2c1NCc1ccccc1
6200,9.289689914467399,CC(C)Nc1c(C#N)cnc2c(Cl)cc(N[C@H](C3=CN(CCCN4CCCC4)NN3)c3cccnc3)cc12
6201,8.657467096323527,N#Cc1cnc2c(Cl)cc(N[C@@H](Cc3ccccc3)C(F)(F)F)cc2c1N[C@@H](c1cccnc1)c1c[nH][nH]1
6202,9.446602946648495,N#Cc1cnc2c(Cl)cc(N[C@@H](C3=CN(C4CC4)NN3)c3cccnc3F)cc2c1NCc1ccccc1
6203,9.488280021053017,N#Cc1cnc2c(Cl)cc(N[C@@H](C3=CN(C4CC4)NN3)c3cccnc3F)cc2c1NCc1ccccn1
6204,8.49185648474503,COc1cccc([C@@H](Nc2cc(Cl)c3ncc(C#N)c(N[C@H](C)c4ccccc4)c3c2)c2cn(C3CC3)[nH]2)c1
6205,9.425083025677104,N#Cc1cnc2c(Cl)cc(N[C@@H](C3=CN(C4CC4)NN3)c3ccc(F)nc3)cc2c1NCc1ccccc1
6206,9.270477482730108,N#Cc1cnc2c(Cl)cc(N[C@@H](C3=CN(C4CC4)NN3)c3cccnc3)cc2c1NCc1ccccc1
6207,9.250604440728422,N#Cc1cnc2c(Cl)cc(N[C@@H](C3=CN(C4CC4)NN3)c3cccnc3)cc2c1NCc1ccccn1
6208,8.714978898207306,Cc1ncsc1C(Nc1cc(Cl)c2ncc(C#N)c(N[C@H](C)c3ccccc3)c2c1)c1cn(C2CC2)[nH]1
6209,8.714978898207306,Cc1ncsc1C(Nc1cc(Cl)c2ncc(C#N)c(N[C@@H](C)c3ccccc3)c2c1)c1cn(C2CC2)[nH]1
6210,8.922836664185455,COc1cc(N[C@@H](C2=CN(C3CC3)NN2)c2ccc(F)cc2)c2cnc(C#N)c(N[C@H](C)c3ccccc3)c2c1
6211,9.34548837952876,COc1cc(N[C@@H](C2=CN(C3CC3)NN2)c2ccc(F)cn2)c2cc(N[C@H](C)c3ccccc3)c(C#N)cn12
6212,9.266467274478405,COc1ccc(-c2cc3c(N[C@H](CO)c4ccccc4)ncnc3o2)cc1
6213,8.113510790014109,CN(C)C/C=C/C(=O)N1CCc2c(sc3ncnc(N[C@H](CO)c4ccccc4)c23)C1
6214,8.401926606865276,CN(C)C/C=C/C(=O)N1CCc2c(sc3ncnc(NC(C)(C)c4ccccc4)c23)C1
6215,7.946580651035133,CC[C@@H](Nc1ncnc2sc3c(c12)CCN(C(C)=O)C3)c1ccccc1
6216,8.04533731148167,CC[C@@H](Nc1ncnc2sc3c(c12)CCN(C(=O)C1CCC1)C3)c1ccccc1
6217,8.740301882729073,C[C@H](Nc1ncnc2ccc(NC(c3ccc(F)cc3)c3cn(C4CC4)nn3)cc12)c1ccccc1
6218,8.646261043350128,CC[C@H](Nc1ncnc2ccc(NC(c3ccc(F)cc3)c3cn(C)nn3)cc12)c1ccccc1
6219,8.33618004855557,CC/C=C\N=C1/C=C(Nc2nccc(-c3cn(C)c4ccccc34)n2)C(OC)=CC1=O
6220,6.926020758883379,CC/C(=C(/c1ccccc1)c1ccc(OCCN(C)C)cc1)c1ccccc1
6221,6.922504099445469,CC/C(=C(\c1ccccc1)c1ccc(OCCN(C)C)cc1)c1ccc(O)cc1
6222,8.403171063423095,CCC(=O)Nc1cc2c(N3CCc4ccccc43)ncnc2cc1OC
6223,8.39539495077644,COc1cc2ncnc(N3CCc4ccccc43)c2cc1NC(=O)C(C)C
6224,8.82846046975401,CC/C=C/C(=O)NCCOc1cc2ncnc(Nc3ccc(Br)cc3F)c2cc1NC(=O)CCC
6225,8.842482590777006,CC/C=C/COc1cc2ncnc(Nc3ccc(Br)cc3F)c2cc1NC(C)=O
6226,8.40957971664572,COc1cc(Nc2nc(C)cc(-c3cn(C)c4ccc(F)cc34)n2)cc(NC(=O)CN(C)C)c1OC
6227,8.360276888275248,COc1cc(Nc2nc(C)cc(-c3cn(C)c4ccc(F)cc34)n2)cc(N(C)CCN(C)C)c1OC
6228,8.621494633559658,CCCC(=O)Nc1cc(Nc2nc(C)cc(-c3cn(C)c4ccccc34)n2)c(OC)cc1N(C)CCN(C)C
6229,8.285397475771815,COc1cc(Nc2nc(C)cc(-c3cn(C)c4ccccc34)n2)cc(NC(=O)CCN(C)C)c1OC
6230,8.337357962758663,COc1cc(Nc2ncc(C#N)c(-c3cn(C)c4ccccc34)n2)cc(N(C)CCN(C)C)c1OC
6231,8.172748374105348,COc1cc(Nc2ncc(C#N)c(-c3cn(C)c4ccccc34)n2)c(N(C)C)cc1N(C)C
6232,8.505423641978767,COc1cc(Nc2nccc(-c3cn(C)c4ccc(F)cc34)n2)cc(NC(=O)CCN(C)C)c1OC
6233,8.483952252963107,COc1cc(Nc2nccc(-c3cn(C)c4ccc(F)cc34)n2)cc(NC(=O)CN(C)C)c1OC
6234,8.624167518600576,CCCC(=O)Nc1cc(Nc2nccc(-c3cn(C)c4ccccc34)n2)c(OC)cc1N(C)CCN(C)C
6235,8.362176855396434,COc1cc(Nc2nc3c(c(-c4cn(C)c5ccc(F)cc45)n2)CSCC3)c(N(C)C)cc1OC
6236,8.514519428406295,CC/C=C\C(=O)Nc1cc(Nc2nc3c(c(-c4cn(C)c5ccc(F)cc45)n2)CSCC3)c(OC)cc1C
6237,8.478185797793715,CC/C=C\C(=O)Nc1cc(Nc2nc3c(c(-c4ccccc4)n2)CSCC3)c(OC)cc1N(C)CCN(C)C
6238,8.504637890101062,CC/C=C/C(=O)Nc1cc(Nc2nc3c(c(-c4cn(C)c5ccccc45)n2)CSCC3)c(OC)cc1N(C)C
6239,7.977280077482878,COc1ccc(/C=C2\C(C)=C(CC(=O)OCCOc3cc4ncnc(Nc5ccccc5)c4cc3OC)c3ccc(F)cc32)cc1
6240,6.426364526304697,CC1=C(CC(=O)O)c2cc(Cl)ccc2/C1=C\c1ccco1
6241,6.022431766643774,CC1=C(CC(=O)O)c2cc(Cl)ccc2/C1=C\c1ccccc1
6242,7.940204286729352,COc1cccc(Oc2ccc(-c3nc([C@@H]4CCCN4C(=O)C4CC4)n4ccnc(C)c34)cc2)c1F
6243,8.116414250959672,COc1cccc(Oc2ccc(-c3nc([C@@H]4CCCN[C@@H]4C(=O)OC(C)C)n4ccnc(C)c34)cc2)c1F
6244,8.09188479777662,CC(=O)N(C)[C@@H](C)c1nc(-c2ccc(C(=O)Nc3ccccn3)cc2)c2c(N)nccn12
6245,8.234941586984812,CC(C)N(C)[C@@H](C)c1nc(-c2ccc(C(=O)Nc3ccccn3)cc2)c2c(N)nccn12
6246,7.894209872795893,CC(=O)N[C@@H](C)c1nc(-c2ccc(C(=O)Nc3ccc(C)cn3)cc2)c2c(N)nccn12
6247,8.045783407647503,CC(=O)N(C)[C@@H](C)c1nc(-c2ccc(C(=O)Nc3ccc(C)cn3)cc2)c2c(N)nccn12
6248,8.512249269093893,C=CC(=O)Nc1cc(Nc2nccc(Nc3ccccc3)n2)c(OC)cc1N(C)CCN(C)C(=O)CC
6249,8.653284851955233,C=CC(=O)Nc1cc(Nc2nccc(Nc3cn(C)c4ccccc34)n2)c(C)cc1N(C)CCN(C)C(=O)CC
6250,7.68185372795478,CC#CC(=O)N[C@@H](C)c1nc(-c2ccc(C(=O)Nc3ccccn3)cc2)c2c(N)nccn12
6251,7.825758562424066,CC#CC(=O)N[C@@H](C)c1nc(-c2ccc(C(=O)Nc3ccc(F)cn3)cc2)c2c(N)nccn12
6252,7.914232543232068,CC(=O)N[C@@H](C)c1nc(-c2ccc(C(=O)Nc3cc(C(F)(F)F)ccn3)cc2)c2c(N)nccn12
6253,8.102915938193483,C[C@H](NC(=O)C1CC1)c1nc(-c2ccc(C(=O)Nc3cc(C(F)(F)F)ccn3)cc2)c2c(N)nccn12
6254,6.558543366387176,Cc1[nH]c2c(C(N)=O)cc(F)c(N3CCC[C@H](NC(=O)C4CC4)C3)c2c1C
6255,6.6365671449591135,Cc1[nH]c2c(C(N)=O)cc(F)c(N3CCC[C@H](NC(=O)C(C)C)C3)c2c1C
6256,7.249121685279345,CC#CCN1CC[C@@H](Nc2nnc(C(N)=O)c(Nc3ccc(C(=O)N4CCOCC4)cc3)n2)C1
6257,8.185418768725674,CC(=O)N1CCC([C@@H]2CCNc3c(C(N)=O)c(-c4ccc(Oc5ccccc5)cc4)nn32)CC1
6258,6.952312509065437,CN(c1cnc(C(N)=O)c(Nc2ccc(C(=O)N3CCOCC3)cc2)n1)[C@@H]1CCCN(C(=O)C2CC2)C1
6259,6.893081427583542,CC(=O)N1CCC[C@@H](N(C)c2cnc(C(N)=O)c(Nc3ccc(C(=O)N4CCOCC4)cc3)n2)C1
6260,8.210854046580657,CC(C)(C)CC(=O)N1CCC[C@@H](n2nc(-c3ccc(Oc4ccccc4)cc3)c3c(N)ncnc32)C1
6261,7.1030058101002,CC(C)(C)C(=O)N1CCC[C@@H](Nc2nnc(C(N)=O)c(Nc3ccc(S(C)(=O)=O)cc3)n2)C1
6262,6.927204079445841,CC(=O)N1CCC[C@@H](Nc2nnc(C(N)=O)c(Nc3ccc(S(C)(=O)=O)cc3)n2)C1
6263,8.099785291461279,CC(C)NC(=O)N1CCC[C@H]1c1nc(-c2ccc(C(=O)Nc3ccccn3)cc2)c2c(N)nccn12
6264,8.24959107498763,Nc1nccn2c([C@@H]3CCCN3C(=O)C3CCC3)nc(-c3ccc(C(=O)Nc4ccccn4)cc3)c12
6265,7.74396678498603,CC(=O)N1CCc2c(sc3ncnc(N[C@H](CO)c4ccccc4)c23)C1
6266,7.814611191155338,COc1cccc(Oc2ccc(-c3nc([C@@H]4CCCN4C(C)=O)n4ccnc(C)c34)cc2)c1F
6267,8.37199592596915,Cc1cc(Nc2ncnc3cc4c(cc23)OC[C@H]4CN2CCCC2)ccc1Oc1ccn2ncnc2c1
6268,8.671992907363789,Cc1cc(Nc2ncnc3cc4c(cc23)OC[C@H]4CN2CCN(C)CC2)ccc1Oc1ccn2ncnc2c1
6269,8.61155875197794,CC#CC(=O)N1CCN2CC1COc1cc3ncnc(Nc4ccc(Oc5ccccn5)c(C)c4)c3nc12
6270,8.37199592596915,Cc1cc(Nc2ncnc3cc4c(cc23)OC[C@@H]4CN2CCCC2)ccc1Oc1ccn2ncnc2c1
6271,8.671992907363789,Cc1cc(Nc2ncnc3cc4c(cc23)OC[C@@H]4CN2CCN(C)CC2)ccc1Oc1ccn2ncnc2c1
6272,8.744820282670402,Cc1cc(Nc2ncnc3cc4c(nc23)N(C(=O)[C@@H]2CCCN2C)CCO4)ccc1Oc1ccn2ncnc2c1
6273,8.418382715923096,Cc1cc(Nc2ncnc3cc(Nc4ncnc5cc6c(nc45)N(C(=O)C4CC4)CCO6)cc(C)c23)ccc1Oc1ccnnc1
6274,7.700740304963142,CC#CC(=O)Nc1ccc(Nc2nccc(-c3c[nH]c4ccccc34)n2)cc1
6275,8.199215372367183,CC#CC(=O)Nc1ccc(Nc2nccc(-c3cn(CC(=O)OC)c4ccccc34)n2)cc1
6276,8.138569553530356,OCCNc1cccc(-c2c(-c3ccccc3)oc3ncnc(N[C@H](CO)c4ccccc4)c23)c1
6277,7.944419426948039,O=C1NCC2(CCNCC2)c2[nH]c(-c3ccnc(-c4cccc(C(F)(F)F)c4)n3)cc21
6278,7.876647808341741,CC(=O)c1cccc(-c2nccc(-c3cc4c([nH]3)C3(CCNCC3)CNC4=O)n2)c1
6279,8.42481830255021,CC(=O)Nc1cc2c(Oc3ccc(C(=O)Nc4ccccn4)cc3)ccnc2cc1OCCCN1CCOCC1
6280,8.281283339784828,CC(=O)Nc1cc2c(Oc3ccc(C(=O)Nc4ccccn4)cc3)ccnc2cc1OCCCN1CCCC1
6281,8.39363785116144,CC#CC(=O)Nc1cc2c(Nc3ccc(F)cc3)ncnc2cn1
6282,8.112248070589827,CC#CC(=O)Nc1cc2c(Nc3ccc(F)c(C(F)(F)F)c3)ncnc2cn1
6283,7.905279008526708,NC(=O)C1CCC(n2nc(-c3ccc(Oc4ccccc4)cc3)c3c(N)ncnc32)CC1
6284,8.865878700743929,CCN1CCOC(COc2cc3ncnc(Nc4ccc(Cl)c(Cl)c4)c3cc2OC)C1
6285,8.888556128757426,COc1cc2c(Nc3ccc(Br)cc3F)ncnc2cc1OCC1CN(C)C(C)(C)C(=O)O1
6286,8.760694060578466,COc1cc2c(Nc3ccc(Cl)c(Cl)c3)ncnc2cc1OCC1CN(C)CC(=O)O1
6287,9.788872514496132,COc1ccc(-c2nn([C@H]3CCOC3)cc2-c2ncnc3oc(-c4ccccc4)cc23)cc1
6288,9.981953814238615,COc1ccc(-c2nn([C@H]3COC(C)(C)O3)cc2-c2ncnc3oc(-c4ccccc4)cc23)cc1
6289,9.950534168516391,CC1(C)C[C@@H](Cn2cc(-c3ncnc4oc(-c5ccc(O)cc5)cc34)c(-c3ccccc3)n2)O1
6290,9.955715868829241,CC1(C)CC(Cn2cc(-c3ncnc4oc(-c5ccc(O)cc5)cc34)c(-c3ccccc3)n2)O1
6291,11.262984548871275,Fc1ccc(-c2nn(C3CC4CCC(C3)O4)cc2-c2ncnc3oc(-c4ccccc4)cc23)cc1
6292,8.451807412522598,CC1(C)C[C@@H](Cn2cc(-c3ncnc4oc(-c5ccccc5)cc34)c(Br)n2)O1
6293,7.3673046897668355,COCCOc1ccc(Nc2nc(Nc3cccc(NC(C)=O)c3)c(F)c3c2C(=O)NC3(C)C)cc1
6294,7.379723383803473,COCCOc1ccc(Nc2nc(Nc3cccc(NC(C)=O)c3)c(F)c3c2C(C)(C)NC3=O)cc1
6295,7.81354039129204,CC1(C)c2cc(C3CCN(CC4(O)CCOCC4)CC3)ccc2C(=O)c2c1[nH]c1cc(C#N)ccc21
6296,7.417361794593482,CC1(C)c2cc(C3CCN(CC4CCOCC4)CC3)ccc2C(=O)c2c1[nH]c1ccccc21
6297,8.215570995981775,CC1(C)OCc2c(Nc3n[nH]c4c(Cl)cccc34)nc(-c3cn[nH]c3)nc21
6298,8.417768298142379,CC1(C)OCc2c(Nc3n[nH]c4c(Cl)cc(F)cc34)nc(-c3cn[nH]c3C(F)F)nc21
6299,7.993189321193207,CC1(C)OCc2c(Nc3n[nH]c4ccccc34)nc(-c3cc[nH]n3)nc21
6300,7.879015768043165,CC1(C)OCc2c(Nc3n[nH]c4ccccc34)nc(-c3cccnc3)nc21
6301,8.299763184288427,CC1(C)OCc2c(Nc3n[nH]c4ccc(F)cc34)nc(-c3cn[nH]c3)nc21
6302,8.119117522336362,CC1(C)C(=O)N([C@H]2CCc3c(NS(C)(=O)=O)cccc32)c2nc(Nc3ccccc3)ncc21
6303,7.924652219694206,CC1(C)C(=O)N([C@H]2CCc3c(O)cccc32)c2nc(Nc3ccc(F)cc3)ncc21
6304,9.874054963187808,COc1ccc(-c2nn(CC3CC(O)C3)cc2-c2ncnc3oc(-c4ccccc4)cc23)cc1
6305,11.15295223279174,COc1cccc(-c2cc3c(-c4cn(CC5CC(C)(O)C5)nc4-c4ccc(F)cc4)ncnc3o2)c1
6306,9.49211213237178,CC1(C)CC(N2C=C([C@@H](Nc3cc(Cl)c4ncc(C#N)c(Nc5ccccc5)c4c3)c3cccnc3)NN2)CC(C)(C)N1
6307,9.55541338614413,CC1(C)CC(N2C=C([C@@H](Nc3cc(Cl)c4ncc(C#N)c(Nc5cccc(F)c5)c4c3)c3cccnc3)NN2)CC(C)(C)N1
6308,8.862802216001038,CC1(C)CC(C(=O)Nc2ccc3ncnc(Nc4ccc(F)c(Cl)c4)c3c2)CC(C)(C)N1[O]
6309,8.610788625415179,CC1(C)CC(C(=O)Nc2ccc3ncnc(Nc4cccc(Cl)c4)c3c2)CC(C)(C)N1[O]
6310,8.21563192562578,CC1(C)CC(C(=O)Nc2ccc3ncnc(Nc4ccc(F)cc4)c3c2)CC(C)(C)N1[O]
6311,7.766966782576733,COc1cc2ncc(C(=O)NC3CC(C)(C)N([O])C(C)(C)C3)c(Nc3ccc(F)cc3)c2cc1OC
6312,7.866328981899927,COc1cc2ncc(C(=O)NC3CC(C)(C)N([O])C(C)(C)C3)c(Nc3cccc(F)c3)c2cc1OC
6313,7.615527452372392,COc1cc2ncc(C(=O)NC3CC(C)(C)N([O])C(C)(C)C3)c(Nc3cccc(Cl)c3)c2cc1OC
6314,7.996157175679681,COc1cc2ncc(C(=O)NC3CC(C)(C)N([O])C(C)(C)C3)c(Nc3cccc(Cl)c3)c2cc1C
6315,9.534591374476005,CN1CC(Oc2ccc(C(=O)N[C@@H]3[C@H]4Oc5ccc(Oc6ccnc7c6CCC(=O)N7)cc5[C@H]34)cc2C(F)(F)F)C1
6316,9.750541414865825,CN1CCC(Oc2ccc(C(=O)N[C@@H]3[C@H]4Oc5ccc(Oc6ccnc7c6CCC(=O)N7)cc5[C@H]34)cc2C(F)(F)F)CC1
6317,9.836442787068956,COc1ccc(-c2nn(CC3COC(C)(C)C3)cc2-c2ncnc3oc(-c4ccccc4)cc23)cc1
6318,11.844390646750023,CC1(C)CC(Cn2cc(-c3ncnc4oc(-c5ccc(F)cc5)cc34)c(-c3ccccc3)n2)O1
6319,9.13930721423859,CC(C)(C)CNc1c(C#N)cnc2c(C#N)cc(N[C@@H](c3cccnc3)c3cn(C4(C)c5ccc(F)cc54)[nH]3)cc12
6320,9.36668557347539,CC(C)(C)CNc1c(C#N)cnc2c(Cl)cc(N[C@H](C3=CN(C4(C)NN4)NN3)c3cccnc3)cc12
6321,9.303267411135153,CC(C)(C)CNc1c(C#N)cnc2c(Cl)cc(N[C@H](C3=CN(C4(C)C=N4)NN3)c3cccnc3N)cc12
6322,8.828863289461724,CC1(N2C=C([C@@H](Nc3cc(C#N)c4ncc(C#N)c(NCC(F)(F)F)c4c3)c3ccccc3)NN2)C=C1C(F)F
6323,9.248217712461944,CC(C)(C)CNc1c(C#N)cnc2c(C#N)cc(N[C@H](C3=CN(C4(C)C=C4C(F)F)NN3)c3ccccc3)cc12
6324,9.539854188661293,CC(C)(C)CNc1c(C#N)cnc2c(Cl)cc(N[C@H](C3=CN(C4(C)CC4)NN3)c3ccccn3)cc12
6325,9.508424737845976,CC1(N2C=C([C@@H](Nc3cc(Cl)c4ncc(C#N)c(NCC(C)(C)C(F)(F)F)c4c3)c3cccnc3)NN2)CC1
6326,8.806306830286793,Cn1ncc2c([C@H](Nc3cc(C#N)c4ncc(C#N)c(NCC(C)(C)C)c4c3)C3=CNCC3)cccc21
6327,9.517763242792677,Cn1ncc2c([C@H](Nc3cc(C#N)c4ncc(C#N)c(NCC(F)F)c4c3)C3=CN(C4(C)CC4)NN3)cccc21
6328,9.428558600953309,Cn1ncc2c([C@H](Nc3cc(Cl)c4ncc(C#N)c(NCC(F)F)c4c3)C3=CN(C4(C)CC4)NN3)cccc21
6329,9.465070170096325,Cn1ccc2c([C@H](Nc3cc(C#N)c4ncc(Cl)c(NCC(C)(C)C(F)(F)F)c4c3)C3=CN(C4(C)CC4)NN3)cccc21
6330,9.413807909736253,Cn1ccc2c([C@H](Nc3cc(Cl)c4ncc(C#N)c(NCC(F)F)c4c3)C3=CN(C4(C)CC4)NN3)cccc2c1=O
6331,9.506667898446757,Cn1ccc2c([C@H](Nc3cc(Cl)c4ncc(C#N)c(NCCF)c4c3)C3=CN(C4(C)CC4)NN3)cccc21
6332,9.46747443413393,Cn1ccc2c([C@H](Nc3cc(Cl)c4ncc(C#N)c(NCC(F)F)c4c3)C3=CN(C4(C)CC4)NN3)cccc21
6333,9.512705789602629,COc1nccc2c([C@H](Nc3cc(C#N)c4ncc(C)c(NCC(C)(C)C)c4c3)c3cn(C4(C)CC4)[nH]3)n[nH]c12
6334,9.667237813299737,COc1nccc2c([C@H](Nc3cc(C#N)c4ncc(C)c(NCC(C)(C)C)c4c3)C3=CN(C4(C)CC4)NN3)cccc12
6335,9.585735408659191,COc1nccc2c([C@H](Nc3cc(C#N)c4ncc(C#N)c(NCC(C)O)c4c3)C3=CN(C4(C)CC4)NN3)cccc12
6336,9.374055109523223,COc1nccc2c([C@H](Nc3cc(Cl)c4ncc(C#N)c(NCC(C)O)c4c3)C3=CN(C4(C)CC4)NN3)cccc12
6337,9.783462051999367,COc1c(Cl)cccc1Nc1c(-c2ccncc2OCCN(C)C)[nH]c2c1C(=O)NC(C)(C)C2
6338,9.303972389984043,COc1c(Cl)cccc1Nc1c(-c2ccncc2OCC(=O)NC(C)(C)C)[nH]c2c1C(=O)NC(C)(C)C2
6339,8.676808865660758,CC1(C)Cc2[nH]c(-c3ccnc(NC(=O)C(CC(F)(F)F)c4ccc(F)cc4)c3)c(Nc3ccccc3)c2C(=O)N1
6340,8.705633717969626,Cc1cccc(Nc2c(-c3ccnc(NC(=O)C(CC(F)F)c4ccc(F)cc4)c3)[nH]c3c2C(=O)NC(C)(C)C3)c1
6341,8.673336638688768,CC1(C)Cc2[nH]c(-c3ccnc(NC(=O)Cc4ccc(F)cc4)c3)c(Nc3ccccc3)c2C(=O)N1
6342,8.474443164876869,CC1(C)Cc2[nH]c(-c3ccnc(NC(=O)C(CN)c4ccccc4)c3)c(Nc3ccccc3)c2C(=O)N1
6343,8.393970623265849,CC1(C)Cc2[nH]c(-c3ccnc(NC(=O)Cc4ccccc4)c3)c(Nc3cccc(F)c3F)c2C(=O)N1
6344,8.61647436260802,Cc1cccc(Nc2c(-c3ccnc(NC(=O)Cc4ccc(F)cc4)c3)[nH]c3c2C(=O)NC(C)(C)C3)c1
6345,8.6752785279825,CC1(C)Cc2[nH]c(-c3ccnc(NC(=O)Cc4ccccc4)c3)c(Nc3cccc(F)c3)c2C(=O)N1
6346,8.687072365749335,CC1(C)Cc2[nH]c(-c3ccnc(NC(=O)Cc4ccccc4)c3)c(Nc3ccc(F)cc3)c2C(=O)N1
6347,7.977234633749766,CC1(C)Cc2[nH]c(-c3ccnc(NC(=O)c4ccccc4)c3)c(Nc3ccccc3)c2C(=O)N1
6348,8.321027815711403,CC1(C)Cc2[nH]c(-c3ccnc(NC(=O)Cc4ccccc4)c3)c(Nc3ccccc3)c2C(=O)N1
6349,8.457175863856191,CN1C(=O)c2c([nH]c(-c3ccnc(NC(=O)Cc4ccccc4)c3)c2Nc2ccccc2)CC1(C)C
6350,8.657143877574324,CN1C(=O)c2c([nH]c(-c3ccnc(NC(=O)Cc4cccc(F)c4)c3)c2Nc2ccccc2)CC1(C)C
6351,8.431552470341126,CC1(C)Cc2[nH]c(-c3ccnc(NC(=O)c4ccccc4)c3)c(Nc3ccccc3F)c2C(=O)N1
6352,8.595449263467978,CC1(C)Cc2[nH]c(-c3ccnc(NC(=O)Cc4ccccc4)c3)c(Nc3ccccc3F)c2C(=O)N1
6353,8.244631786769268,CC1(C)CC(=O)c2c([nH]c(-c3ccnc(NC(=O)Cc4ccncc4)c3)c2Nc2ccccc2)C1
6354,8.47672069496861,CC1(C)Cc2[nH]c(-c3ccnc(NC(=O)Cc4ccccn4)c3)c(Nc3ccccc3)c2C(=O)N1
6355,8.259567877765786,CC1(C)CC(=O)c2c([nH]c(-c3ccnc(NC(=O)Cc4cccnc4)c3)c2Nc2ccccc2)C1
6356,8.549319741225322,CC1(C)CC(=O)c2c([nH]c(-c3ccnc(NC(=O)Cc4cccnc4)c3)c2Nc2ccccc2)CN1
6357,8.202141908829702,CNC(=O)c1nn(C)c2c1C(C)(C)Cc1cnc(Nc3cccc(N4CCN(C)CC4)c3)nc1-2
6358,8.378131978072846,CNC(=O)c1nn(C)c2c1C(C)(C)Cc1cnc(Nc3ccc(N4CCN(C)CC4)c(F)c3)nc1-2
6359,7.968858738732793,CCNC(=O)c1ccc(C(=O)OCCOc2cc3ncnc(Nc4cccc(C#N)c4O)c3cc2OC)cc1
6360,7.961125692932921,CC1(O)CCC(n2nc(-c3ccc(CNC(=O)c4ccccc4F)cc3)c3c(N)ncnc32)CC1
6361,8.032228563562812,CC1(O)CCC(n2nc(-c3ccc(CNC(=O)c4cc(F)ccc4F)cc3)c3c(N)ncnc32)CC1
6362,7.785946537171306,CC1(O)CCC(n2nc(-c3ccc(CNC(=O)c4ccccc4)cc3)c3c(N)ncnc32)CC1
6363,9.476319793039696,Cn1ccc2c([C@H](Nc3cc(Cl)c4ncc(C#N)c(NCC(F)F)c4c3)C3=CN(C4(C)CCC4)NN3)cccc2c1=O
6364,8.226097975208148,CC1(C)CCC2=C(C(C(=O)O)N3Cc4c(cc(C#Cc5ccc(CN6CCC(CO)CC6)cc5)cc4C(F)F)C3=O)N=CC=CC=C2O1
6365,8.721176508646616,C=CC(=O)Nc1cc(Nc2nccc(-c3cc(F)c4nc5n(c4c3)C(C)(C)CC5)n2)ccc1OC
6366,8.987840057974045,COc1cc(N(C)CCN(C)C)ccc1Nc1nccc(-c2cc(F)c3nc4n(c3c2)C(C)(C)CC4)n1
6367,6.758262928181803,O=C1NC(=O)C(Cc2ccc(OCC3(C(F)(F)F)CCCCC3)cc2)S1
6368,6.532674098422538,CC1(COc2ccc(CC3SC(=O)NC3=O)cc2)CCCC1
6369,7.344433367337767,CC1(c2ccc(Nc3nc(N4CCC(N)C4)cnc3C(N)=O)cc2)CCN(C(=O)C2CC2)CC1
6370,7.356864208443369,CC1(c2ccc(Nc3nc(N4CCCC(N)C4)cnc3C(N)=O)cc2)CCN(C(=O)C2CC2)CC1
6371,7.531316659526146,CC(=O)N[C@@H]1CCCN(c2cnc(C#N)c(Nc3ccc(C4(C)CCN(C(=O)OC(C)(C)C)CC4)cc3)n2)C1
6372,7.55712528465452,CC(=O)N1CCC(C)(c2ccc(Nc3nc(N4CCC[C@@H](NC(=O)OC(C)(C)C)C4)cnc3C#N)cc2)CC1
6373,7.181399643481968,CC1(c2ccc(Nc3nc(N4CCC[C@H](N)C4)cnc3C(N)=O)cc2)CCN(C=O)CC1
6374,7.431901444089274,CN1CCN([C@H]2CCCN(c3cnc(C(N)=O)c(Nc4ccc(C5(C)CCN(C=O)CC5)cc4)n3)C2)C1=O
6375,7.331321643182123,CC1(c2ccc(Nc3nc(N4CCC[C@@H](N)C4)cnc3C(N)=O)cc2)CCN(C2CC2)CC1
6376,7.409503416980227,CC1(c2ccc(Nc3nc(N4CCCCC4)cnc3C(N)=O)cc2)CCN(C2CC2)CC1
6377,7.3470757093463845,CC1(c2ccc(Nc3nc(N4CCC(N)C4)cnc3C(N)=O)cc2)CCN(C2CC2)CC1
6378,7.433814854059426,CC1(c2ccc(Nc3nc(N4CCCCC4)cnc3C(N)=O)cc2)CCN(C2CCC2)CC1
6379,7.3579780172269516,CC1(c2ccc(Nc3nc(N4CCC(N)C4)cnc3C(N)=O)cc2)CCN(C2CCC2)CC1
6380,7.539015171542952,CC1(c2ccc(Nc3nc(N4CCCNCC4)cnc3C(N)=O)cc2)CCN(C2CCCC2)CC1
6381,7.389831434624399,CC1(c2ccc(Nc3nc(N4CCCCC4)cnc3C(N)=O)cc2)CCN(C2CCCC2)CC1
6382,7.42407193602989,CC1(c2ccc(Nc3nc(N4CCC(N)C4)cnc3C(N)=O)cc2)CCN(C2CCCC2)CC1
6383,7.593288064492409,CC1(c2ccc(Nc3nc(N4CCC[C@@H](N)C4)cnc3C(N)=O)cc2)CCN(C2COC2)CC1
6384,7.575954004401467,CC1(c2ccc(Nc3nc(N4CCC(N)C4)cnc3C(N)=O)cc2)CCN(C2COC2)CC1
6385,10.204547220531499,COc1c(Cl)cccc1Nc1c(-c2ccncc2OCC2CC2)[nH]c2c1C(=O)NCC2
6386,9.698999218765978,COc1ccccc1Nc1c(-c2ccncc2OCC2(C)CCN2C)[nH]c2c1C(=O)NCC2
6387,9.897230372598157,COc1c(Cl)cccc1Nc1c(-c2ccncc2OCC2CCN(C)CC2)[nH]c2c1C(=O)NCC2
6388,10.33329602437777,COc1c(Cl)cccc1Nc1c(-c2ccncc2OCC2(C)CCNCC2)[nH]c2c1C(=O)NCC2
6389,10.621264292962932,COc1c(Cl)cc(F)cc1Nc1c(-c2ccncc2OCC2CC2)[nH]c2c1C(=O)NCC2
6390,11.390724792337553,COc1ccc(F)cc1Nc1c(-c2ccncc2OCC2(C)CCO2)[nH]c2c1C(=O)NCC2
6391,10.254882963431154,COc1ccccc1Nc1c(-c2ccncc2OCC2(C)CCO2)[nH]c2c1C(=O)NCC2
6392,9.887067121332159,O=C1NCCc2[nH]c(-c3ccncc3OCC3CC3)c(Nc3cccc(Cl)c3OC(F)F)c21
6393,9.067651389922242,O=C1NCCc2[nH]c(-c3ccncc3O)c(Nc3cccc(Cl)c3OC(F)F)c21
6394,11.150625227956029,CN(C)CCn1cc(-c2ncnc3oc(-c4cnn5c4OCCC5(C)C)cc23)c(-c2ccc(F)cc2)n1
6395,11.117276330327218,CC1(C)CCOc2c(-c3cc4c(-c5cn(CCN)nc5-c5ccc(F)cc5)ncnc4o3)cnn21
6396,9.01878741557835,CC(C)(C)CNc1ncnc2ccc(NC(c3ccc(F)cc3)c3cn(C4CC4)nn3)cc12
6397,7.998679653109582,CC(=O)N1CC(C)(Nc2cncc(-c3cnc(Oc4cccc(Cl)c4)nc3)c2)C1
6398,8.084714615866593,CC1(Nc2cncc(-c3cnc(Oc4cccc(Cl)c4)nc3)c2)CN(C(=O)C2CC2)C1
6399,7.885823309446377,CC(=O)N1CC(C)(Nc2cncc(-c3cnc(Oc4cccc(Cl)c4)nc3)n2)C1
6400,8.042780122357748,CC1(Nc2cncc(-c3cnc(Oc4cccc(Cl)c4)nc3)n2)CN(C(=O)c2ccccc2)C1
6401,8.85020513467602,COc1cc2c(Nc3ccc(Cl)c(Cl)c3)ncnc2cc1OCCC1CNCC(C)(C)O1
6402,8.889539708758349,COc1cc2c(Nc3ccc(Cl)c(Cl)c3)ncnc2cc1OCCC1CN(C)CC(C)(C)O1
6403,8.837906629831538,COc1cc2c(Nc3ccc(Br)cc3F)ncnc2cc1OCC1CN(C)CC(C)(C)O1
6404,8.833638535410339,COc1cc2c(Nc3ccc(Br)cc3)ncnc2cc1OCC1CN(C)CC(C)(C)O1
6405,7.900159172843376,C=CC(=O)N1CCCC(Nc2nc(Nc3ccc(N4CCCC(C)(C)C4)cn3)c3c(c2F)CNC3=O)C1
6406,7.623054273833536,C=CC(=O)N1CCCC(Nc2nc(Nc3ccc(N4CCCCC4)cn3)c3c(c2F)CNC3=O)C1
6407,8.578624231570748,C=CC(=O)Nc1cc(Nc2nccc(-c3cc(F)c4nc5n(c4c3)CC(C)(C)O5)n2)ccc1OC
6408,8.758325100992394,COc1cc(N(C)CCN(C)C)ccc1Nc1nccc(-c2cc(F)c3nc4n(c3c2)CC(C)(C)O4)n1
6409,8.306766431773813,O=C(Cc1ccc(F)cc1)Nc1cc(-c2[nH]c3c(c2-c2ccccc2)C(=O)NCC3)ccn1
6410,8.254148154410446,O=C(Cc1ccc(F)cc1)Nc1cc(-c2[nH]c3c(c2-c2ccccc2)CCNC3=O)ccn1
6411,8.402912891368254,COc1cc2c(Nc3ccc(F)cc3)ncnc2cc1OCC1CNCC(C)(C)O1
6412,8.875621931736237,COc1cc2c(Nc3ccc(Cl)cc3F)ncnc2cc1OCC1CNCC(C)(C)O1
6413,8.919166389340905,COc1cc2c(Nc3ccc(Br)cc3F)ncnc2cc1OCCC1CNC(C)(C)CO1
6414,8.88057695810608,COc1cc2c(Nc3ccc(Cl)c(Cl)c3)ncnc2cc1OCCC1CN(C)CCO1
6415,8.920515924271893,COc1cc2ncnc(Nc3ccc(F)c(Cl)c3)c2cc1OCCC1CN(C(=O)OC(C)(C)C)C(C)(C)CO1
6416,8.75115068652928,COc1cc2c(Nc3ccc(Cl)c(Cl)c3)ncnc2cc1OCC1CN(C(=O)OC(C)(C)C)C(C)(C)CO1
6417,8.852720264941636,COc1cc2c(Nc3ccc(Cl)c(Cl)c3)ncnc2cc1OCCC1CNCCO1
6418,8.779073812915724,COc1cc2c(Nc3ccc(Cl)c(Cl)c3)ncnc2cc1OCCC1CN(C)C1
6419,8.87550627257083,COc1cc2c(Nc3ccc(Cl)cc3F)ncnc2cc1OCC1CN(C)C(C)(C)CO1
6420,8.675380570203266,COc1cc2c(Nc3ccc(Cl)c(C(F)(F)F)c3)ncnc2cc1OCC1CN(C)C(C)(C)CO1
6421,8.85504308126492,COc1cc2c(Nc3ccc(Cl)c(Cl)c3)ncnc2cc1OCC1CN(C)C(C)(C)CO1
6422,8.884729824454869,COc1cc2ncnc(Nc3ccc(F)c(Cl)c3)c2cc1OCC1CN(C)C(C)(C)CO1
6423,8.88550806836911,COc1cc2c(Nc3ccc(F)c(Cl)c3)ncnc2cc1OCC1CN(C)C(C)(C)CO1
6424,8.873159782881443,COc1cc2c(Nc3ccc(F)c(Cl)c3F)ncnc2cc1OCC1CN(C)C1
6425,8.83988823422653,COc1cc2c(Nc3ccc(Br)cc3F)ncnc2cc1OCC1CN(C)C(C)(C)CO1
6426,8.896582593495536,COc1cc2c(Nc3cc(Cl)c(Cl)cc3F)ncnc2cc1OCC1CN(C)C(C)(C)CO1
6427,8.874864403627896,COc1cc2c(Nc3cc(Cl)c(Cl)cc3F)ncnc2cc1OCC1CN(C)C1
6428,8.89993640960823,Cn1ccc2c([C@H](Nc3cc(Cl)c4ncc(C#N)c(NCC(C)(C)C)c4c3)C3=CN(CCO)CC3)cccc2c1=O
6429,10.603782444573206,CC1(C)COC(COc2cnccc2-c2[nH]c3c(c2Nc2cccc(Cl)c2)C(=O)NCC3)O1
6430,10.890556536292491,CC1(C)COC(COc2cnccc2-c2[nH]c3c(c2Nc2cccc(F)c2)C(=O)NCC3)O1
6431,10.665747295068163,CC1(C)COC(COc2cnccc2-c2[nH]c3c(c2Nc2ccc(F)cc2Cl)C(=O)NCC3)O1
6432,7.452231266958783,COc1cc(-c2nn3c(c2C(N)=O)NCCC3C2CCNCC2)cc2c1C(C)(C)CO2
6433,7.68260969097006,COc1cc(-c2nn3c(c2C(N)=O)NCCC3C2CCNCC2)cc2c1C(C)(C)OCC2(C)C
6434,9.204614208998931,CC1(C)COCCC1Nc1c(C#N)cnc2c(Cl)cc(N[C@@H](C3=CN(CCO)C3)c3ccc(F)nc3)cc12
6435,9.044579602577528,N#Cc1cnc2c(Cl)cc(N[C@@H](C3=CN(C4CC4)NC3)c3ccc(F)nc3)cc2c1NC1CCOCC1
6436,8.300166633141329,COc1cc2c(Nc3ccc(C#N)cc3)ncnc2cc1O[C@H]1CO[C@@H]2C3OC(C)(C)O[C@H]3O[C@H]12
6437,8.801925374044378,COc1cc2ncnc(Nc3ccc(F)c(Cl)c3)c2cc1O[C@H]1CO[C@@H]2C3OC(C)(C)O[C@H]3O[C@H]12
6438,8.906004704989625,COc1cc2c(Nc3ccc(F)c(Cl)c3)ncnc2cc1OC1=CO[C@H]2[C@H]1OC[C@@]21COC(C)(C)O1
6439,8.909490240331337,COc1cc2ncnc(Nc3ccc(F)c(Cl)c3)c2cc1OC1=CO[C@H]2[C@H]1OC[C@@]21COC(C)(C)O1
6440,8.543934878692179,O=C(Nc1ccc2ncnc(Nc3cccc(Cl)c3)c2c1)C1CCC2(CC1)OCCO2
6441,8.581723382799181,O=C(Nc1ccc2ncnc(Nc3cccc(Cl)c3)c2c1)C1CCC2(CC1)OCCCO2
6442,8.883283693279981,COc1cc2c(Nc3ccc(Cl)cc3F)ncnc2cc1OCC1CN(C)CCO1
6443,8.820826694112812,COc1cc2c(Nc3ccc(C)c(Cl)c3)ncnc2cc1OCC1CN(C)CCO1
6444,7.112827097860272,CCC(=O)c1nn(-c2ccc(Cl)cc2)cc1C(=O)c1c(C)[nH]c(-c2ccccc2)c1-c1ccccc1
6445,7.09827479675113,CC(=O)c1nn(-c2ccc(Cl)cc2)cc1C(=O)c1c(-c2ccccc2)[nH]c(C)c1-c1ccccc1
6446,7.080915757654345,CCC(=O)c1nn(-c2ccccc2)cc1C(=O)c1c(C)[nH]c(-c2ccccc2)c1-c1ccccc1
6447,7.1229460310803665,CC(=O)c1nn(-c2ccccc2)cc1C(=O)c1c(C)[nH]c(-c2ccc(Cl)cc2)c1-c1ccccc1
6448,7.334058921227601,Cc1[nH]c(-c2ccccc2)c(C(=O)c2cn(-c3ccc(Cl)cc3)nc2C(=O)Nc2ccccc2)c1C
6449,7.298253048369407,Cc1[nH]c(-c2ccccc2)c(C(=O)c2cn(-c3ccc(Cl)cc3)nc2C(=O)Nc2ccccc2)c1C(=O)O
6450,7.222221453874915,Cc1[nH]c(-c2ccccc2)c(C(=O)c2cn(-c3ccccc3)nc2C(=O)Nc2ccccc2)c1C
6451,7.145362697982298,Cc1[nH]c(-c2ccccc2)c(C(=O)c2cn(-c3ccccc3)nc2C(=O)Nc2ccccc2)c1C(=O)Nc1ccccn1
6452,7.544522424640621,Cc1[nH]c(-c2ccccc2)c(C(=O)c2cn(-c3ccccc3)nc2-c2cccnc2)c1-c1ccccc1
6453,7.53546415010736,Cc1[nH]c(-c2ccccc2)c(C(=O)c2cn(-c3ccccc3)nc2-c2ccncc2)c1-c1ccccc1
6454,6.868495169770278,Cc1[nH]c(-c2ccccc2)c(-c2ccccc2)c1-c1ccc(NC(=O)Cc2ccccc2)c(=O)o1
6455,6.974338613078039,Cc1[nH]c(-c2ccccc2)c(-c2ccccc2)c1-c1ccc(NC(=O)c2ccc(O)cc2)c(=O)o1
6456,7.647845700742329,Cc1[nH]c(-c2ccccc2)c(-c2ccccc2)c1-c1nncc2nn(-c3ccc(Cl)cc3)cc12
6457,7.515144286926144,Cc1[nH]c(-c2ccccc2)c(-c2ccccc2)c1-c1nnc(C)c2nn(-c3ccccc3)cc12
6458,7.476091069360882,Cc1[nH]c(-c2ccccc2)c(-c2ccccc2)c1-c1nncc2nn(-c3ccccc3)cc12
6459,7.544901196980197,Cc1[nH]c(-c2ccccc2)c(-c2ccccc2)c1-c1nnc(Cc2ccccc2)c2nn(-c3ccccc3)cc12
6460,8.205557293249214,Cc1cccc(C)c1-c1cc(C)c2nc(Nc3cccc(OCCN4CCCC4)c3)nnc2c1
6461,7.993871060892049,Cc1cccc(C)c1-c1cc(C)c2nc(Nc3ccc(OCCN4CCN(C)CC4)cc3)nnc2c1
6462,9.35476220460924,COc1cccc(-c2cc(C(=O)Nc3nc4ccccc4n3C3CCC(O)CC3)ccn2)c1
6463,8.837196413366865,COc1c(C)cccc1-c1cc(C(=O)Nc2nc3ccccc3n2C2CCCC2)ccn1
6464,7.715931069612481,Cc1cc(C)nc(Nc2ncc(C(=O)Nc3c(C)cccc3Cl)s2)c1
6465,7.953930397528544,Cc1cc(Nc2ncc(C(=O)Nc3c(C)cccc3Cl)s2)ncn1
6466,7.351650381499454,Cc1cccc(CN(Cc2ccc(O)cc2)C(=S)Nc2ccccc2)c1O
6467,6.167686788782444,Cc1cccc(CN(Cc2ccc(F)cc2)C(=O)Nc2ccccc2)c1O
6468,6.9854209855455345,Cc1cccc(CN(Cc2ccc(O)cc2)C(=O)Nc2ccccc2)c1O
6469,8.176809208451589,Cc1cccc(F)c1C(=O)N[C@@H]1[C@H]2Oc3ccc(Oc4ccnc5c4CCC(=O)N5C)cc3[C@@H]12
6470,8.182553953665904,O=C1CCc2c(Oc3ccc4c(c3)[C@@H]3[C@H](NC(=O)c5ccc(Cl)cc5Cl)[C@H]3O4)ccnc2N1
6471,10.80054356375261,CC1(C)COC(COc2cnccc2-c2[nH]c3c(c2Nc2ccc(F)c(Cl)c2)C(=O)NCC3)O1
6472,11.138353773166346,O=C1NCCc2[nH]c(-c3ccncc3OCC3CCO3)c(Nc3ccc(F)c(Cl)c3)c21
6473,10.599239522256832,O=C1NCCc2[nH]c(-c3ccncc3OCC3CCO3)c(Nc3ccc(F)cc3F)c21
6474,11.212091065427366,O=C1NCCc2[nH]c(-c3ccncc3OCCC3CCO3)c(Nc3ccc(F)c(Cl)c3)c21
6475,10.901159602201973,O=C1NCCc2[nH]c(-c3ccncc3OCCC3CCO3)c(Nc3ccc(F)cc3F)c21
6476,8.282772224971627,C=CC(=O)N1CCc2c(sc3ncnc(Nc4cccc(F)c4)c23)C1
6477,7.934844245627873,Cc1cccc(Nc2ncnc3ccc(NC(=O)OC(C)C)cc23)c1F
6478,8.12480806276394,Cc1cccc(Nc2ncnc3ccc(NC(=O)C4CC4)cc23)c1F
6479,7.301214377913138,Cc1cccc(Nc2ncnc3ccncc23)c1[N+](=O)[O-]
6480,8.781922200268266,CN(C)CCCCNc1ccccc1Nc1ncnc2ccncc12
6481,8.908031008486077,Cc1cccc(Nc2ncnc3ccncc23)c1NCCCN(C)C
6482,8.09025352117944,Cc1cccc(Nc2ncnc3ccncc23)c1NCCCN
6483,9.106682083594075,Cc1ccc(Nc2ncnc3ccncc23)c(NCCCn2ccnc2)c1
6484,9.188804647355745,Cc1cccc(Nc2ncnc3ccncc23)c1NCCCN1CCOCC1
6485,8.882690372841271,Cc1cccc(Nc2ncnc3ccncc23)c1NCCCN1CCCCC1
6486,9.042547902706978,Cc1cccc(Nc2ncnc3ccncc23)c1NCCN1CCOCC1
6487,8.854342330163735,C/C(=C\c1c(C)ncnc1Nc1ccc(OCc2cccc(F)c2)c(Cl)c1)C(=O)NCCN1CCCC1
6488,8.616456174265746,Cc1ncnc(Nc2ccc(OCc3cccc(F)c3)c(Cl)c2)c1/C=C(\F)C(=O)NCCO
6489,8.891921479983221,C/C(=C\c1c(C)ncnc1Nc1ccc(OCc2cccc(F)c2)c(Cl)c1)C(=O)NCCN1CCOCC1
6490,8.420565677287957,CNC(=O)/C(F)=C/c1c(C)ncnc1Nc1ccc(OCc2cccc(F)c2)c(Cl)c1
6491,8.869382079189261,Cc1ncnc(Nc2ccc(OCc3cccc(F)c3)c(Cl)c2)c1/C=C/C(=O)NCCN1CCOCC1
6492,8.647384794761528,C/C(=C\c1c(C)ncnc1Nc1ccc(OCc2cccc(F)c2)c(Cl)c1)C(=O)NCCO
6493,8.76398077918227,Cc1ncnc(Nc2ccc(OCc3cccc(F)c3)c(Cl)c2)c1/C=C/C(=O)NCCCN(C)C
6494,8.674157841390391,Cc1ncnc(Nc2ccc(OCc3cccc(F)c3)c(Cl)c2)c1C#Cc1ccc(CN2CCOCC2)cc1
6495,8.741731514218298,Cc1ncnc(Nc2ccc(OCc3cccc(F)c3)c(Cl)c2)c1/C=C/c1ccc(CN2CCC(O)CC2)cc1
6496,8.844583879789464,Cc1ncnc(Nc2ccc(OCc3cccc(F)c3)c(Cl)c2)c1C#Cc1ccc(CNC(C)C)cc1
6497,8.597027991614494,Cc1ncnc(Nc2ccc(OCc3cccc(F)c3)c(Cl)c2)c1/C=C/c1ccc(CN(C)C)cc1
6498,8.673677002086215,Cc1ncnc(Nc2ccc(OCc3cccc(F)c3)c(Cl)c2)c1C#Cc1ccc(CNC2CC2)cc1
6499,8.495190103317666,CNCc1ccc(/C=C/c2c(C)ncnc2Nc2ccc(OCc3cccc(F)c3)c(Cl)c2)cc1
6500,8.491582825003617,Cc1ncnc(Nc2ccc(OCc3cccc(F)c3)c(Cl)c2)c1/C=C/c1ccc(CNCC(=O)O)cc1
6501,8.705844921585133,Cc1ncnc(Nc2ccc(OCc3cccc(F)c3)c(Cl)c2)c1/C=C/c1ccc(CN(C)C)o1
6502,8.683951216705907,Cc1ncnc(Nc2ccc(OCc3cccc(F)c3)c(Cl)c2)c1/C=C/c1ccc(CNCC(=O)O)o1
6503,8.683725473624168,Cc1ncnc(Nc2ccc(OCc3cccc(F)c3)c(Cl)c2)c1CCCN1CCOCC1
6504,8.91343059076208,Cc1ncnc(Nc2ccc(OCc3cccc(F)c3)c(Cl)c2)c1/C=N/OCCN1CCOCC1
6505,8.49566169521245,Cc1ncnc(Nc2ccc(OCc3cccc(F)c3)c(Cl)c2)c1/C=N/OCCO
6506,8.800888977115239,Cc1ncnc(Nc2ccc(OCc3cccc(F)c3)c(Cl)c2)c1/C=N/OCCN1CCCC1
6507,8.308833268357583,Cc1ncnc(Nc2ccc(OCc3cccc(F)c3)c(Cl)c2)c1/C=C/C=C/O
6508,8.83039898795946,Cc1ncnc(Nc2ccc(OCc3cccc(F)c3)c(Cl)c2)c1/C=C/C=C/OCCN1CCC(O)CC1
6509,8.711316947545797,Cc1ncnc(Nc2ccc(OCc3cccc(F)c3)c(Cl)c2)c1/C=C/c1ccc(CN2CCCC2)cc1
6510,8.79636146968269,Cc1ncnc(Nc2ccc(OCc3cccc(F)c3)c(Cl)c2)c1C#Cc1ccc(CN(C)C)cc1
6511,8.460644568467186,Cc1ncnc(Nc2ccc(OCc3cccc(F)c3)c(Cl)c2)c1C#Cc1cccnc1
6512,8.411772989532556,Cc1ncnc(Nc2ccc(OCc3cccc(F)c3)c(Cl)c2)c1C#Cc1ccncc1
6513,8.371365930146792,Cc1ncnc(Nc2ccc(OCc3cccc(F)c3)c(Cl)c2)c1C#Cc1ccc(C(N)=O)cc1
6514,8.773446472604832,Cc1ncnc(Nc2ccc(OCc3cccc(F)c3)c(Cl)c2)c1/C=C/c1ccc(CN2CCOCC2)cc1
6515,8.63126928112489,Cc1ncnc(Nc2ccc(OCc3cccc(F)c3)c(Cl)c2)c1C#Cc1cccc(CN2CCOCC2)n1
6516,8.466044692096723,Cc1ncnc(Nc2ccc(OCc3cccc(F)c3)c(Cl)c2)c1C#Cc1ccc(CNC(=O)CO)cc1
6517,8.69347980079762,Cc1ncnc(Nc2ccc(OCc3cccc(F)c3)c(Cl)c2)c1C#Cc1ccnc(CN2CCCC2)c1
6518,8.496119354056518,Cc1ncnc(Nc2ccc(OCc3cccc(F)c3)c(Cl)c2)c1C#Cc1ccnc(N)c1
6519,8.529477784091883,Cc1ncnc(Nc2ccc(OCc3cccc(F)c3)c(Cl)c2)c1C#Cc1ccc(CNC(=O)CO)o1
6520,8.507340291529728,Cc1ncnc(Nc2ccc(OCc3cccc(F)c3)c(Cl)c2)c1C#Cc1ccccn1
6521,8.77363801670809,Cc1ncnc(Nc2ccc(OCc3cccc(F)c3)c(Cl)c2)c1/C=C/c1ncc(CN2CCCC2)s1
6522,8.71649722419946,Cc1ncnc(Nc2ccc(OCc3cccc(F)c3)c(Cl)c2)c1C#Cc1ccc(CN2CCCC2)nn1
6523,8.706684203013468,Cc1ncnc(Nc2ccc(OCc3cccc(F)c3)c(Cl)c2)c1C#CCCN1CCCC1
6524,8.647457247940467,Cc1ncnc(Nc2ccc(OCc3cccc(F)c3)c(Cl)c2)c1C#CCCN1CCOCC1
6525,8.74862720088122,Cc1ncnc(Nc2ccc(OCc3cccc(F)c3)c(Cl)c2)c1/C=C/CCN1CCOCC1
6526,8.363579739687635,Cc1ncnc(Nc2ccc(OCc3cccc(F)c3)c(Cl)c2)c1C#CCCO
6527,8.768854107997452,Cc1ncnc(Nc2ccc(OCc3cccc(F)c3)c(Cl)c2)c1/C=C/C(=O)N1CCOCC1
6528,8.539059771033465,Cc1ncnc(Nc2ccc(OCc3cccc(F)c3)c(Cl)c2)c1C#CCCN(C)C
6529,8.55629520432283,Cc1ncnc(Nc2ccc(OCc3cccc(F)c3)c(Cl)c2)c1C#CCCNC(=O)CO
6530,8.462174492303836,Cc1ncnc(Nc2ccc(OCc3cccc(F)c3)c(Cl)c2)c1C#CCOc1ccccn1
6531,8.355510811535137,Cc1ncnc(Nc2ccc(OCc3cccc(F)c3)c(Cl)c2)c1C#CCOc1ccc(C(N)=O)cc1
6532,8.153942766449225,Cc1ncnc(Nc2ccc(OCc3cccc(F)c3)c(Cl)c2)c1-c1cccc(C#N)c1
6533,8.70103351353617,Cc1ncnc(Nc2ccc(OCc3cccc(F)c3)c(Cl)c2)c1-c1cccc(CN2CCC(O)CC2)c1
6534,11.910534630777756,Cc1n[nH]c(C)c1-c1cc2c(-c3cn(CC(C)(C)O)nc3-c3ccc(F)cc3)ncnc2o1
6535,12.269562959454221,Cc1nn(C)c(C)c1-c1cc2c(-c3cn(CC(C)(C)O)nc3-c3ccc(F)cc3)ncnc2o1
6536,8.251886629568109,CCC(=O)Nc1cc(Nc2ncc(Cl)c(-c3c(C)nn(C)c3C)n2)c(OC)cc1N(C)CCN(C)C
6537,8.527801474640267,C=CC(=O)Nc1cc(Nc2ncc(Cl)c(-c3c(C)nn(C)c3C)n2)c(OC)cc1N(C)C
6538,8.831353368479864,COc1cc2c(Nc3ccc(Cl)c(Cl)c3)ncnc2cc1OCC1CN(C(=O)CO)CCO1
6539,8.84938527957273,COc1cc2c(Nc3ccc(Cl)c(Cl)c3)ncnc2cc1OCC1CN(C(=O)c2c(C)noc2C)CCCO1
6540,8.572056871324376,COc1cc2c(Nc3cccc(Cl)c3)ncnc2cc1OCc1noc(-c2c(C)noc2C)n1
6541,8.684662001932923,COc1cc2c(Nc3ccc(Cl)c(Cl)c3)ncnc2cc1OCc1noc(-c2ccccn2)n1
6542,8.713505184882978,COc1cc2c(Nc3ccc(Cl)c(Cl)c3)ncnc2cc1OCc1c(-c2ccccc2)noc1C
6543,8.618795009427371,COc1cc2c(Nc3ccc(F)c(Cl)c3)ncnc2cc1OCc1c(-c2c(Cl)cccc2Cl)noc1C
6544,8.480843256480012,COc1cc2c(Nc3cccc(Cl)c3)ncnc2cc1OCc1noc(C)c1-c1ccccc1
6545,8.540638994580707,COc1cc2c(Nc3ccc(Cl)c(Cl)c3)ncnc2cc1OCc1noc(C)c1C
6546,8.598154864557813,COc1cc(Nc2ncc3c(C)c(-c4ccccc4)c(=O)n(-c4cccc(NC(C)=O)c4)c3n2)ccc1N1CCN(C)CC1
6547,8.215532916343708,COc1cc(Nc2ncc3c(C)c(-c4ccccc4)c(=O)n(-c4ccccc4)c3n2)ccc1N1CCN(C)CC1
6548,7.242143992899691,COc1cc2nccc(Oc3ccc(NC(=O)c4c(C)n(C)n(-c5ccccc5)c4=O)cc3F)c2cc1OC
6549,7.726008985049116,COc1cc2c(Oc3ccc(NC(=O)c4c(C)n(C)n(-c5ccccc5)c4=O)cc3F)ccnc2cc1OCCCO
6550,7.072995027921463,Cc1c(NC(=S)Nc2cccc(Cl)c2)c(=O)n(-c2ccccc2)n1C
6551,7.3478506453499985,Cc1c(NC(=S)Nc2ccc3c(c2)OCO3)c(=O)n(-c2cccc(Cl)c2)n1C
6552,6.923181588399557,Cc1ccc(C(=O)Nc2ccc(CN3CCN(C)CC3)c(C(F)(F)F)c2)cc1NC(=O)c1ccc2[nH]ccc2c1
6553,8.034698643269573,Cc1ccc(C(=O)Nc2ccc(CN3CCN(C)CC3)c(C(F)(F)F)c2)cc1NC(=O)c1cnc(N)nc1
6554,6.4721962878026105,Cc1ccc(C(=O)Nc2ccc(CN3CCN(C)CC3)c(C(F)(F)F)c2)cc1NC(=O)c1ccccc1
6555,7.334555669484688,Cc1ccc(C(=O)Nc2ccc(CN3CCN(C)CC3)c(C(F)(F)F)c2)cc1NC(=O)c1ccc(O)nc1
6556,7.622427300864698,Cc1ccc(C(=O)Nc2ccc(CN3CCN(C)CC3)c(C(F)(F)F)c2)cc1NC(=O)c1cnc(N(C)C)nc1
6557,7.829479518072238,Cc1ccc(C(=O)Nc2ccc(CN3CCN(C)CC3)c(C(F)(F)F)c2)cc1NC(=O)c1ccc2[nH]cnc2c1
6558,7.553422355999575,Cc1ccc(C(=O)Nc2ccc(CN3CCN(C)CC3)c(C(F)(F)F)c2)cc1NC(=O)c1ccc2[nH]ncc2c1
6559,8.136740098015,Cc1ccc(C(=O)Nc2ccc(CN3CCN(CCO)CC3)c(C(F)(F)F)c2)cc1C#Cc1cncn1C
6560,8.170095856335898,Cc1ccc(C(=O)Nc2ccc(CN3CCN(CCO)CC3)c(C(F)(F)F)c2)cc1C#Cc1cnc(C)n1C
6561,8.873958822622383,Cc1ccc(C(=O)Nc2nc3ccc(CN4CCN(C)CC4)cc3n2CC(C)(C)O)cc1Oc1ccccc1
6562,9.22314226035273,Cc1ccc(Oc2cc(C(=O)Nc3nc4ccc(CN5CCN(C)CC5)cc4n3CC(C)(C)O)ccc2C)c(C)n1
6563,8.036258317827121,COc1cc2ncnc(Nc3cc(C(=O)NC45CC6CC(CC(C6)C4)C5)ccc3C)c2cc1OC
6564,8.566343071949404,COc1cc2ncnc(Nc3cc(C(=O)NC45CC6CC(CC(C6)C4)C5)ccc3C)c2cc1OCCO
6565,6.903047347667699,NC(=S)N1N=C(c2ccc(Cl)c(Cl)c2)CC1c1ccc([N+](=O)[O-])cc1
6566,7.316130749001971,Cc1ccc(C2=NN(C(N)=S)C(c3ccc(F)cc3)C2)cc1C
6567,7.247788208912955,Cc1ccc(C2=NN(c3nc(-c4ccc(Cl)cc4)cs3)C(c3ccccc3)C2)cc1C
6568,7.129378997917217,COc1ccc(C2CC(c3ccc(C)c(C)c3)=NN2c2nc(-c3ccc(C)cc3)cs2)cc1
6569,7.0504735128236735,COc1ccc(C2CC(c3ccc(C)c(C)c3)=NN2c2nc(-c3ccccc3)cs2)cc1
6570,7.074648848661611,Cc1ccc(C2=NN(c3nc(-c4ccccc4)cs3)C(c3ccccc3)C2)cc1C
6571,7.212492923149725,Cc1ccc(C2=NN(C(N)=S)C(c3ccc(Cl)cc3)C2)cc1C
6572,6.720729621368194,Cc1ccc(C2=NN(C(N)=S)C(c3ccccc3)C2)cc1C
6573,6.73523994450169,Cc1ccc(C2CC(c3ccc(C)c(C)c3)=NN2C(N)=S)cc1
6574,7.129155739103952,Cc1ccc(C2=NN(c3nc(-c4ccc(Cl)cc4)cs3)C(c3ccccc3O)C2)cc1C
6575,6.38706731906185,Oc1ccc(C2CC(c3ccccc3)=NN2c2nc(-c3ccc(Cl)cc3)cs2)cc1
6576,6.9532538810697275,Cc1ccc(C2=NN(c3nc(-c4ccccc4)cs3)C(c3ccccc3O)C2)cc1C
6577,6.778628108185146,Cc1ccc(C2=NN(c3nc(-c4ccc(Cl)cc4)cs3)C(c3ccc(F)cc3)C2)cc1
6578,7.292648708948352,Cc1ccc(C2=NN(c3nc(-c4ccccc4)cs3)C(c3ccc(F)cc3)C2)cc1C
6579,6.2090291769854815,NC(=S)N1N=C(c2ccc(Br)c(Br)c2)CC1c1ccccc1Br
6580,6.586470874375251,NC(=S)N1N=C(c2ccc(Cl)c(Cl)c2)CC1c1ccccc1F
6581,7.579816087226106,Cc1ccc(C2=NN(C3=NC(=O)CS3)C(c3ccc4ccccc4c3)C2)cc1C
6582,6.998624911977532,O=C1CSC(N2N=C(c3ccc(Cl)cc3)CC2c2cccc3ccccc23)=N1
6583,7.127539929037516,COc1ccc(C2=NN(C3=NC(c4ccccc4)CS3)C(c3cccc4ccccc34)C2)cc1
6584,7.152253539331691,Cc1ccc(C2=NN(C3=NC(c4ccccc4)CS3)C(c3ccccc3)C2)cc1C
6585,7.4714127670629615,Cc1ccc(C2=NN(C3=NC(=O)CS3)C(c3cccc4ccccc34)C2)cc1C
6586,6.990403287297589,O=C1CSC(N2N=C(c3ccc(Cl)cc3)CC2c2ccc3ccccc3c2)=N1
6587,7.146756439238302,COc1ccc(C2=NN(C3=NC(c4ccccc4)CS3)C(c3ccc4ccccc4c3)C2)cc1
6588,8.91813053720533,Cc1ccc(F)cc1Nc1nc2cc(Cl)c(NC(=O)/C=C/CN(C)C)cc2n2cncc12
6589,8.993300121105001,CN(C)C/C=C/C(=O)N(C)c1cc2c(cc1Cl)nc(Nc1ccc(F)cc1F)c1cncn12
6590,6.735267732548303,O=C1NN(c2ccccc2)C(=O)/C1=C\c1ccc(OCc2ccccc2)cc1
6591,7.0473874195622805,O=C1NN(c2ccc(Cl)cc2)C(=O)/C1=C\c1ccc(OCc2ccccc2)cc1
6592,8.167887722498229,COc1cc(N2CCN(C)CC2)ccc1Nc1ncc2c(C)cc(=O)n(-c3ccc(N)cc3)c2n1
6593,8.750674892900914,COc1cc(N2CCN(C)CC2)ccc1Nc1ncc2c(C)cc(=O)n(-c3ccc(F)c(NC(C)=O)c3)c2n1
6594,7.400194329768136,Cc1ccc(-n2c(=O)ccc3cnc4ccc(-c5ccc(NS(C)(=O)=O)cc5)cc4c32)cc1
6595,7.440927060208164,CC(=O)Nc1ccc(-n2c(=O)ccc3cnc4ccc(-c5ccc(NS(C)(=O)=O)cc5)cc4c32)cc1
6596,7.369228367384323,Cc1ccc(NC(=O)/C=C/c2cccnc2)cc1C(=O)Nc1ccc(OCc2cccc(F)c2)c(Cl)c1
6597,7.329858913575022,Cc1ccc(NC(=O)/C=C/c2ccccn2)cc1C(=O)Nc1ccc(OCc2cccc(F)c2)c(Cl)c1
6598,7.218429404997729,Cc1ccc(NC(=O)c2cccc(N(C)C)c2)cc1C(=O)Nc1nccc(-c2cccnc2)n1
6599,8.190136214226865,Cc1ccc(NC(=O)/C=C/CN2CCOCC2)cc1C(=O)Nc1nccc(-c2cccnc2)n1
6600,5.485071543882755,Cc1ccc(NC(=O)c2ccccc2)cc1Nc1nccc(-c2cccnc2)n1
6601,6.696417730646407,Cc1ccc(NC(=O)C2CCCC2)cc1Nc1nccc(-c2cccnc2)n1
6602,7.90496787129138,Cc1ccc(NC(=O)c2cccc(C(F)(F)F)c2)cc1C#Cc1nn(C2CCC(O)CC2)c2ncnc(N)c12
6603,8.204218539554612,Nc1ncnc2c1c(C#Cc1cccc(NC(=O)c3ccc(C(F)(F)F)c(F)c3)c1)nn2C1CCC(O)CC1
6604,7.821507313851516,COC(=O)c1cc2cc(NCc3cc(NC(=O)c4cccc(C(F)(F)F)c4)ccc3C)cnc2[nH]1
6605,7.85075200593652,COC(=O)c1cc2cc(NCc3cc(NC(=O)c4cc(C)cc(C(F)(F)F)c4)ccc3C)cnc2[nH]1
6606,7.807225430413128,Cc1ccc(NC(=O)c2cccc(C(F)(F)F)c2)cc1C(=O)Nc1cnc(Nc2cccc(N)c2)nc1
6607,8.260256331105802,Cc1ccc(NC(=O)c2cccc(C(F)(F)F)c2)cc1C(=O)Nc1cnc(Nc2cccc(NC(=O)CN(C)C)c2)nc1
6608,6.63635001616556,Cc1ccc(NC(=O)c2cc(NC(=O)c3cccc(C(F)(F)F)c3)ccc2C)cn1
6609,8.130903161609282,CCC(=O)Nc1cccc(Nc2ncc(NC(=O)c3cc(NC(=O)c4cccc(C(F)(F)F)c4)ccc3C)cn2)c1
6610,7.400893134585064,Cc1ccc(NC(=O)c2ccc(CN3CCN(C)CC3)cc2)cc1C(=O)Nc1ccc(OCc2ccncc2)cc1
6611,7.325592581162572,Cc1ccc(NC(=O)c2ccc(CN3CCN(C)CC3)cc2)cc1C(=O)Nc1ccc(OCc2ccccn2)cc1
6612,7.717340929389632,Cc1ccc(NC(=O)c2cccc(CN3CCN(C)CC3)c2)cc1C(=O)Nc1nccc(-c2cccc(F)c2)n1
6613,7.544106919358776,Cc1ccc(NC(=O)c2cccc(CN3CCN(C)CC3)c2)cc1C(=O)Nc1nccc(-c2ccccc2)n1
6614,6.906385867970513,Cc1ccc(NC(=O)c2ccc(CN3CCN(C)CC3)cc2)cc1-c1ccc2c(N)noc2c1
6615,7.496475422116863,Cc1ccc(NC(=O)c2ccc(CN3CCN(C)CC3)cc2)cc1-c1ccc2cc[nH]c(=O)c2c1
6616,8.234015474850116,Cc1ccc(NC(=O)c2ccc(CN3CCN(C)CC3)cc2)cc1Nc1nc(-c2cccnc2)c[nH]1
6617,8.28045261656614,Cc1ccc(NC(=O)c2ccc(CN3CCN(C)CC3)cc2)cc1Nc1nc(-c2cccnc2)cs1
6618,8.297351043638677,NS(=O)(=O)c1ccc(-n2c(SCC(=O)Nc3ccc(F)cc3)nc3cc4ccccc4cc3c2=O)cc1
6619,8.44604864833673,COc1cc2c(Nc3ccc(NC(=O)Nc4ccc(C)c(C)c4)c(Cl)c3)ncnc2cc1OCCN1CCCC1
6620,8.185101986693788,COc1cc2c(Nc3ccc(NC(=O)Nc4ccc(C)c(C)c4)c(Cl)c3)ncnc2cc1OCCCN(C)C
6621,8.485213369059478,COc1cc2c(Nc3ccc(NC(=O)Nc4ccc(C)c(C)c4)c(Cl)c3)ncnc2cc1OCCCN1CCCC1
6622,8.004455828886732,COc1cc2c(Nc3ccc(NC(=O)Nc4ccc(C)c(C)c4)c(Cl)c3)ncnc2cc1OCCCO
6623,8.445941074376455,COc1cc2c(Nc3ccc(NC(=O)Nc4ccc(C)c(C)c4)c(Cl)c3)ncnc2cc1OCCn1ccnn1
6624,7.988393594136026,COc1ccc(Cn2ncc(NC(=O)c3cc(NC(=O)Nc4cccc(Cl)c4)ccc3C)c2N)cc1
6625,7.994308140260413,COc1ccc(Cn2ncc(NC(=O)c3ccc(NC(=O)Nc4cccc(Cl)c4)cc3C)c2N)cc1
6626,7.851622169342932,COc1cc2c(Nc3ccc(NC(=O)Nc4ccc(C)c(C)c4)cc3)ncnc2cc1OCCN1CCCC1
6627,7.863902211292185,COc1cc2c(Nc3ccc(NC(=O)Nc4ccc(C)c(C)c4)cc3)ncnc2cc1OCCCN1CCCC1
6628,8.43465538620534,Cn1cc(-c2ccnc(Nc3ccc(F)c(OCCOCCn4ccnc4[N+](=O)[O-])c3)n2)c2ccccc21
6629,8.608317242918389,Cc1ccc(Nc2nccc(-c3cccnc3)n2)cc1OCCOCCn1ccnc1[N+](=O)[O-]
6630,8.895240889480913,COc1cc2c(Nc3ccc(F)c(Cl)c3)ncnc2cc1O[C@@H]1CO[C@@H]2[C@H]1OC[C@H]2F
6631,8.874440754334834,COc1cc2c(Nc3ccc(C)c(Cl)c3)ncnc2cc1O[C@@H]1CO[C@@H]2[C@H]1OC[C@H]2F
6632,6.809943620412645,COC(=O)Nc1ccc(Nc2ncnc3cc(OC)c(OC)cc23)cc1C
6633,7.497868964695125,CCCOC(=O)Nc1ccc(Nc2ncnc3cc(OC)c(OC)cc23)cc1Cl
6634,8.827116430931714,COc1cc2c(Nc3ccc(Br)cc3F)ncnc2cc1OCC1CN(C)CCO1
6635,9.084138303727649,COc1cc2c(Nc3ccc(F)c(Cl)c3)ncnc2cc1OCCNC(=O)Cn1cnc([N+](=O)[O-])n1
6636,8.922806520317344,COc1cc2c(Nc3ccc(C)c(Br)c3)ncnc2cc1OCCNC(=O)Cn1ccnc1
6637,9.353913723500094,COc1cc2c(Nc3ccc(F)c(Cl)c3)ncnc2cc1OCCOCCNC(=O)Cn1cnc([N+](=O)[O-])n1
6638,9.409190256687081,COc1cc2c(Nc3ccc(F)c(Cl)c3)ncnc2cc1OCCOCCn1cnc([N+](=O)[O-])n1
6639,9.23883132578263,COc1cc2c(Nc3ccc(F)c(Cl)c3)ncnc2cc1OCCCCNC(=O)Cn1cnc([N+](=O)[O-])n1
6640,8.1121728735952,CCOC(C)Oc1cc2ncnc(Nc3ccc(C)c([N+](=O)[O-])c3)c2c2c1OCCO2
6641,7.770328146975779,CC(C)Oc1cc2ncnc(Nc3ccc4c(c3)OCO4)c2c2c1OCCO2
6642,7.807729836191515,COCCOc1cc2ncnc(Nc3ccc(OC)c([N+](=O)[O-])c3)c2c2c1OCCO2
6643,7.557401901866385,CCOC(C)Oc1cc2ncnc(Nc3ccc(C)c(C#N)c3)c2c2c1OCCO2
6644,6.519179669465316,Cc1ccc(O)cc1-n1c(=O)c2c(c3c(N)nc(N)nc31)CCCC2
6645,7.095431930429677,COc1ccc(-n2c(=O)c3c(c4c(N)ncnc42)CCCC3)c(C)c1
6646,8.114370763549651,Cc1ccc(Nc2nccc(-c3c(-c4cccc(C(=O)Nc5c(F)cccc5F)c4)nc4ccccn34)n2)cc1
6647,8.144872637178983,CN(C)CCOc1cccc(Nc2nccc(-c3c(-c4cccc(C(=O)Nc5c(F)cccc5F)c4)nc4ccccn34)n2)c1
6648,8.427796038801455,Cc1ccc(OCCCn2ccnc2[N+](=O)[O-])cc1Nc1nccc(-c2cn(C)c3ccccc23)n1
6649,8.498425867535996,Cc1ccc(OCCOCCn2ccnc2)cc1Nc1nccc(-c2cn(C)c3ccccc23)n1
6650,9.02474048283361,COc1cnccc1-c1[nH]c2c(c1Nc1cc(F)cc(F)c1C)C(=O)NCC2
6651,10.765229174933925,Cc1c(Cl)cc(F)cc1Nc1c(-c2ccncc2OCC2CCOCC2)[nH]c2c1C(=O)NCC2
6652,7.297211472590483,COc1cc(-c2nn3c(c2C(N)=O)NCC[C@H]3C2CCN(C(=O)CC(C)C)CC2)cc(OC)c1OC
6653,7.255316717004733,COc1cc(-c2nn3c(c2C(N)=O)NCC[C@H]3C2CCN(C(=O)C(C)(C)C)CC2)cc(OC)c1OC
6654,7.546995515047564,COc1cc(-c2nn3c(c2C(N)=O)NCCC3c2ccccc2Cl)cc(OC)c1OC
6655,7.853526649605391,COc1cc(-c2nn3c(c2C(N)=O)NCCC3c2ccccc2C(F)(F)F)cc(OC)c1OC
6656,7.127772299489369,COc1cc(-c2nn3c(c2C(N)=O)NCCC3C2CCN(C)CC2)cc(OC)c1OC
6657,7.293665196372798,COc1cc(-c2nn3c(c2C(N)=O)NCCC3C2CCN(C(=O)CC(C)C)CC2)cc(OC)c1OC
6658,9.301686144325146,Cc1nc2n(C(C(=O)Nc3nccs3)c3ncn4c3CCC4)cc-2c(C(F)F)cc1C#Cc1ccc(CN2CCOCC2)cc1
6659,8.639263378313581,Cc1cc(Br)ccc1Nc1ncnc2ccc(NC(=O)C3CC3)cc12
6660,8.804448605245259,Cc1cc(Br)ccc1Nc1ncnc2ccc(NC(=O)C3CCC3)cc12
6661,8.793354385584536,COc1cc2c(Nc3ccc(Br)cc3C)ncnc2cc1OCC1CNCCO1
6662,8.71950925939505,Cc1cc(C(=O)N[C@@H]2[C@H]3Oc4ccc(Oc5ccnc6c5CCC(=O)N6)cc4[C@@H]23)ccc1CN(C)C
6663,9.102026898759544,Cc1cc(C(=O)N[C@@H]2[C@H]3Oc4ccc(Oc5ccnc6c5CCC(=O)N6)cc4[C@@H]23)ccc1CN1CCCC1
6664,8.239074743960693,Cc1cc(C(=O)N[C@@H]2[C@H]3Oc4ccc(Oc5ccnc6c5CCC(=O)N6)cc4[C@@H]23)ccc1Cl
6665,8.172991569532543,Cc1cc(C(=O)N[C@@H]2[C@H]3Oc4ccc(Oc5ccnc6c5CCC(=O)N6)cc4[C@@H]23)cc(C)c1C
6666,7.841231135813664,COc1cc2ncnc(Nc3ccc(-c4nc5ccccc5s4)cc3)c2cc1OC
6667,8.120688814466018,COc1cc2ncnc(Nc3ccc(-c4nc5ccccc5s4)c(C)c3)c2cc1OC
6668,8.439286338463306,COc1cc2c(Nc3ccc(-c4nc5ccccc5s4)cc3C)ncnc2cc1OCCCN1CCOCC1
6669,8.535015721250776,COc1cc2c(Nc3ccc(-c4nc5ccccc5s4)cc3C)ncnc2cc1OCCCN1CCC(O)CC1
6670,8.156719672321584,COc1cc2ncnc(Nc3ccc(-c4nc5ccccc5s4)cc3)c2cc1OCCCN1CCN(C)CC1
6671,8.265082739471842,COc1cc2ncnc(Nc3ccc(-c4nc5ccccc5s4)cc3)c2cc1OCCN1CCN(C)CC1
6672,8.590806201496457,CN1CCN(C2CCC(n3nc(-c4ccc(Nc5nc6cccc(F)c6o5)cc4)c4c(N)ncnc43)CC2)CC1
6673,8.579632230674548,Cc1cc(-c2nn(C3CCC(N4CCCC4)CC3)c3ncnc(N)c23)ccc1Nc1nc2cccc(Cl)c2o1
6674,7.549022129694569,Cc1cc(-c2nn(C3CCCC3)c3ncnc(N)c23)ccc1CNC(=O)c1cccc(C(F)(F)F)c1
6675,7.62420993674481,Cc1cc(-c2nn(C3CCCC3)c3ncnc(N)c23)ccc1CNC(=O)c1ccccc1
6676,8.513331351948299,CN1CCc2[nH]c(-c3ccnc(NC(=O)Cc4ccccc4)c3)c(Nc3ccccc3)c2C1=O
6677,8.66854952667416,CN1CCc2[nH]c(-c3ccnc(NC(=O)Cc4cccc(F)c4)c3)c(Nc3ccccc3)c2C1=O
6678,8.874206848614262,COc1cc2c(Nc3ccc(Br)cc3F)ncnc2cc1O[C@@H]1CO[C@@H]2[C@H]1OC[C@H]2F
6679,8.595156306213502,COc1cc2c(Nc3ccc(Cl)cc3C)ncnc2cc1O[C@@H]1CO[C@H]2OCCO[C@H]21
6680,7.642558442544522,Cc1cc(CNC(=O)c2ccccc2)ccc1-c1nn(C2CCCC2)c2ncnc(N)c12
6681,7.921411442604464,Cc1cc(CNC(=O)c2cccc(F)c2)ccc1-c1nn(C2CCCC2)c2ncnc(N)c12
6682,8.550649740382473,COc1cc2ncnc(N(C)c3ccc(F)c(C)c3)c2cc1OCCCN1CCOCC1
6683,8.777472324309283,COc1cc2ncnc(N(C)c3ccc(F)c(Cl)c3)c2cc1OCCCN1CCOCC1
6684,8.148204953472305,Cc1cc(N2CCN(C)CC2)ccc1Nc1ncc2c(n1)N(c1cccc(N)c1)C(=O)N(C)C2
6685,8.842116302379237,Cc1cc(N2CCN(C)CC2)ccc1Nc1ncc2c(n1)n(-c1cccc(NC(=O)C(C)C)c1)c(=O)n2C
6686,8.521997654010308,COCCOc1cc2ncnc(Nc3ccc(NC(=O)C45CC6CC(CC(C6)C4)C5)c(F)c3)c2cc1OCCOC
6687,8.864522906052935,COCCOc1cc2ncnc(Nc3ccc(NC(=O)C45CC6CC(CC(C6)C4)C5)cc3)c2cc1OCCOC
6688,8.173662931292489,Cc1cc(Nc2c(C#N)cnc3ccc(/C=C/C(N)=O)cc23)ccc1Oc1cc2nncn2cn1
6689,8.152124631420671,Cc1cc(Nc2c(C#N)cnc3ccc(C(C)(C)C)cc23)ccc1Oc1cc2nncn2cn1
6690,8.365539945417185,Cc1cc(Nc2c(C#N)cnc3ccc(NC(=O)/C=C/C4CC4)cc23)ccc1Oc1cc2nncn2cn1
6691,8.71796783225975,Cc1cc(Nc2c(C#N)cnc3ccc(NC(=O)C4CCNCC4)cc23)ccc1Oc1cc2nncn2cn1
6692,8.77233707581516,Cc1cc(Nc2c(C#N)cnc3ccc(NC(=O)/C=C/CN4CCOCC4)cc23)ccc1Oc1cc2nncn2cn1
6693,8.25096238236506,Cc1cc(Oc2ccc(Nc3c(C#N)cnc4ccc(NC(=O)/C=C/CN(C)C)cc34)cc2C)ccn1
6694,8.068242081002714,C=CC(=O)N1CCc2c(sc3ncnc(Nc4ccc(C)cc4)c23)C1
6695,8.03529290298344,C=CC(=O)N1CCc2c(sc3ncnc(Nc4cccc(C)c4)c23)C1
6696,7.848668612076761,Cc1cc(Nc2ccc3cc(-c4ccccc4Cl)c(=O)n(C4CCC(N)CC4)c3c2)ccc1N1CCN(C)CC1
6697,8.0036986330906,Cc1cc(Nc2ccc3cc(-c4ccccc4Cl)c(=O)n(C4CCN(C)CC4)c3c2)ccc1N1CCN(C)CC1
6698,8.202711260341468,CC(=O)Nc1cccc(Nc2nc(Nc3ccc(N4CCN(C(C)=O)CC4)c(C)c3)ncc2Cl)c1
6699,7.999830614535094,CC(=O)Nc1cccc(Nc2nc(Nc3ccc(N4CCN(C(C)=O)CC4)cc3)ncc2Cl)c1
6700,8.496437046083113,CNC(=O)c1ccccc1Nc1nc(Nc2ccc(NC(=O)CN3CCN(C)CC3)c(C)c2)ncc1Cl
6701,8.398883277738564,CNC(=O)c1ccccc1Nc1nc(Nc2ccc(NC(=O)CN3CCOCC3)cc2OC)ncc1Cl
6702,8.738561112921346,Cc1cc(Nc2ncc3c(n2)n(-c2cccc(C#N)c2)c(=O)c(=O)n3C(C)C)ccc1N1CCN(C)CC1
6703,8.84112068013521,Cc1cc(Nc2ncc3c(n2)n(-c2cccc(NC(=O)C(C)(C)C)c2)c(=O)n3C(C)C)ccc1N1CCN(C)CC1
6704,8.568451989825062,Cc1cc(Nc2ncc3c(=O)n(C(C)C)c(=O)n(-c4cccc(N)c4)c3n2)ccc1N1CCN(C)CC1
6705,8.625074917818859,Cc1cc(Nc2ncc3c(=O)n(C(C)C)c(=O)n(-c4cccc(C(N)=O)c4)c3n2)ccc1N1CCN(C)CC1
6706,8.428184012407606,Cn1c(=O)c(-c2c(Cl)cccc2Cl)cc2cnc(Nc3ccc(N4CCOCC4)c(F)c3)nc21
6707,7.934008729786822,Cn1c(=O)c(-c2c(Cl)cccc2Cl)cc2cnc(Nc3ccc(NC(=O)CN)cc3)nc21
6708,9.027112233915236,Cc1cc(Nc2ncc3c(n2)N([C@H]2CCN(C)C2)C(=O)N(c2ccccc2Cl)C3)ccc1N1CCN(C)CC1
6709,9.027112233915236,Cc1cc(Nc2ncc3c(n2)N([C@@H]2CCN(C)C2)C(=O)N(c2ccccc2Cl)C3)ccc1N1CCN(C)CC1
6710,8.978501206274162,CC(=O)N1CC[C@H](N2C(=O)N(c3ccccc3Cl)Cc3cnc(Nc4ccc(N5CCNCC5)c(C)c4)nc32)C1
6711,8.681407968667553,Cc1cc(Nc2ncc3c(n2)N([C@H]2CCN(C)C2)C(=O)N(c2ccccc2)C3)ccc1N1CCN(C)CC1
6712,9.005755908641401,Cc1cc(Nc2ncc3c(n2)N([C@H]2CCN(C(=O)C(C)(C)C)C2)C(=O)N(c2ccccc2)C3)ccc1N1CCCN(C)CC1
6713,9.136441694232564,Cc1cc(Nc2ncc3c(n2)N([C@H]2CCN(C(=O)C(C)(C)C)C2)C(=O)N(c2ccccc2Cl)C3)ccc1N1CCCN(C)CC1
6714,9.247695842168646,Cc1cc(Nc2ncc3c(n2)N([C@H]2CCN(C(=O)CN(C)C)C2)C(=O)N(c2ccccc2Cl)C3)ccc1N1CCN(C)CC1
6715,8.845002244992775,Cc1cc(Nc2ncc3c(n2)N(C2CCN(C)CC2)C(=O)N(c2ccccc2Cl)C3)ccc1N1CCN(C)CC1
6716,8.849022866226424,Cc1cc(Nc2ncc3c(n2)N(C2CCCCC2)C(=O)N(c2ccccc2Cl)C3)ccc1N1CCN(C)CC1
6717,8.940088498535944,Cc1cc(Nc2ncc3c(n2)N(C2CCOCC2)C(=O)N(c2ccccc2Cl)C3)ccc1N1CCN(C)CC1
6718,8.676152444131931,Cc1cc(Nc2ncc3c(n2)N(C2CCOCC2)C(=O)N(c2ccccc2)C3)ccc1N1CCN(C)CC1
6719,8.83935108296696,Cc1cc(Nc2ncc3c(n2)N(C2CCN(C(=O)C(C)(C)C)C2=O)C(=O)N(c2ccccc2)C3)ccc1N1CCCN(C)CC1
6720,8.360245296170596,Cn1cc(-c2ccnc(Nc3ccc(OCCOCCn4ccnc4[N+](=O)[O-])cc3)n2)c2ccccc21
6721,8.401452082605138,Cn1cc(-c2ccnc(Nc3ccc(OCCOCCn4ccnc4[N+](=O)[O-])c(F)c3)n2)c2ccccc21
6722,8.3823867650248,COc1ccc2ncnc(Nc3ccc(Oc4cc5ncnn5cn4)c(C)c3)c2c1N1CC(N)C1
6723,8.470922241586623,COc1ccc2ncnc(Nc3ccc(Oc4cc5ncnn5cn4)c(C)c3)c2c1N1CC(O)C1
6724,8.456452092247888,COc1ccc2ncnc(Nc3ccc(Oc4cc5ncnn5cn4)c(C)c3)c2c1N1CCN(C)CC1
6725,8.375257354088305,COc1ccc2ncnc(Nc3ccc(Oc4ccncc4)c(C)c3)c2c1N1CC(N(C)C)C1
6726,8.353081126385916,COc1ccc2ncnc(Nc3ccc(Oc4cccnc4)c(C)c3)c2c1N1CC(N(C)C)C1
6727,8.456995492420887,COc1ccc2ncnc(Nc3ccc(Oc4ccncc4)c(C)c3)c2c1N1CC[C@H](N(C)C)C1
6728,8.456529290000967,COc1ccc2ncnc(Nc3ccc(Oc4cccnc4)c(C)c3)c2c1N1CC[C@H](N(C)C)C1
6729,8.286426837710803,COc1ccc2ncnc(Nc3ccc(Oc4cc5ncnn5cn4)c(C)c3)c2c1N1CC(OC)C1
6730,8.20014752030594,COc1ccc2ncnc(Nc3ccc(Cc4cc5ncnn5cn4)c(C)c3)c2c1OC
6731,8.375594482621397,COc1ccc2ncnc(Nc3ccc(Cc4cc5ncnn5cn4)c(F)c3)c2c1OC1CCN(C)CC1(F)F
6732,8.404098877360177,COc1ccc2ncnc(Nc3ccc(Oc4ccncn4)c(C)c3)c2c1O[C@H]1CCN(C)CC1(F)F
6733,8.404098877360177,COc1ccc2ncnc(Nc3ccc(Oc4ccncn4)c(C)c3)c2c1O[C@@H]1CCN(C)CC1(F)F
6734,8.398614886538235,COc1ccc2ncnc(Nc3ccc(Oc4ccncn4)c(C)c3)c2c1OC1CCN(C)CC1(F)F
6735,8.300927198010095,COc1ccc2ncnc(Nc3ccc(Oc4cccnn4)c(C)c3)c2c1OC1CCN(C)CC1(F)F
6736,8.536179582429888,Cc1cc(Oc2ccc(Nc3ncnc4ccc(OCCF)c(N5CC(N(C)C)C5)c34)cc2C)ccn1
6737,8.635742809505835,Cc1cc(Nc2ncnc3ccc(OCCF)c(N4CC(N(C)C)C4)c23)ccc1Oc1ccc2cn[nH]c2c1
6738,8.331347981519876,COc1cc(O[C@@H]2CCNC[C@@H]2F)c2c(Nc3ccc(Oc4cc5ncnn5cn4)c(C)c3)ncnc2c1
6739,8.60936738232193,COc1cc(O[C@@H]2CCN(C)CC2(F)F)c2c(Nc3ccc(Oc4ccnn4C)c(C)c3)ncnc2c1
6740,8.071729033474366,COc1cc(O[C@H]2CCNC[C@@H]2F)c2c(Nc3ccc(Oc4ccn5ncnc5c4)c(C)c3)ncnc2c1
6741,7.6313315816640035,COc1cc(O[C@H]2CCN(C)CC2(F)F)c2c(Nc3ccc(Oc4ccn5ncnc5c4)cc3)ncnc2c1
6742,8.331347981519876,COc1cc(O[C@H]2CCNC[C@@H]2F)c2c(Nc3ccc(Oc4cc5ncnn5cn4)c(C)c3)ncnc2c1
6743,8.60936738232193,COc1cc(O[C@H]2CCN(C)CC2(F)F)c2c(Nc3ccc(Oc4ccnn4C)c(C)c3)ncnc2c1
6744,8.065788922243947,COc1cc(O[C@H]2CCN(C(C)=O)CC2(F)F)c2c(Nc3ccc(Oc4ccn5ncnc5c4)c(C)c3)ncnc2c1
6745,8.369480082610384,COc1cc(O[C@H]2CCNCC2(F)F)c2c(Nc3ccc(Oc4ccncc4)c(C)c3)ncnc2c1
6746,8.120415665141984,COc1cc(OC2CCNCC2)c2c(Nc3ccc(Oc4ccn5ccnc5c4)c(C)c3)ncnc2c1
6747,8.13443690658836,COc1cc(OC2CCN(C)CC2)c2c(Nc3ccc(Oc4ccn5ccnc5c4)c(C)c3)ncnc2c1
6748,8.15831292624611,COc1cc(OC2CCNCC2)c2c(Nc3ccc(Oc4ccn5ncnc5c4)c(C)c3)ncnc2c1
6749,8.121320676202084,COc1cc(OC2CCN(C)CC2)c2c(Nc3ccc(Oc4ccn5ncnc5c4)c(C)c3)ncnc2c1
6750,8.19745722659831,COc1cc(OC2CCNCC2)c2c(Nc3ccc(Oc4cc5ncnn5cc4F)c(C)c3)ncnc2c1
6751,8.136268130389892,COc1cc(OC2CCN(C)CC2)c2c(Nc3ccc(Oc4cc5ncnn5cc4F)c(C)c3)ncnc2c1
6752,8.46326116354443,Cc1cc(Nc2ncnc3cc(OC4CCN(C)CC4)cc(OC4CCN(C)CC4)c23)ccc1Oc1ccn2ncnc2c1
6753,8.308194724987905,CN1CCC(Oc2cc(OC3CCOCC3)cc3ncnc(Nc4ccc(Oc5ccn6ncnc6c5)cc4)c23)CC1
6754,8.120114508792179,CN1CCC(Oc2cccc3ncnc(Nc4ccc(Oc5ccc6ccnn6c5)cc4)c23)C(F)(F)C1
6755,8.53649686671369,CN1CCC(Oc2cccc3ncnc(Nc4ccc(Oc5ccc6ccnn6c5)c(Cl)c4)c23)C(F)C1
6756,9.017412706890358,OC1CCN(CCOc2n[nH]c3ncnc(Nc4ccc(OCc5cccc(F)c5)c(Cl)c4)c23)CC1
6757,8.759229238340184,Cc1cc(Nc2ncnc3[nH]nc(OCCN4CCC(O)CC4)c23)ccc1OCc1ccccn1
6758,8.524672560720242,COc1cc(Nc2ncnc3[nH]nc(OCCN4CCC(O)CC4)c23)ccc1OCc1ccccn1
6759,8.917934235364845,Cc1cc(Nc2ncnc3[nH]nc(OCCN4CCC(O)CC4)c23)ccc1OCc1cccc(F)c1
6760,8.486862729864475,Cc1cc(Nc2ncnc3ccc(/C=C/C(=O)N(C)C)cc23)ccc1Oc1cc2nncn2cn1
6761,8.6977763705485,Cc1cc(Nc2ncnc3ccc(/C=C/C(=O)N(C)CCCN(C)C)cc23)ccc1Oc1cc2nncn2cn1
6762,8.685183147768686,Cc1cc(Nc2ncnc3ccc(NC(=O)C4CCCN4C)cc23)ccc1Oc1cc2nncn2cn1
6763,8.995571416804244,Cc1cc(Nc2ncnc3ccc(NC(=O)/C=C/[C@@H]4CCCN4C)cc23)ccc1Oc1cc2nncn2cn1
6764,8.67702080600027,Cc1cc(Oc2cc3nncn3cn2)ccc1Nc1ncnc2ccc(NC(=O)/C=C/CN(C)C)cc12
6765,8.592126163286643,Cc1cc(Nc2ncnc3ccc(NC(=O)CCN(C)C)cc23)ccc1Oc1cc2nncn2cn1
6766,8.345596807191704,Cc1cc(Nc2ncnc3ccc(NC(=O)OC(C)C)cc23)ccc1Br
6767,8.667855442428127,Cc1cc(Nc2ncnc3ccc(NC(=O)O)cc23)ccc1Br
6768,8.2111899758479,Cc1cc(Oc2ccn3ncnc3c2)ccc1Nc1ncnc2ccc(NC3=NC(C)(C)CO3)cc12
6769,7.832303995865957,Cc1cc(Nc2ncnc3ccc(NC4=NC(C)(C)CO4)cc23)ccc1Oc1ccc2c(c1)OCCO2
6770,8.465187391677546,Cc1cc(Oc2ccn3ncnc3c2)ccc1Nc1ncnc2ccc3c(c12)OCCN3C(=O)/C=C/CN(C)C
6771,8.47406689943175,Cc1cc(Nc2ncnc3ccc4c(c23)OCCN4C(=O)/C=C/CN(C)C)ccc1Oc1ccn2ncnc2c1
6772,8.54253887658768,Cc1cc(Nc2ncnc3ccc4c(c23)OCCN4C(=O)/C=C/CN(C)C)ccc1Oc1ccccc1
6773,8.455951810552484,Cc1cc(Nc2ncnc3ccc4c(c23)OCCN4C(=O)CN(C)C)ccc1Oc1ccn2ncnc2c1
6774,8.462328926321053,Cc1cc(Oc2ccc(Nc3ncnc4ccc5c(c34)N(C(=O)/C=C/CN(C)C)CCO5)cc2C)ccn1
6775,8.298130529594932,Cc1cc(Oc2ccnc3ccc4c(c23)OCCN4C(=O)/C=C/CN2CCCCC2)ccc1Oc1ccn2ncnc2c1
6776,8.423705278780414,Cc1cc(Nc2ncnc3ccc4c(c23)OCCN4C(=O)/C=C/CN2CCCCC2)ccc1Oc1ccccc1
6777,8.459126071082013,Cc1cc(Nc2ncnc3ccc4c(c23)OCCN4C(=O)/C=C/CN2CCCCC2)ccc1Oc1ccn2ncnc2c1
6778,8.40773733911005,Cc1cc(Nc2ncnc3cc(O)c(NC(=O)N4CCCC4)cc23)ccc1Oc1ccn2ccnc2c1
6779,8.412996157682604,Cc1cc(Nc2ncnc3cc(O)c(NC(=O)C4CC4)cc23)ccc1Oc1ccn2ccnc2c1
6780,8.544638911518078,Cc1cc(Nc2ncnc3cc(O)c(NC(=O)C4CC4)cc23)ccc1Oc1cc2nccn2cn1
6781,8.545662892679399,Cc1cc(Nc2ncnc3cc(O)c(NC(=O)N4CCCC4)cc23)ccc1Oc1cc2nccn2cn1
6782,8.715381872839277,Cc1cc(Nc2ncnc3cc(O)c(NC(=O)CN4CCCC4)cc23)ccc1Oc1ccn2ncnc2c1
6783,8.493210082638678,Cc1cc(Nc2ncnc3cc(O)c(NC(=O)N4CCCN(C)CC4)cc23)ccc1Oc1ccn2ncnc2c1
6784,8.775597323681902,Cc1cc(Nc2ncnc3cc(O)c(NC(=O)CN4CCCC4)cc23)ccc1Oc1ccn2cnnc2c1
6785,8.467237804729546,Cc1cc(Nc2ncnc3cc(O)c(NC(=O)N4CCCC4)cc23)ccc1Oc1ccn2cnnc2c1
6786,8.74506356992412,Cc1cc(Nc2ncnc3cc(O)c(NC(=O)CN4CCCC4)cc23)ccc1Oc1cnn2cnnc2c1
6787,8.541353172132654,Cc1cc(Nc2ncnc3cc(O)c(NC(=O)N4CCCN(C)CC4)cc23)ccc1Oc1cnn2cnnc2c1
6788,8.412900081835902,Cc1cc(Nc2ncnc3cc(O)c(NC(=O)N4CCCC4)cc23)ccc1Oc1cnc2ccnn2c1
6789,8.430896005002234,Cc1cc(Nc2ncnc3cc(O)c(NC(=O)C4CC4)cc23)ccc1Oc1cnc2ccnn2c1
6790,8.432373558894342,Cc1cc(Nc2ncnc3cc(O)c(NC(=O)C4CC4)cc23)ccc1Oc1ccc2nccn2c1
6791,8.540159924228186,Cc1cc(Nc2ncnc3cc(O)c(NC(=O)N4CCCN(C)CC4)cc23)ccc1Oc1ccc2nccn2c1
6792,6.945998134623349,CCCOC(=O)Nc1ccc(Nc2ncnc3cc(OC)c(OC)cc23)cc1C
6793,6.704715402920479,COc1cc2ncnc(Nc3ccc(NC(=O)OC(C)C)cc3)c2cc1OC
6794,7.129614645944146,COc1cc2ncnc(Nc3ccc(NC(=O)OC(C)C)cc3Cl)c2cc1OC
6795,8.01537961872849,COc1cc2ncnc(Nc3ccc(OCc4ccccc4)c(C)c3)c2cc1OC
6796,8.081387822568383,COc1cc2ncnc(Nc3ccc(OCc4ccncc4)c(C)c3)c2cc1OC
6797,8.321990342701085,COc1cc2c(Nc3ccc(Oc4ccccc4)cc3)ncnc2cc1OCC1CCN(C)CC1
6798,8.308671541193137,COc1cc2c(Nc3ccc(Oc4ccccc4)c(C)c3)ncnc2cc1OCCN1CCC(O)CC1
6799,8.691038584752784,COc1cc2c(Nc3ccc(Cl)c(C)c3)ncnc2cc1OCC1CN(C(=O)CO)CCO1
6800,8.681075207917353,COc1cc2c(Nc3ccc(Cl)c(C)c3)ncnc2cc1OCC1CCN(C(=O)CO)CC1
6801,8.659698870175133,COc1cc2c(Nc3ccc(Cl)c(C)c3)ncnc2cc1OCC1CNCCO1
6802,8.560997030197884,COc1cc2c(Nc3ccc(-c4nc5ccccc5s4)c(C)c3)ncnc2cc1OCCN1CCC(O)CC1
6803,8.542290082745307,COc1cc2c(Nc3ccc(-c4nc5ccccc5s4)c(C)c3)ncnc2cc1OCCCN1CCC(O)CC1
6804,8.730462552186136,COc1cc2ncnc(Nc3ccc(Br)c(C)c3)c2cc1OC1CCN(C(C)=O)CC1
6805,8.786945373364734,COc1cc2ncnc(Nc3ccc(Br)c(C)c3)c2cc1OC1CCN(C(=O)CC(C)C)CC1
6806,8.522552845662137,COCCOc1cc2ncnc(Nc3ccc(NC(=O)C45CC6CC(CC(C6)C4)C5)cc3F)c2cc1OCCOC
6807,8.479372376053929,Cc1cc(Oc2ccc(Nc3ncnc4cc5c(cc34)N(CCN3CCOCC3)CO5)cc2C)ccn1
6808,8.537333066823802,Cc1cc(Oc2ccc3c(c2)ncn3C)ccc1Nc1ncnc2cc3c(cc12)OC[C@H]3CN1CCOCC1
6809,8.546239172885945,Cc1cc(Oc2ccc(Nc3ncnc4cc5c(cc34)N(CCN3CCOCC3)CO5)cc2F)ccn1
6810,8.841427149314004,Cc1cc(Nc2ncnc3cc4c(nc23)N2CCN(C(=O)/C=C/[C@@H]3CCCN3C)[C@H](CO4)C2)ccc1O
6811,8.838482721061128,Cc1cc(Nc2ncnc3cc4c(nc23)N2CCN(C(=O)/C=C/[C@H]3CCCN3C)[C@H](CO4)C2)ccc1C#N
6812,8.683373794768853,Cc1cc(Nc2ncnc3cc4c(nc23)N2CCN(C(=O)/C=C/c3ccccc3)[C@H](CO4)C2)ccc1Oc1cncc(F)c1
6813,8.993551317387496,Cc1cc(Oc2cncc(F)c2)ccc1Nc1ncnc2cc3c(nc12)N1CCN(C(=O)/C=C/CN(C)C)[C@@H](CO3)C1
6814,8.59097747155694,Cc1cc(Nc2ncnc3cc4c(nc23)N2CCN(C(=O)/C=C/CO)[C@H](CO4)C2)ccc1Oc1ccc2c(c1)CCO2
6815,8.551421034089003,Cc1cc(Nc2ncnc3cc4c(nc23)N2CCN(C(=O)/C=C/CO)[C@H](CO4)C2)ccc1Oc1ccc2c(c1)OCO2
6816,8.771923226482638,Cc1cc(Nc2ncnc3cc4c(nc23)N2CCN(C(=O)/C=C/CO)[C@H](CO4)C2)ccc1Oc1ccn2ccnc2c1
6817,8.623714357460168,Cc1cc(Nc2ncnc3cc4c(nc23)N2CCN(C(=O)/C=C/CO)[C@H](CO4)C2)ccc1Oc1ccn2ncnc2c1
6818,8.651951208898025,Cc1cc(Nc2ncnc3cc4c(nc23)N2CCN(C(=O)/C=C/c3ccccc3)[C@H](CO4)C2)ccc1Oc1cccnc1
6819,8.868101418499645,Cc1cc(Oc2cccnc2)ccc1Nc1ncnc2cc3c(nc12)N1CCN(C(=O)/C=C/CN(C)C)[C@@H](CO3)C1
6820,8.683373794768853,Cc1cc(Nc2ncnc3cc4c(nc23)N2CCN(C(=O)/C=C/c3ccccc3)[C@@H](CO4)C2)ccc1Oc1cncc(F)c1
6821,8.59097747155694,Cc1cc(Nc2ncnc3cc4c(nc23)N2CCN(C(=O)/C=C/CO)[C@@H](CO4)C2)ccc1Oc1ccc2c(c1)CCO2
6822,8.551421034089003,Cc1cc(Nc2ncnc3cc4c(nc23)N2CCN(C(=O)/C=C/CO)[C@@H](CO4)C2)ccc1Oc1ccc2c(c1)OCO2
6823,8.651951208898025,Cc1cc(Nc2ncnc3cc4c(nc23)N2CCN(C(=O)/C=C/c3ccccc3)[C@@H](CO4)C2)ccc1Oc1cccnc1
6824,8.590062859491322,Cc1cc(Oc2ccc(Nc3ncnc4cc5c(nc34)N(CCN3CCOCC3)CO5)cc2C)ccn1
6825,8.667820601133366,NC1C[C@H]2CC[C@@H](C1)N2Cc1ccn2ncnc(Nc3ccc(Oc4ccn5ncnc5c4)c(F)c3)c12
6826,8.431668803029371,NC1C[C@H]2CC[C@@H](C1)N2Cc1ccn2ncnc(Nc3ccc(Oc4ccn5ncnc5c4)cc3)c12
6827,8.533196569607254,Cc1cc(Oc2ccn3ncnc3c2)ccc1Nc1ncnn2ccc(CN3[C@@H]4CC[C@H]3CC(O)C4)c12
6828,8.630073938418878,Cc1cc(Nc2ncnn3ccc(CN4[C@@H]5CC[C@H]4CC(O)C5)c23)ccc1Oc1ccc2cn[nH]c2c1
6829,8.828334181367817,Cc1cc(Oc2ccn3ncnc3c2)ccc1Nc1ncnn2ccc(CN3CC[C@H](N)[C@@H](F)C3)c12
6830,8.483768351631428,N[C@H]1CCN(Cc2ccn3ncnc(Nc4ccc(Oc5ccn6ncnc6c5)cc4)c23)C1
6831,8.590404903164071,Cc1cc(Nc2ncnn3ccc(CN4CCC(O)CC4)c23)ccc1Oc1ccn2ncnc2c1
6832,8.607185951018788,CO[C@H]1CN(Cc2ccn3ncnc(Nc4ccc(Oc5ccn6ncnc6c5)cc4)c23)CC[C@@H]1N
6833,8.735491849888632,Cc1cc(Oc2ccn3ncnc3c2)ccc1Nc1ncnn2ccc(CN3CCC(C)(N)CC3)c12
6834,8.607160368267992,CC1(N)CCN(Cc2ccn3ncnc(Nc4ccc(Oc5ccnc6ccccc56)c(Cl)c4)c23)CC1
6835,8.734462934405348,Cc1cc(Nc2ncnn3ccc(CN4CCC(N)CC4)c23)ccc1Oc1ccn2ncnc2c1
6836,8.636384780160377,Cc1cc(Oc2ccn3ncnc3c2)ccc1Nc1ncnn2ccc(CN3CCC(N)CC3)c12
6837,8.378495697946734,NC1CCN(Cc2ccn3ncnc(Nc4ccc(Oc5ccn6ncnc6c5)cc4)c23)CC1
6838,8.549801745914653,Cc1cc(Oc2ccn3ncnc3c2)ccc1Nc1ncnn2ccc(CN3CCC(O)CC3)c12
6839,8.476051394103552,Cc1cc(Nc2ncnn3ccc(CN4CCC(O)CC4)c23)ccc1Oc1ccc2ccnn2c1
6840,8.609627045384858,Nc1ncnc2c1c(-c1ccc(Nc3nc4cccc(Cl)c4o3)cc1)nn2C1CCC(N2CCNCC2)CC1
6841,8.558408483341431,CN1CCN(C2CCC(n3nc(-c4ccc(Nc5nc6cccc(Cl)c6o5)c(F)c4)c4c(N)ncnc43)CC2)CC1
6842,7.488934843649179,CC(C)n1nc(-c2ccc(O)cc2Cl)c2c(N)ncnc21
6843,7.802177711837396,O=C(Nc1cccc(O)c1)Nc1cccc(Oc2ncnc3sc4c(c23)CCCC4)c1
6844,7.663341712661987,O=C(Nc1ccccc1)Nc1cccc(Oc2ncnc3sc4c(c23)CCCC4)c1
6845,8.123775550136497,Cc1cc(Oc2ccccc2)ccc1-c1nn(C2CCCN(C(=O)CC(C)C)C2)c2ncnc(N)c12
6846,8.118858660229414,Cc1cc(Oc2ccccc2)ccc1-c1nn([C@H]2CCCN(C(=O)CC(C)C)C2)c2ncnc(N)c12
6847,8.306580147779407,COc1cc2c(Nc3ccc(Oc4ccccc4)cc3C)ncnc2cc1OCCN1CCC(O)CC1
6848,8.278267928179313,COc1cc2c(Nc3ccc(Oc4ccccc4)cc3C)ncnc2cc1OCCCN1CCC(O)CC1
6849,8.079167155548825,Cc1cc(O)ccc1Nc1nccc(-c2c(-c3cccc(C(=O)Nc4c(F)cccc4F)c3)nc3ccccn23)c1C
6850,8.487644907138012,Cc1cc(OC2CCN(C)CC2)ccc1Nc1nccc(-c2c(-c3cccc(C(=O)N(C)C)c3)nc3ccccn23)n1
6851,8.18459304802459,COc1ccc(Nc2nccc(-c3c(-c4cccc(C(=O)Nc5c(F)cccc5F)c4)nc4ccccn34)n2)cc1
6852,8.22391175477182,COc1ccc(Nc2nccc(-c3c(-c4cccc(C(=O)Nc5c(F)cccc5F)c4)nc4ccccn34)n2)cc1C
6853,8.240720908233062,Cc1c(CC(=O)N(C)C)ccc(C(=O)c2nn([C@H]3CCCN(C(=O)OC(C)C)C3)c3ncnc(N)c23)c1C
6854,8.291956679831387,Cc1c(CC(=O)N(C)C)ccc(C(=O)c2nn([C@H]3CCCN(C(=O)OC(C)(C)C)C3)c3ncnc(N)c23)c1C
6855,8.654189256571927,COc1cc2c(Nc3ccc(Cl)c(C(F)(F)F)c3)ncnc2cc1OCC1CN(C)CCO1
6856,8.83792821566927,Cc1c(Oc2ccn3ncnc3c2)ccc(Nc2ncnc3cc4c(nc23)N2CCN(C(=O)C3CC3)[C@H](CO4)C2)c1F
6857,8.83792821566927,Cc1c(Oc2ccn3ncnc3c2)ccc(Nc2ncnc3cc4c(nc23)N2CCN(C(=O)C3CC3)[C@@H](CO4)C2)c1F
6858,8.722510738976661,Cc1c(Oc2ccn3ncnc3c2)ccc(Nc2ncnc3cc4c(nc23)N2CCN(C)[C@@H](CO4)C2)c1F
6859,8.752115351405447,Cc1c(Oc2ccn3ncnc3c2)ccc(Nc2ncnn3ccc(CN4CCN(C)CC4)c23)c1F
6860,8.723382939756165,Cc1c(Oc2ccn3ncnc3c2)ccc(Nc2ncnn3ccc(CN4CCC(O)CC4)c23)c1F
6861,8.518249517110052,COc1c(Nc2nccc(-c3c(-c4cccc(O)c4)nc4ccccn34)n2)ccc(N2CCC(N3CCCC3)CC2)c1C
6862,8.529334304814299,COc1c(Nc2nccc(-c3c(-c4ccccc4)nc4ccccn34)n2)ccc(N2CCC(N3CCCC3)CC2)c1C
6863,8.434050103499949,COc1nc(N2CCC(N)C2)ccc1Nc1nccc(-c2c(-c3cccc(C(=O)Nc4ccccc4)c3)nc3ccccn23)n1
6864,8.589370351413578,COc1nc(N2CCC(N)C2)ccc1Nc1nccc(-c2c(-c3cccc(C(=O)NC(C)C)c3)nc3ccccn23)n1
6865,11.262030876228351,CC(C)(O)Cn1cc(-c2ncnc3oc(-c4ccc(Cl)cc4)cc23)c(-c2ccc(F)cc2)n1
6866,8.66859025090589,CC(C)n1cc([C@@H](Nc2cc(Cl)c3ncc(C#N)c(Nc4ccc(F)c(Cl)c4)c3c2)c2cccnc2)[nH]c1=O
6867,8.715547173245099,CC(C)n1cc([C@@H](Nc2cc(Cl)c3ncc(C#N)c(Nc4cccc(F)c4)c3c2)c2ccc(F)nc2)[nH]c1=O
6868,9.396142862898737,CC(C)(C)CNc1c(C#N)cnc2c(Cl)cc(N[C@H](C3=CN(C4(C(F)(F)F)CC4)NN3)c3ccc(F)cn3)cc12
6869,9.34940100045604,CC(C)(C)CNc1c(C#N)cnc2c(Cl)cc(N[C@H](C3=CNN(C4(C(F)(F)F)CC4)N3)c3ccc(F)cn3)cc12
6870,9.50824138176827,CC(C)(C)CNc1c(C#N)cnc2c(Cl)cc(N[C@H](C3=CNN(C4(C(F)F)CC4)N3)c3ccc(F)cn3)cc12
6871,9.313336430454166,CC(C)(C)CNc1c(C#N)cnc2c(Cl)cc(N[C@H](C3=CNN(C4(C(F)F)CC4)C3)c3ccc(F)cn3)cc12
6872,8.831304444383555,Cc1ccc(Nc2c(C#N)cnc3c(Cl)cc(N[C@H](C4=CN(C(C)(C)C)C4)c4ccc(F)cn4)cc23)cc1F
6873,8.722467101262517,Cc1ccc(Nc2c(C#N)cnc3c(Cl)cc(N[C@H](C4=CN(C(C)(C)C)C4)c4ccc(F)cn4)cc23)cc1
6874,9.371915764791614,N#Cc1cnc2c(Cl)cc(N[C@H](C3=CN(C4COC4)NN3)c3ccc(F)cn3)cc2c1Nc1ccc(F)c(Cl)c1
6875,9.513495941520619,Cc1ccc([C@H](Nc2cc(Cl)c3ncc(C#N)c(Nc4ccc(F)c(Cl)c4)c3c2)C2=CN(C3COC3)NN2)cn1
6876,8.84609357882319,Cc1ccc([C@H](Nc2cc(Cl)c3ncc(C#N)c(Nc4ccc(F)c(Cl)c4)c3c2)C2=CN(CCO)CC2)cn1
6877,8.83413439066741,Cc1ccc([C@H](Nc2cc(Cl)c3ncc(C#N)c(Nc4ccc(F)c(Cl)c4)c3c2)C2=CN(CCO)CC2)nc1
6878,8.935051928064428,N#Cc1cnc2c(Cl)cc(N[C@H](C3=CNNC3)c3ccc(F)cc3)cc2c1Nc1cnc(F)c(F)c1
6879,8.998724615877471,N#Cc1cnc2c(Cl)cc(N[C@H](C3=CNNC3)c3ccc(F)cc3F)cc2c1Nc1cnc(F)c(F)c1
6880,8.474331630409388,N#CCC[C@H](Nc1c(Cl)cc(N[C@](O)(C2=CN(C3CC3)NN2)c2ccccn2)cc1Cl)c1ccccc1
6881,9.133645375224987,Cc1nc(F)ccc1[C@H](Nc1cc(C#N)c2ncc(C#N)c(NCC3CC3)c2c1)C1=C(F)N([C@@H](C)CF)C1=C(F)CF
6882,8.906908954674154,Cc1nc(F)ccc1[C@H](Nc1cc(C#N)c2ncc(C#N)c(NCC(F)F)c2c1)C1=C(F)N([C@@H](C)CF)C1=C(F)CF
6883,9.078877868156876,Cc1ccc([C@H](Nc2cc(C#N)c3ncc(C#N)c(NCC(C)(C)C)c3c2)c2[nH]n([C@@H](C)CF)c2F)cn1
6884,8.59745017539656,CC(C)(C)CNc1c(C#N)cnc2c(Cl)cc(N[C@@H](c3ccc(F)cn3)c3[nH][nH]c3F)cc12
6885,9.668517854402367,Cc1nc(F)ccc1[C@H](Nc1cc(Cl)c2ncc(C#N)c(NCC(C)(C)C)c2c1)C1=C(F)N(CCO)NN1
6886,8.874958884014237,Cc1nc(F)ccc1[C@H](Nc1cc(Cl)c2ncc(C#N)c(NCC(F)F)c2c1)c1[nH]n([C@@H](C)CF)c1F
6887,8.963290032410558,Cc1nc(F)ccc1[C@H](Nc1cc(Cl)c2ncc(C#N)c(NCCO)c2c1)c1[nH]n([C@@H](C)CF)c1F
6888,9.559038698530511,Cc1ccc([C@H](Nc2cc(C#N)c3ncc(C#N)c(NCC(C)(C)C)c3c2)C2=C(F)N(C)NN2)cn1
6889,9.507039695676035,Cc1ccc([C@H](Nc2cc(C#N)c3ncc(C#N)c(NCC(C)(C)C)c3c2)C2=C(F)N(C)NN2)nc1
6890,9.43497768108634,Cc1ccc([C@H](Nc2cc(Cl)c3ncc(C#N)c(NCC(C)(C)C)c3c2)C2=C(F)N(C)NN2)cn1
6891,9.419184111434047,Cc1ccc([C@H](Nc2cc(Cl)c3ncc(C#N)c(NCC(C)(C)C)c3c2)C2=C(F)N(C)NN2)nc1
6892,9.081048848553948,COc1c([C@@H](Nc2cc(Cl)c3ncc(C#N)c(NCC4CC4)c3c2)c2ccc(F)nc2C)[nH]n1C
6893,8.781643020086236,COc1[nH][nH]c1[C@@H](Nc1cc(Cl)c2ncc(C#N)c(NCC(C)(C)C)c2c1)c1ccc(F)nc1
6894,9.032144255942749,Cc1nc(F)ccc1[C@H](Nc1cc(Cl)c2ncc(C#N)c(NCC(C)(C)C)c2c1Cl)c1[nH]n(C2(C(F)F)CC2)c1F
6895,8.738198649096681,CC(C)(C)CNc1c(C#N)cnc2c(Cl)cc(N[C@@H](c3ccc(F)cn3)c3c(F)[nH]n3C(F)F)c(Br)c12
6896,8.707331643047512,Cc1ccc([C@H](Nc2cc(Cl)c3ncc(C#N)c(NCC(C)(C)C)c3c2)C2=C(F)N(C(C)F)CC2)cn1
6897,8.563942591129857,CC(C)(C)CNc1c(C#N)cnc2c(Cl)cc(N[C@@H](c3ccc(F)cn3)c3[nH][nH]c3Br)cc12
6898,9.166758770225808,COc1c([C@@H](Nc2cc(C#N)c3ncc(C#N)c(NCC4CC4)c3c2)c2ccc(F)nc2C)[nH]n1C1(C(F)F)CC1
6899,8.964837765158771,COc1c([C@@H](Nc2cc(C#N)c3ncc(C#N)c(NCC(C)(C)C)c3c2)c2ccc(F)cc2)[nH]n1C1(C(F)F)CC1
6900,9.255309494100661,COc1c([C@@H](Nc2cc(Cl)c3ncc(C#N)c(NCC4CC4)c3c2)c2ccc(F)nc2C)[nH]n1C1(C(F)F)CC1
6901,9.313419983466767,COc1c([C@@H](Nc2cc(Cl)c3ncc(C#N)c(NCC(C)(C)C)c3c2)c2ccc(F)nc2C)[nH]n1C1(C)COC1
6902,9.763684842152639,Cc1ccc([C@H](Nc2cc(Cl)c3ncc(C#N)c(NCC(C)(C)C)c3c2)C2=C(F)N(C3(C)CC3)NN2)nc1
6903,9.037932800522608,CC(C)(O)CNc1c(C#N)cnc2c(Cl)cc(N[C@H](C3=C(F)N(C4(C)CC4)C3=C(F)F)c3ccc(F)cn3)cc12
6904,9.120249886820236,CC(C)(O)CNc1c(C#N)cnc2c(Cl)cc(N[C@H](C3=C(F)N(C4(C)CC4)C3=C(F)F)c3ccc(F)nc3)cc12
6905,8.826884469806528,Cc1nc(F)ccc1[C@H](Nc1cc(Cl)c2ncc(C#N)c(NCC(C)(C)C)c2c1)C1=C(F)NC(C)(C)C1
6906,9.127086028552164,Cc1nc(F)ccc1[C@H](Nc1cc(C#N)c2ncc(Cl)c(NCC(C)(C)C)c2c1)C1=C(F)N(C23CC(C2)C3=O)C1
6907,9.058676662046084,Cc1nc(F)ccc1[C@H](Nc1cc(C#N)c2ncc(Cl)c(NCC(C)(C)C)c2c1)C1=C(F)N(C2CC2)C1=C(F)F
6908,8.668793489379583,CC(C)(C)CNc1c(C#N)cnc2c(C#N)cc(N[C@@H](c3ccc(F)cn3)c3[nH][nH]c3F)cc12
6909,9.203674928833388,Cc1ccc([C@H](Nc2cc(C#N)c3ncc(C#N)c(NCC(C)(C)C)c3c2)c2[nH]n(C34CC(C3)C4)c2F)cn1
6910,9.048129834322657,Cc1nc(F)ccc1[C@H](Nc1cc(Cl)c2ncc(C#N)c(NCC(C)(C)C)c2c1)C1=C(F)N(C2CC2)C1
6911,9.154627321261506,Cc1nc(F)ccc1[C@H](Nc1cc(Cl)c2ncc(C#N)c(NCCO)c2c1)C1=C(F)N(C23CC(C2)C3)C1=C(F)F
6912,8.98110011502978,Cc1nc(F)ccc1[C@H](Nc1cc(Cl)c2ncc(C#N)c(NCC(F)F)c2c1)C1=C(F)N(C23CC(C2)C3)C1=C(F)F
6913,8.664062277699351,COc1c([C@@H](Nc2cc(C#N)c3ncc(F)cc3c2)c2ccc(F)nc2C)[nH]n1C12CC(C1)C2
6914,9.358418325942528,COc1c([C@@H](Nc2cc(C#N)c3ncc(C)c(NCC4CC4)c3c2)c2ccc(F)nc2C)[nH]n1C12CC(C1)C2
6915,9.27825072420953,COc1c([C@@H](Nc2cc(Cl)c3ncc(C#N)c(NCC4CC4)c3c2)c2ccc(F)nc2C)[nH]n1C12CC(C1)C2
6916,9.051615062034022,Cc1c([C@@H](Nc2cc(Cl)c3ncc(C#N)c(NCC(C)(C)C)c3c2)c2ccc(F)nc2)[nH]n1C1CC1
6917,9.012964058339843,Cc1nc(F)ccc1[C@H](Nc1cc(Cl)c2ncc(C#N)c(NCC3CC3)c2c1)c1[nH]n(C2CC2)c1C
6918,8.602901271061334,CC(C)(C)CNc1c(C#N)cnc2c(Cl)cc(N[C@@H](c3ccc(F)cn3)c3[nH][nH]c3C#N)cc12
6919,8.475357046094553,Cc1ccc([C@H](Nc2cc(Cl)c3ncc(C#N)c(NCC(C)(C)C)c3c2)c2[nH][nH]c2C#N)nc1
6920,9.124025330018279,CC(C)(C)CNc1c(C#N)cnc2c(C#N)cc(N[C@@H](c3ccc(F)cn3)c3[nH][nH]c3C3CC3)cc12
6921,8.973329102776372,Cc1ccc([C@H](Nc2cc(C#N)c3ncc(C#N)c(NCC(C)(C)C)c3c2)c2[nH][nH]c2C2CC2)cn1
6922,9.012218689535935,CC(C)(C)CNc1c(C#N)cnc2c(Cl)cc(N[C@@H](c3ccc(F)cn3)c3[nH][nH]c3C3CC3)cc12
6923,8.90838370874362,Cc1ccc([C@H](Nc2cc(Cl)c3ncc(C#N)c(NCC(C)(C)C)c3c2)c2[nH][nH]c2C2CC2)cn1
6924,8.609477148250075,CC(C)(C)CNc1c(C#N)cnc2c(C#N)cc(N[C@@H](c3ccc(F)cn3)c3[nH][nH]c3Cl)cc12
6925,8.498549151108989,Cc1ccc([C@H](Nc2cc(C#N)c3ncc(C#N)c(NCC(C)(C)C)c3c2)c2[nH][nH]c2Cl)nc1
6926,8.534407938870109,CC(C)(C)CNc1c(C#N)cnc2c(Cl)cc(N[C@@H](c3ccc(F)cn3)c3[nH][nH]c3Cl)cc12
6927,9.61653172574518,Cc1ccc([C@H](Nc2cc(Cl)c3ncc(C#N)c(NCC(C)(C)C)c3c2)C2=C(Cl)N(C3CC3)NN2)cn1
6928,8.999479205049132,Cc1nc(F)ccc1[C@H](Nc1cc(C#N)c2ncc(C#N)c(NCC(F)(F)F)c2c1)C1=C(F)N(C2CC2)C1=O
6929,9.736008048007138,Cc1ccc([C@H](Nc2cc(Cl)c3ncc(C#N)c(NCC(C)(C)C)c3c2)C2=C(F)N(C3CC3)NN2)cn1
6930,8.621214704924325,Cc1ccc([C@H](Nc2cc(Cl)c3ncc(C#N)c(NCC(C)(C)C(F)(F)F)c3c2)c2[nH][nH]c2F)nc1
6931,8.702417665255044,Cc1ccc([C@H](Nc2cc(Cl)c3ncc(C#N)c(NCC(C)(C)C(F)(F)F)c3c2)c2[nH][nH]c2F)cn1
6932,8.568619776445216,CC(C)(C)CNc1c(C#N)cnc2c(Cl)cc(N[C@@H](c3ccc(F)cn3)c3[nH][nH]c3I)cc12
6933,9.19718376822597,COc1c([C@@H](Nc2cc(C#N)c3ncc(C)c(NCC(C)(C)C)c3c2)c2ccc(F)nc2C)[nH]n1C1CC1
6934,9.179010233286157,COc1c([C@@H](Nc2cc(C#N)c3ncc(C#N)c(NCC4CC4)c3c2)c2ccc(F)nc2C)[nH]n1C1CC1
6935,9.150517160777706,COc1c([C@@H](Nc2cc(Cl)c3ncc(C#N)c(NCC4CC4)c3c2)c2ccc(F)nc2C)[nH]n1C1CC1
6936,9.165202711179472,COc1c([C@@H](Nc2cc(Cl)c3ncc(C#N)c(NCC(C)(C)C)c3c2)c2ccc(F)nc2)[nH]n1C1CC1
6937,8.924431501652839,CC(C)(C)CNc1c(C#N)cnc2c(Cl)cc(N[C@@H](c3ccc(F)cn3)c3[nH]n4c3CCCC4)cc12
6938,9.158780921187395,CC(C)(C)CNc1c(C#N)cnc2c(Cl)cc(N[C@@H](c3ccc(F)cn3)c3[nH]n4c3OCCC4)cc12
6939,9.158303731365278,Cc1nc(F)ccc1[C@H](Nc1cc(C#N)c2ncnc(NCC(C)(C)C)c2c1)c1cn(C(C)(C)C)nn1
6940,9.110388516857327,Cc1nc(F)ccc1[C@H](Nc1cc(C#N)c2ncnc(NCC(C)(C)C)c2c1)c1cn(C(C)C)nn1
6941,8.988834164872696,CC(C)(C)CNc1ncnc2c(Cl)cc(N[C@H](c3ccc(F)cn3)c3cn(CC(F)(F)F)nn3)cc12
6942,9.252350955358052,Cc1nc(F)ccc1[C@H](Nc1cc(Cl)c2ncnc(NCC(C)(C)C)c2c1)c1cn(C(C)(C)CO)nn1
6943,9.731783394953009,Cc1ccc([C@H](Nc2cc(C#N)c3ncc(C#N)c(NCC(C)(C)C)c3c2)C2=CN([C@@H](C)CF)NN2)cn1
6944,9.71368039988858,Cc1ccc([C@H](Nc2cc(C#N)c3ncc(C#N)c(NCC(C)(C)C)c3c2)C2=CN([C@@H](C)CF)NN2)nc1
6945,9.001776291996263,Cc1nc(F)ccc1[C@H](Nc1cc(Cl)c2ncc(C#N)c(NCC(C)(C)C)c2c1)C1=CNCCN1
6946,8.980580900665265,Cc1nc(F)ccc1[C@H](Nc1cc(Cl)c2ncc(C#N)c(NCC(C)(C)C)c2c1)C1=CN(C)NC1
6947,9.77284404835588,Cc1ccc([C@H](Nc2cc(C#N)c3ncc(C#N)c(NCC(C)(C)C)c3c2)C2=CN([C@@H]3C[C@@H]3F)NN2)cn1
6948,9.755045452503584,Cc1ccc([C@H](Nc2cc(C#N)c3ncc(C#N)c(NCC(C)(C)C)c3c2)C2=CN([C@@H]3C[C@@H]3F)NN2)nc1
6949,9.139984121880707,CC(C)(C)CNc1c(C#N)cnc2c(Cl)cc(N[C@@H](c3ccc(F)cn3)c3cn([C@@H]4C[C@@H]4F)[nH]3)cc12
6950,8.976776568943608,Cc1nc(F)ccc1[C@H](Nc1cc(Cl)c2ncc(C#N)c(NCC(C)(C)C)c2c1)C1=CNNCC1
6951,9.132671813695737,Cc1ccc([C@H](Nc2cc(C#N)c3ncc(C#N)c(NCC(C)(C)C)c3c2)c2cn([C@@H]3CC3C(F)(F)F)[nH]2)cn1
6952,9.78283227807677,Cc1nc(F)ccc1[C@H](Nc1cc(Cl)c2ncc(C#N)c(NCC(C)(C)C)c2c1)C1=CN([C@H]2CCOC2)NN1
6953,9.273937993776098,Cc1nc(F)ccc1[C@H](Nc1cc(Cl)c2ncc(C#N)c(NCC(C)(C)C)c2c1)c1cn([C@H]2CC[C@H](O)CC2)[nH]1
6954,8.78186318575282,CC(C)(C)CNc1c(C#N)cnc2c(C#N)cc(N[C@@H](c3ccc(F)cn3)c3cn(C(C)(C)C(F)(F)F)[nH]3)cc12
6955,8.78186318575282,CC(C)(C)CNc1c(C#N)cnc2c(C#N)cc(N[C@H](c3ccc(F)cn3)c3cn(C(C)(C)C(F)(F)F)[nH]3)cc12
6956,9.415618569610192,CC(C)(C)CNc1c(C#N)cnc2c(Cl)cc(N[C@H](C3=CN(C(C)(C)C(F)(F)F)NN3)c3ccc(F)cn3)cc12
6957,9.189306416989698,CC(C)(C)CNc1c(C#N)cnc2c(Cl)cc(N[C@H](C3=CNN(C(C)(C)C(F)(F)F)C3)c3ccc(F)cn3)cc12
6958,9.444074379706203,CC(C)(C)CNc1c(C#N)cnc2c(C#N)cc(N[C@H](C3=CN(C(C)(C)C(F)(F)F)NN3)c3ccc(F)cn3)cc12
6959,9.105142233045546,CC(C)(C)CNc1c(C#N)cnc2c(C#N)cc(N[C@H](C3=CN(C(C)(C)C(F)(F)F)NN3)c3ccc(F)cc3F)cc12
6960,9.63583112116276,Cc1ccc([C@H](Nc2cc(Cl)c3ncc(C#N)c(NCC(C)(C)C)c3c2)C2=CN(C(C)(C)C(F)F)NN2)cn1
6961,8.915100564324566,CC(C)(F)CNc1c(C#N)cnc2c(C#N)cc(N[C@@H](c3ccc(F)cn3)c3cn(C(C)(C)C)[nH]3)cc12
6962,8.915100564324566,CC(C)(F)CNc1c(C#N)cnc2c(C#N)cc(N[C@H](c3ccc(F)cn3)c3cn(C(C)(C)C)[nH]3)cc12
6963,9.270698408362334,CC(C)(C)CNc1c(C#N)cnc2c(C#N)cc(N[C@H](C3=CN(C(C)(C)C)NN3)c3ccc(F)cc3F)cc12
6964,9.270698408362334,CC(C)(C)CNc1c(C#N)cnc2c(C#N)cc(N[C@@H](C3=CN(C(C)(C)C)NN3)c3ccc(F)cc3F)cc12
6965,9.088793871547036,CC(C)(C)CNc1c(C#N)cnc2c(Cl)cc(N[C@H](C3=CNN(C(C)(C)C)C3)c3ccc(F)cn3)cc12
6966,9.352774352447792,CC(C)(C)CNc1c(C#N)cnc2c(Cl)cc(N[C@H](C3=CNN(C(C)(C)C)CN3)c3ccc(F)cn3)cc12
6967,9.558577392795057,CC(C)(F)CNc1c(C#N)cnc2c(Cl)cc(N[C@H](C3=CN(C(C)(C)C)NN3)c3ccc(F)cn3)cc12
6968,9.747011615390507,CC(C)(C)CNc1c(C#N)cnc2c(Cl)cc(N[C@H](C3=CN(C(C)(C)C)NN3)c3ccc(F)cn3)cc12
6969,9.73902861921548,CC(C)(C)CNc1c(C#N)cnc2c(C#N)cc(N[C@H](C3=CN(C(C)(C)C)NN3)c3ccc(F)cn3)cc12
6970,9.240602384949124,CC(C)(C)CNc1c(C#N)cnc2c(C#N)cc(N[C@H](C3=CNNC(C)(C)C3)c3ccc(F)cn3)cc12
6971,9.476161645049103,CC(C)(C)CNc1c(C#N)cnc2c(Cl)cc(N[C@H](C3=CN(C(C)(C)C)NN3)c3cccnc3)cc12
6972,9.269227139092424,CC(C)(C)N1C=C([C@@H](Nc2cc(Cl)c3ncc(C#N)c(NCC(F)(F)F)c3c2)c2ccc(F)nc2)NN1
6973,8.972208065504848,CC(C)(C)CNc1c(C#N)cnc2c(C#N)cc(N[C@H](C3=CNN(C(C)(C)C)CN3)c3ccc(F)cc3F)cc12
6974,9.25269754960986,CC(C)(C)CNc1c(C#N)cnc2c(Cl)cc(N[C@H](C3=CNN(C(C)(C)CF)C3)c3ccc(F)cn3)cc12
6975,9.17814354338444,Cc1nc(F)ccc1[C@H](Nc1cc(C#N)c2ncc(C#N)c(NCC(C)(C)C)c2c1)C1=CNNC(=O)C1
6976,9.345399339719648,CC(C)N1CNC([C@@H](Nc2cc(Cl)c3ncc(C#N)c(NCC(C)(C)C)c3c2)c2ccc(F)cn2)=CN1
6977,9.360145835072794,CC(C)(C)CNc1c(C#N)cnc2c(C#N)cc(N[C@H](C3=CN(C(F)(F)F)NN3)c3ccc(F)cn3)cc12
6978,8.988497518586005,CC(C)(C)CNc1c(C#N)cnc2c(C#N)cc(N[C@H](C3=CN(C(F)(F)F)NN3)c3ccc(F)cc3F)cc12
6979,9.436926959148268,CC(C)(C)CNc1c(C#N)cnc2c(Cl)cc(N[C@H](C3=CN(C(F)(F)CO)NN3)c3ccc(F)cn3)cc12
6980,9.23117407233029,CC(C)(C)CNc1c(C#N)cnc2c(Cl)cc(N[C@H](C3=CN(C(F)(F)F)NN3)c3ccc(F)cn3)cc12
6981,9.189730251909667,CC(C)(C)CNc1c(C#N)cnc2c(Cl)cc(N[C@H](C3=CN(C4(C(=O)O)CC4)C3)c3ccc(F)cn3)cc12
6982,9.07767296090458,Cc1nc(F)ccc1[C@H](Nc1cc(Cl)c2ncc(C#N)c(NCC(C)(C)C)c2c1)C1=CN(C(=O)O)CC1
6983,8.700537528347093,CN(C)C(=O)C1(N2C=C([C@@H](Nc3cc(C#N)c4ncc(C#N)c(NCC(C)(C)C)c4c3)c3ccccc3)CC2)CC1
6984,8.754732850070084,CN(C)C(=O)C1(N2C=C([C@@H](Nc3cc(Cl)c4ncc(C#N)c(NCC(C)(C)C)c4c3)c3ccccc3)NC2)CC1
6985,9.132888754979446,CN(C)C(=O)C1(N2C=C([C@@H](Nc3cc(Cl)c4ncc(C#N)c(NCC(C)(C)C)c4c3)c3ccccn3)NC2)CC1
6986,9.459963725074566,CC(C)(C)CNc1c(C#N)cnc2c(C#N)cc(N[C@H](C3=CN(C4(C(N)=O)CC4)NN3)c3ccc(F)cc3F)cc12
6987,9.427963403502105,CC(C)(C)CNc1c(C#N)cnc2c(C#N)cc(N[C@H](C3=CN(C4(C(N)=O)CC4)NN3)c3ccccc3F)cc12
6988,9.524839917479076,CC(C)(C)CNc1c(C#N)cnc2c(Cl)cc(N[C@H](C3=CNN(C4(C(N)=O)CC4)C3)c3ccc(F)cn3)cc12
6989,9.269478080157011,CC(C)(C)CNc1c(C#N)cnc2c(Cl)cc(N[C@H](C3=CNN(CC(N)=O)CC3)c3ccc(F)cn3)cc12
6990,9.479547205175102,CC(C)(C)CNc1c(C#N)cnc2c(F)cc(N[C@H](C3=CNN(C4(C(N)=O)CC4)C3)c3ccc(F)cn3)cc12
6991,9.550814884641776,CC(C)(C)CNc1c(C#N)cnc2c(F)cc(N[C@H](C3=CN(C4(C(N)=O)CC4)NN3)c3ccc(F)cn3)cc12
6992,9.383166986615969,Cc1ccc([C@H](Nc2cc(Cl)c3ncc(C#N)c(NCC(C)(C)C)c3c2)C2=CN(C3(C(=O)N4CCOCC4)CC3)CC2)cn1
6993,9.215345978565008,Cc1nc(F)ccc1[C@H](Nc1cc(Cl)c2ncc(C#N)c(NCC(C)(C)C)c2c1)C1=CN(C(=O)C(C)(C)N)CC1
6994,9.268574427243784,CC(C)(C)CNc1c(C#N)cnc2c(Cl)cc(N[C@H](C3=CNN(CC(=O)O)CC3)c3ccc(F)cn3)cc12
6995,8.942344033635417,CC(C)(C)CNc1c(C#N)cnc2c(Cl)cc(N[C@H](C3=CNN(CC(=O)O)CC3)c3ccc(F)cc3F)cc12
6996,9.091074711954946,CC(C)(C)CNc1c(C#N)cnc2c(Cl)cc(N[C@@H](c3ccc(F)cn3)c3c[nH]n3C3(C(C)(C)C)CC3)cc12
6997,9.781644314247773,CC(C)C1(N2C=C([C@@H](Nc3cc(C#N)c4ncc(C#N)c(NCC(C)(C)C)c4c3)c3ccc(F)cn3)NN2)CC1
6998,9.333819117769023,CC(C)C1(N2NC=C([C@@H](Nc3cc(C#N)c4ncc(C#N)c(NCC(C)(C)C)c4c3)c3ccc(F)cc3F)N2)CC1
6999,9.74173968960147,CC(C)CNc1c(C#N)cnc2c(Cl)cc(N[C@H](C3=CN(C4(C(C)C)CC4)NN3)c3ccc(F)cn3)cc12
7000,9.730851013549499,CC(C)C1(N2NC=C([C@@H](Nc3cc(Cl)c4ncc(C#N)c(NCC(C)(C)C)c4c3)c3ccc(F)cn3)N2)CC1
7001,9.499285597085894,N#Cc1cnc2c(C#N)cc(N[C@H](C3=CN(C4(C(F)(F)F)CC4)NN3)c3ccccn3)cc2c1NC1CCCCC1
7002,8.968393542130423,N#Cc1cnc2c(C#N)cc(N[C@H](C3=CN(C4(C(F)(F)F)CC4)NN3)c3ccc(F)cc3)cc2c1NC1CCCC1
7003,9.054689734082523,Cc1nc(F)ccc1[C@H](Nc1cc(C#CC(C)(C)O)c2ncc(C#N)c(NCC(C)(C)C)c2c1)C1=CN(C)C1
7004,9.018106416531959,Cc1nc(F)ccc1[C@H](Nc1cc(C#N)c2ncc(C#N)c(NC3CC3)c2c1)C1=CN(C2(C(F)(F)F)CC2)C1=O
7005,9.114617147803273,Cc1nc(F)ccc1[C@H](Nc1cc(C#N)c2ncc(C#N)c(NCCO)c2c1)C1=CN(C2(C(F)(F)F)CC2)C1=O
7006,9.124840004871954,Cc1nc(F)ccc1[C@H](Nc1cc(C#N)c2ncc(C#N)c(NC3CCC3)c2c1)C1=CN(C2(C(F)(F)F)CC2)C1
7007,8.992687862393309,N#Cc1cnc2c(Cl)cc(N[C@@H](c3ccc(F)cn3)c3cn(C4(C(F)(F)F)CC4)[nH]3)cc2c1NC1CCCC1
7008,9.421919951614374,N#Cc1cnc2c(Cl)cc(N[C@H](C3=CN(C4(C(F)(F)F)CC4)NN3)c3ccc(F)cn3)cc2c1NC1CCCC1
7009,9.304680253764358,N#Cc1cnc2c(Cl)cc(N[C@H](C3=CN(C4(C(F)(F)F)CC4)NN3)c3ccc(F)cn3)cc2c1NC1CC1
7010,8.909507006162304,N#Cc1cnc2c(Cl)cc(N[C@@H](c3ccc(F)cn3)c3cn(C4(C(F)(F)F)CC4)[nH]3)cc2c1NC1CC1
7011,9.445167756183423,N#Cc1cnc2c(Cl)cc(N[C@H](C3=CN(C4(C(F)(F)F)CC4)NN3)c3ccc(F)cn3)cc2c1NC1CCCCC1
7012,8.936618950381442,Cc1ccc([C@H](Nc2cc(Cl)c3ncc(C#N)c(NC4CCCCC4)c3c2)c2cn(C3(C(F)(F)F)CC3)[nH]2)c(C)n1
7013,9.452333280713264,Cc1ccc([C@H](Nc2cc(Cl)c3ncc(C#N)c(NCC(C)(C)C)c3c2)C2=CN(C3(C(F)(F)F)CC3)NN2)cn1
7014,9.072707831181196,Cc1ccc([C@H](Nc2cc(Cl)c3ncc(C#N)c(NCC(C)(C)C#N)c3c2)c2cn(C3(C(F)(F)F)CC3)[nH]2)cn1
7015,9.192089581559856,CC(C)(CO)CNc1c(C#N)cnc2c(Cl)cc(N[C@@H](c3ccc(F)cn3)c3cn(C4(C(F)(F)F)CC4)[nH]3)cc12
7016,8.999702115440291,Cc1nc(F)ccc1[C@H](Nc1cc(Cl)c2ncc(C#N)c(NCC(F)F)c2c1)C1=CN(C2(C(F)(F)F)CC2)C1=O
7017,9.164885148614706,Cc1nc(F)ccc1[C@H](Nc1cc(Cl)c2ncc(C#N)c(NCC3CC3)c2c1)c1cn(C2(C(F)(F)F)CC2)[nH]1
7018,9.04639472690642,N#Cc1cnc2c(Cl)cc(N[C@H](C3=CN(C4(C(F)(F)F)CC4)C3)c3ccc(F)cn3)cc2c1NCC1CC1
7019,9.360048863327076,Cc1ccc([C@H](Nc2cc(F)c3ncc(C#N)c(NCC(C)(C)C)c3c2)C2=CN(C3(C(F)(F)F)CC3)NN2)cn1
7020,9.281003519336577,CC(C)(C)CNc1c(C#N)cnc2c(F)cc(N[C@H](C3=CNN(C4(C(F)(F)F)CC4)N3)c3ccc(F)cn3)cc12
7021,9.006998935556071,COc1cc(N[C@H](C2=CN(C(C)C)CC2)c2ccc(F)nc2C)cc2c(NCC(C)(C)C)c(C#N)cnc12
7022,9.049358419062063,COc1cc(N[C@H](C2=CN(C(C)(C)C)CC2)c2ccc(F)nc2C)cc2c(NCC(C)(C)C)c(C#N)cnc12
7023,9.200053013795017,Cc1nc(F)ccc1[C@H](Nc1cc(Cl)c2ncc(C#N)c(NCC(C)(C)C)c2c1)C1=CN(C2(C(F)F)CC2)C1=O
7024,9.633189945325821,CC(C)(C)CNc1c(C#N)cnc2c(C#N)cc(N[C@H](C3=CN(C4(C(F)F)CC4)NN3)c3ccc(F)cn3)cc12
7025,9.173358007684547,CC(C)(C)CNc1c(C#N)cnc2c(C#N)cc(N[C@H](C3=CN(C4(C(F)F)CC4)NN3)c3ccc(F)cc3F)cc12
7026,8.95409277997104,Cc1nc(F)ccc1[C@H](Nc1cc(C#N)c2ncc(C#N)c(NCCO)c2c1)C1=CN(C2(C(F)F)CC2)C1=O
7027,9.292697689505436,CC1(C)C(CNc2c(C#N)cnc3c(C#N)cc(N[C@H](C4=CN(C5(C(F)F)CC5)C4)c4ccc(F)cn4)cc23)C1(C)C
7028,9.20026906654721,CC(C)(C)CNc1c(C#N)cnc2c(Cl)cc(N[C@H](C3=CN(C4(C(F)F)CC4)NN3)c3ccc(F)cn3)c(F)c12
7029,9.017714350873401,Cc1nc(F)ccc1[C@H](Nc1cc(Cl)c2ncc(C#N)c(NCC(C)(C)C)c2c1F)C1=CN(C(C)C)CC1
7030,9.183315083264054,COCCN1C=C([C@@H](Nc2cc(C(C)=O)c3ncc(C#N)c(C4CC4)c3c2)c2ccc(F)nc2C)NN1
7031,8.929516039618452,CC(=O)c1cc(N[C@H](C2=CN(C(C)C)CC2)c2ccc(F)nc2C)cc2c(NCC(C)(C)C)c(C#N)cnc12
7032,9.372068023640306,CC1(C)OCC[C@H]1Nc1c(C#N)cnc2c(Cl)cc(N[C@H](C3=CN(C4(C(F)F)CC4)NN3)c3ccc(F)cn3)cc12
7033,9.372068023640306,CC1(C)OCC[C@@H]1Nc1c(C#N)cnc2c(Cl)cc(N[C@H](C3=CN(C4(C(F)F)CC4)NN3)c3ccc(F)cn3)cc12
7034,9.573668720725838,CC1(C)COCC[C@H]1Nc1c(C#N)cnc2c(Cl)cc(N[C@H](C3=CN(C4(C(F)F)CC4)NN3)c3ccc(F)cn3)cc12
7035,9.638592017511307,Cc1ccc([C@H](Nc2cc(Cl)c3ncc(C#N)c(N[C@@H]4CCOCC4(C)C)c3c2)C2=CN(C3(C(F)F)CC3)NN2)cn1
7036,8.97390696880949,N#Cc1cnc2c(Cl)cc(N[C@@H](c3ccc(F)cn3)c3cn(C4(C(F)F)CC4)[nH]3)cc2c1Nc1cnc(F)c(F)c1
7037,8.97390696880949,N#Cc1cnc2c(Cl)cc(N[C@H](c3ccc(F)cn3)c3cn(C4(C(F)F)CC4)[nH]3)cc2c1Nc1cnc(F)c(F)c1
7038,9.439444019768656,Cc1ccc([C@H](Nc2cc(Cl)c3ncc(C#N)c(NC4CCOC4(C)C)c3c2)C2=CN(C3(C(F)F)CC3)NN2)cn1
7039,8.922608160012352,CC1(C)OCCC1Nc1c(C#N)cnc2c(Cl)cc(N[C@@H](c3ccc(F)cn3)c3c[nH][nH]3)cc12
7040,9.548378113306917,CC1(C)COCCC1Nc1c(C#N)cnc2c(Cl)cc(N[C@H](C3=CN(C4(C(F)F)CC4)NN3)c3ccc(F)cn3)cc12
7041,9.614784062712939,Cc1ccc([C@H](Nc2cc(Cl)c3ncc(C#N)c(NC4CCOCC4(C)C)c3c2)C2=CN(C3(C(F)F)CC3)NN2)cn1
7042,9.117763845214105,CC(C)(O)CNc1c(C#N)cnc2c(Cl)cc(N[C@H](C3=CN(C4(C(F)F)CC4)CC3)c3ccc(F)cn3)cc12
7043,9.098786494109657,Cc1nc(F)ccc1[C@H](Nc1cc(Cl)c2ncc(C#N)c(NCC(F)(F)F)c2c1)C1=CN(C2(C(F)F)CC2)C1
7044,9.546975169663074,CC(C)(CC#N)CNc1c(C#N)cnc2c(Cl)cc(N[C@H](C3=CN(C4(C(F)F)CC4)NN3)c3ccc(F)cn3)cc12
7045,9.642003032847281,Cc1ccc([C@H](Nc2cc(Cl)c3ncc(C#N)c(NCC(C)(C)CC#N)c3c2)C2=CN(C3(C(F)F)CC3)NN2)cn1
7046,9.26596877157364,CC(C)(CO)CNc1c(C#N)cnc2c(Cl)cc(N[C@H](C3=CNN(C4(C(F)F)CC4)C3)c3ccc(F)cn3)cc12
7047,9.49361938451477,Cc1nc(F)ccc1[C@H](Nc1cc(Cl)c2ncc(C#N)c(NCC3CC3)c2c1)C1=CN(C2(C(F)F)CC2)NN1
7048,9.553458165615346,CC1(CNc2c(C#N)cnc3c(Cl)cc(N[C@H](C4=CN(C5(C(F)F)CC5)NN4)c4ccc(F)cn4)cc23)CCC1
7049,9.10093773674268,Cc1nc(F)ccc1[C@H](Nc1cc(Cl)c2ncc(C#N)c(NCC3CC3)c2c1)C1=CN(C2(C(F)F)CC2)CC1
7050,9.061573339481937,Cc1nc(F)ccc1[C@H](Nc1cc(Cl)c2ncc(C#N)c(NCC(F)F)c2c1)C1=CN(C2(C(F)F)CC2)CC1
7051,9.191463019726127,Cc1ccc([C@H](Nc2cc(Cl)c3ncc(C#N)c(NCC45CC(C4)C5)c3c2)c2cn(C3(C(F)F)CC3)[nH]2)c(C)n1
7052,9.363483618928065,CC(C)(C)CNc1c(C#N)cnc2c(F)cc(N[C@H](C3=CN(C4(C(F)F)CC4)NN3)c3ccc(F)cn3)cc12
7053,9.293432043098028,CC(C)(C)CNc1c(C#N)cnc2c(F)cc(N[C@H](C3=CNN(C4(C(F)F)CC4)N3)c3ccc(F)cn3)cc12
7054,9.277203270928855,CC1(C)CC(Nc2c(C#N)cnc3c(C#N)cc(N[C@@H](c4ccc(F)cn4)c4cn(C5(C)CC5)[nH]4)cc23)=CN1
7055,8.921843516292741,CC1(C)C=C(Nc2c(C#N)cnc3c(C#N)cc(N[C@@H](c4ccc(F)cn4)c4cn(C5(C)CC5)[nH]4)cc23)C1
7056,9.423300666343929,CC(C)(C)CNc1c(C#N)cnc2c(C#N)cc(N[C@H](C3=CN(C4(C)CC4)NN3)c3ccc(F)cc3F)cc12
7057,9.267500597125956,CC(C)(C)CNc1c(C#N)cnc2c(C#N)cc(N[C@H](C3=CN(C4(C)CC4)NN3)c3ccc(F)cc3)cc12
7058,8.807314524754352,CC1(C)CC(Nc2c(C#N)cnc3c(Cl)cc(N[C@H](C4=CN4)c4ccc(F)cn4)cc23)=CN1
7059,9.648315450056726,CC(C)(C)CNc1c(C#N)cnc2c(Cl)cc(N[C@H](C3=CNN(C4(C)CC4)N3)c3ccc(F)cn3)cc12
7060,9.443804910232547,CC(C)(O)CNc1c(C#N)cnc2c(Cl)cc(N[C@H](C3=CN(C4(C)CC4)NN3)c3ccc(F)cn3)cc12
7061,8.502751159857,CC1(C)CC(Nc2cc(N[C@H](C3=CN(C4(C)CC4)NN3)c3ccc(F)cc3F)cc(Cl)c2C#N)=CN1
7062,9.619776617285053,CC(C)(C)CNc1c(C#N)cnc2c(F)cc(N[C@H](C3=CN(C4(C)CC4)NN3)c3ccc(F)cn3)cc12
7063,9.613190110604693,Cc1ccc([C@H](Nc2cc(F)c3ncc(C#N)c(NCC(C)(C)C)c3c2)C2=CN(C3(C)CC3)NN2)cn1
7064,9.687810077300032,CC(C)(C)CNc1c(C#N)cnc2c(C#N)cc(N[C@H](C3=CN(C4(C#N)CC4)NN3)c3ccc(F)cn3)cc12
7065,9.35585432785171,CC(C)(C)CNc1c(C#N)cnc2c(C#N)cc(N[C@H](C3=CN(C4(C#N)CC4)NN3)c3ccc(F)cc3F)cc12
7066,9.779173809661922,Cc1ccc([C@H](Nc2cc(Cl)c3ncc(C#N)c(NCC(C)(C)C)c3c2)C2=CN(C3(C#N)CC3)NN2)cn1
7067,9.34520515310084,CC(C)(C)CNc1c(C#N)cnc2c(Cl)cc(N[C@H](C3=CNN(C4(C#N)CC4)C3)c3ccc(F)cn3)cc12
7068,9.704939043448027,CC(C)(C)CNc1c(C#N)cnc2c(F)cc(N[C@H](C3=CN(C4(C#N)CC4)NN3)c3ccc(F)cn3)cc12
7069,9.74394539514726,Cc1ccc([C@H](Nc2cc(F)c3ncc(C#N)c(NCC(C)(C)C)c3c2)C2=CN(C3(C#N)CC3)NN2)cn1
7070,9.510663320886666,COc1cc(N[C@H](C2=CN(C3CC3)NN2)c2ccc(F)nc2C)cc2c(NCC(C)(C)C)c(C#N)cnc12
7071,9.666789010999914,Cc1nnc(C2(N3C=C([C@@H](Nc4cc(C#N)c5ncc(C)c(NCC(C)(C)C)c5c4)c4ccc(F)nc4C)NN3)CC2)o1
7072,9.55758327262061,Cc1nnc(C2(N3C=C([C@@H](Nc4cc(C#N)c5ncc(C)c(NC(C)(C)C)c5c4)c4ccc(F)nc4C)NN3)CC2)o1
7073,9.103143802873472,Cc1nc(F)ccc1[C@H](Nc1cc(C#N)c2ncc(C#N)c(NCCO)c2c1)C1=CN(C2(C3CC3)CC2)C1=O
7074,9.709600913705112,CC(C)(C)CNc1c(C#N)cnc2c(C#N)cc(N[C@H](C3=CN(C4CC4)NN3)c3ccc(F)cn3)cc12
7075,9.880337465486374,Cc1ccc([C@H](Nc2cc(C#N)c3ncc(C#N)c(NCC(C)(C)C)c3c2)C2=CN(C3(C4CC4)CC3)NN2)cn1
7076,9.83594358279755,Cc1ccc([C@H](Nc2cc(Cl)c3ncc(C#N)c(N[C@@H]4CCOCC4(C)C)c3c2)C2=CN(C3(C4CC4)CC3)NN2)cn1
7077,9.730943118285996,CC(C)(C)CNc1c(C#N)cnc2c(Cl)cc(N[C@H](C3=CNN(C4(C5CC5)CC4)N3)c3ccc(F)cn3)cc12
7078,9.059961903928441,Cc1nc(F)ccc1[C@H](Nc1cc(Cl)c2ncc(C#N)c(NCC(F)F)c2c1)C1=CN(C2(C3CC3)CC2)C1=O
7079,9.40851398145381,CC(C)(C)CNc1c(C#N)cnc2c(Cl)cc(N[C@H](C3=CNN(C4(CC(F)(F)F)CC4)N3)c3ccc(F)cn3)cc12
7080,9.727523527263598,CC(C)(C)CNc1c(C#N)cnc2c(C#N)cc(N[C@H](C3=CN(C4(CF)CC4)NN3)c3ccc(F)cn3)cc12
7081,9.727523527263598,CC(C)(C)CNc1c(C#N)cnc2c(C#N)cc(N[C@@H](C3=CN(C4(CF)CC4)NN3)c3ccc(F)cn3)cc12
7082,9.68397202488854,CC(C)(C)CNc1c(C#N)cnc2c(Cl)cc(N[C@H](C3=CN(C4(CF)CC4)NN3)c3ccc(F)cn3)cc12
7083,9.621263454736667,CC(C)(C)CNc1c(C#N)cnc2c(Cl)cc(N[C@H](C3=CNN(C4(CF)CC4)N3)c3ccc(F)cn3)cc12
7084,9.710628762774318,CC(C)(C)CNc1c(C#N)cnc2c(C#N)cc(N[C@H](C3=CN(C4(CO)CC4)NN3)c3ccc(F)cn3)cc12
7085,9.710628762774318,CC(C)(C)CNc1c(C#N)cnc2c(C#N)cc(N[C@@H](C3=CN(C4(CO)CC4)NN3)c3ccc(F)cn3)cc12
7086,9.367924814569763,CC(C)(C)CNc1c(C#N)cnc2c(Cl)cc(N[C@H](C3=CNN(C4(CO)CC4)C3)c3ccc(F)cn3)cc12
7087,9.59819560268515,CC(C)(C)CNc1c(C#N)cnc2c(Cl)cc(N[C@H](C3=CNN(C4(CO)CC4)N3)c3ccc(F)cn3)cc12
7088,9.484356278658574,CC(C)(C)CNc1c(C#N)cnc2c(C#N)cc(N[C@H](C3=CN(C4(C(N)=O)CCC4)NN3)c3ccccc3F)cc12
7089,9.186205468494633,CC(C)(C)CNc1c(C#N)cnc2c(Cl)cc(N[C@@H](c3ccc(F)cn3)c3c[nH]n3C3(C(N)=O)CCC3)cc12
7090,9.325562262636653,CC(C)(C)CNc1c(C#N)cnc2c(C#N)cc(N[C@H](C3=CN(C4(C#N)CC4)NN3)c3cccc(F)c3)cc12
7091,9.838469537660524,Cc1ccc([C@H](Nc2cc(Cl)c3ncc(C#N)c(NCC(C)(C)C)c3c2)C2=CN(C3(C#N)CCC3)NN2)cn1
7092,9.661595839057984,CC(C)(C)CNc1c(C#N)cnc2c(Cl)cc(N[C@H](C3=CNN(C4(C#N)CC4)N3)c3ccc(F)cn3)cc12
7093,9.16276919561,CC(C)(C)CNc1c(C#N)cnc2c(Cl)cc(N[C@@H](c3ccc(F)cn3)c3cn(C4(C(F)(F)F)COC4)[nH]3)cc12
7094,9.060899532183806,Cc1nc(F)ccc1[C@H](Nc1cc(Cl)c2ncc(C#N)c(NCC(C)(C)C)c2c1)C1=CN(C(C)(C)C)CO1
7095,9.712793532668947,Cc1ccc([C@H](Nc2cc(C#N)c3ncc(C#N)c(NCC(C)(C)C)c3c2)C2=CN(C3(C)COC3)NN2)cn1
7096,9.619411102713538,CC(C)(C)CNc1c(C#N)cnc2c(C#N)cc(N[C@H](C3=CN(C4(C)COC4)NN3)c3ccc(F)cn3)cc12
7097,9.607924650821012,CC(C)(C)CNc1c(C#N)cnc2c(Cl)cc(N[C@H](C3=CN(C4(C)COC4)NN3)c3ccc(F)cn3)cc12
7098,9.589223626732796,CC(C)(C)CNc1c(C#N)cnc2c(Cl)cc(N[C@H](C3=CN(C4(CO)COC4)NN3)c3ccc(F)cn3)cc12
7099,8.79768731159912,Cc1nc(F)ccc1[C@H](Nc1cc(Cl)c2ncc(C#N)c(NCC(C)(C)C)c2c1)C1=CN(C)CC1
7100,9.152360541536401,Cc1nc(F)ccc1[C@H](Nc1cc(Cl)c2ncc(C#N)c(NCC(C)(C)C(F)(F)F)c2c1)C1=CN(C23CC(C2)C3)C1
7101,9.776736675678546,Cc1ccc([C@H](Nc2cc(C#N)c3ncc(C#N)c(NCC(C)(C)C)c3c2)C2=CN(C34CC(C3)C4)NN2)nc1
7102,8.668553264673564,Cc1nc(F)ccc1[C@H](Nc1cc(Cl)c2ncc(C#N)c(NCC(C)(C)C)c2c1)C1=CNC(C)(C)C1
7103,8.982215643087578,Cc1nc(F)ccc1[C@H](Nc1cc(Cl)c2ncc(C#N)c(NCC(C)(C)C)c2c1)C1=CN(C)CN1
7104,9.251843108007307,Cc1nc(F)ccc1[C@H](Nc1cc(Cl)c2ncc(C#N)c(NCCO)c2c1)c1cn(C23CC(C2)C3)[nH]1
7105,9.138701557130245,Cc1nc(F)ccc1[C@H](Nc1cc(Cl)c2ncc(C#N)c(NCC(F)F)c2c1)c1cn(C23CC(C2)C3)[nH]1
7106,9.566321227521334,CC(C)(C)CNc1c(C#N)cnc2c(Cl)cc(N[C@H](C3=CNN(C4CC(F)(F)C4)N3)c3ccc(F)cn3)cc12
7107,9.297566422545376,CC(C)(C)CNc1c(C#N)cnc2c(Cl)cc(N[C@H](C3=CNN(C4CC(F)(F)C4)C3)c3ccc(F)cn3)cc12
7108,9.347157893150648,CC(C)(C)CNc1c(C#N)cnc2c(C#N)cc(N[C@H](C3=CN(C4CC4)NN3)c3ccc(F)cc3F)cc12
7109,9.264666777074831,CC(C)(C)CNc1c(C#N)cnc2c(C#N)cc(N[C@H](C3=CN(C4CC4)NN3)c3ccc(F)cc3)cc12
7110,9.107628396154002,N#CCC[C@@H](Nc1c(C#N)cnc2c(Cl)cc(N[C@H](C3=CN(C4CC4)NN3)c3ccc(F)cc3)cc12)c1ccccc1
7111,9.797833273915256,Cc1ccc([C@H](Nc2cc(Cl)c3ncc(C#N)c(N[C@H](CCC#N)c4ccccc4)c3c2)C2=CN(C3CC3)NN2)cn1
7112,9.45135267486804,CC(C)(C)CNc1c(C#N)cnc2c(Cl)cc(N[C@H](C3=CN(C4CC4)NN3)c3ccccn3)cc12
7113,9.647611345888928,Cc1ccc([C@H](Nc2cc(C#N)c3ncc(C#N)c(NCC(C)(C)C)c3c2)C2=CN(C3CC3)NN2)cn1
7114,9.520201091191321,Cc1ccc([C@H](Nc2cc(Cl)c3ncc(C#N)c(NCC(C)(C)C)c3c2)C2=CN(C3CC3)NN2)nc1
7115,9.568617343721009,Cc1ccc([C@H](Nc2cc(Cl)c3ncc(C#N)c(NCC(C)(C)C)c3c2)C2=CN(C3CC3)NN2)cn1
7116,9.078133745720338,CC(C)(C)CNc1c(C#N)cnc2c(Cl)cc(N[C@@H](c3ccc(F)cn3)c3cn(CC(C)(C)C)c(=O)[nH]3)cc12
7117,8.826680120534032,CC(C)(C)CNc1c(C#N)cnc2c(Cl)cc(N[C@@H](c3cccnc3)c3cn(CC(C)(C)C)c(=O)[nH]3)cc12
7118,9.445981815923007,CC(C)(C)CNc1c(C#N)cnc2c(C#N)cc(N[C@H](C3=CN(CC(F)(F)F)NN3)c3ccc(F)cn3)cc12
7119,8.76573952887955,CC(C)(C)CNc1c(C#N)cnc2c(C#N)cc(N[C@H](C3=CNN(CC(F)(F)F)C3)c3ccc(F)cc3F)cc12
7120,9.298949059470074,CC(C)(C)CNc1c(C#N)cnc2c(Cl)cc(N[C@H](C3=CNN(CC(C)(C)O)C3)c3ccc(F)cn3)cc12
7121,9.400636411930908,CC(C)(C)CNc1c(C#N)cnc2c(Cl)cc(NC(C3=CN(CC(C)(C)C)NN3)c3ccccn3)cc12
7122,9.12216607370345,Cc1nc(F)ccc1[C@H](Nc1cc(C#N)c2ncc(C#N)c(NCC(C)(C)C)c2c1)C1=CNN(C)C1
7123,9.158565004681153,Cc1nc(F)ccc1[C@H](Nc1cc(C#N)c2ncc(C#N)c(NCC(C)(C)C)c2c1)C1=CNNCC1
7124,9.14974139578875,CC(C)(C)CNc1c(C#N)cnc2c(Cl)cc(N[C@H](C3=CNN(CC(F)F)C3)c3ccc(F)cn3)cc12
7125,9.428438294537667,CC(C)(C)CNc1c(C#N)cnc2c(Cl)cc(N[C@H](C3=CN(CC(F)F)NN3)c3ccc(F)cn3)cc12
7126,8.978835612177406,CC(C)(C)CNc1c(C#N)cnc2c(C#N)cc(N[C@H](C3=CN(CC(F)(F)F)CC3)c3ccc(F)cn3)cc12
7127,8.978835612177406,CC(C)(C)CNc1c(C#N)cnc2c(C#N)cc(N[C@@H](C3=CN(CC(F)(F)F)CC3)c3ccc(F)cn3)cc12
7128,9.118666140509841,CC(C)(C)CNc1c(C#N)cnc2c(Cl)cc(N[C@H](C3=CNN(CC(F)(F)F)CC3)c3ccc(F)cn3)cc12
7129,9.061924405250265,Cc1nc(F)ccc1[C@H](Nc1cc(Cl)c2ncc(C#N)c(NCC(C)(C)C)c2c1)C1=CN(CC(F)F)CC1
7130,9.096194506833942,CC(C)(C)CNc1c(C#N)cnc2c(C#N)cc(N[C@@H](c3ccc(F)cn3)c3c[nH]n3CC3(C(F)(F)F)CC3)cc12
7131,9.346497536630283,CC(C)(C)CNc1c(C#N)cnc2c(Cl)cc(N[C@H](C3=CNN(CC4(C(F)F)CC4)C3)c3ccc(F)cn3)cc12
7132,9.417673940866047,CC(C)(C)CNc1c(C#N)cnc2c(C#N)cc(N[C@H](C3=CN(CC4(C)CC4)NN3)c3ccc(F)cc3F)cc12
7133,9.74228134886933,CC(C)(C)CNc1c(C#N)cnc2c(C#N)cc(N[C@H](C3=CN4CC3(C)CCNN4)c3ccc(F)cn3)cc12
7134,9.129079107583083,CC(C)(C)CNc1c(C#N)cnc2c(Cl)cc(N[C@@H](c3ccc(F)cn3)c3c[nH]n3CC3(C)CC3)cc12
7135,9.297621963794482,CC(C)(C)CNc1c(C#N)cnc2c(Cl)cc(N[C@H](C3=CNN(CC4(C)CC4)CC3)c3ccc(F)cn3)cc12
7136,9.724867321292361,Cc1cccc(C(Nc2cc(C#N)c3ncc(C#N)c(NCC(C)(C)C)c3c2)C2=CN(Cc3c(F)cccc3F)NN2)n1
7137,9.07761753266691,Cc1ccc(C(Nc2cc(C#N)c3ncc(C#N)c(NCC(C)(C)C)c3c2)C2=CN(Cc3c(F)cccc3F)NN2)cc1
7138,9.098171545637053,CC(C)(C)CNc1c(C#N)cnc2c(Cl)cc(N[C@H](C3=CNN(Cc4c(F)cccc4F)C3)c3ccc(F)cn3)cc12
7139,9.690587359803846,Cc1nc(F)ccc1[C@H](Nc1cc(Cl)c2ncc(C#N)c(NCC(C)(C)C)c2c1)C1=CN(Cc2ccccn2)NN1
7140,8.938505791175531,Cc1nc(F)ccc1[C@H](Nc1cc(Cl)c2ncc(C#N)c(N(C)CC(C)(C)C)c2c1)C1=CNNCC1
7141,9.238160653091125,Cc1ccc([C@H](Nc2cc(Cl)c3ncc(C#N)c(N(C)CC(C)(C)C)c3c2)C2=CN(CCO)NN2)nc1
7142,9.315417689784306,Cc1ccc([C@H](Nc2cc(C#N)c3ncc(C#N)c(NCC(C)(C)C)c3c2)c2n[nH]n(C3(C(F)(F)F)CC3)c2=O)cn1
7143,9.55014928229538,CC(C)(C)CNc1c(C#N)cnc2c(Cl)cc(N[C@H](C3=CN(C4(C(F)F)CC4)NN3)c3ccc(F)cn3)cc12
7144,8.869397760890658,COc1[nH][nH]c1C(Nc1cc(C#N)c2ncc(C#N)c(NCC(C)(C)C)c2c1)c1ccc(F)nc1
7145,9.045944700879128,COc1c(C(Nc2cc(C#N)c3ncc(C#N)c(NCC4CC4)c3c2)c2ccc(F)nc2C)[nH]n1C
7146,8.775021608541396,COc1[nH][nH]c1C(Nc1cc(Cl)c2ncc(C#N)c(NCC(C)(C)C)c2c1)c1ccc(F)nc1
7147,8.884625939218232,COc1c(C(Nc2cc(Cl)c3ncc(C#N)c(NCC(C)(C)C)c3c2)c2ccc(F)nc2)[nH]n1C
7148,8.67119633501546,CN1C=C(C(Nc2cc(Cl)c3ncc(C#N)c(NCC(C)(C)C)c3c2)c2ccccn2)NNC1=O
7149,9.015414084220023,CN1C=C(C(Nc2cc(Cl)c3ncc(C#N)c(NCC(C)(C)C)c3c2)c2ccc(F)cn2)NNC1=O
7150,9.528021400108612,CC(C)(C)CNc1c(C#N)cnc2c(Cl)cc(NC(C3=CN(C4(C(F)F)CC4)NN3)c3ccc(F)cn3)cc12
7151,9.21284993112087,CC(C)(C)CNc1c(C#N)cnc2c(Cl)cc(NC(C3=CN(C4(C(F)F)CC4)NN3)c3ccc(F)cc3F)cc12
7152,9.642580829171845,N#CCC[C@@H](Nc1c(C#N)cnc2c(Cl)cc(NC(C3=CN(C4CC4)NN3)c3ccccn3)cc12)c1ccccc1
7153,9.140756377445319,N#CCC[C@@H](Nc1c(C#N)cnc2c(Cl)cc(NC(C3=CN(C4CC4)NN3)c3ccccc3)cc12)c1ccccc1
7154,9.09192009902253,COc1ccc([C@H](Nc2cc(Cl)c3ncc(C#N)c(NCC4CC4)c3c2)c2[nH]n(C3(C(F)F)CC3)c2OC)c(C)n1
7155,9.043567701359894,COc1ccc([C@H](Nc2cc(Cl)c3ncc(C#N)c(NCC(C)(C)C)c3c2)c2[nH]n(C3(C)COC3)c2OC)c(C)n1
7156,8.939556936491572,COc1ccc([C@H](Nc2cc(Cl)c3ncc(C#N)c(NCC(C)(C)C)c3c2)C2=CN(CCO)CC2)c(C)n1
7157,8.849380349847207,COc1ccc([C@H](Nc2cc(Cl)c3ncc(C#N)c(NCC(C)(C)C)c3c2)C2=CN(C(C)C)CC2)c(C)n1
7158,8.673065151564847,COc1ccc(C(Nc2cc(Cl)c3ncc(C#N)c(NCC(C)(C)C)c3c2)c2[nH][nH]c2OC)cn1
7159,8.67065045422095,COc1ccc(C(Nc2cc(Cl)c3ncc(C#N)c(NCC(C)(C)C)c3c2)c2[nH]n(C)c2OC)cn1
7160,9.280290637487655,COc1ccc(C(Nc2cc(Cl)c3ncc(C#N)c(NCC(C)C)c3c2)C2=CN(C3(C(F)(F)F)CC3)NN2)c(C)n1
7161,8.834339010030968,COc1ccc(C(Nc2cc(Cl)c3ncc(C#N)c(NCC(C)(C)C)c3c2)C2=CN(C(C)C)CC2)c(C)n1
7162,8.88339899010586,Cc1c([C@H](Nc2cc(Cl)c3ncc(C#N)c(NCC(C)(C)C)c3c2)C2=CN(CCO)CC2)ccc(=O)n1C
7163,9.610006867127767,Cc1c([C@H](Nc2cc(Cl)c3ncc(C#N)c(NCC4CC4)c3c2)C2=CN(C3(C(F)F)CC3)NN2)ccc(=O)n1C
7164,8.915140040242274,Cc1c(C#N)cccc1C(Nc1cc(Cl)c2ncnc(NCC(C)(C)C)c2c1)c1cn(C(C)(C)C)nn1
7165,9.15013751578106,Cc1c(C#N)cccc1C(Nc1cc(Cl)c2ncnc(NCC(C)(C)C)c2c1)c1cn(C2CC2)nn1
7166,8.604964867571377,COc1cc2c(Nc3cccc(Cl)c3C)ncnc2cc1O[C@H]1CO[C@H]2[C@@H]1OC[C@H]2OC
7167,8.630960602305343,COc1cc2c(Nc3cccc(Cl)c3C)ncnc2cc1O[C@H]1CO[C@H]2[C@@H]1OC[C@H]2O
7168,8.896379199073545,COc1cc2c(Nc3cccc(Br)c3)ncnc2cc1OCC1CN(C)CCO1
7169,10.153647950512253,Cc1c(Cl)cccc1Nc1c(-c2ccncc2OC[C@]2(C)CCO2)[nH]c2c1C(=O)N(C)CC2
7170,10.577347752739204,Cc1c(Cl)cccc1Nc1c(-c2ccncc2OC[C@]2(C)CCO2)[nH]c2c1C(=O)NC(C)(C)C2
7171,9.941131036723327,Cc1c(Cl)cccc1Nc1c(-c2ccncc2OC[C@@H]2CCO2)[nH]c2c1C(=O)N(C)CC2
7172,11.345101411881817,Cc1c(Cl)cccc1Nc1c(-c2ccncc2OC[C@@H]2CCO2)[nH]c2c1C(=O)NCCC2
7173,9.941131036723327,Cc1c(Cl)cccc1Nc1c(-c2ccncc2OC[C@H]2CCO2)[nH]c2c1C(=O)N(C)CC2
7174,11.345101411881817,Cc1c(Cl)cccc1Nc1c(-c2ccncc2OC[C@H]2CCO2)[nH]c2c1C(=O)NCCC2
7175,9.094722333529623,Cc1c(Cl)cccc1Nc1c(-c2ccncc2OCC2CC2)[nH]c2c1C(=O)NCC2
7176,11.262285448123363,Cc1c(Cl)cccc1Nc1c(-c2ccncc2OCC2CCCO2)[nH]c2c1C(=O)NCC2
7177,10.544654276574338,Cc1c(Cl)cccc1Nc1c(-c2ccncc2OCC2CCOCC2)[nH]c2c1C(=O)NCC2
7178,10.53037866282026,O=C1NCCc2[nH]c(-c3ccncc3OCC3CCO3)c(Nc3cccc(Cl)c3)c21
7179,9.886616378828506,Cc1c(Cl)cccc1Nc1c(-c2ccncc2OCCN2CCOCC2)[nH]c2c1C(=O)NCC2
7180,9.517577459011155,Cc1c(Cl)cccc1Nc1c(-c2ccncc2OCCN2CCCC2)[nH]c2c1C(=O)NCC2
7181,8.779557309024469,COc1cc2c(Nc3cccc(Br)c3)ncnc2cc1O[C@@H]1CO[C@@H]2[C@H]1OC[C@H]2F
7182,8.633513028941737,COc1cc2c(Nc3cccc(Cl)c3C)ncnc2cc1O[C@@H]1CO[C@H]2OCCO[C@H]21
7183,8.484312627973452,COc1cc2c(Nc3cccc(Br)c3)ncnc2cc1O[C@H]1CO[C@H]2[C@@H]1OC[C@@H]2OC
7184,8.633513028941737,COc1cc2c(Nc3cccc(Cl)c3C)ncnc2cc1O[C@H]1CO[C@@H]2OCCO[C@@H]21
7185,8.715038372678858,COc1cc2c(Nc3cccc(Cl)c3C)ncnc2cc1OCC1CNCCO1
7186,8.417313501323038,Cc1c(F)cccc1Nc1c(-c2ccnc(NC(=O)c3ccccc3)c2)[nH]c2c1C(=O)NC(C)(C)C2
7187,8.66143940125048,Cc1c(F)cccc1Nc1c(-c2ccnc(NC(=O)Cc3ccccc3)c2)[nH]c2c1C(=O)NC(C)(C)C2
7188,9.240085239161669,Cc1c(F)cccc1Nc1c(-c2ccncc2OCC2CC2)[nH]c2c1C(=O)NCC2
7189,8.755569281592,COc1cnccc1-c1[nH]c2c(c1Nc1cccc(F)c1C)C(=O)NCC2
7190,11.066400224570996,Cc1c(F)cccc1Nc1c(-c2ccncc2OCC2CCCO2)[nH]c2c1C(=O)NCC2
7191,9.946957275087088,Cc1c(F)cccc1Nc1c(-c2ccncc2OCCNC(=O)C2CC2)[nH]c2c1C(=O)NCC2
7192,9.735631031719562,Cc1c(F)cccc1Nc1c(-c2ccncc2OCCN2CCCC2)[nH]c2c1C(=O)NCC2
7193,9.570539542744967,COCCOc1cnccc1-c1[nH]c2c(c1Nc1cccc(F)c1C)C(=O)N(C)CC2
7194,7.741298344972107,CNC(=O)c1nc(-c2ccc(Cl)c(S(=O)(=O)Nc3cccc(Cl)c3Cl)c2)cnc1N
7195,7.7258390517747895,CNC(=O)c1nc(-c2ccc(Cl)c(S(=O)(=O)Nc3cccc(Cl)c3)c2)cnc1N
7196,7.348962445536047,C=CC(=O)Nc1cc(Nc2cc(-c3cccc(NC(C)=O)c3C)cn(C)c2=O)ccc1C(=O)N1CCC1
7197,6.927515004358478,C=CC(=O)Nc1cc(Nc2cc(-c3cccc(NC(=O)c4cccc(C)c4)c3C)cn(C)c2=O)ccc1C(=O)N1CCOCC1
7198,7.843259412003003,C=CC(=O)Nc1cc(Nc2cc(-c3cccc(NC(C)=O)c3C)cn(C)c2=O)ccc1C(=O)N1CC(C)N(C)C1
7199,6.995495828684731,C=CC(=O)Nc1cc(Nc2cc(-c3cccc(NC(=O)c4cccc(C)c4)c3C)cn(C)c2=O)ccc1C(=O)N1CCC1
7200,8.276964794847958,COc1ccc(-c2nc3ccccn3c2-c2ccnc(Nc3cccc(CN(C)C)c3)n2)cc1C(=O)Nc1c(F)cccc1F
7201,8.609881986737902,Cc1c(CN2CCN(C)CC2)cccc1Nc1nccc(-c2c(-c3cccc(C(=O)N(C)C)c3)nc3ccccn23)n1
7202,8.65446322126305,Cc1c(CN2CCN(C)CC2)cccc1Nc1nccc(-c2c(-c3cccc(C(N)=O)c3)nc3ccccn23)n1
7203,8.201441804898556,Cc1c(Nc2nccc(-c3c(-c4cccc(C(=O)Nc5ccccc5)c4)nc4ccccn34)n2)cccc1OCCN(C)C
7204,8.44062472164032,COc1cccc(Nc2nccc(-c3c(-c4cccc(C(=O)Nc5c(C)noc5C)c4)nc4ccccn34)n2)c1
7205,8.543717318128476,Cc1ncccc1[C@H](Nc1cc(Cl)c2ncc(C#N)c(Nc3cccc(Cl)c3F)c2c1)c1ccnn1C
7206,8.554152604109966,Cc1ncccc1[C@H](Nc1cc(Cl)c2ncc(C#N)c(Nc3cccc(Cl)c3F)c2c1)c1cnn(C)c1
7207,8.412991207234061,CC(C)n1cc([C@@H](Nc2cc(Cl)c3ncc(C#N)c(N[C@H](C)c4ccccc4)c3c2)c2cccnc2)[nH]c1=O
7208,8.454410836782671,CC(C)n1cc([C@@H](Nc2cc(Cl)c3ncc(C#N)c(Nc4cccc(Cl)c4)c3c2)c2cccnc2)[nH]c1=O
7209,8.453589077007582,CC(C)n1cc([C@@H](Nc2cc(Cl)c3ncc(C#N)c(Nc4cccc(Cl)c4)c3c2)c2ccncc2)[nH]c1=O
7210,8.884232158725501,CC(C)N1C=C([C@@H](Nc2cc(Cl)c3ncc(C#N)c(Nc4cccc(Cl)c4F)c3c2)c2cccnc2)NC1
7211,8.884232158725501,CC(C)N1C=C([C@H](Nc2cc(Cl)c3ncc(C#N)c(Nc4cccc(Cl)c4F)c3c2)c2cccnc2)NC1
7212,8.896457763083902,CC(C)N1C=C([C@@H](Nc2cc(Cl)c3ncc(C#N)c(Nc4ccc(F)c(Cl)c4)c3c2)c2cccnc2)NC1
7213,9.445188968054092,CC(C)N1C=C([C@@H](Nc2cc(Cl)c3ncc(C#N)c(Nc4ccc(F)c(Cl)c4)c3c2)c2cccnc2)NN1
7214,8.739449274825839,CC(C)N1C=C([C@@H](Nc2cc(Cl)c3ncc(C#N)c(Nc4cccc(Cl)c4)c3c2)c2cccnc2)NC1
7215,9.167763261789842,CC(C)N1C=C(C(Nc2cc(Cl)c3ncc(C#N)c(Nc4cccc(Cl)c4)c3c2)c2cccnc2)NN1
7216,9.876880917082863,Cc1ncccc1[C@@H](Nc1cc(Cl)c2ncc(C#N)c(N[C@@H](CCC#N)c3ccccc3)c2c1)C1=CN(C2CC2)NN1
7217,8.76774744332026,Cc1ncccc1[C@H](Nc1ccc2ncc(C#N)c(N[C@@H](CCC#N)c3ccccc3)c2c1)c1cn(C2CC2)[nH]1
7218,7.804699926138328,C[C@H](Nc1c(C#N)cnc2c(Cl)cc(N[C@H](C3=CN(C(C)(C)C)CC3)c3ccccc3)cc12)c1ccccc1
7219,8.6105598816154,C[C@H](Nc1c(C#N)cnc2c(Cl)cc(N[C@H](C3=CN(C(C)(C)C)CC3)c3ccccn3)cc12)c1ccccc1
7220,8.563460147635231,Cc1ncccc1[C@H](Nc1ccc2c(Nc3ccc(Cl)c(Cl)c3)c(C#N)cnc2c1)C1=CN(C(C)(C)C)C1
7221,8.773209868805436,Cc1ncccc1[C@H](Nc1cc(Cl)c2ncc(C#N)c(Nc3ccc(F)c(Cl)c3)c2c1)C1=CN(C(C)(C)C)C1
7222,8.771083299803962,Cc1ncccc1[C@H](Nc1ccc2ncc(C#N)c(Nc3ccc(F)c(Cl)c3)c2c1)C1=CN(C(C)(C)C)CC1
7223,8.871179347644377,Cc1ncccc1[C@H](Nc1cc(Cl)c2ncc(C#N)c(Nc3ccc(F)c(Cl)c3)c2c1)C1=CCN(C(C)(C)C)CC1
7224,8.891377836227454,Cc1ncccc1[C@H](Nc1ccc2ncc(C#N)c(Nc3cccc(Cl)c3)c2c1)c1cn(C2CCN(C(C)(C)C)CC2)[nH]1
7225,8.482437129257157,Cc1ncccc1[C@H](Nc1cc(Cl)c2ncc(C#N)c(Nc3cccc(Cl)c3)c2c1)C1=CN(C)CC1
7226,9.07880049289397,C[C@H](Nc1c(C#N)cnc2c(Cl)cc(N[C@H](C3=CN(C4COC4)NN3)c3ccccc3)cc12)c1ccccc1
7227,8.514342040245843,C[C@H](Nc1c(C#N)cnc2c(Cl)cc(N[C@H](C3=CN(C)NN3)c3ccccc3)cc12)c1ccccc1
7228,8.99581600412849,Cc1ncccc1[C@H](Nc1ccc2ncc(C#N)c(Nc3cnc(F)c(F)c3)c2c1)c1cn(C2COC2)[nH]1
7229,9.090710898310391,Cc1ncccc1[C@H](Nc1cc(Cl)c2ncc(C#N)c(Nc3cnc(F)c(F)c3)c2c1)C1=CNCCN1
7230,8.825328789695453,Cc1ncccc1[C@H](Nc1cc(Cl)c2ncc(C#N)c(Nc3cccc(Cl)c3)c2c1)C1=CN(C(=O)C(C)(C)N)NC1
7231,8.85560906108732,Cc1ncccc1[C@@H](Nc1cc(Cl)c2ncc(C#N)c(Nc3ccc(F)c(Cl)c3)c2c1)C1=CN[C@@H](C)N1
7232,8.137449499640804,C[C@H](Nc1c(C#N)cnc2c(Cl)cc(N[C@H](C3=CNNC3)c3ccccc3)cc12)c1ccccc1
7233,8.701466081144758,C[C@H](Nc1c(C#N)cnc2c(Cl)cc(N[C@H](C3=CNNC3)c3ccccn3)cc12)c1ccccc1
7234,8.176189690160193,N#Cc1cnc2c(Cl)cc(N[C@H](C3=CNNC3)c3ccccc3)cc2c1N[C@H](CO)c1ccccc1
7235,8.658866481459183,N#Cc1cnc2c(Cl)cc(N[C@H](C3=CNNC3)c3ccccc3)cc2c1N[C@H](CO)c1ccccn1
7236,8.155136446446644,N#Cc1cnc2c(Cl)cc(N[C@H](C3=CNNC3)c3ccccc3)cc2c1NC(CO)c1ccccc1
7237,8.85682466993391,Cc1cc(C)c([C@H](Nc2cc(Cl)c3ncc(C#N)c(NC(CO)c4ccccc4)c3c2)C2=CNNC2)cn1
7238,8.964231303021533,N#Cc1cnc2c(Cl)cc(N[C@H](C3=CNNC3)c3ccccn3)cc2c1Nc1ccc(Cl)c(Cl)c1F
7239,8.971645881646019,N#Cc1cnc2c(Cl)cc(N[C@H](C3=CNNC3)c3cccnc3)cc2c1Nc1ccc(Cl)c(Cl)c1F
7240,8.538083629885627,Cc1ccc(Nc2c(C#N)cnc3c(Cl)cc(N[C@@H](c4cccnc4)c4c[nH][nH]4)cc23)c(F)c1
7241,8.905049509125407,N#Cc1cnc2c(Cl)cc(N[C@H](C3=CNNC3)c3cccnc3)cc2c1Nc1ccc(F)c(Cl)c1
7242,8.89081308248647,N#Cc1cnc2c(Cl)cc(N[C@H](C3=CNNC3)c3ccccn3)cc2c1Nc1ccc(F)c(Cl)c1
7243,9.104108279507656,N#Cc1cnc2c(Cl)cc(N[C@H](C3=CNNC3)c3ccccn3)cc2c1Nc1cnc(F)c(F)c1
7244,8.627764032552411,N#Cc1cnc2c(Cl)cc(N[C@H](C3=CNNC3)c3cccnc3)cc2c1Nc1cccc(Cl)c1
7245,8.32357209933328,Cc1ccc(Nc2c(C#N)cnc3c(Cl)cc(N[C@@H](c4cccnc4)c4c[nH][nH]4)cc23)cc1
7246,8.532339808055504,Cc1ncccc1[C@@H](Nc1cc(Cl)c2ncc(C#N)c(NCC(C)(C)C)c2c1)C1=CN(C(C)C)CC1
7247,8.75054488985794,Cc1ncccc1[C@@H](Nc1cc(Cl)c2ncc(C#N)c(NCC(C)(C)C)c2c1)C1=CN(CCO)CC1
7248,11.987230384464892,Cc1ccc(-c2cc3c(-c4cn(C5CS(=O)(=O)C5)nc4-c4ccc(F)cc4)ncnc3o2)cc1
7249,11.800764968039177,Cc1nc(C)c(-c2cc3c(-c4cn(C5CS(=O)(=O)C5)nc4-c4ccc(F)cc4)ncnc3o2)o1
7250,8.566004486170543,Cc1c(COc2ccc(Nc3ncnc4cc5oc(=O)n(CCCN6CCOCC6)c5cc34)cc2)cncc1C(N)=O
7251,8.579543934289108,Cc1c(C(N)=O)ccnc1COc1ccc(Nc2ncnc3cc4oc(=O)n(CCCN5CCOCC5)c4cc23)cc1
7252,8.26841942167404,COCCn1c(=O)oc2cc3ncnc(Nc4ccc(OCc5cccc(OCC(F)(F)F)c5)cc4)c3cc21
7253,8.46262305198582,COCCn1c(=O)oc2cc3ncnc(Nc4ccc(OCc5nccc(OC)c5F)cc4)c3cc21
7254,8.66590636249096,Cc1c(CO)ccnc1COc1cccc(Nc2ncnc3cc4oc(=O)n(CCCN5CCOCC5)c4cc23)c1
7255,8.420790908817356,O=c1oc2cc3ncnc(Nc4cccc(OCc5ccccn5)c4)c3cc2n1CCCN1CCOCC1
7256,9.049376722994515,Cc1c([C@H](Nc2cc(Cl)c3ncc(C#N)c(NCC(C)(C)C)c3c2)C2=CN(CCO)CC2)cc[nH]c1=O
7257,9.074166268577756,Cc1c([C@H](Nc2cc(Cl)c3ncc(C#N)c(NCC(C)(C)C)c3c2)C2=CN(CC(F)F)CC2)cc[nH]c1=O
7258,12.04710863254635,CC(C)(O)Cn1cc(-c2ncnc3oc(-c4cnn(CCO)c4)cc23)c(-c2ccc(F)cc2)n1
7259,8.727112546034567,C=CC(=O)Nc1cc(Nc2ncc(Cl)c(-c3cnn(C)c3C)n2)c(C)cc1N(C)CCN(C)C
7260,8.533339576823945,C=CC(=O)Nc1cc(Nc2ncc(Cl)c(-c3cnn(C)c3C)n2)c(OC)cc1N(C)C
7261,8.274684612725371,COc1cc(N2CCC(N(C)C)CC2)c(C)cc1Nc1ncc(Cl)c(-c2cnn(C)c2C)n1
7262,8.828557886433796,C=CC(=O)Nc1cc(Nc2ncc(Cl)c(-c3cnn(C)c3C)n2)c(C)cc1N1CCC(N(C)C)CC1
7263,9.5860242666868,Cc1c(C(=O)Nc2nc3cc(C4CCN(C)CC4)ccc3n2CC(C)(C)O)ccnc1-c1cnn(C)c1
7264,9.018556248172123,Cc1c(C(=O)Nc2nc3cc(C4CCN(C(N)=O)CC4)ccc3n2CC(C)(C)O)ccnc1-c1cnn(C)c1
7265,9.034222642401081,CN1CCN(c2ccc3c(c2)nc(NC(=O)c2ccnc(-c4cccnc4)c2)n3CC(C)(C)O)CC1
7266,8.791034001241565,CN1CCN(c2ccc3c(c2)nc(NC(=O)c2ccnc(-c4ccccc4)c2)n3CC(C)(C)O)CC1
7267,9.399421704312564,Cn1cc(-c2cc(C(=O)Nc3nc4ccccc4n3C3CCCC3)ccn2)cn1
7268,8.801642183698993,Cc1ccc(-c2cc(C(=O)Nc3nc4ccccc4n3C3CCCC3)ccn2)cn1
7269,9.15449489605585,Cn1cc(-c2cc(C(=O)Nc3nc4ccccc4n3CC(C)(C)O)ccn2)cn1
7270,8.586240902902093,Cc1c(-c2cccc(C(=O)Nc3nc4ccccc4n3CC(C)(C)O)c2)cnn1C
7271,8.576060254509189,Cc1oc2ncnc(N[C@H](CO)c3ccccc3)c2c1-c1cccc(Cl)c1
7272,8.542625033498336,Cc1oc2ncnc(N[C@H](CO)c3ccccc3)c2c1-c1cccc(C(=O)NCC2CC2)c1
7273,8.147377305763413,Cc1oc2ncnc(Nc3ccc(OCc4ccccc4)c(Cl)c3)c2c1C(=O)O
7274,8.053339583886789,Cc1oc2ncnc(Nc3ccc(OCc4cccc(F)c4)c(F)c3)c2c1C(=O)O
7275,8.146719008435472,CCOC(=O)c1c(C)oc2ncnc(Nc3cccc(Br)c3)c12
7276,8.172156008887052,Cc1oc2ncnc(Nc3cccc(Br)c3)c2c1C(=O)N(C)C
7277,8.524492258044697,Cc1oc2ncnc(Nc3cccc(Cl)c3)c2c1C(=O)NCCN1CCOCC1
7278,7.971068857616848,Cc1oc2ncnc(Nc3cccc(Cl)c3)c2c1C(=O)NC(C)C
7279,7.878629066376207,CCOC(=O)c1c(C)oc2ncnc(Nc3cccc(Cl)c3)c12
7280,7.655718601627158,Cc1oc2ncnc(Nc3cccc(Cl)c3)c2c1C(=O)NCCO
7281,8.570391740144936,Cc1cccc(-c2c(C)sc3ncnc(N[C@H](CO)c4ccccc4)c23)c1
7282,8.518066942172622,Cc1sc2ncnc(N[C@H](CO)c3ccccc3)c2c1-c1cccc(C(=O)NCC2CC2)c1
7283,7.902221095942465,COc1ccc2c(c1)c(CC(=O)OCCOc1cc3ncnc(Nc4ccccc4)c3cc1OC)c(C)n2C(=O)c1ccc(Cl)cc1
7284,7.722653272571863,COc1ccc2c(c1)c(CC(=O)OCCOc1cc3ncnc(Nc4cccc(C)c4)c3cc1OC)c(C)n2C(=O)c1ccc(C)cc1
7285,7.237174485969762,Cc1c(C(=O)c2ccc(Cl)cc2)c2ccc(OC(F)(F)F)cc2n1Cc1ccc(O[C@H](C)C(=O)O)cc1
7286,7.237174485969762,Cc1c(C(=O)c2ccc(Cl)cc2)c2ccc(OC(F)(F)F)cc2n1Cc1ccc(O[C@@H](C)C(=O)O)cc1
7287,8.29162332614473,Cc1ccc2cnc(Nc3ccc(N4CCN(C)CC4)cc3)nc2c1-c1cccc(C(N)=O)c1
7288,8.5033221434233,Cc1ccc2cnc(Nc3ccc(N4CCN(C)CC4)cc3)nc2c1-c1cccc(NC(=O)CCN(C)C)c1
7289,10.170676048165786,Cc1nc(-c2cccnc2)cc2c1cnn2-c1cc2c(C)c(C(=O)N3CCN(C)CC3)n(C)c2c(C(C)C)n1
7290,10.271703598037746,Cc1c(C(=O)N2CCN(C)CC2)n(C)c2c(C(C)C)nc(-n3ncc4cc(-c5cccnc5)nc(C)c43)cc12
7291,10.015189780012664,Cc1nc(-c2cccnc2)cc2c1cnn2-c1cc2c(C)c(C)n(C)c2c(N2CCOCC2)n1
7292,10.457748327596116,COc1ccc(-c2cc3c(cnn3-c3cc4c(C)c(C)n(C)c4c(N4CCOCC4)n3)c(C)n2)cn1
7293,10.959596919628371,COc1ccc(-c2cc3c(cnn3-c3cc4c(C)c(C(=O)N(C)C)n(C)c4c(N4CCOCC4)n3)c(C)n2)cn1
7294,10.851898436756269,Cc1c(C(=O)N(C)C)n(C)c2c(N3CCOCC3)nc(-n3ncc4cc(-c5cccnc5)nc(C)c43)cc12
7295,10.398513095810483,Cc1c(C(=O)N2CCCC2)n(C)c2c(N3CCOCC3)nc(-n3ncc4cc(-c5ccccn5)nc(C)c43)cc12
7296,10.3425481884745,Cc1c(C(=O)N2CCOCC2)n(C)c2cc(-n3ncc4cc(-c5cccnc5)nc(C)c43)ncc12
7297,9.57814271866546,Cc1nc(-c2c(F)cccc2F)cc2c1cnn2-c1cc2c(c(C(C)C)n1)c(C)c(C(=O)N1CC[C@H](O)C1)n2C
7298,9.57814271866546,Cc1nc(-c2c(F)cccc2F)cc2c1cnn2-c1cc2c(c(C(C)C)n1)c(C)c(C(=O)N1CC[C@@H](O)C1)n2C
7299,9.270455788430372,Cc1nc2cc(-n3ncc4c(-c5cnn(C)c5)cc(-c5ccccc5)nc43)n(C)c2c(C)c1C(=O)N1CCN(C)CC1
7300,8.756963235475288,Cc1cc2c(cnn2-c2cc3nc(C)c(C(=O)N4CCN(C)CC4)c(C)c3n2C)c(-c2ccccc2)n1
7301,9.228549453046963,CC(=O)N1CCN(C(=O)c2c(C)nc3c(cc(-n4ncc5c(-c6ccccn6)cc(F)cc54)n3C)c2C)CC1
7302,10.011184245589837,Cc1nc2c(cc(-n3ncc4c(-c5cccnc5)cc(Cl)n43)n2C)c(C)c1C(=O)N1CCN(C2COC2)CC1
7303,9.907341279306289,Cc1nc2c(cc(-n3ncc4c(-c5ccccn5)cc(Cl)n43)n2C)c(C)c1C(=O)N1CCN(C2COC2)CC1
7304,8.481979267901513,Cc1nc(-c2ccccc2)c2cnn(-c3cc4c(C)c(C(=O)N5CCNCC5)c(C)c(C)c4n3C)c2n1
7305,8.721460081460247,Cc1nc2c(cc(-n3ncc4c(C)nc(-c5ccccc5)cc43)n2C)c(C)c1C(=O)N1CCNCC1
7306,9.66935864752171,Cc1c(C(=O)N2CCOCC2)n(C)c2cc(-n3ncc4cc(-c5c(F)cccc5F)nc(C)c43)nc(C(C)C)c12
7307,8.883061764717564,Cc1nc2c(cnn2-c2cc3c(cnn3-c3ccccc3)n2C)c(C)c1C(=O)N1CCC(F)C1
7308,9.591189880154472,Cc1nc(-c2c[nH]ccc2=O)cc2c1cnn2-c1cc2c(c(C(C)C)n1)c(C)c(C(=O)N(C)C)n2C
7309,9.61948534010874,Cc1c(C(=O)N(C)C)n(C)c2cc(-n3ncc4cc(-c5c(F)cccc5F)nc(C)c43)nc(C3CC3)c12
7310,9.680353550344385,Cc1c(C(=O)N(C)C)n(C)c2cc(-n3ncc4cc(-c5ccccn5)nc(C)c43)nc(C3CC3)c12
7311,10.765100000158268,COc1ccc(-c2cc3c(cnn3-c3cc4c(c(C5CC5)n3)c(C)c(C(=O)N(C)OC)n4C)c(C)n2)cn1
7312,9.806563205367956,CON(C)C(=O)c1c(C)c2c(C3CC3)nc(-n3ncc4cc(-c5ccccn5)nc(C)c43)cc2n1C
7313,10.557397443574864,Cc1nc(-c2ccc(O)cn2)cc2c1cnn2-c1cc2c(c(C3CC3)n1)c(C)c(C(=O)N1CC(F)(F)C1)n2C
7314,9.664374441648471,Cc1c(C(=O)N2CCCC2)n(C)c2cc(-n3ncc4cc(-c5ccccn5)nc(C)c43)nc(C3CC3)c12
7315,8.870462431042721,Cc1nc(-c2cccc(N)c2)cc2c1cnn2-c1cc2c(c(C3CC3)n1)c(C)c(C(=O)N1CCCC1)n2C
7316,10.054728180550589,Cc1c(C(=O)N2CCN(C)CC2)n(C)c2cc(-n3ncc4cc(-c5ccccn5)nc(C)c43)nc(C3CC3)c12
7317,10.235108207482135,Cc1c(C(=O)N2CCOCC2)n(C)c2cc(-n3ncc4cc(-c5ccccn5)nc(C)c43)nc(C3CC3)c12
7318,9.808345858643644,Cc1nc(-c2ccc(O)cc2)cc2c1cnn2-c1cc2c(c(C3CC3)n1)c(C)c(C(=O)N1CCOCC1)n2C
7319,9.792706853927438,Cc1c(C(=O)N(C)C)n(C)c2cc(-n3ncc4cc(-c5c(F)cccc5F)nc(C)c43)nc(C3CCCO3)c12
7320,9.40808418552582,Cc1nc(-c2ccc(O)cc2)cc2c1cnn2-c1cc2c(c(C3CCCO3)n1)c(C)c(C(=O)N(C)C)n2C
7321,9.780525532018553,Cc1nc(-c2c(F)cccc2F)cc2c1cnn2-c1cc2c(c(C3CCOC3)n1)c(C)c(C(=O)N(C)C)n2C
7322,9.61390432485631,Cc1c(C2CCOC2)nc2cc(-n3ncc4c(C)nc(-c5cccc(C#N)c5)cc43)n(C)c2c1C(=O)N1CCCC1
7323,11.293024524859714,COc1ccncc1-c1cc2c(cnn2-c2cc3c(c(N4CC5(CCCO5)C4)n2)c(C)c(C(=O)N(C)OC)n3C)c(C)n1
7324,11.209197532479253,COc1ccncc1-c1cc2c(cn1)cnn2-c1cc2c(c(N3CC4(CCCO4)C3)n1)c(C)c(C(=O)N(C)OC)n2C
7325,10.186301232171578,Cc1c(C(=O)N(C)C)n(C)c2cc(-n3ncc4c(-c5cnn(C)c5)ccnc43)nc(N3CCOCC3)c12
7326,10.461471645920643,Cc1c(C(=O)N(C)C)n(C)c2cc(-n3ncc4c(-c5cnn(C)c5)nccc43)nc(N3CCOCC3)c12
7327,9.361480743138353,Cc1nc(-c2ccccc2)c2cnn(-c3cc4c(c(N5CCOCC5)n3)c(C)c(C(=O)N(C)CCO)n4C)c2n1
7328,10.224367747444301,Cc1c(C(=O)N(C)CCO)n(C)c2cc(-n3ncc4c(-c5cnn(C)c5)ccnc43)nc(N3CCOCC3)c12
7329,8.193120076775024,Cc1nc2c(cnn2-c2cc3c(cnn3-c3ccccc3)n2C)c(C)c1C(=O)N1CCC1
7330,9.025444684217767,Cc1nc2c(cnn2-c2cc3c(cnn3-c3ccc(F)cc3)n2C)c(C)c1C(=O)N1CCC1
7331,8.173773224846677,Cc1nc2c(cnn2-c2cc3c(cnn3-c3ccccc3)n2C)c(C)c1C(=O)N1CCCC1
7332,8.95779886755334,Cc1nc2c(cnn2-c2cc3c(cnn3-c3ccc(F)cc3)n2C)c(C)c1C(=O)N1CCCC1
7333,8.95606071642356,Cc1cc2c(cnn2-c2cc3c(c(N4CCOCC4)n2)c(C)c(C(=O)O)n3C)c(-c2cccc(Cl)c2)n1
7334,8.961496754548978,Cc1cc2c(cnn2-c2cc3c(c(N4CCOCC4)n2)c(C)c(C(=O)O)n3C)c(-c2ccc(Cl)cc2)n1
7335,7.312443071123269,COc1cc(/C=C2\CN(C)C/C(=C\c3nc(C)c(C)nc3C)C2=O)cc(OC)c1OC
7336,7.45619171724241,COc1ccc(/C=C2\CN(C)C/C(=C\c3nc(C)c(C)nc3C)C2=O)c(Br)c1OC
7337,7.470429957930602,COc1cc(C=C2CN(C(C)C)CC(=C\c3nc(C)c(C)nc3C)/C2=N/O)cc(OC)c1OC
7338,7.514767025628009,COc1ccc(C=C2CN(C(C)C)CC(=C\c3nc(C)c(C)nc3C)/C2=N/O)c(OC)c1
7339,7.549095483365714,COc1cc(C=C2CN(C)CC(=C\c3nc(C)c(C)nc3C)/C2=N\O)cc(OC)c1OC
7340,8.04604561168929,COc1cc(C=C2CN(C)CC(=C\c3nc(C)c(C)nc3C)/C2=N\O)cc(Br)c1OC
7341,7.316959182954146,COc1cc(/C=C2\CN(C(C)C)C/C(=C\c3nc(C)c(C)nc3C)C2=O)cc(OC)c1OC
7342,7.222684628690991,COc1ccc(/C=C2\CN(C(C)C)C/C(=C\c3nc(C)c(C)nc3C)C2=O)cc1OC
7343,7.7316964877124255,Cc1nc(C)c(/C=C2\CNC/C(=C\c3nc(C)c(C)nc3C)C2=NO)nc1C
7344,7.782742150019015,Cc1nc(C)c(/C=C2\CN(CCF)C/C(=C\c3nc(C)c(C)nc3C)C2=NO)nc1C
7345,7.647928368868344,Cc1nc(C)c(/C=C2\CN(C)C/C(=C\c3nc(C)c(C)o3)C2=NO)nc1C
7346,7.39964224046751,Cc1nc(C)c(/C=C2\CNC/C(=C\c3nc(C)c(C)nc3C)C2=O)nc1C
7347,7.582254928133298,Cc1nc(C)c(/C=C2\CN(CCO)C/C(=C\c3nc(C)c(C)nc3C)C2=O)nc1C
7348,7.326547684732847,Cc1cc(/C=C2\CN(C)C/C(=C\c3nc(C)c(C)nc3C)C2=O)cnc1C
7349,7.427696750742934,Cc1nc(C)c(/C=C2\CN(C)C/C(=C\c3nc(C)c(C)nc3C)C2=O)s1
7350,8.140412686565469,COc1ccc(NC(C)=O)cc1Nc1cc(-c2nc(SC)[nH]c2C)ccn1
7351,8.362532388458195,COc1ccc(NC(=O)CCN(C)C)cc1Nc1cc(-c2nc(SC)[nH]c2C)ccn1
7352,9.381780602162209,Cc1nc([C@H](Nc2cc(C#N)c3ncc(C#N)c(NCC4CC4)c3c2)C2=CN(C3(C(F)F)CC3)NN2)c(C)o1
7353,9.115997754606216,Cc1nc([C@H](Nc2cc(C#N)c3ncc(C#N)c(NCC(F)F)c3c2)C2=CN(C3(C(F)F)CC3)NN2)c(C)o1
7354,8.958290933153897,Cc1nc([C@H](Nc2cc(Cl)c3ncc(C#N)c(NCC(C)(C)C)c3c2)C2=CN(CCO)CC2)c(C)o1
7355,8.95176304115585,Cc1nc([C@H](Nc2cc(Cl)c3ncc(C#N)c(NCC(C)(C)C)c3c2)C2=CN(CC(F)(F)F)CC2)c(C)o1
7356,9.04010636447554,Cc1nc([C@H](Nc2cc(Cl)c3ncc(C#N)c(Nc4ccccc4)c3c2)c2cn(C3CCN(C(C)(C)C)CC3)[nH]2)no1
7357,9.10664919220844,Cc1nc([C@H](Nc2cc(Cl)c3ncc(C#N)c(Nc4cccc(F)c4)c3c2)c2cn(C3CCN(C)CC3)[nH]2)no1
7358,7.9670392556863465,Cc1ncnc(Nc2ccc(OCc3ccccc3)c(Cl)c2)c1C
7359,8.217255469929665,Cc1ncnc(Nc2ccc(OCc3cccc(F)c3)c(Cl)c2)c1CO
7360,12.00869034351995,Cn1cnc(-c2cc3c(-c4cn(CC(C)(C)O)nc4-c4ccc(F)cc4)ncnc3o2)c1C#N
7361,9.032630939008168,Cc1ocnc1[C@@H](Nc1cc(Cl)c2ncc(C#N)c(Nc3ccc(F)c(Cl)c3)c2c1)C1=CCN(C(C)(C)C)CC1
7362,9.032630939008168,Cc1ocnc1[C@H](Nc1cc(Cl)c2ncc(C#N)c(Nc3ccc(F)c(Cl)c3)c2c1)C1=CCN(C(C)(C)C)CC1
7363,9.66209239061235,CC(C)(C)CNc1c(C#N)cnc2c(C#N)cc(N[C@@H](C3=CNN(C4(C(F)F)CC4)N3)c3ccccn3)cc12
7364,9.66209239061235,CC(C)(C)CNc1c(C#N)cnc2c(C#N)cc(N[C@H](C3=CNN(C4(C(F)F)CC4)N3)c3ccccn3)cc12
7365,9.706547636247619,Cc1ccc([C@H](Nc2cc(Cl)c3ncc(C#N)c(NCC(C)(C)C)c3c2)C2=CN(C3(C(F)F)CC3)NN2)cn1
7366,9.694350217273954,Cc1ccc([C@H](Nc2cc(Cl)c3ncc(C#N)c(NCC(C)(C)C)c3c2)C2=CN(C3(C(F)F)CC3)NN2)nc1
7367,7.4303991204725035,COc1ccc(-n2nnc(C(=O)/C=C/c3ccc(OC)c(OC)c3)c2C)cc1
7368,7.3488620455441245,COc1ccc(/C=C/C(=O)c2nnn(-c3ccc(Cl)cc3)c2C)cc1
7369,8.48497182071338,C=CC(=O)Nc1cc(Nc2nccc(-c3cc(F)c4nc(C)c(C(C)C)n4c3)n2)ccc1OC
7370,8.560369417023853,C=CC(=O)Nc1cc(Nc2nccc(-c3cc(F)c4nc(C)c(C(C)C)n4c3)n2)c(C)cc1OC
7371,9.02121102094482,C=CC(=O)Nc1cc(Nc2ncc(F)c(-c3cc(F)c4nc(C)c(C(C)=O)n4c3)n2)c(OC)cc1N(C)CCN(C)C
7372,8.859548233763194,C=CC(=O)Nc1cc(Nc2ncc(F)c(-c3cc(F)c4nc(C)c(C(C)=O)n4c3)n2)c(OC)cc1N(C)C
7373,8.925606885758773,C=CC(=O)Nc1cc(Nc2ncc(F)c(-c3cc(F)c4nc(C)c(C(C)C)n4c3)n2)ccc1N(C)CCN(C)C
7374,8.51486488159867,C=CC(=O)Nc1cc(Nc2ncc(F)c(-c3cc(F)c4nc(C)c(C(C)C)n4c3)n2)c(OC)cc1C
7375,8.67807184858358,COc1cc(N2CCN(C)CC2)ccc1Nc1ncc(F)c(-c2cc(F)c3nc(C)c(C)n3c2)n1
7376,8.91976706528789,COc1cc(N2CCN(C)CC2)ccc1Nc1ncc(F)c(-c2cc(F)c3nc(C)c(C(C)O)n3c2)n1
7377,8.576768880820714,COc1cc(N2CCN(C)CC2)ccc1Nc1ncc(F)c(-c2cc(F)c3nc(C)cn3c2)n1
7378,6.777241052796824,Cc1[nH]c(/C=C2\C(=O)Nc3ccc(S(=O)(=O)Cc4c(Cl)cccc4Cl)cc32)c(C)c1C(=O)O
7379,7.763737393182868,Cc1[nH]c(/C=C2\C(=O)Nc3ccc(S(=O)(=O)Cc4c(Cl)cccc4Cl)cc32)c(C)c1C(=O)N1CCCC1
7380,6.938619153873436,O=C(c1ccccc1)c1[nH]c(-c2ccccc2)c(-c2ccccc2)c1C(=O)c1coc2ccc(O)cc12
7381,6.62942168331184,Cc1c(C(=O)c2coc3ccc(O)cc23)[nH]c(-c2ccccc2)c1C
7382,6.979210489056094,O=C(c1cc(-c2ccccc2)c(-c2ccccc2)[nH]1)c1coc2c1cc(O)c1ccccc12
7383,6.896879685810009,Cc1c(C(=O)c2coc3c2cc(O)c2ccccc23)[nH]c(-c2ccccc2)c1C
7384,6.803956614224572,Cc1[nH]c(/C=C2\C(=O)Nc3ccc(C(=O)NNc4ccccc4)cc32)c(C)c1CC(=O)O
7385,6.891559112393489,Cc1[nH]c(/C=C2\C(=O)Nc3ccc(C(=O)NNc4ccccc4)cc32)c(C)c1C(=O)O
7386,6.528831924522171,Cc1c(C(=O)NC(CO)Cc2ccccc2)[nH]c2ccccc12
7387,7.026857980837669,Cc1c(C(=O)NC(CO)Cc2ccccc2)[nH]c2ccc(F)cc12
7388,7.743646308878673,O=C(NCCc1ccc(N2CCOCC2)cc1)c1cc2cc(Cl)ccc2[nH]1
7389,7.470017919627735,Cc1c(C(=O)NCCc2ccc(N3CCOCC3)cc2)[nH]c2ccccc12
7390,7.087345691443475,Cc1c(C(=O)NCCc2ccc(Cl)cc2)[nH]c2cc(F)ccc12
7391,6.903203980059752,Cc1c(C(=O)NCCc2ccccc2)[nH]c2cc(F)ccc12
7392,8.460523262303674,Cc1c(C(=O)NCCN2CCOCC2)[nH]c2cnnc(Nc3ccc(OCc4cccc(F)c4)c(Cl)c3)c12
7393,8.317667255578172,Cc1c(C(=O)NCCN(C)C)[nH]c2cnnc(Nc3ccc(OCc4cccc(F)c4)c(Cl)c3)c12
7394,8.417092547683678,Cc1c(C(=O)NCCN2CCN(C)CC2)[nH]c2cnnc(Nc3ccc(OCc4ccccc4)c(Cl)c3)c12
7395,8.20180457700148,Cc1c(C(=O)O)[nH]c2cnnc(Nc3ccc(OCc4cccc(F)c4)c(Cl)c3)c12
7396,8.571832124616446,Cc1c(C(=O)NCCN2CCOCC2)[nH]c2cnnc(Nc3ccc(OCc4ccccn4)c(Cl)c3)c12
7397,8.207439472782543,Cc1c(C(=O)O)[nH]c2cnnc(Nc3ccc(OCc4ccccn4)c(Cl)c3)c12
7398,8.38191907872377,Cc1c(C(=O)NCCN2CCOCC2)[nH]c2cnnc(Nc3ccc(OCc4ccccc4)c(Cl)c3)c12
7399,8.536273631810092,Cc1ncoc1[C@H](Nc1cc(C#N)c2ncc(C#N)c(NCC(C)(C)C)c2c1)C1=CNCC1
7400,9.29140576224107,Cc1ncoc1[C@H](Nc1cc(C#N)c2ncc(C#N)c(NCC3CC3)c2c1)C1=CN(C2(C(F)F)CC2)NN1
7401,9.352240717576331,Cc1ncoc1[C@H](Nc1cc(Cl)c2ncc(C#N)c(NCC3CC3)c2c1)C1=CN(C2(C(F)F)CC2)NN1
7402,8.734435146335949,Cc1ncoc1[C@H](Nc1cc(Cl)c2ncc(C#N)c(NCC(C)(C)C)c2c1)C1=CN(C(C)C)CC1
7403,9.004651729393569,Cc1ncoc1[C@H](Nc1cc(Cl)c2ncc(C#N)c(Nc3ccc(F)c(Cl)c3)c2c1)C1=CCN(C(C)(C)C)CC1
7404,9.011906401721308,Cc1ncoc1[C@H](Nc1cc(Cl)c2ncc(C#N)c(Nc3ccc(F)c(Cl)c3)c2c1)C1=CCCN(C(C)(C)C)C1
7405,7.039227681913548,CC(C)n1nc(-c2cc(Br)c(C=O)s2)c2c(N)ncnc21
7406,6.9451646438557395,Cc1cc(-c2nn(C(C)C)c3ncnc(N)c23)sc1Cl
7407,8.82811629888878,Cc1nc(C)c([C@H](Nc2cc(Cl)c3ncc(C#N)c(Nc4ccccn4)c3c2)C2=CN(C(C)(C)C)C2)s1
7408,8.582619465194943,Cc1nc(C)c([C@H](Nc2cc(Cl)c3ncc(C#N)c(Nc4ccccc4)c3c2)C2=CN(C(C)(C)C)C2)s1
7409,6.721871765391363,CNc1nc(C)c(C(=O)/C=C/c2ccc([N+](=O)[O-])cc2)s1
7410,6.629145057783031,CNc1nc(C)c(C(=O)/C=C/c2ccc(Cl)cc2)s1
7411,7.224575624819488,CNc1nc(C)c(C(=O)/C=C/c2cccs2)s1
7412,6.905904460732777,CNc1nc(C)c(C(=O)/C=C/c2ccoc2)s1
7413,6.901760142158841,CNc1nc(C)c(C(=O)/C=C/c2ncc[nH]2)s1
7414,8.638060450652405,Cc1ncsc1[C@H](Nc1cc(Cl)c2ncc(C#N)c(Nc3cccc(Cl)c3F)c2c1)C1=CCNCC1
7415,8.785573293790709,Cc1ncsc1[C@H](Nc1cc(Cl)c2ncc(C#N)c(Nc3cccc(Cl)c3F)c2c1)C1=CCN(C)CC1
7416,9.159546406175144,Cc1cc([C@H](Nc2cc(Cl)c3ncc(C#N)c(N[C@H](C)c4ccccc4)c3c2)C2=CN(C(C)C)NN2)no1
7417,8.948772814602028,Cc1ncsc1[C@H](Nc1ccc2ncc(C#N)c(Nc3ccc(Cl)c(Cl)c3F)c2c1)C1=CN(C(C)C)NC1
7418,9.04276124980383,Cc1ncsc1[C@H](Nc1cc(Cl)c2ncc(C#N)c(Nc3ccc(F)cc3F)c2c1)C1=CN(C(C)C)NC1
7419,8.939288888213246,Cc1ncsc1[C@H](Nc1ccc2ncc(C#N)c(Nc3cccc(Cl)c3F)c2c1)C1=CN(C(C)C)NC1
7420,8.960188819323838,Cc1ncsc1[C@H](Nc1ccc2ncc(C#N)c(Nc3ccc(F)c(Cl)c3)c2c1)C1=CN(C(C)C)NC1
7421,8.77935113905532,Cc1ncsc1[C@H](Nc1ccc2ncc(C#N)c(Nc3ccc(F)c(Cl)c3)c2c1)c1cn(C(C)C)[nH]1
7422,8.540467927612442,Cc1ncsc1[C@H](Nc1cc(C#N)c2ncc(C#N)c(NCC(C)(C)C)c2c1)C1=CNCC1
7423,8.762124364643931,Cc1ncsc1[C@H](Nc1cc(C#N)c2ncc(C#N)c(NCC(C)(C)C)c2c1)C1=CN(C(C)C)CC1
7424,8.847349471429895,Cc1ncsc1[C@H](Nc1cc(Cl)c2ncc(C#N)c(NCC(C)(C)C)c2c1)C1=CN(CCO)CC1
7425,8.851768795025093,Cc1ncsc1[C@H](Nc1cc(Cl)c2ncc(C#N)c(NCC(C)(C)C)c2c1)C1=CN(C(C)(C)C)NC1
7426,8.666507187261487,Cc1ncsc1[C@H](Nc1cc(Cl)c2ncc(C#N)c(NCC(C)(C)C)c2c1)C1=CN(C(C)C)CC1
7427,8.636223404378983,Cc1ncsc1[C@H](Nc1cc(Cl)c2ncc(C#N)c(N[C@@H](C)c3ccccc3)c2c1)C1=CN(C(C)(C)C)CC1
7428,8.955962853058637,Cc1ncsc1[C@H](Nc1cc(Cl)c2ncc(C#N)c(N[C@@H](C)c3ccccc3)c2c1)C1=CN(C2CCNCC2)CC1
7429,8.900908075570458,Cc1ncsc1[C@H](Nc1cc(Cl)c2ncc(C#N)c(Nc3ccc(F)c(Cl)c3)c2c1)C1=CN(C(C)(C)C)CC1
7430,8.648446531632434,Cc1ncsc1[C@H](Nc1cc(Cl)c2ncc(C#N)c(Nc3cccc(Cl)c3)c2c1)C1=CN(C(C)(C)C)CC1
7431,8.875004638886587,Cc1ncsc1[C@H](Nc1cc(Cl)c2ncc(C#N)c(Nc3cccc(F)c3)c2c1)C1=CN(C(C)(C)C)CC1
7432,8.924343349304404,Cc1ncsc1[C@H](Nc1cc(Cl)c2ncc(C#N)c(Nc3ccc(F)c(Cl)c3)c2c1)C1=CCN(C(C)(C)C)CC1
7433,8.680579346835136,Cc1ncsc1[C@H](Nc1cc(Cl)c2ncc(C#N)c(Nc3ccc(Cl)c(Cl)c3)c2c1)c1cn(C2COC2)[nH]1
7434,9.22634090529317,Cc1ncsc1[C@H](Nc1cc(Cl)c2ncc(C#N)c(Nc3ccc(Cl)c(Cl)c3)c2c1)C1=CN(C2COC2)NN1
