0,smiles
0,6.375807214147709,C[C@](N)(Cc1ccc(OCc2ccc(Cl)cc2)c(O)c1)C(=O)O
1,6.270785789347043,C[C@](N)(Cc1ccc(OCc2ccccc2)c(O)c1)C(=O)O
2,6.966135342987209,CC1(C)CC[C@]2(C(=O)O)CC[C@]3(C)C(=CC[C@@H]4[C@@]5(C)CC[C@H](O)[C@@](C)(CO)[C@@H]5CC[C@]43C)[C@@H]2C1
3,6.966135342987209,CC1(C)CC[C@]2(C(=O)O)CC[C@]3(C)C(=CC[C@@H]4[C@@]5(C)CC[C@H](O)[C@@](C)(CO)[C@@H]5CC[C@@]43C)[C@@H]2C1
4,6.794317068546573,CC1(C)CC[C@]2(C(=O)O)CC[C@]3(C)C(=CC[C@@H]4[C@@]5(C)CC[C@H](O)C(C)(C)[C@@H]5CC[C@]43C)[C@@H]2C1
5,6.794317068546573,CC1(C)CC[C@]2(C(=O)O)CC[C@]3(C)C(=CC[C@@H]4[C@@]5(C)CC[C@H](O)C(C)(C)[C@@H]5CC[C@@]43C)[C@@H]2C1
6,8.542428754254756,COc1cc2ncnc(C#CC(C)(Cc3ccccc3)N3CCC(C(=O)O)CC3)c2cc1OC
7,7.3128962879761135,COc1cc2ncnc(C#CC(C)(C)N3CCC(C(=O)O)CC3)c2cc1OC
8,8.525469685354597,COc1cc2ncnc(C#C[C@](C)(O)Cc3ccccc3)c2cc1OC
9,8.196769494722444,COc1cc2ncnc(C#C[C@](C)(O)Cc3cccc(F)c3)c2cc1OC
10,9.069809004968938,COc1cc2ncnc(Nc3cccc(Cl)c3F)c2cc1CN(C)C1(C(N)=O)CN(C(C)C)C1
11,8.898922473557255,COc1cc2ncnc(Nc3cccc(Cl)c3F)c2cc1CN1CCC[C@@H]1C(N)=O
12,8.982508364790837,COc1cc2ncnc(Nc3ccc(F)c(Cl)c3)c2cc1CN1CCC[C@@H]1C(N)=O
13,8.837415327968044,COc1cc2ncnc(Nc3ccc(F)c(Cl)c3)c2cc1CN(C)C1(C(N)=O)CN(C)C1
14,9.053842959516302,COc1cc2ncnc(Nc3cccc(Cl)c3F)c2cc1CN(C)C1(C(N)=O)CCN(C(C)C)CC1
15,8.982508364790837,COc1cc2ncnc(Nc3ccc(F)c(Cl)c3)c2cc1CN1CCC[C@H]1C(N)=O
16,8.950924913995744,COc1cc2ncnc(Nc3ccc(F)c(Cl)c3)c2cc1CN(C)C1(C(N)=O)CCN(C)CC1
17,9.059561199550544,COc1cc2ncnc(Nc3cccc(Cl)c3F)c2cc1CN(C)C1(C(N)=O)CCN(C)CC1
18,6.4182513472453335,C[C@H](NC(=O)c1ccc(S(=O)(=O)Nc2ccccc2)cc1)C(=O)O
19,6.483071953840216,C[C@H](NC(=O)c1ccc(S(=O)(=O)Nc2ccc(F)cc2)cc1)C(=O)O
20,8.612064158886197,COC(=O)CNCC#Cc1cc2c(Nc3ccc(OCc4cccc(F)c4)c(Cl)c3)ncnc2s1
21,8.727620746356545,COC(=O)CNCCc1cc2c(Nc3ccc(OCc4cccc(F)c4)c(Cl)c3)ncnc2s1
22,8.503678473758688,NC(=O)COCc1cc2ncnc(Nc3ccc(OCc4cccc(F)c4)c(Cl)c3)c2s1
23,8.636142681939402,NC(=O)CNCCc1cc2ncnc(Nc3ccc(OCc4cccc(F)c4)c(Cl)c3)c2s1
24,8.543345228664663,Fc1cccc(Cn2ncc3cc(Nc4ncnn5ccc(COC[C@@H]6CNCCO6)c45)ccc32)c1
25,8.541697531865353,Fc1cccc(Cn2ncc3cc(Nc4ncnn5ccc(COCC6CCNCC6)c45)ccc32)c1
26,8.658207413888228,C#Cc1cccc(Nc2ncnc3cc(OC)c(OCCCCCC(=O)NO)cc23)c1
27,8.923355167552973,COc1cc2ncnc(Nc3ccc(F)c(Cl)c3)c2cc1OCCCCCCC(=O)NO
28,8.555822477795962,Fc1cccc(Cn2ncc3cc(Nc4ncnn5ccc(COCC6CNCCOC6)c45)ccc32)c1
29,6.490492729844565,C[C@H](NC(=O)/C(C#N)=C/c1cccc(O)c1)c1ccccc1
30,6.451009110527457,C[C@H](NC(=O)/C(C#N)=C/c1ccc(O)cc1)c1ccccc1
31,9.025663747885726,COc1ccccc1-c1cc2c(N[C@H](C)c3ccccc3)ncnc2s1
32,8.894694574227023,COc1ccccc1-c1cc2c(N[C@H](C)c3ccc(F)cc3)ncnc2s1
33,8.53682942325887,O=c1oc2cc3ncnc(Nc4ccc(OCc5ccc(Cl)cc5)cc4)c3cc2n1CCCN1CCOCC1
34,8.351620765229002,O=c1oc2cc3ncnc(Nc4ccc(OCc5ccccc5)cc4)c3cc2n1CCCN1CCOCC1
35,8.772781827480026,CC(C)C[C@@H](CO)Oc1cc2ncnc(Nc3ccc(Cl)c(Cl)c3)c2cc1OCCN1CCN(C)CC1
36,8.700754784791842,CC(C)C[C@@H](Oc1cc2ncnc(Nc3ccc(Cl)c(Cl)c3)c2cc1OC1CCN(C)CC1)C(=O)N(C)C
37,7.596973083686495,C[C@@H](Nc1cc(C#N)c2ncc(C#N)c(NCC(C)(C)C)c2c1)c1ccccn1
38,7.195170696336918,C[C@@H](Nc1cc(C#N)c2ncc(C#N)c(NCC(C)(C)C)c2c1)c1ccccc1
39,7.655061616789413,C[C@@H](Nc1cc(Cl)c2ncc(C#N)c(NCC(C)(C)C)c2c1)c1ccccn1
40,7.800988245694536,C[C@@H](Nc1cc(Cl)c2ncc(C#N)c(NCC(C)(C)C)c2c1)c1cccc2ncccc12
41,9.19709549556575,Cn1ccc2c([C@H](Nc3cc(C#N)c4ncc(C#N)c(NCC(C)(C)C)c4c3)C3=CNCCN3)cccc2c1=O
42,8.77665425783441,Cn1ccc2c([C@@H](Nc3cc(C#N)c4ncc(C#N)c(NCC(C)(C)C)c4c3)C(=O)NCCO)cccc2c1=O
43,7.760877401687949,Cn1ccc2c(C(Nc3ccc4ncc(C#N)c(NCC(C)(C)C)c4c3)c3ccccc3)cccc2c1=O
44,8.861103837056502,Cn1ccc2c(C(Nc3ccc4ncc(C#N)c(NCC(C)(C)C)c4c3)C3=CNCCN3)cccc2c1=O
45,8.047618149939485,CC(C)n1cc2c(Nc3cc(C#N)c4ncccc4c3)c(-c3ccccc3)[nH]n2c1=O
46,7.837436133426515,CC(C)N1C=C2NNC([C@@H](Nc3cc(C#N)c4ncccc4c3)c3ccccc3)=C2C(C)(C)C1
47,9.315721452124096,COc1nccc2c([C@H](Nc3cc(Cl)c4ncc(C#N)c(NCC(C)(C)C)c4c3)C3=CN(C)NN3)cccc12
48,8.218823105348264,COc1nccc2c(C(Nc3cc(Cl)c4ncc(C#N)c(NCC(C)(C)C)c4c3)c3ccccc3)cccc12
49,8.322084480768911,N#Cc1cnc2c(Cl)cc(NC(CCO)c3cccnc3)cc2c1Nc1cnc(F)c(F)c1
50,8.738866279960531,N#Cc1cnc2c(Cl)cc(N[C@@H](C(=O)NC3CC3)c3cccnc3)cc2c1Nc1cnc(F)c(F)c1
51,8.610121409411345,C[C@@H](CO)Oc1cccc2ncnc(Nc3ccc(OCc4ccccn4)c(Cl)c3)c12
52,8.584539884925086,C[C@@H](Oc1cccc2ncnc(Nc3ccc(OCc4ccccn4)c(Cl)c3)c12)C(=O)N(C)C
53,6.576925048865414,Cc1ccc(-c2nn([C@H](C)CN)c3ncnc(N)c23)cc1C
54,6.573591965986182,COc1ccc(-c2nn(C(C)CN)c3ncnc(N)c23)cc1C
55,8.641017752378916,C[C@H](CO)Nc1ncnc2oc(-c3ccccc3)c(-c3ccccc3)c12
56,8.641017752378916,C[C@@H](CO)Nc1ncnc2oc(-c3ccccc3)c(-c3ccccc3)c12
57,8.15166945744366,CN(C)CC(=O)Nc1cccc(Nc2ncc(F)c(Nc3cccc(O)c3)n2)c1
58,8.577310824573344,CNC(=O)CN1CCN(c2cccc(Nc3ncc(F)c(Nc4cccc(NS(C)(=O)=O)c4)n3)c2)CC1
59,8.201006264444256,CNC(=O)CNc1cccc(Nc2nc(Nc3ccc(Cl)c(O)c3)ncc2F)c1
60,8.433975992814439,COc1cc(Nc2ncc(F)c(Nc3cccc(NS(C)(=O)=O)c3)n2)ccc1N1CCOCC1
61,8.422762860056558,CNC(=O)CN(C)c1cccc(Nc2ncc(F)c(Nc3ccc(OC(C)CN)c(F)c3)n2)c1
62,8.23074417288115,CC(C)NC(=O)OC[C@H](C)Oc1ccc(Nc2ncc(F)c(Nc3cccc(NC(=O)C(C)C)c3)n2)cc1F
63,8.107014472379493,COc1cc(Nc2ncc(F)c(Nc3cccc(NS(C)(=O)=O)c3)n2)ccc1Cl
64,8.055439755004299,COc1cc(Nc2ncc(F)c(Nc3cccc(NC(=O)CN)c3)n2)ccc1Cl
65,9.103186450446431,COc1cc2ncnc(Nc3ccc(F)c(Cl)c3)c2cc1NC(=O)/C=C/CN(C)C
66,9.216437989902436,COC[C@H](C)Oc1cc2ncnc(Nc3ccc(F)c(Cl)c3)c2cc1NC(=O)/C=C/CN(C)C
67,8.644475805516597,CNC(=O)COc1cc2ncnc(Nc3ccc(Br)c(Cl)c3F)c2cc1NC(=O)CN(C)C
68,8.782127342969892,CNC(=O)CN(C)CC(=O)Nc1cc2c(Nc3ccc(Br)c(Cl)c3F)ncnc2cc1OCCCN(C)C
69,8.647210469178184,COC(=O)N[C@@H](C)COc1cc2ncnc(Nc3ccc(Br)cc3F)c2cc1NC(=O)CN(C)C
70,8.4005243300671,COC(=O)N[C@@H](C)COc1cc2ncnc(Nc3ccc(Br)cc3F)c2cc1N
71,8.643324693588232,C[C@@H](COc1cccc2ncnc(Nc3ccc(OCc4ccccn4)c(Cl)c3)c12)NC(=O)C1CCCN1
72,8.670294287126984,C[C@@H](COc1cccc2ncnc(Nc3ccc(OCc4ccccn4)c(Cl)c3)c12)NC(=O)C1CCCCN1
73,7.0719802348386915,C[C@@H]1CCCN1c1cnc(C(N)=O)c(Nc2ccc(C3(C(N)=O)CC3)cc2)n1
74,6.834776389415517,CN(C)C(=O)N[C@H]1CCCN(c2cnc(C(N)=O)c(Nc3ccc(C4(C(=O)N(C)C)CC4)cc3)n2)C1
75,7.225651558050826,C[C@@H]1CCCN1c1cnc(C(N)=O)c(Nc2ccc(C3(C#N)CC3)cc2)n1
76,7.037048769299667,CN(C)C(=O)N[C@H]1CCCN(c2cnc(C(N)=O)c(Nc3ccc(C4(C#N)CC4)cc3)n2)C1
77,7.517034710677287,CC(C)(C)OC(=O)N1CCC(C)(c2ccc(Nc3cc(N4CCCC4)ncc3C(N)=O)cc2)CC1
78,7.586037459962008,CC(C)(C)OC(=O)N1CCC(C)(c2ccc(Nc3cc(N4CCC[C@H]4C(N)=O)ncc3C(N)=O)cc2)CC1
79,7.235570419293667,CC(C)(C)c1ccc(Nc2nc(N3CCC[C@@H]3CO)cnc2C(N)=O)cc1
80,7.405898250227606,CC1(c2ccc(Nc3nc(N4CCC[C@H]4C(N)=O)cnc3C(N)=O)cc2)CCN(C2CCCC2)CC1
81,7.279401288469921,CN1CCC(C)(c2ccc(Nc3nc(N4CCC[C@@H](NC(=O)NC5CCCC5)C4)cnc3C(N)=O)cc2)CC1
82,7.696946598668511,CC(C)(c1ccc(Nc2nc(N3CCC[C@@H]3CO)cnc2C(N)=O)cc1)C1CCN(C2CCCC2)CC1
83,7.438343460871001,C[C@@H]1CCN(c2cnc(C(N)=O)c(Nc3ccc(C4(C)CCN(C)CC4)cc3)n2)CCN1
84,7.2367044356345325,CN1CCC(c2ccc(Nc3nc(N4CCC[C@@H]4CO)cnc3C(N)=O)cc2)CC1
85,7.394666967924274,C[C@@H]1CCCN1c1cnc(C(N)=O)c(Nc2ccc(C3CCN(C4CCC4)CC3)cc2)n1
86,7.968769866141158,C[C@@H]1C(N2CCCN(C)CC2)CCCN1c1cnc(C#N)c(Nc2ccc(C3CCN(C)CC3)cc2)n1
87,8.016639709120856,CN1CCC(c2ccc(Nc3nc(N4CCC[C@H](N5CCN(C)CC5)C4)cnc3C#N)cc2)CC1
88,12.042623797859045,C[C@@H](O)Cn1cc(-c2ncnc3oc(-c4ccccc4)cc23)c(-c2ccc(F)cc2)n1
89,11.585506210958606,C[C@@H]1OCC[C@@H]1n1cc(-c2ncnc3oc(-c4ccc(F)cc4)cc23)c(-c2ccc(F)cc2)n1
90,8.657302015341141,COc1ccc(N2C[C@H](CO)N[C@H](C)C2)c2cnc(Nc3ccnc(-c4cnn(C)c4)n3)cc12
91,8.614683345873077,COc1ccc(N2C[C@H](CO)N[C@H](C)C2)c2cnc(Nc3ccnc(-c4cnn(C)c4)c3)nc12
92,8.239071338420429,Cc1ccc(N2C[C@H](C)[C@@H](C)C2)c2cnc(Nc3ccnc(N4CC(O)C4)n3)cc12
93,10.073060097343514,Cc1ccc(N2C[C@H](CS(C)(=O)=O)[C@H](C)C2)c2cnc(Nc3ccnc(N4CC[C@H](O)[C@H](F)C4)n3)cc12
94,9.29910864263657,CC(C)c1ccc(N2CCN(C)CC2)c2cnc(Nc3ccnc(N4CC[C@H](O)[C@H](F)C4)n3)cc12
95,8.725726358503287,CC(C)c1ccc(N2C[C@H](CO)[C@@H](C)C2)c2cnc(Nc3ccnc(N4CCC(O)CC4)n3)cc12
96,9.644647421569776,CC(C)c1ccc(N2C[C@H](CO)[C@@H](C)C2)c2cnc(Nc3ccnc(N4CC[C@@H](O)[C@H](F)C4)n3)cc12
97,8.240364406260332,COc1ccc(N2C[C@@H](C)[C@@H](O)C2)c2cnc(Nc3ccnc(N4CCC(O)CC4)n3)cc12
98,8.515821362054664,C[C@@H]1CN(c2ccc(C#N)c3cc(Nc4ccnc(N5CC[C@@H](O)[C@H]5C)n4)ncc23)C[C@H](C)O1
99,8.603440751880015,COC1CCN(c2nccc(Nc3cc4c(C(C)C)ccc(N5CCN(C)CC5)c4cn3)n2)CC1
100,9.060251920952002,COC1CCN(c2nccc(Nc3cc4c(C(C)C)ccc(N5CCN(S(C)(=O)=O)CC5)c4cn3)n2)CC1
101,9.485153683382604,CC(C)c1ccc(N2C[C@@H](C)[C@@H](NS(C)(=O)=O)C2)c2cnc(Nc3ccnc(N4CCC(O)CC4)n3)cc12
102,9.456926842440339,CC(C)c1ccc(N2C[C@@H](C)[C@@H](NS(C)(=O)=O)C2)c2cnc(Nc3ccnc(N4CCC(O)C4)n3)cc12
103,8.315754781701601,C[C@@H]1CN(c2cnc(C3CC3)c3cc(Nc4ccnc(N5CCC(N)CC5)n4)ncc23)C[C@H](C)O1
104,8.971226098782193,C[C@@H]1CN(c2cnc(C3CC3)c3cc(Nc4ccnc(N5C[C@H](O)[C@@H](F)C5)n4)ncc23)C[C@H](C)O1
105,8.621744987133594,C[C@@H]1CN(c2ncc(Cl)c3cc(Nc4ccnc(N5CCC(O)CC5)n4)ncc23)C[C@H](C)O1
106,8.604727650198548,CC(C)c1cnc(N2C[C@H](CO)[C@@H](C)C2)c2cnc(Nc3ccnc(N4CCC(O)CC4)n3)cc12
107,8.365633712475203,C[C@@H]1CN(c2ncc(Cl)c3cc(Nc4ccnc(N5CCC(N)CC5)n4)ncc23)C[C@H](C)O1
108,8.456954692838119,C[C@@H]1CN(c2ncc(C#N)c3cc(Nc4ccnc(N5CCC(O)CC5)n4)ncc23)C[C@H](C)O1
109,9.024510541049565,COc1cc2ncnc(Nc3ccc(F)c(Cl)c3)c2cc1NC(=O)[C@@H]1COC(=O)N1
110,9.024510541049565,COc1cc2ncnc(Nc3ccc(F)c(Cl)c3)c2cc1NC(=O)[C@H]1COC(=O)N1
111,7.070192589165303,C[C@@H]1[C@@H]2CN(c3nc(N)ncc3F)C[C@]12NC(=O)[C@@H]1C[C@H]1F
112,7.3877037121867675,C[C@@H]1[C@@H]2CN(c3nc(NC4CC4)ncc3F)C[C@]12NC(=O)[C@@H]1C[C@H]1F
113,11.391925279617077,C[C@@H]1C[C@@H](n2cc(-c3ncnc4oc(-c5ccccc5)cc34)c(-c3ccc(F)cc3)n2)CN1
114,11.391925279617077,C[C@@H]1C[C@H](n2cc(-c3ncnc4oc(-c5ccccc5)cc34)c(-c3ccc(F)cc3)n2)CN1
115,10.001465010086724,O=C(c1ccccc1)N1CCC(n2cc(-c3ncnc4oc(-c5ccccc5)cc34)c(-c3ccc(F)cc3)n2)CC1
116,9.159630268364106,Cn1ncc2c1OCCCCn1c(nc3ccc(CN4CCCC4)cc31)NC(=O)c1cnn(C)c1-2
117,9.97174261238925,C[C@@H]1CCCOc2c(cnn2C)-c2c(cnn2C)C(=O)Nc2nc3ccc(CN4CCN(C)CC4)cc3n2C1
118,8.031288643468667,C[C@H]1CCCOc2ccccc2-c2cnn(C)c2OCCCn2c1nc1ccccc12
119,8.028981969216728,C[C@H]1CCCOc2ccccc2-c2cnn(C)c2OCCCCn2c1nc1ccccc12
120,9.487123870155544,CC1=CC2=CC(=NC=C1F)c1cnn(C)c1OCCCCn1c(nc3ccc(N4CCN(C)CC4)cc31)NC2=O
121,9.743744573871757,CC1=CC2=CC(=NO1)c1cnn(C3CC3)c1OCCCCn1c(nc3ccc(N4CCN(C)CC4)cc31)NC2=O
122,9.881957008650406,CC1=NOC2=CC(=C1)C(=O)Nc1nc3ccc(NCCN4CCCC4)cc3n1CCCCCOc1c2cnn1C1CC1
123,9.859365914894594,CC1=CC2=CC(=NO1)c1cnn(C3CC3)c1OCCCCCn1c(nc3ccc(NCCN4CCCC4)cc31)NC2=O
124,7.906110717704184,CC1=CC2=CC(=NC(C)=C1C)c1cnn(C3CC3)c1OCCCCCn1c2nccc1=O
125,9.453460360793226,CC1=CC2=CC(=NO1)c1cnn(C3CC3)c1OCCCCCn1c(nc3cc(NC(=O)C4CC4)ccc31)NC2=O
126,9.465185724024265,CC1=CC2=CC(=NC=C1F)c1cnn(C3CC3)c1OCCCCCn1c(nc3cc(NC4CC4)ccc31)NC2=O
127,9.423268081558732,CC1=CC2=CC(=NC=C1F)c1cnn(C3CC3)c1OCCCCn1c(nc3cc(NC4CC4)ccc31)NC2=O
128,9.545756786714575,CC1=CC2=CC(=NC=C1F)c1cnn(C3CC3)c1OCCCCn1c(nc3cc(N4CCOCC4)ccc31)NC2=O
129,9.612482920818204,CC1=CC2=CC(=NC=C1F)c1cnn(C3CC3)c1OCCCCCn1c(nc3cc(N4CCOCC4)ccc31)NC2=O
130,8.04427705540046,C[C@@H]1CCN(c2cnc(C3CC3)c3cc(Nc4ccnc(N5CCC(N)CC5)n4)ncc23)C1
131,8.258156422099544,C[C@@H]1CCN(c2cnc(C3CC3)c3cc(Nc4ccnc(N5CCC(N)CC5)n4)ncc23)C[C@H]1C
132,8.159261508065905,CC(C)c1cnc(N2CC[C@H](C)C2)c2cnc(Nc3ccnc(N4CCC(N)CC4)n3)cc12
133,8.463751342504287,CC(C)c1cnc(N2CC[C@H](C)C2)c2cnc(Nc3ccnc(NCC(C)(C)O)n3)cc12
134,8.093491568326279,C[C@@H]1CCN(c2nnc(C3CC3)c3cc(Nc4ccnc(N5CCC(N)CC5)n4)ncc23)C[C@H]1O
135,8.149453079941212,CC(C)c1nnc(N2CC[C@H](C)C2)c2cnc(Nc3ccnc(N4CCC(N)CC4)n3)cc12
136,7.306476831338064,Cc1c(C(=O)N2C[C@@H](C)N[C@@H](C)C2)n(C)c2cc(-c3ccccc3)nnc12
137,7.43050595724345,Cc1c(C(=O)N2C[C@@H](C)N[C@@H](C)C2)n(C)c2cc(-c3ccc(Cl)cc3)nnc12
138,8.398592444793621,O=C(/C=C/c1cccc(Nc2ncc(F)c(Nc3cccc(Cl)c3)n2)c1)N1CCNCC1
139,8.269046008526216,O=C(/C=C/c1cccc(Nc2ncc(F)c(Nc3cccc(Cl)c3)n2)c1)N1CCCC1
140,9.523884465749196,COc1cc(N2CCC(N3CCOCC3)CC2)ccc1Nc1ncc(Cl)c(Nc2ccccc2NS(C)(=O)=O)n1
141,8.688965760840842,COc1cc(N2CCC(O)CC2)ccc1Nc1ncc(Cl)c(Nc2ccccc2NS(C)(=O)=O)n1
142,8.510318467652008,COc1cc(-c2cn(C)nn2)ccc1Nc1ncc(Cl)c(Nc2ccccc2S(=O)(=O)C(C)C)n1
143,8.404366298575678,COc1cc(-c2cnn(C)c2)ccc1Nc1ncc(Cl)c(Nc2ccccc2S(=O)(=O)C(C)C)n1
144,9.532995279582721,Cc1nc(-c2ccccc2)cc2c1cnn2-c1cc2c(nc(C)n2CCN2CCCC2)c(N2C[C@@H]3C[C@@H]2CO3)n1
145,8.707822438323108,COc1cc(N2CCC(N3CCN(C)CC3)CC2)ccc1Nc1nccc(-c2c(F)cccc2-c2cccc(C(N)=O)c2)n1
146,8.607632433987204,COc1cc(N2CCC(N3CCN(C)CC3)CC2)ccc1Nc1nccc(-c2c(C)cccc2-c2cccc(C(N)=O)c2)n1
147,8.56502509442602,O=C1CCc2c(Oc3ccc4c(c3)[C@@H](NC(=O)c3ccc(CN5CCCC5)c(Cl)c3)[C@H]4O)ccnc2N1
148,7.552801875694093,COC(=O)N(c1cccc(Cl)c1F)c1ncnc2cc(OC)c(OC)cc12
149,8.401093943634809,COC(=O)N(c1cccc(Cl)c1F)c1ncnc2cc(OC)c(OC(=O)N3CCN(C)CC3)cc12
150,8.93383503036937,COc1cc2ncnc(Nc3ccc(Cl)c(Cl)c3F)c2cc1OC(=O)N1CCN(C)CC1
151,8.847197754986816,COc1cc2ncnc(Nc3ccc(Cl)c(Cl)c3F)c2cc1OC(=O)N1CCN(C(C)=O)CC1
152,8.439253099949578,COc1cc2ncnc(Nc3ccc(Cl)c(Cl)c3)c2cc1OC(=O)N1CCN(C)CC1
153,8.581463922101179,COc1cc2ncnc(Nc3ccc(Cl)c(Cl)c3)c2cc1OC(=O)N1CCN(C)C(C)C1
154,9.04565827231862,COc1cc2ncnc(Nc3cccc(Cl)c3F)c2cc1OC(=O)N1CCOCC1
155,9.041800751417874,COc1cc2ncnc(Nc3cccc(Cl)c3F)c2cc1OC(=O)N1CCN(C)CC1
156,8.706372405540387,COc1cc2ncnc(Nc3cccc(Cl)c3F)c2cc1OC(=O)N1CCN(c2ccccn2)CC1
157,8.24455673741604,CCN1Cc2cc(Nc3nc(Nc4cccc(N5CCN(C)CC5)c4)nc4c3C(=O)NC4)ccc2C1=O
158,8.28329633915368,C=CCOc1ccc(Nc2nc(Nc3cccc(NC(=O)CNCC)c3)nc3c2C(=O)NC3)cc1
159,8.63033579407337,C[C@@H]1CN(c2nnc(C(F)(F)F)o2)CCN1c1ncc(OCc2ccc(CS(C)(=N)=O)cc2F)cn1
160,8.569192125699875,C[C@@H]1CN(c2nnc(C(F)(F)F)o2)CCN1c1ncc(OCc2ccc(CS(C)(=O)=O)cc2F)cn1
161,8.560697305268551,C[C@@H]1COC(Nc2ccc3ncnc(Nc4ccc(OCc5ccccn5)c(Cl)c4)c3c2)=N1
162,7.730310788998461,C[C@@H]1COC(Nc2ccc3ncnc(Nc4ccc5c(c4)OCCO5)c3c2)=N1
163,8.593706643130897,COc1cc2ncnc(Nc3cccc(Cl)c3F)c2cc1CN1CCCC1
164,8.615958668275947,C[C@@H](Oc1cccc2ncnc(Nc3ccc(OCc4ccccn4)c(Cl)c3)c12)C(=O)N1CCOCC1
165,8.62888643746758,C[C@@H](Oc1cccc2ncnc(Nc3ccc(OCc4ccccn4)c(Cl)c3)c12)C(=O)N(C)CCO
166,8.594537886653907,C[C@@H](Oc1cccc2ncnc(Nc3ccc4c(cnn4Cc4cscn4)c3)c12)C(=O)N1CCOCC1
167,8.592829483398896,C[C@@H](Oc1cccc2ncnc(Nc3ccc4c(cnn4Cc4ccccn4)c3)c12)C(=O)N1CCOCC1
168,7.928302752738745,CC(Oc1cc(-c2cnn(C3CCNCC3)c2)cnc1N)c1c(Cl)ccc(F)c1Cl
169,7.770065481659325,CC(Sc1cc(-c2cnn(C3CCNCC3)c2)cnc1N)c1c(Cl)ccc(F)c1Cl
170,9.016244465104444,COc1ccc(-c2cc3c(N[C@H](C)c4ccccc4)ncnc3o2)cc1
171,8.902201926817385,COc1ccc(-c2cc3c(N[C@H](C)c4ccccc4F)ncnc3o2)cc1
172,8.909345719599319,COc1ccc(-c2cc3c(N[C@H](C)c4cccc(F)c4)ncnc3o2)cc1
173,7.7760161734038435,Brc1cc2c(NCc3cccs3)ncnc2s1
174,8.37661180363698,COc1ncc(-c2ccc3ncnc(N[C@@H](C)c4ccc(F)cc4)c3c2)cc1C(N)=O
175,8.533512032997683,COc1ncc(-c2ccc3ncnc(N[C@@H](C)c4ccc(F)cc4)c3c2)cc1C(=O)N(C)C
176,8.961621374008272,C[C@@H](Nc1ncnc2[nH]c(-c3ccc(O)cc3)cc12)c1ccc(F)cc1
177,8.951529801734727,C[C@@H](Nc1ncnc2[nH]c(-c3ccc(O)cc3)cc12)c1cccc(F)c1
178,8.149396060120546,C[C@@H](Nc1ncnc2[nH]c(-c3ccc(OCCCCCC(=O)NO)cc3)cc12)c1ccccc1
179,8.304293695695542,C[C@@H](Nc1ncnc2[nH]c(-c3ccc(OCC(=O)NO)cc3)cc12)c1ccccc1
180,8.961908644173253,C[C@@H](Nc1ncnc2[nH]c(-c3ccc(O)cc3)cc12)c1ccccc1F
181,9.156567621093387,C[C@@H](Nc1ncnc2[nH]c(-c3ccc(O)cc3)cc12)c1ccccc1
182,7.604020225041642,C[C@@H](Nc1ncnc2oc(-c3ccccc3)c(-c3ccccc3)c12)c1ccccc1
183,8.064723272350049,C[C@@H](Nc1ncnc2oc(-c3ccccc3)c(-c3cccc(CO)c3)c12)c1ccccc1
184,8.293890851833376,OCCNc1ncnc2oc(-c3ccccc3)c(-c3ccccc3)c12
185,8.040755791673986,OC[C@@H](Nc1ncnc2oc(-c3ccccc3)c(-c3ccccc3)c12)c1ccccc1
186,8.661342282096228,C[C@H](Nc1c(C#N)cnc2c(Cl)cc(N[C@H](C3=CN(CCO)CC3)c3cccnc3)cc12)c1ccccc1
187,8.541616604453253,C[C@H](Nc1c(C#N)cnc2c(Cl)cc(N[C@H](C3=CN(C(C)(C)C)CC3)c3cccnc3)cc12)c1ccccc1
188,7.611077866119282,N#Cc1cnc2c(Cl)cc(NC(c3cccnc3)c3cccnc3)cc2c1NCc1ccccc1
189,8.414241407635886,N#Cc1cnc2c(Cl)cc(N[C@H](C3=CNCCN3)c3cccnc3)cc2c1NCc1ccccc1
190,8.875125256716911,C[C@H](Nc1c(C#N)cnc2c(Cl)cc(N[C@H](C3=CN(C)CC3)c3csc4c3CCN(C)C4)cc12)C(C)(C)O
191,8.937362827663803,C[C@H](Nc1c(C#N)cnc2c(Cl)cc(N[C@H](C3=CNNC3)c3csc4c3CCN(C)C4)cc12)c1ccccc1
192,8.474871148482594,C[C@H](Nc1c(C#N)cnc2c(Cl)cc([C@@H](C3=CNNC3)c3cccc4c3CCN4C)cc12)c1ccccc1
193,7.2346819872187895,C[C@@H](Nc1c(C#N)cnc2ccc(-c3ccc(S(C)(=O)=O)cc3)cc12)c1ccccc1
194,7.948215643655201,C[C@@H](Nc1c(C#N)cnc2ccc(-c3ccc(S(C)(=O)=O)cc3)cc12)c1cccnc1
195,7.100136426644555,N#Cc1cnc2ccc(-c3cnc(N)nc3)cc2c1NCC1CC1
196,7.645871327772714,Brc1cc2c(NCc3ccccn3)ncnc2s1
197,9.040273325076654,COc1cc(CO)ccc1-c1cc2c(N[C@H](C)c3ccccc3)ncnc2s1
198,9.190340975728532,COc1cc(CO)ccc1-c1cc2c(N[C@H](CO)c3ccccc3)ncnc2s1
199,9.141438832078908,C[C@@H](Nc1ncnc2sc(-c3cccc(C(=O)NCCN(C)C)c3)cc12)c1ccccc1
200,9.117043205819988,C[C@@H](Nc1ncnc2sc(-c3ccc(C(=O)NCCN(C)C)cc3)cc12)c1ccccc1
201,7.628051535541108,C[C@@H](Nc1ncnc2sc3c(c12)CCNC3)c1ccccc1
202,8.335165605548113,C[C@@H](Nc1ncnc2sc3c(c12)CCN(C(=O)CCN1CCCC1)C3)c1ccccc1
203,8.259530946417946,C[C@@H](Nc1ncnc2sc3c(c12)CCN(Cc1ccccc1)C3)c1ccccc1
204,8.263840922225258,C[C@@H](Nc1ncnc2sc3c(c12)CCN(C(=O)c1ccccc1)C3)c1ccccc1
205,8.640920244108024,COc1ncc(-c2ccc3ncnc(N[C@@H](C)c4ccccc4)c3c2)cc1NS(C)(=O)=O
206,8.566208857951539,COc1ncc(-c2ccc3ncnc(N[C@@H](C)c4ccccc4)c3c2)cc1C(=O)N(C)C
207,8.162003974468623,O=C(CCCCCCOc1ccc2ncnc(Nc3ccccc3)c2c1)NO
208,8.594822142311354,O=C(CCCCCCOc1ccc2ncnc(Nc3cccc(Cl)c3F)c2c1)NO
209,8.370814400293789,O=C(CCCCCCOc1ccc2ncnc(Nc3cccc(Cl)c3)c2c1)NO
210,8.913643569637065,C[C@@H](Nc1ncnc2[nH]c(-c3ccc(C#N)cc3)cc12)c1ccccc1
211,8.74466574378208,C[C@@H](Nc1ncnc2[nH]c(-c3ccc(C#N)cc3)cc12)c1ccc(F)cc1
212,9.049948864910514,C[C@@H](Nc1ncnc2[nH]c(-c3cccc(C(=O)NCCN(C)C)c3)cc12)c1ccccc1
213,9.383083444508793,COc1cccc(OC)c1-c1cc2c(N[C@H](C)c3ccccc3)ncnc2[nH]1
214,9.157814890649979,COc1cccc(OC)c1-c1cc2c(N[C@H](CO)c3ccccc3)ncnc2[nH]1
215,8.71440977687947,C[C@@H](Nc1ncnc2[nH]c(-c3ccc(F)cc3)cc12)c1ccc(F)cc1
216,8.028164700289134,O=C(CCCCCCC(=O)NCc1ccc(-c2cc3c(N4CCOCC4)ncnc3[nH]2)cc1)NO
217,7.464665869411377,O=C(CCCCCCC(=O)NCc1ccc(-c2cc3c(NCc4ccccc4)ncnc3[nH]2)cc1)NO
218,7.702593781211605,O=C(CCCCCCC(=O)Nc1ccc(-c2cc3c(N[C@H](CO)c4ccccc4)ncnc3[nH]2)cc1)NO
219,9.1582576965293,C[C@@H](Nc1ncnc2[nH]c(-c3ccccc3C(N)=O)cc12)c1ccccc1
220,8.958677513485982,C[C@@H](Nc1ncnc2[nH]c(-c3cccc(O)c3)cc12)c1ccc(F)cc1
221,7.615503887927622,COc1cc2c(cc1OC)Oc1ncnc(Nc3ccc4ncsc4c3)c1NC2
222,7.503434586075597,COc1cc2c(cc1OC)Oc1ncnc(Nc3ccc4c[nH]nc4c3)c1NC2
223,8.57222351543064,COc1cc2ncnc(N[C@@H](C)c3ccccc3)c2cc1OC
224,8.235161436283814,COc1cc2ncnc(N[C@@H](C)c3ccccc3)c2cc1OC1CCN(C(=O)OC(C)(C)C)CC1
225,7.666030390944623,C[C@@H](Nc1ncnc2ccccc12)c1ccccc1
226,8.121681994251242,C[C@@H](Nc1ncnc2ccccc12)c1ccc2ccccc2c1
227,8.360394472605865,O=c1oc2cc3ncnc(Nc4ccc(OCc5ccccn5)cc4)c3cc2n1CCCN1CCOCC1
228,8.466314792524196,COc1ccccc1-c1cc2c(NCc3ccccn3)ncnc2s1
229,8.060831969718228,C[C@@H](Nc1ncnc2ccccc12)c1cccc2ccccc12
230,8.205484224045385,COc1cc2ncnc(Nc3cccc4ccccc34)c2cc1OC
231,8.414539566139565,COc1ccccc1-c1cc2c(N[C@H](C)c3cccs3)ncnc2s1
232,7.849407670741624,Cc1nc2cnc(Nc3ccnc(N4CC[C@H](O)C(F)(F)C4)n3)cc2n1C(C)C
233,7.797637868474028,Cc1nc2cnc(Nc3ccnc(N4CC[C@H](O)[C@H](F)C4)n3)cc2n1C(C)C
234,7.914520813772934,COC1CCN(c2nccc(Nc3cc4c(cn3)nc(CO)n4C(C)C)n2)CC1
235,7.852219895703743,Cc1nc2cnc(Nc3ccnc(N4CCC(O)CC4)n3)cc2n1C(C)C
236,8.43020889158579,C[C@H]1COc2cnn(C)c2-c2cc(F)cc(c2)C(=O)N=C2Cc3cc(CC(C)(C)C)ccc3N2C1
237,6.945621019533715,C[C@H](CN(C)C)n1nc(-c2ccc3c(c2)OCO3)c2c(N)ncnc21
238,8.091883839629139,C[C@H](CN(C)C)n1nc(-c2cccc(OCc3ccccc3)c2)c2c(N)ncnc21
239,8.528324068981304,CNC(=O)CN(C)c1cccc(Nc2ncc(F)c(Nc3ccc(O[C@H](C)COC(=O)NC)c(F)c3)n2)c1
240,8.41794627062544,CNC(=O)CN(C)c1cccc(Nc2ncc(F)c(Nc3ccc(O[C@H](C)CN)c(F)c3)n2)c1
241,9.216437989902436,COC[C@@H](C)Oc1cc2ncnc(Nc3ccc(F)c(Cl)c3)c2cc1NC(=O)/C=C/CN(C)C
242,9.198396026186751,COC[C@@H](C)Oc1cc2ncnc(Nc3ccc(F)c(Cl)c3)c2cc1NC(=O)/C=C/CN1CCCC1
243,8.711805609233808,CNC(=O)CN(C)CC(=O)Nc1cc2c(Nc3ccc(Br)c(Cl)c3F)ncnc2cc1OCCN(C)C
244,8.656483097879462,CNC(=O)CN(C)CCOc1cc2ncnc(Nc3ccc(Br)cc3F)c2cc1NC(=O)CN(C)C
245,12.015615227327338,C[C@@H]1OCC[C@@H]1n1cc(-c2ncnc3oc(-c4ccccc4)cc23)c(-c2ccc(F)cc2)n1
246,7.9249373895481074,CC(=O)N1CCC[C@@H](Nc2cncc(-c3cnc(Oc4cccc(F)c4)nc3)n2)C1
247,7.9872392137095245,C[C@@H]1CN(c2cncc(-c3cnc(Oc4cccc(S(C)(=O)=O)c4)nc3)n2)C[C@H](C)O1
248,8.271562720674213,CC(C)c1ccc(N2CC(N)C2)c2cnc(Nc3ccnc(N4CCC(O)CC4)n3)cc12
249,6.150434796322766,CC(=O)N1CCC[C@H](Nc2nc(-c3cnn(C)c3)c3c(c2F)CNC3=O)C1
250,6.809528458152863,C[C@@H]1NC(=O)c2c(-c3cnn(C)c3)nc(N[C@@H]3CCCN(C(=O)C4CCOC4)C3)c(F)c21
251,9.8317961470876,C[C@@H]1CN(S(C)(=O)=O)C[C@@H](C)C1n1cc(-c2ncnc3oc(-c4ccccc4)cc23)c(-c2ccccc2)n1
252,9.705906251411674,C[C@@H]1CN(S(C)(=O)=O)C[C@@H](C)N1CCn1cc(-c2ncnc3oc(-c4ccccc4)cc23)c(-c2ccccc2)n1
253,8.908405251724457,COc1cc(NC[C@H]2CCCN2C)ccc1Nc1nccc(Nc2cc(Cl)c(F)cc2C(C)(C)O)n1
254,9.247670054238416,CCN(CC)CCN(C)c1cc(OC)c(Nc2nccc(Nc3cc(Cl)c(F)cc3C(C)(C)O)n2)cc1N
255,8.714350023412875,COc1cc(N2CCN(C)CC2)ccc1Nc1nccc(Nc2cc(Cl)c(F)cc2C(C)(C)O)n1
256,8.762018232809238,COc1cc(N2C[C@H](C)C[C@H](C)C2)ccc1Nc1nccc(Nc2cc(N)c(F)cc2C(C)(C)O)n1
257,11.391925279617077,C[C@H]1C[C@@H](n2cc(-c3ncnc4oc(-c5ccccc5)cc34)c(-c3ccc(F)cc3)n2)CN1
258,11.175852784307953,C[C@H]1C[C@@H](n2cc(-c3ncnc4oc(-c5ccc(F)cc5)cc34)c(-c3ccc(F)cc3)n2)CN1
259,8.768877911485754,CCC(=O)Nc1cc(Nc2ncnc(Nc3cc(Cl)c(F)cc3C(C)(C)O)n2)ccc1N(C)C
260,9.125350124530327,CCC(=O)Nc1cc(Nc2ncnc(Nc3cc(Cl)c(F)cc3C(C)(C)O)n2)ccc1N1CCOCC1
261,8.268817436480465,C[C@H]1CCN(c2nccc3cnc(Nc4ccnc(N5CC[C@@H](N)C5)n4)cc23)C[C@H]1F
262,7.936778562881607,C[C@H]1CCN(c2nccc3cnc(Nc4ccnc(N5CCC(N)CC5)n4)cc23)C[C@H]1O
263,9.903121845989961,CC(C)c1nc(-n2ncc3c(C#N)nc(-c4ccncc4)cc32)cc2c1nc(N1CCN(C)CC1)n2C
264,10.020529060563769,CC(C)c1nc(-n2ncc3c(C#N)nc(-c4cccnc4)cc32)cc2c1nc(N1CCN(C)CC1)n2C
265,10.032335566692101,Cc1nc(-c2cnccc2C(F)(F)F)cc2c1cnn2-c1cc2c(nc(N3CCN(C4CC4)CC3)n2C)c(C(C)C)n1
266,9.690547195629206,Cc1nc(-c2cnccc2C(F)(F)F)cc2c1cnn2-c1cc2c(nc(N3CCN(C)CC3)n2C)c(C(C)C)n1
267,8.906695046286927,C[C@@H]1CN(c2nc3c(cc(-n4ncc5c(N6CCN(C)CC6)cc(-c6ccccc6)nc54)n3C)n2C)C[C@H](C)O1
268,9.206943766871637,Cc1nc(-c2ccc(N(C)C)cc2)cc2c1cnn2-c1cc2c(nc(C)n2C)c(N2CCOC[C@@H]2C)n1
269,9.316641785271079,Cc1nc(-c2ccc(C(C)(C)O)cc2)cc2c1cnn2-c1cc2c(nc(C)n2C)c(N2CCOC[C@@H]2C)n1
270,8.092596107292337,Nc1ncnc2c1c(-c1ccc(Oc3ccccc3)cc1)nn2C1CN(C(=O)C2CC2)C1
271,8.038820065086925,Nc1ncnc2c1c(-c1ccc(Oc3ccccc3)cc1)nn2C1CN(C(=O)C2CCCC2)C1
272,8.442972813622344,C/C(=N\Nc1ncc(Cl)c(Nc2cccc(NC(=O)CCN3CCOCC3)c2)n1)c1ccc(F)cc1
273,8.473887414084118,C/C(=N\Nc1ncc(Cl)c(Nc2cccc(NC(=O)CCCN3CCOCC3)c2)n1)c1ccc(F)cc1
274,8.502424887790236,C/C(=N\c1ncc(Cl)c(Nc2cccc(NC(=O)CCN3CCOCC3)c2)n1)c1ccc(F)cc1
275,8.518531872461178,C/C(=N\Nc1ncc(Cl)c(Nc2cccc(NC(=O)CCCN3CCOCC3)c2)n1)c1ccccn1
276,7.9734089224243965,C/C(=N\Nc1ncc(Cl)c(Nc2cccc(NC(=O)/C=C/c3ccccn3)c2)n1)c1ccccn1
277,8.49795170285612,C/C(=N\Nc1ncc(Cl)c(Nc2cccc(NC(=O)CCCN3CCOCC3)c2)n1)c1cccnc1
278,8.388239859334323,C/C(=N\Nc1ncc(Cl)c(Nc2cccc(NC(=O)CN3CCOCC3)c2)n1)c1cccnc1
279,8.381267053580366,C/C(=N\Nc1ncc(Cl)c(Nc2cccc(NC(=O)CN3CCOCC3)c2)n1)c1ccc(F)cc1
280,7.665152428056453,C/C(=N\Nc1ncc(Cl)c(Nc2cccc(C(=O)O)c2)n1)c1ccc(O)cc1
281,6.897722721249685,C/C=C(\C)[C@H](O)[C@H](C)/C=C(C)/C=C/CC(C)/C=C/c1oc(OC)cc(=O)c1C
282,7.016982202070607,C/C=C(\C)[C@H](O)[C@H](C)/C=C(C)/C=C/CC(C)/C=C/c1oc(OC)c(C)c(=O)c1C
283,7.883898148343747,O=C(Nc1cc2c(Nc3ccc(F)c(Cl)c3)ncnc2s1)C1CCCC1
284,7.916377643362605,O=C(Nc1cc2c(Nc3ccc(F)c(Cl)c3)ncnc2s1)C1CCCCC1
285,7.0541643349153365,C/C=C(\C)C(O[C@@H]1O[C@H](CO)[C@@H](O)[C@H](O)[C@H]1O)C(C)/C=C/CC(C)/C=C/c1cc(C)c(OC)c(C)c1
286,7.149149955835835,C/C=C(\C)C(O[C@@H]1O[C@H](CO)[C@@H](O)[C@H](O)[C@H]1O)C(C)/C=C/CC(C)/C=C/c1cc(OC)c(OC)c(OC)c1
287,8.90974023048087,O=C(O)Cc1ccc2ncnc(Nc3cccc(Br)c3)c2c1
288,8.98806504264763,CC(=O)c1ccc2ncnc(Nc3cccc(Br)c3)c2c1
289,8.486430200291247,Brc1cccc(Nc2ncnc3cnc(-c4cccnc4)cc23)c1
290,8.481149671969668,Brc1cccc(Nc2ncnc3cnc(-c4ccccc4)cc23)c1
291,8.51418696740573,C=CC(=O)Nc1cc(Nc2nccc(Nc3cn(C)c4ccccc34)n2)ccc1N(C)C
292,8.670966783117452,C=CC(=O)Nc1cc(Nc2nccc(Nc3cn(C)c4ccccc34)n2)ccc1N1CCCCC1
293,7.721638032360471,Nc1ncnc2c1c(C(=O)Nc1nc3cc(Cl)ccc3o1)nn2[C@@H]1CCOC1
294,8.10108111691583,Nc1ncnc2c1c(C(=O)Nc1nc3cc(Cl)ccc3o1)nn2[C@H]1CC[C@H](CN2CCCC2)CC1
295,8.152750203056305,Nc1ncnc2c1c(C(=O)Nc1nc3cc(Cl)ccc3o1)nn2[C@@H]1CCCN(C(=O)CC2CC2)C1
296,8.127739962788509,Nc1ncnc2c1c(C(=O)Nc1nc3cc(Cl)ccc3o1)nn2[C@@H]1CCCN(C(=O)C2CC2)C1
297,8.139184112107701,Nc1ncnc2c1c(C(=O)Nc1nc3ccccc3o1)nn2[C@@H]1CCCN(C(=O)CC2CC2)C1
298,8.139184112107701,Nc1ncnc2c1c(C(=O)Nc1nc3ccccc3o1)nn2[C@H]1CCCN(C(=O)CC2CC2)C1
299,8.449504415642785,O=C(Nc1cc2c(N3CCc4ccccc43)ncnc2cc1O[C@H]1CCOC1)N1CCC(F)(F)CC1
300,8.534416487271091,O=C(Nc1cc2c(N3CCc4ccccc43)ncnc2cc1O[C@H]1CCOC1)c1cccc([N+](=O)[O-])c1
301,9.054780829950323,O=C(Nc1cc2c(Nc3ccc(F)c(Cl)c3)ncnc2cc1OCCCN1CCC(O)CC1)C1CC1
302,9.103152615381608,O=C(Nc1cc2c(Nc3ccc(F)c(Cl)c3)ncnc2cc1OCCCN1CCC(O)CC1)C1CCCC1
303,8.391411035089778,COc1cc(NCCN(C)C)cc(OC)c1Nc1ncc(Cl)c(N2CCc3sccc3C2)n1
304,8.493716938683555,COc1cc(N(C)CCN(C)C)ccc1Nc1ncc(Cl)c(N2CCc3sccc3C2)n1
305,8.397386213628563,CN(C)CCn1ncc2cc(Nc3nccc(-c4cnc5ccccc5c4)n3)ccc21
306,8.553848964113483,CN(C)CCn1ncc2cc(Nc3nccc(-c4cn(C)c5ccccc45)n3)ccc21
307,8.478796880830199,OC[C@@H](Nc1ncnc2oc(-c3ccccc3)c(-c3ccoc3)c12)c1ccccc1
308,8.523497119943862,CNC(=O)CNc1cccc(Nc2nc(Nc3ccc(Cl)c(OCCOC)c3)ncc2F)c1
309,7.976231309575191,CNC(=O)COc1cccc(Nc2ncc(F)c(Nc3cccc(O)c3)n2)c1
310,8.194206370516403,Brc1cccc(Nc2ncnc3ccccc23)c1
311,8.728555993825408,Brc1cccc(Nc2ncnc3cc(OCCN4CCCC4)ccc23)c1
312,8.898544513523976,C#CCNCCOc1cc2ncnc(Nc3ccc(Br)cc3F)c2cc1NC(=O)CNCC
313,8.703605972808111,C#CCNC(=O)COc1cc2ncnc(Nc3ccc(Br)cc3F)c2cc1NC(=O)CNC
314,7.880029334510048,CC(=O)Nc1cccc(Nc2nc(Nc3ccccc3)ncc2C)c1
315,7.962662456636473,CC(=O)Nc1cccc(Nc2ncc(C)c(Nc3cccc(CO)c3)n2)c1
316,7.3399588621451315,Cc1cnc(Nc2ccccc2)nc1Nc1ccc(CO)cc1
317,7.690314072802487,Cc1cnc(Nc2ccccc2)nc1Nc1ccc(COC(=O)/C=C/c2ccc(O)cc2)cc1
318,8.596355429824754,C/C=C/c1ccc(Nc2ncnc3cc(OCCN4CCOCC4)c(OCCN4CCOCC4)cc23)cc1
319,8.832219725191758,C/C=C/c1ccc(Nc2ncnc3cc(OCCCN4CCOCC4)c(OCCN4CCOCC4)cc23)cc1
320,8.491774855372917,COc1cc(NCCN(C)C)ccc1Nc1nccc(-c2cn(C)c3ccccc23)n1
321,8.530662304290804,COc1cc(N(C)CCN(C)C)ccc1Nc1nccc(-c2c[nH]c3ccccc23)n1
322,7.919147314281782,NC(=O)c1c(-c2ccc(Oc3ccccc3)cc2)nc2c(C3CCCC3)c[nH]n12
323,7.891431556910186,NC(=O)c1c(-c2ccc(Oc3ccccc3)cc2)nc2c(C3CCCCC3)c[nH]n12
324,8.388521333062847,CN1CCC(c2c[nH]n3c(C(N)=O)c(-c4ccc(Oc5ccccc5)cc4)nc23)CC1
325,8.24818648428681,NC(=O)c1c(-c2ccc(Oc3ccc(F)cc3F)cc2)nc2c(C3CCNCC3)c[nH]n12
326,8.171574912989646,O=C(Nc1ccc2ncnc(Nc3cccc(Br)c3)c2c1)c1ccccc1
327,8.320083586601786,O=C(Nc1ccc2ncnc(Nc3cccc(Br)c3)c2c1)c1cccc(F)c1
328,8.75625803442824,O=C(Nc1cc2c(Nc3cccc(Br)c3)ncnc2cn1)C1CC1
329,8.461186201793181,O=C(Nc1cc2c(Nc3cccc(Br)c3)ncnc2cn1)c1ccccc1
330,8.36054740388946,Fc1cccc(Nc2ncnc3cc4c(cc23)OCCCO4)c1
331,8.470622125255808,Cc1cccc(Nc2ncnc3cc4c(cc23)OCCO4)c1
332,8.422065685037753,O=C(Nc1ccc(CN2CCCC2)cc1)c1sc2ncnc3c2c1NC(=O)N3c1ccc(Cl)cc1
333,7.916184056778324,CN(C)c1ccc(NC(=O)c2sc3ncnc4c3c2NC(=O)N4c2ccccc2)cc1
334,6.769047566703526,C#Cc1cccc(NC(=O)c2cc(NC(=O)CCCCCC(=O)NO)c(OC)cc2O)c1
335,6.7750566121512374,C#Cc1cccc(NC(=O)c2cc(NC(=O)CCCCCC(=O)NO)ccc2OC)c1
336,7.1088099290909295,O=C(CCCCCCOc1ccc(O)c(C(=O)Nc2cccc(F)c2)c1)NO
337,6.924863811781495,C#Cc1cccc(NC(=O)c2cc(OCCCCCC(=O)NO)ccc2OC)c1
338,6.6830307565957074,C#Cc1cccc(NC(=O)c2cccc(NC(=O)CCCCCC(=O)NO)c2)c1
339,7.075363890209947,O=C(CCCCCC(=O)Nc1ccc(O)c(C(=O)Nc2ccc(F)c(Cl)c2)c1)NO
340,8.22187227105967,Brc1cc2c(Nc3ccccc3)ncnc2s1
341,8.105204384558009,Brc1cc2c(NCc3ccccc3)ncnc2s1
342,8.457566265242109,O=C(c1cc2ccccc2[nH]1)c1cc2c(Nc3ccc(F)c(Cl)c3)ncnc2s1
343,8.402944133254346,O=C(c1cc2ccccc2[nH]1)c1cc2c(Nc3ccc(Cl)cc3)ncnc2s1
344,8.534718398977684,Cc1cccc(Nc2ncnc3ccc(-c4ccc(CO)o4)cc23)c1
345,8.673233698098391,C#Cc1cccc(Nc2ncnc3ccc(-c4ccc(CO)o4)cc23)c1
346,8.262256376621703,C#Cc1cccc(Nc2ncnc3ccc(NC(=O)OCC)cc23)c1
347,9.123379882348583,NC(=O)Nc1ccc2ncnc(Nc3cccc(Br)c3)c2c1
348,8.254974777561678,C#Cc1cccc(Nc2ncnc3cc(OCCCCCC(=O)Nc4ccccc4N)ccc23)c1
349,8.269778292215797,C#Cc1cccc(Nc2ncnc3ccc(OCCCCCC(=O)Nc4ccccc4N)cc23)c1
350,8.52258163258998,O=C(CCCOc1ccc2ncnc(Nc3ccc(F)c(Cl)c3)c2c1)NO
351,8.440702371764102,O=C(CCCCCOc1ccc2ncnc(Nc3ccc(F)c(Cl)c3)c2c1)NO
352,8.54336712703971,O=C(CCCCCCOc1ccc2ncnc(Nc3ccc(F)c(Cl)c3)c2c1)NO
353,7.946978750721578,C#Cc1cccc(Nc2ncnc3cc(NC(=O)c4ccc(/C=C/C(=O)Nc5ccccc5N)cc4)ccc23)c1
354,8.267932504256253,C#Cc1cccc(Nc2ncnc3ccc(S(=O)(=O)n4ccc(C(=O)Nc5ccccc5N)c4)cc23)c1
355,8.03394578897272,C#Cc1cccc(Nc2ncnc3ccc(S(=O)(=O)n4ccc(C(=O)NO)c4)cc23)c1
356,8.072891268486519,C#Cc1cccc(Nc2ncnc3ccc(S(=O)(=O)n4ccc(/C=C/C(=O)NO)c4)cc23)c1
357,8.604390295507429,C#Cc1cccc(Nc2ncnc3nc(Nc4ccc(CN5CCOCC5)cc4)sc23)c1
358,8.309169750167275,COc1ccc(Nc2ncnc3nc(Nc4ccc(CN5CCOCC5)cc4)sc23)cc1
359,8.827161463813388,C#Cc1cccc(Nc2ncnc3cc(OC)c(NC(=O)/C=C/CN4CCOCC4)cc23)c1
360,8.893901551688103,C#Cc1cccc(Nc2ncnc3cc(OC)c(NC(=O)/C=C/CN4CCCCC4)cc23)c1
361,8.940809334052918,C#Cc1cccc(Nc2ncnc3cc(OC)c(NC(=O)/C=C/CNC4CC4)cc23)c1
362,8.239579107453011,C#Cc1cccc(Nc2ncnc3cc(OCCOC)c4c(c23)OCCO4)c1
363,8.500560297260186,COCCOc1cc2ncnc(Nc3ccc(F)c([N+](=O)[O-])c3)c2c2c1OCCO2
364,8.481835497416458,O=C1COc2cc3ncnc(Nc4cccc(F)c4)c3cc2N1CCCN1CCOCC1
365,8.73586967125772,O=C1COc2cc3ncnc(Nc4ccc(F)c(Cl)c4)c3cc2N1CCCN1CCOCC1
366,7.89869060832383,CCOC(=O)CCCn1c(=O)oc2cc3ncnc(Nc4ccc(OC)cc4)c3cc21
367,8.180172861880623,COc1ccc(Nc2ncnc3cc4oc(=O)n(CCOC(=O)CBr)c4cc23)cc1
368,8.785457762499934,O=C(/C=C/CN1CCOc2cc3ncnc(Nc4cccc(Br)c4)c3cc21)N1CCOCC1
369,8.895778904581329,O=C(/C=C/CN1CCOc2cc3ncnc(Nc4ccc(F)c(Cl)c4)c3cc21)N1CCOCC1
370,8.523195972995824,O=C(/C=C/c1cccc(F)c1)N1CCOc2cc3ncnc(Nc4ccc(F)c(Cl)c4)c3cc21
371,8.40147237447151,Fc1ccc(Nc2ncnc3cc4c(cc23)OCCCO4)cc1Cl
372,8.51524416219825,Fc1cccc(Nc2ncnc3cc4c(cc23)OCCO4)c1
373,8.633419042412573,NC1CCN(Cc2ccn3ncnc(Nc4cccc(Cl)c4)c23)CC1
374,8.673434621699728,NC1CCN(Cc2ccn3ncnc(Nc4cccc(F)c4)c23)CC1
375,8.2772270211364,Fc1cccc(Nc2ncnn3ccc(COC[C@@H]4CNCCO4)c23)c1
376,8.27822101538956,Fc1cccc(Nc2ncnn3ccc(COC[C@@H]4CCCNC4)c23)c1
377,8.648525733539836,Fc1ccc(Nc2ncnc3ccc(Br)cc23)cc1Cl
378,8.449145841476597,Fc1ccc(Nc2ncnc3ccc(Br)cc23)cc1F
379,8.495678498870069,C#Cc1cc2c(Nc3ccc(OCc4cccc(F)c4)c(Cl)c3)ncnc2s1
380,7.923521385504251,C#Cc1cc2c(Nc3ccc(OCc4cccc(F)c4)c(Cl)c3)nc(N)nc2s1
381,8.64576326492936,OCCNCc1cc2ncnc(Nc3ccc(OCc4cccc(F)c4)c(Cl)c3)c2s1
382,8.665796995958656,CC(=O)NCCNCc1cc2ncnc(Nc3ccc(OCc4cccc(F)c4)c(Cl)c3)c2s1
383,8.251697777134444,OCc1cncnc1Nc1ccc(OCc2cccc(F)c2)c(Cl)c1
384,8.048908750664243,OCc1cnc(Nc2ccc(OCc3cccc(F)c3)c(Cl)c2)cn1
385,11.690949022666933,CCn1cc(-c2ncnc3oc(-c4ccccc4)cc23)c(-c2ccc(F)cc2)n1
386,8.858739346223846,Cn1cc(-c2ncnc3oc(-c4ccccc4)cc23)c(-c2ccccc2)n1
387,8.05167764194085,CNC(=O)c1cc(Nc2cc(C3CC3)[nH]n2)nc(N2CCN(Cc3ccccc3)CC2)n1
388,8.350973532958609,C#CCNC(=O)c1cc(Nc2cc(C3CC3)[nH]n2)nc(N2CCN(Cc3ccc(Cl)cc3)CC2)n1
389,8.346183353532972,CN(C)CCN(C)C(=O)Nc1cc2c(Nc3ccc(F)c(Cl)c3)ncnc2cc1O[C@H]1CCOC1
390,8.165688074410827,O=C(Nc1cc2c(Nc3ccc(F)c(Cl)c3)ncnc2cc1O[C@H]1CCOC1)N1CCC(F)(F)CC1
391,7.5042811975685195,NC(=O)c1c(-c2ccc(Oc3ccccc3)cc2)nn(C2CCCNC2)c1N
392,7.288394411255442,NC(=O)c1c(-c2ccc(Oc3ccccc3)cc2)nn(C2CCCC2)c1N
393,7.640382104853541,N#CC(O)c1cccc(Nc2ncc(F)c(Nc3cccc(O)c3)n2)c1
394,7.53947385789248,N#CC(O)c1ccc(Nc2ncc(F)c(Nc3cccc(C(O)C(F)(F)F)c3)n2)cc1
395,7.173316691704678,N#CC(O)c1ccc(Nc2ccnc(Nc3ccccc3)n2)cc1
396,7.776030948466201,N#CC(O)c1ccc(Nc2ncc(F)c(Nc3ccccc3C(=O)O)n2)cc1
397,8.933042156255357,O=C(O)Cc1cc2c(Nc3cccc(Br)c3)ncnc2cn1
398,7.730077359844294,O=C(O)Cc1ccc(Nc2ncnc3cnc(C(=O)O)cc23)cc1
399,8.734832139737799,C=CCOc1cc2c(Nc3ccc(F)c(Cl)c3)ncnc2cc1O
400,8.810828146677029,C=CCOc1cc2ncnc(Nc3ccc(F)c(Cl)c3)c2cc1OC
401,8.795270893185991,C=CCCCCOc1cc2ncnc(Nc3ccc(F)c(Cl)c3)c2cc1OC
402,8.62112803247857,C=CCOc1cc2ncnc(Nc3cccc(Cl)c3)c2cc1OC
403,8.867052344690178,C=CCOc1cc2ncnc(Nc3cccc(Br)c3)c2cc1OC
404,8.8884667071501,C=CCOc1cc2ncnc(Nc3ccc(F)c(Cl)c3)c2cc1OCC
405,8.951383043590585,CC(=O)NC(CCN1CCOCC1)c1ccc2ncnc(Nc3ccc(F)c(Cl)c3)c2c1
406,8.921922219544856,CC(=O)NC(CCN1CCOCC1)c1ccc2ncnc(Nc3cccc(Br)c3)c2c1
407,8.85134474264089,Brc1cccc(Nc2ncnc3cnc(C(CCN4CCOCC4)N4CCOCC4)cc23)c1
408,8.84093158150729,Brc1cccc(Nc2ncnc3cnc(C(CCN4CCCC4)N4CCOCC4)cc23)c1
409,7.900375095583413,O=C(O)COc1cccc(Nc2ncc(F)c(Nc3cccc(Cl)c3)n2)c1
410,8.07320722083809,CN(C)CC(=O)Nc1cccc(Nc2ncc(F)c(Nc3cccc(Cl)c3)n2)c1
411,8.470033673320915,Brc1cccc(Nc2ncnc3cnc(-c4ccncc4)cc23)c1
412,7.854629412969805,Nc1ncnc2c1c(-c1ccc(Oc3ccccc3)cc1)c1n2CC(O)C1
413,7.291092766308753,NC(=O)c1c(-c2ccc(Oc3ccccc3)cc2)nn2c1NCCC2
414,7.183503673567295,NC(=O)c1c(-c2ccc(Oc3ccccc3)cc2)nn2c1NCC2
415,7.9664836915488335,Nc1ncnc2c1c(C(=O)Nc1nc3cc(Cl)ccc3o1)nn2CCN1CCOCC1
416,8.181907463710665,Nc1ncnc2c1c(C(=O)Nc1nc3cc(Cl)ccc3o1)nn2CC1CCN(C(=O)C2CC2)CC1
417,7.5815588499638755,Nc1ncnc2c1c(C(=O)Nc1nc3ccccc3o1)nn2CC1CCCCC1
418,8.197358052660256,Nc1ncnc2c1c(C(=O)Nc1nc3cc(F)ccc3o1)nn2CC1CCN(C(=O)C2CC2)CC1
419,7.777777570123612,Nc1ncnc2c1c(C(=O)Nc1nc3ccccc3o1)nn2CC1CCNCC1
420,7.791928479041139,Nc1ncnc2c1c(C(=O)Nc1nc3ccccc3s1)nn2CC1CCNCC1
421,7.552218393283942,Nc1ncnc2c1c(C(=O)Nc1nc3ccccc3o1)nn2C1CCCC1
422,7.620453006788392,Nc1ncnc2c1c(C(=O)Nc1nc3cc(F)ccc3o1)nn2C1CCCC1
423,8.960222324722816,CN(C)CCCN(C)C(=O)c1cc2c(Nc3ccc(F)c(Cl)c3)ncnc2cc1O[C@H]1CCOC1
424,9.090422122368814,CN(C)CCN(C)CC(=O)N1CC(Nc2cc3c(Nc4ccc(F)c(Cl)c4)ncnc3cc2O[C@H]2CCOC2)C1
425,8.824165996021868,COc1cc2ncnc(Nc3ccc(F)c(Cl)c3)c2cc1OCCCN1CCOCC1
426,8.81921102894769,COc1cc2ncnc(Nc3ccc(F)c(Cl)c3)c2cc1OCCN1CCOCC1
427,7.690416648603852,CN1CCC(Nc2cncc(-c3cnc(Nc4cccc(C(F)(F)F)c4)nc3)c2)CC1
428,7.886912391016139,O=C(CO)N1CCC(Nc2cncc(-c3cnc(Nc4cccc(C(F)(F)F)c4)nc3)c2)CC1
429,8.099060911671502,O=C(CO)N1CCC(Nc2cncc(-c3cnc(Oc4cccc(Cl)c4F)nc3)c2)CC1
430,8.132622506489813,O=C(CO)N1CCC[C@H](Nc2cncc(-c3cnc(Oc4cccc(Cl)c4F)nc3)c2)C1
431,8.095904354460487,O=C(CO)N1CCC(Nc2cncc(-c3cnc(Oc4ccc(F)c(Cl)c4)nc3)c2)CC1
432,8.127742891769207,O=C(CO)N1CCC[C@@H](Nc2cncc(-c3cnc(Oc4ccc(F)c(Cl)c4)nc3)c2)C1
433,7.606658706358419,Fc1ccc(Oc2ncc(-c3cncc(NC4CCNCC4)c3)cn2)cc1F
434,7.639426166052165,Fc1ccc(Oc2ncc(-c3cncc(NCC4CCOCC4)c3)cn2)cc1F
435,7.98632370188359,O=C(CO)N1CCC(Nc2cncc(-c3cnc(Oc4cccc(Cl)c4)nc3)c2)CC1
436,7.868614544884224,CN1CCC(Nc2cncc(-c3cnc(Oc4cccc(F)c4)nc3)c2)CC1
437,7.833097025363467,CC(=O)N1CCC(Nc2cncc(-c3cnc(Oc4cccc(F)c4)nc3)c2)CC1
438,7.8811322834343995,CC(=O)N1CCC[C@@H](Nc2cncc(-c3cnc(Oc4cccc(F)c4)nc3)c2)C1
439,7.811980415275431,CN1CCC(Nc2cncc(-c3cnc(Oc4cccc(S(C)(=O)=O)c4)nc3)c2)CC1
440,7.898337558188037,O=C(CO)N1CCC(Nc2cncc(-c3cnc(Oc4cccc(OC(F)F)c4)nc3)c2)CC1
441,7.525165139781075,O=C(Nc1cncc(-c2cnc(Oc3cccc(C(F)(F)F)c3)nc2)c1)C1CCNCC1
442,8.100357604899038,O=C(NCC1CCCO1)N1CCC(Nc2cncc(-c3cnc(Oc4cccc(C(F)(F)F)c4)nc3)c2)CC1
443,7.979312933693521,O=C(C1CC1)N1CC(Nc2cncc(-c3cnc(Oc4cccc(F)c4)nc3)c2)C1
444,7.490292802754946,CC(=O)N1CC(Nc2cncc(-c3cnc(Oc4cccc(C(F)(F)F)c4)nc3)c2)C1
445,7.5552756323351815,N#Cc1cccc(Oc2ncc(-c3cncc(NC4CCNCC4)c3)cn2)c1
446,8.310587920216292,CN1CCC(Nc2cncc(-c3cnc(Nc4ccc(F)c(Cl)c4)nc3)n2)CC1
447,8.617518715088345,CN1CCN(CCCNc2cncc(-c3cnc(Nc4ccc(F)c(Cl)c4)nc3)n2)CC1
448,7.544753150016536,N[C@H]1CC[C@H](Nc2cncc(-c3cnc(Nc4cccc(Cl)c4)nc3)n2)CC1
449,7.880365571822951,N[C@H]1CC[C@H](Nc2cncc(-c3cnc(Nc4cccc(OC(F)(F)F)c4)nc3)n2)CC1
450,7.993391529875499,FC(F)(F)Oc1ccccc1Nc1ncc(-c2cncc(NC3CCNCC3)n2)cn1
451,7.95569416856005,FC(F)(F)Oc1ccccc1Nc1ncc(-c2cncc(NC3CCOCC3)n2)cn1
452,7.827838468869132,Fc1cc(F)cc(Oc2ncc(-c3cncc(NC4CCOCC4)n3)cn2)c1
453,7.895743776783496,Fc1cccc(Oc2ncc(-c3cncc(NC4CCNCC4)n3)cn2)c1
454,7.889079366158199,CN1CCC(Nc2cncc(-c3cnc(Oc4cccc(S(C)(=O)=O)c4)nc3)n2)CC1
455,7.8924267650379125,O=C(CO)N1CCC(Nc2cncc(-c3cnc(Oc4cccc(Cl)c4)nc3)n2)CC1
456,7.975281659527889,CN1CCC(Nc2cncc(-c3cnc(Oc4cccc(F)c4)nc3)n2)CC1
457,7.871544379907171,CC(=O)N1CCC(Nc2cncc(-c3cnc(Oc4cccc(F)c4)nc3)n2)CC1
458,7.857351231789968,CN1CCC(Nc2cncc(-c3cnc(Oc4cccc(OC(F)F)c4)nc3)n2)CC1
459,7.814481455339091,CN1CCC(Nc2cncc(-c3cnc(Oc4ccc(S(C)(=O)=O)cc4)nc3)n2)CC1
460,7.90123543933338,CN1CCC(Nc2cncc(-c3cnc(Oc4ccc(F)cc4)nc3)n2)CC1
461,7.718015249335816,FC(F)(F)c1cccc(Oc2ncc(-c3cncc(NC4CCNCC4)n3)cn2)c1
462,7.672136461846421,FC(F)(F)c1cccc(Oc2ncc(-c3cncc(NC4CCOCC4)n3)cn2)c1
463,7.4230661902951836,c1ccc(Oc2ncc(-c3cncc(NC4CCCCC4)n3)cn2)cc1
464,7.389849854142314,c1ccc(Oc2ncc(-c3cncc(NC4CCCC4)n3)cn2)cc1
465,8.626388790899824,CN(C)CC(=O)N1CCC(Oc2cc3c(Nc4ccc(Cl)cc4Cl)ncnc3cn2)CC1
466,8.744211726383925,CN(C)CC(=O)N1CCC(Oc2ccc3ncnc(Nc4ccc(Cl)cc4Cl)c3c2)CC1
467,8.695205617386211,CN(C)CCCN(C)c1cc2c(Nc3ccc(Cl)c(C4CC4)c3)ncnc2cn1
468,8.730210935284672,CN(C)CCN(C)c1cc2c(Nc3ccc(Cl)c(C4CC4)c3)ncnc2cn1
469,8.664551162406413,CC(=O)N1CCC(Nc2ccc3ncnc(Nc4ccc(Br)cc4)c3n2)CC1
470,8.485746130110464,CC(=O)N1CCC(Oc2ccc3ncnc(Nc4ccc(Br)cc4)c3n2)CC1
471,8.566995282988188,CC(=O)N1CCC(Oc2ccc3ncnc(Nc4ccc(F)c(Cl)c4)c3n2)CC1
472,8.510297057520598,CC(=O)N1CCC(Nc2ccc3ncnc(Nc4ccc(Cl)c(Cl)c4)c3n2)CC1
473,8.159091355229616,CC(C)(C)OC(=O)N1CCC(n2cc(-c3cnc4ccccc4c3)c3c(N)ncnc32)C1
474,8.108928458501124,CC(C)(C)OC(=O)N1CCC(n2cc(-c3cnc4ccccc4c3)c3c(N)ncnc32)CC1
475,8.169044706671821,Cn1c(=O)n([C@H]2CC[C@@H](c3ccccc3)CC2)c2nc(Nc3cccnc3)ncc21
476,7.191322252934142,CN1C(=O)N(C2CCCCC2)Cc2cnc(Nc3ccccc3)nc21
477,7.9483364837596335,CC(C)(C)OC(=O)N1CCC(n2nc(-c3cnc4ccccc4c3)c3c(N)ncnc32)CC1
478,7.954313525269945,CC(C)(C)OC(=O)N1CCC(n2nc(-c3cnc4ccccc4c3)c3c(N)ncnc32)C1
479,8.205027016503449,O=C(CO)N1CCC[C@H](Nc2cncc(-c3cnc(Nc4cccc(F)c4)nc3)c2)C1
480,8.147365094571743,CN1CCN(CCCNc2cncc(-c3cnc(Nc4cccc(Cl)c4)nc3)c2)CC1
481,8.224553656042971,CN1CCN(CCCNc2cncc(-c3cnc(Nc4cccc(OC(F)(F)F)c4)nc3)c2)CC1
482,7.755357362661045,CN1CCC(Nc2cncc(-c3cnc(Nc4cccc(S(N)(=O)=O)c4)nc3)c2)CC1
483,7.918011158736055,O=C(CO)N1CCC(Nc2cncc(-c3cnc(Oc4cccc(F)c4)nc3)c2)CC1
484,8.189585685886925,CN1CCN(CCNc2cncc(-c3cnc(Nc4cccc(Cl)c4)nc3)n2)CC1
485,8.04646145932934,CN1CCC(Nc2cncc(-c3cnc(Nc4cccc(Cl)c4)nc3)n2)CC1
486,7.584304084638234,N[C@H]1CC[C@H](Nc2cncc(-c3cnc(Nc4cccc(O)c4)nc3)n2)CC1
487,8.74684104464869,C#CCN1CCC(Oc2ccc3ncnc(Nc4ccc(F)c(Cl)c4)c3c2)CC1
488,8.690385755460659,CC(=O)N1CCC(Oc2ccc3ncnc(Nc4ccc(F)c(Cl)c4)c3c2)CC1
489,8.695141333769472,CN1CCC(Oc2ccc3ncnc(Nc4ccc(OCc5cccc(F)c5)c(Cl)c4)c3c2)CC1
490,8.682102656269137,CN1CCN(C(=O)c2ccc3ncnc(Nc4ccc(OCc5cccc(F)c5)c(Cl)c4)c3c2)CC1
491,8.012585271651478,CC(C)CC(=O)N1CCC[C@@H](n2nc(-c3ccc(Oc4ccccc4)cc3)c3cccnc32)C1
492,7.979070394308304,CC(C)(C)C(=O)N1CCC[C@@H](n2nc(-c3ccc(Oc4ccccc4)cc3)c3cccnc32)C1
493,8.428205946834712,CC(C)(C)C(=O)N1CCC[C@@H](n2nc(Nc3ccc(Oc4ccccc4)cc3)c3cnc4[nH]cnc4c32)C1
494,8.391324812679684,CC(C)C(=O)N1CCC[C@@H](n2nc(Nc3ccc(Oc4ccccc4)cc3)c3cnc4[nH]cnc4c32)C1
495,8.04770016635836,CC(C)(C)OC(=O)N1CCC(n2nc(C(=O)Nc3nc4cc(Cl)ccc4o3)c3c(N)ncnc32)CC1
496,8.132636821936238,Nc1ncnc2c1c(C(=O)Nc1nc3ccccc3o1)nn2[C@H]1CC[C@H](CN2CCOCC2)CC1
497,6.9808770793541886,CN1CC[C@H](Nc2nnc(C(N)=O)c(Nc3ccc(C(=O)N4CCCC4)cc3)n2)C1
498,7.044122897914077,CC(C)(C)OC(=O)N1CC[C@@H](Nc2nnc(C(N)=O)c(Nc3ccc(C(=O)N4CCCC4)cc3)n2)C1
499,7.6252079262136405,N#Cc1cccc(Nc2nc(Nc3ccc4c(c3)CC(=O)N4)ncc2F)c1
500,7.858748104302219,N#Cc1cccc(Nc2nc(Nc3ccc4c(c3)CN(C(=O)CN)CC4)ncc2F)c1
501,7.97261674022846,CC(C)(C)OC(=O)N1CCC(n2nc(C(=O)Nc3nc4ccccc4o3)c3c(N)ncnc32)CC1
502,7.551929144608397,Nc1ncnc2c1c(C(=O)Nc1nc3ccccc3o1)nn2C1CCCCC1
503,8.862276111959966,COCCNc1cc2c(Nc3ccc(F)c(Cl)c3)ncnc2cc1O[C@H]1CCOC1
504,8.96122763324516,CN(C)CCCNc1cc2c(Nc3ccc(F)c(Cl)c3)ncnc2cc1O[C@H]1CCOC1
505,8.65643610859832,CN1CCC(Oc2ccc3ncnc(Nc4ccc(Cl)cc4Cl)c3c2)CC1
506,8.58971724422965,CN1CCC(Oc2cc3c(Nc4ccc(Cl)cc4Cl)ncnc3cn2)CC1
507,7.8711269806366975,CN1CCC(Sc2nc(-c3ccnc(N)c3)c(-c3ccc(F)cc3)[nH]2)CC1
508,8.711717806100614,CC(C)N1CCC(Sc2nc(-c3ccnc(Nc4cccc(CO)c4)c3)c(-c3ccc(F)cc3)[nH]2)CC1
509,8.1122321824956,CN1CCC([C@@H]2CCNc3c(C(N)=O)c(-c4ccc(Oc5ccccc5)cc4)nn32)CC1
510,7.698504646812947,NC(=O)c1c(-c2ccc(Oc3ccccc3)cc2)nn2c1NCC[C@@H]2C1CCCCC1
511,7.848989462124701,NC(=O)C1C(c2ccc(Oc3ccccc3)cc2)=NN2C1NCC[C@H]2C1CCN(Cc2ccccc2)CC1
512,7.848989462124701,NC(=O)C1C(c2ccc(Oc3ccccc3)cc2)=NN2C(C3CCN(Cc4ccccc4)CC3)CCNC12
513,8.411956168807722,CN1CCC(c2cnc3c(C(N)=O)c(-c4ccc(Oc5ccccc5)cc4)[nH]n23)CC1
514,7.912837902858799,NC(=O)c1c(-c2ccc(Oc3ccccc3)cc2)[nH]n2c(C3CCCCC3)cnc12
515,7.212701314159534,CN1CCC(c2ccc(C(N)=O)c(-c3ccc(Oc4ccccc4)cc3)n2)CC1
516,7.209853728295178,NC(=O)c1ccc(C2CCN(C(=O)C3CC3)CC2)nc1-c1ccc(Oc2ccccc2)cc1
517,7.182076281637435,NC(=O)c1c(-c2cc(Cl)c(Cl)c(Cl)c2)nn2c1NCCC2C1CCNCC1
518,8.192234347117965,NC(=O)c1c(-c2cc(Cl)c(Cl)c(Cl)c2)nn2c1NCCC2C1CCN(S(=O)(=O)c2ccccc2)CC1
519,8.125486433836484,CN1CCC(C2CCNc3c(C(N)=O)c(-c4ccc(Oc5ccccc5)cc4)nn32)CC1
520,7.529818277540603,NC(=O)c1c(-c2ccc(Oc3ccc(F)cc3F)cc2)nn2c1NCCC2
521,7.436105699624237,NC(=O)c1c(-c2ccc(Oc3ccc(F)cc3)cc2)nn2c1NCCC2
522,8.041174989870125,Nc1ncnc2c1c(C(=O)Nc1nc3ccccc3s1)nn2CC1CCN(C(=O)C2CC2)CC1
523,7.879323322849391,CC(=O)N1CCC(CNc2ncnc(N)c2-c2ccc(Oc3ccccc3)cc2)CC1
524,7.434301745820307,CC(=O)N1CCC(CNc2ncnc(N)c2-c2ccc(Cl)cc2)CC1
525,8.282878523078674,CN(C)CC(=O)N1CCC[C@@H](n2nc(-c3ccc(Oc4ccccc4)cc3)c3c(N)ncnc32)C1
526,8.187999139474474,CC(C)C[C@@H](N)C(=O)N1CCC[C@@H](n2nc(-c3ccc(Oc4ccccc4)cc3)c3c(N)ncnc32)C1
527,8.999132707015137,CN(C)CCN(C)CCNc1cc2c(Nc3ccc(F)c(Cl)c3)ncnc2cc1O[C@H]1CCOC1
528,8.718145888065525,CC(=O)N1CCC(Nc2ccc3ncnc(Nc4ccc(F)c(Cl)c4)c3c2)CC1
529,8.17015543449976,CC(=O)N1CCC(Nc2ccc3ncnc(Nc4cccc(C(F)(F)F)c4)c3c2)CC1
530,7.7400063414043725,Clc1cccc(Nc2ncc(-c3cncc(NCC4CCOCC4)c3)cn2)c1
531,7.74749695305271,Clc1cccc(Nc2ncc(-c3cncc(NCCCn4cccn4)c3)cn2)c1
532,7.816000973127804,CN1CCN(CCNc2cncc(-c3cnc(Nc4ccccn4)nc3)c2)CC1
533,6.985234695513642,c1ccc(Nc2ncc(-c3cncc(NC4CCCCC4)c3)cn2)nc1
534,7.802655205013023,CN1CCC(Nc2cncc(-c3cnc(Oc4cccc(C(F)(F)F)c4)nc3)n2)CC1
535,7.882271683487087,O=C(Nc1ccccc1)N1CCC(Nc2nc(Nc3ccccc3)ncc2F)CC1
536,8.237197261638949,O=C(Nc1ccccc1)N1CCC(Nc2nc(Nc3cccc(Cl)c3)ncc2F)CC1
537,9.028932784438911,COCCN(CCO)CCOc1cc2ncnc(Nc3ccc(Cl)c(Cl)c3F)c2cc1OC1CCOC1
538,8.95075773070752,COCCN(CCOC)CCOc1cc2ncnc(Nc3ccc(Cl)c(Cl)c3F)c2cc1OC1CCOC1
539,9.046605664699307,CN(C)CCCN(C)C(=O)c1cc2c(Nc3ccc(Cl)c(Cl)c3F)ncnc2cc1O[C@H]1CCOC1
540,9.053608144159046,CN(C)CCN(C)C(=O)c1cc2c(Nc3ccc(Cl)c(Cl)c3F)ncnc2cc1O[C@H]1CCOC1
541,8.6638520447786,COCCOc1cc2ncnc(Nc3ccc(Cl)c(Cl)c3)c2cc1OC1CCOCC1
542,8.565462850692384,CN1CCC(Oc2cc3ncnc(Nc4ccc(Cl)c(Cl)c4)c3cc2OC2CCOCC2)CC1
543,8.730967411129793,COCCOc1cc2ncnc(Nc3ccc(Cl)c(Cl)c3)c2cc1OC1CCN(C)CC1
544,8.717802741491818,COCCOc1cc2ncnc(Nc3ccc(Cl)c(Cl)c3)c2cc1OCC1CCOC1
545,8.977616907677819,CN(C)CCCN1CCC(Oc2cc3c(Nc4ccc(F)c(F)c4F)ncnc3cc2O[C@H]2CCOC2)CC1
546,8.984801360893188,CN(C)CCN1CCC(Oc2cc3c(Nc4ccc(F)c(F)c4F)ncnc3cc2O[C@H]2CCOC2)CC1
547,9.026152685540309,CN(C)CCCN(C)C(=O)c1cc2c(Nc3cccc(Cl)c3F)ncnc2cc1O[C@H]1CCOC1
548,9.009062525902994,CN(C)CCCN1CCC(Oc2cc3c(Nc4cccc(Cl)c4F)ncnc3cc2O[C@H]2CCOC2)CC1
549,8.89716003583269,COCCN(CCOC)CCOc1cc2ncnc(Nc3ccc(Cl)cc3F)c2cc1OC1CCOC1
550,8.99745314209282,CN(C)CCCN(C)C(=O)c1cc2c(Nc3ccc(Cl)cc3F)ncnc2cc1O[C@H]1CCOC1
551,8.893959378610374,COCCN(C)CCOc1cc2ncnc(Nc3ccc(F)c(Cl)c3)c2cc1OC1CCOC1
552,7.707324591708999,COCCOc1cc2ncnc(Nc3ccc(OCc4cccc(F)c4)c(Cl)c3)c2cc1OCCOC
553,8.669082670560954,COCCOc1cc2ncnc(Nc3ccc(OCc4cccc(F)c4)c(Cl)c3)c2cc1OC1CCN(C(C)=O)CC1
554,8.620622152277008,COCCOc1cc2ncnc(Nc3ccc(OCc4ccccn4)c(Cl)c3)c2cc1OC1CCN(C(C)=O)CC1
555,8.473518445624812,COCCOc1cc2ncnc(Nc3ccc(OCc4ccccn4)c(Cl)c3)c2cc1OC1CCN(C)CC1
556,8.657429070076176,C#Cc1cccc(Nc2ncnc3cc(OCCCN4CCOCC4)c(OC4CCOCC4)cc23)c1
557,8.937222820442747,CCC(=O)N1CCC(Oc2cc3c(Nc4ccc(F)c(Cl)c4)ncnc3cc2OCCOC)CC1
558,8.35442710994296,COCCOc1cc2ncnc(Nc3cccc(C#N)c3)c2cc1OC1CCN(C(C)=O)CC1
559,8.305892877233866,CN1CCC(Oc2cc3ncnc(Nc4cccc(C#N)c4)c3cc2OC2CCOCC2)CC1
560,7.63211822717601,Clc1cnc(Nc2ccc(CN3CCCCC3)cc2)nc1OC1CCNCC1
561,8.014196823189085,Clc1cnc(Nc2ccc(CN3CCCCC3)cc2)nc1OC1CCN(Cc2ccccc2)CC1
562,7.89035916180038,CN1CCN(c2ccc(Nc3ncc(Cl)c(NC4CCN(C(=O)CO)CC4)n3)cc2)CC1
563,7.874411710069379,CN1CCN(c2ccc(Nc3ncc(Cl)c(NC4CCN(C(=O)C5CCCC5)CC4)n3)cc2)CC1
564,8.313358218159985,CN1CCN(c2ccc(Nc3nc(OC4CCN(C(=O)C5CCCC5)CC4)c4sccc4n3)cc2)CC1
565,8.055067669206219,CC(=O)N1CCC(Nc2nc(Nc3ccc(N4CCOCC4)cc3)nc3ccsc23)CC1
566,8.089456666024606,Nc1nccc2c1c(-c1ccc(Oc3ccccc3)cc1)nn2[C@@H]1CCCN(C(=O)[C@H](N)CO)C1
567,8.022344391027685,Nc1nccc2c1c(-c1ccc(Oc3ccccc3)cc1)nn2[C@@H]1CCCN(C(=O)CC2CC2)C1
568,8.439949796199855,CC(C)(O)C(=O)N1CCC[C@H](c2nn(-c3ccc(Oc4cccc(F)c4F)cc3)c3cncc(F)c23)C1
569,8.375856444343526,O=C(C1CC1)N1CCC[C@H](c2nn(-c3ccc(Oc4cccc(F)c4F)cc3)c3cncc(F)c23)C1
570,8.37954670079326,CC(=O)N1CCC[C@H](c2nn(-c3ccc(Oc4c(F)cccc4F)cc3)c3cncc(F)c23)C1
571,8.183154821465543,CC(=O)N1CCC[C@H](c2nn(-c3ccc(Oc4c(F)cccc4F)cc3)c3cnccc23)C1
572,7.271760810120851,NC(=O)c1c(-c2ccc(Oc3ccccc3)cc2)nn(C2CCCCC2)c1N
573,7.163287839088667,CC(=O)N1CCC[C@H](Nc2ncnc(N)c2-c2ccc(N(C)C)cc2)C1
574,7.171335269276519,CC(=O)N1CCC[C@H](Nc2ncnc(N)c2-c2ccc(NS(C)(=O)=O)cc2)C1
575,8.199632636792586,CC(C)(C)C(=O)N1CCC[C@@H]1Cn1nc(-c2ccc(Oc3ccccc3)cc2)c2c(N)ncnc21
576,8.699297612261738,CC(=O)N1CCC(CSc2nc(-c3ccnc(Nc4ccccc4)c3)c(-c3ccc(F)cc3)[nH]2)CC1
577,8.538919241019403,CC(=O)N1CCC(CSc2nc(-c3ccnc(NC(=O)C4CC4)c3)c(-c3ccc(F)cc3)[nH]2)CC1
578,8.494414037964168,CC(=O)N1CCC[C@@H](c2nn(-c3ccc(Oc4cc(F)cc(F)c4)cc3)c3cncc(F)c23)C1
579,8.536145071350921,O=C(CO)N1CCC[C@@H](c2nn(-c3ccc(Oc4cc(F)cc(F)c4)cc3)c3cncc(F)c23)C1
580,8.256649501147882,CC(=O)N1CCC[C@@H](c2nn(-c3ccc(Oc4ccccc4)cc3)c3cncc(F)c23)C1
581,8.508975404713535,O=C(CO)N1CCC[C@@H](c2nn(-c3ccc(Oc4cc(F)ccc4F)cc3)c3cncc(F)c23)C1
582,7.209834252765297,NC(=O)c1c(-c2ccc(Oc3ccccc3)cc2)nn(C2CCC2)c1N
583,7.275479528605697,NC(=O)c1c(-c2ccc(Oc3ccc(Cl)cc3)cc2)nn(C2CCCC2)c1N
584,7.661692795717552,NC(=O)c1c(-c2ccc(Oc3ccccc3)cc2)nn([C@@H]2CCCN(C(=O)C3CCCC3)C2)c1N
585,8.258995625501838,Nc1nccc2c1n(-c1ccc(Oc3ccccc3)cc1)c(=O)n2[C@@H]1CCCN(C(=O)C2CC2)C1
586,8.078833641612512,Nc1nccc2c1n(-c1ccc(Oc3ccccc3)cc1)c(=O)n2[C@@H]1CCCN(CC2CC2)C1
587,8.228661870894218,Nc1ncnc2c1c(C(=O)Nc1nc3ccc(F)cc3o1)nn2[C@H]1CCCN(C(=O)CC2CC2)C1
588,8.184901047676652,Nc1ncnc2c1c(C(=O)Nc1nc3ccc(F)cc3o1)nn2[C@H]1CCCN(C(=O)C2CC2)C1
589,8.230883807334942,Nc1ncnc2c1c(C(=O)Nc1nc3cc(F)ccc3o1)nn2[C@H]1CCCN(C(=O)CC2CC2)C1
590,6.946020880965632,C=Cc1nn([C@@H]2CCCN(C(=O)C3CC3)C2)c2ncnc(N)c12
591,6.766718253712035,C=Cc1nn([C@@H]2CCCN(C(=O)OC(C)(C)C)C2)c2ncnc(N)c12
592,7.1084236563348915,CC(C)(C)OC(=O)N1CCC(n2nc(C#CC3CCCCC3)c3c(N)ncnc32)CC1
593,7.607193720078864,CC(=O)N1CCC[C@@H](n2nc(C#Cc3ccccc3)c3c(N)ncnc32)C1
594,8.207818667702087,Nc1ncnc2c1c(-c1ccc(OCc3ccccn3)c(Cl)c1)nn2[C@@H]1CCCN(C(=O)[C@H](N)CO)C1
595,8.268671817754452,Nc1ncnc2c1c(-c1ccc(OCc3ccccn3)c(Cl)c1)nn2[C@@H]1CCCN(C(=O)C2CC2)C1
596,7.326402611332084,Nc1ncnc2c1c(-c1cccc(O)c1)nn2[C@@H]1CCCN(C(=O)CC2CC2)C1
597,7.363458199443833,CC(C)(C)OC(=O)N1CCC(n2nc(-c3cccc(O)c3)c3c(N)ncnc32)C1
598,7.323491682744592,CC(C)(C)OC(=O)N1CCC(n2nc(-c3cccc(O)c3)c3c(N)ncnc32)CC1
599,7.136308316969948,Nc1ncnc2c1c(-c1ccc(C(F)(F)F)cc1)nn2[C@@H]1CCCN(C(=O)[C@H](N)CO)C1
600,7.336241028579926,CC(C)(C)OC(=O)N1CCC(n2nc(-c3ccc(O)cc3)c3c(N)ncnc32)C1
601,7.324290478355078,CC(C)(C)OC(=O)N1CCC(n2nc(-c3ccc(F)cc3)c3c(N)ncnc32)C1
602,7.341676169103814,CC(C)(C)OC(=O)N1CCC(n2nc(-c3ccc(F)cc3)c3c(N)ncnc32)CC1
603,7.28699081254047,CCOC(=O)C[C@H]1CC[C@H](n2nc(-c3ccc(O)cc3)c3c(N)ncnc32)CC1
604,7.3442596593639555,Nc1ncnc2c1c(-c1cccc(Cl)c1)nn2[C@@H]1CCCN(C(=O)CC2CC2)C1
605,7.201463614518961,CC(C)(C)OC(=O)N1CCC(n2nc(-c3ccccc3)c3c(N)ncnc32)C1
606,7.302206908190469,Nc1ncnc2c1c(-c1ccccc1)nn2[C@@H]1CCCN(C(=O)CC2CC2)C1
607,7.730341957261131,CC(C)(C)OC(=O)N1CCC(n2nc(-c3cccc4[nH]ccc34)c3c(N)ncnc32)CC1
608,8.002128766176092,Nc1ncnc2c1c(-c1cccc3ccccc13)nn2[C@@H]1CCCN(C(=O)CC2CC2)C1
609,8.019438625577411,Nc1ncnc2c1c(-c1ccc3ccccc3c1)nn2[C@@H]1CCCN(C(=O)CC2CC2)C1
610,7.981321200745613,CC(C)(C)OC(=O)N1CCC(n2nc(-c3ccc4ccccc4c3)c3c(N)ncnc32)CC1
611,7.943572472702808,CC(C)(C)OC(=O)N1CCC[C@@H](n2nc(-c3cn(-c4ccccc4)nn3)c3c(N)ncnc32)C1
612,8.142880212054294,CC(C)(C)OC(=O)N1CCC[C@@H](n2nc(-c3cn(-c4ccc(F)cc4)nn3)c3c(N)ncnc32)C1
613,8.737556231922749,CC(C)(C)OC(=O)N1CCC[C@@H](n2nc(-c3cn(Cc4nc5ccccn5c4Br)nn3)c3c(N)ncnc32)C1
614,8.762641475888708,CC(C)(C)OC(=O)N1CCC[C@@H](n2nc(-c3cn(Cc4nc5ccc(Cl)cn5c4Br)nn3)c3c(N)ncnc32)C1
615,7.852707603797946,CC(C)(C)OC(=O)N1CCC(n2nc(-c3cnc4[nH]ccc4c3)c3c(N)ncnc32)CC1
616,7.712228748573323,Nc1ncnc2c1c(-c1cnc3[nH]ccc3c1)nn2[C@@H]1CCCN(C(=O)CC(F)(F)F)C1
617,7.012411702465922,Nc1ncnc2c1c(C1CC1)nn2[C@@H]1CCCN(C(=O)CC2CC2)C1
618,6.965117487913087,CCCC(=O)N1CCC[C@@H](n2nc(C3CC3)c3c(N)ncnc32)C1
619,7.558379958687484,CC(C)(C)OC(=O)N1CCC(n2nc(Cc3ccccc3)c3c(N)ncnc32)C1
620,7.603118168484678,CC(C)(C)OC(=O)N1CCC(n2nc(Cc3ccccc3)c3c(N)ncnc32)CC1
621,6.955121330447583,Nc1ncnc2c1c(I)nn2[C@@H]1CCCN(C(=O)CC(F)(F)F)C1
622,6.955121330447583,Nc1ncnc2c1c(I)nn2[C@H]1CCCN(C(=O)CC(F)(F)F)C1
623,8.20580429605899,Nc1ncnc2c1cnn2[C@H]1CCCN(C(=O)CC(c2ccccc2)c2ccccc2)C1
624,8.20580429605899,Nc1ncnc2c1cnn2[C@@H]1CCCN(C(=O)CC(c2ccccc2)c2ccccc2)C1
625,7.881580208511945,O=C(CN1CCOCC1)N1CCC[C@@H](Nc2nc(Nc3cccc(Cl)c3)ncc2F)C1
626,7.687072965410282,CN1CCC(Nc2nc(Nc3cccc(Cl)c3)ncc2F)CC1
627,8.032402714284311,CC(=O)N1CCC[C@@H](Nc2nc(Nc3cccc(OCCN4CCOCC4)c3)ncc2F)C1
628,8.048654415341575,O=C(CO)N1CCC[C@@H](Nc2nc(Nc3cccc(OCCN4CCOCC4)c3)ncc2F)C1
629,7.769174664522166,CC(=O)N1CCC[C@@H](Nc2nc(Nc3ccc(OC4CCOCC4)cc3)ncc2F)C1
630,7.773032694815178,O=C(CO)N1CCC[C@@H](Nc2nc(Nc3ccc(OC4CCOCC4)cc3)ncc2F)C1
631,7.642905871925122,CC(=O)N1CCC(Oc2ccc(Nc3ncc(F)c(N[C@@H]4CCCN(C(C)=O)C4)n3)cc2)CC1
632,7.692964246359484,CC(=O)N1CCC[C@H](Nc2nc(Nc3ccc4c(c3)OCO4)nc3nc[nH]c23)C1
633,7.515947860210651,COc1ccc(Nc2nc(N[C@H]3CCCNC3)c3[nH]cnc3n2)cc1OC
634,7.804768867489487,CC(=O)N1CCC[C@H]1c1nc(-c2ccc(Oc3ccc(C#N)cc3)cc2)c2cnccn12
635,8.053383439048073,CC(=O)N1CCC[C@H]1c1nc(-c2ccc(Oc3ccc(F)cc3)cc2)c2cnccn12
636,7.895915891468135,CC(C)(C)OC(=O)N1CCC[C@H]1c1nc(-c2ccc(OC(F)(F)F)cc2)c2cnccn12
637,7.971596442428664,CC(C)(C)OC(=O)N1CCC[C@H]1c1nc(-c2ccc(OCc3ccccc3)cc2)c2cnccn12
638,7.8959330171850555,Nc1ncnc2c1c(-c1ccc(Oc3ccccc3)cc1)nn2CC1CCNCC1
639,8.034020979581909,Nc1ncnc2c1c(-c1ccc(Oc3ccccc3)cc1)nn2CC1CCN(C(=O)C2CC2)CC1
640,7.920166552849706,CC(=O)N1CCC(CSc2nc(-c3ccnc(N)c3)c(-c3ccc(F)cc3)[nH]2)CC1
641,8.20076486364163,CC(=O)N1CCC2(CC1)CNC(=O)c1cc(-c3ccnc(-c4cccc(F)c4)n3)[nH]c12
642,8.102563543574382,CC(=O)N1CCC2(CC1)CNC(=O)c1cc(-c3ccnc(-c4cccc(C(F)(F)F)c4)n3)[nH]c12
643,7.933526716306297,NC(=O)c1c(-c2ccc(Oc3ccccc3)cc2)[nH]n2c3c(nc12)CCN(Cc1ccccc1)C3
644,7.722405448529361,NC(=O)c1c(-c2ccc(Oc3ccccc3)cc2)[nH]n2c3c(nc12)CCCC3
645,7.874191834775787,CC(=O)N1CCc2c(sc3ncnc(N[C@@H](C)c4ccccc4)c23)C1
646,8.125196753114801,COCCNC(=O)N1CCc2c(sc3ncnc(N[C@@H](C)c4ccccc4)c23)C1
647,8.488759160704086,OC[C@@H](Nc1ncnc2sc3c(c12)CCN(Cc1ccccc1)C3)c1ccccc1
648,7.631429307916712,OC[C@@H](Nc1ncnc2sc3c(c12)CCCC3)c1ccccc1
649,7.778946761111751,COc1ccc(Nc2ncnc3sc4c(c23)CCN(C(C)=O)C4)cc1
650,8.16603311679815,CC(=O)N1CCc2c(sc3ncnc(Nc4ccc(F)c(Cl)c4)c23)C1
651,7.6342895562788735,Nc1ncnc2c1c(C(=O)Nc1nc3ccccc3s1)nn2CC1CCCCC1
652,7.636688318464175,Nc1ncnc2c1c(-c1ccc3ccccc3c1)nn2C1CCCC1
653,6.992923250499696,O=C1NCc2c(F)c(NC3CCCC3)nc(-c3cnn(C4CC4)c3)c21
654,6.9437426372776985,O=C1NCc2c(F)c(NC3CCNCC3)nc(-c3cnn(C4CC4)c3)c21
655,7.610038098112911,CN1CCN(c2ccc(Nc3nc(NC4CCCC4)c(F)c4c3CNC4=O)cc2)CC1
656,6.93982787241981,CC(=O)N1CCCC(Nc2nc(Nc3cnn(C)c3)c3c(c2F)CNC3=O)C1
657,7.691452025112692,NC(=O)c1c(-c2ccc(C(=O)Nc3cc(Cl)ccn3)cc2)nc(C2CCCCN2)n1N
658,7.684200925257457,NC(=O)c1c(-c2ccc(C(=O)Nc3cc(Cl)ccn3)cc2)nc([C@@H]2CCCCN2)n1N
659,7.446563716902471,NC(=O)c1c(-c2ccc(C(=O)Nc3cc(C(F)(F)F)ccn3)cc2)nc(C2CCCCN2)n1N
660,7.443355519108651,NC(=O)c1c(-c2ccc(C(=O)Nc3cc(C(F)(F)F)ccn3)cc2)nc([C@@H]2CCCCN2)n1N
661,7.796176073914489,NC(=O)c1c(-c2ccc(C(=O)Nc3cc(-c4ccccc4)ccn3)cc2)nc([C@@H]2CCCCN2)n1N
662,7.867015811890934,NC(=O)c1c(-c2ccc(C(=O)Nc3cc(-c4ccccc4)ccn3)cc2)nc([C@@H]2CCCN2)n1N
663,7.758316000613703,CC(=O)N1CCC[C@H]1c1nc(-c2ccc(C(=O)Nc3cc(-c4ccccc4)ccn3)cc2)c(C(N)=O)n1N
664,7.809815071546261,NC(=O)c1c(-c2ccc(C(=O)Nc3cc(-c4ccccc4)ccn3)cc2)nc(C2CCCCN2)n1N
665,8.068693237314925,CC(C)C[C@@H](N)C(=O)N1CCC(n2nc(-c3ccc(Oc4ccccc4)cc3)c3c(N)ncnc32)CC1
666,8.022907343819146,CN1CCc2nc3c(C(N)=O)c(-c4ccc(Oc5ccccc5)cc4)[nH]n3c2C1
667,8.65915795483839,CN1CCN(CC(=O)N2CCCCCCn3cc(c4ccccc43)-c3ccnc(n3)Nc3cccc(c3)C2)CC1
668,8.575550129592735,CN1CCN(C(=O)CN2CCCCCCn3cc(c4ccccc43)-c3ccnc(n3)Nc3cccc(c3)C2)CC1
669,8.744349225687797,CN1CCN(CC(=O)N2CCCCn3cc(c4ccccc43)-c3ccnc(n3)Nc3cccc(c3)C2)CC1
670,8.711393947303552,CN1CCN(CC(=O)N2CCCCCn3cc(c4ccccc43)-c3ccnc(n3)Nc3cccc(c3)C2)CC1
671,8.680262216517677,CC(=O)N1CCC(C(=O)N2CCCCn3cc(c4ccccc43)-c3ccnc(n3)Nc3ccc(F)cc32)CC1
672,8.450161954490474,CN1CCCC1CCN1CCCCn2cc(c3ccccc32)-c2ccnc(n2)Nc2ccccc21
673,7.884059563831885,C=CCOc1ccc2c(c1)Nc1nccc(n1)-c1ccnc(n1)N2
674,8.446261194352012,C=CCOc1ccc2c(c1)Nc1nccc(n1)-c1ccnc(n1)N2CCCCCCO
675,8.411034428802765,CC(=O)N1CCCCCn2cc(c3ccccc32)-c2ccnc(n2)Nc2cccc(c2)C1
676,8.303078456151038,CC(=O)N1CCCn2cc(c3ccccc32)-c2ccnc(n2)Nc2cccc(c2)C1
677,8.37239425722615,O=C(CO)N1CCOC(c2nn(-c3ccc(Oc4c(F)cccc4F)cc3)c3cncc(F)c23)C1
678,8.375670979619844,O=C(CO)N1CCO[C@@H](c2nn(-c3ccc(Oc4c(F)cccc4F)cc3)c3cncc(F)c23)C1
679,8.334191575813382,OCCOc1ccc(Nc2ncc(F)c(Nc3ccc(OCc4ccccn4)c(Cl)c3)n2)cc1
680,8.514573916574298,CN1CCN(C(=O)c2ccc(Nc3ncc(F)c(Nc4ccc(OCc5ccccn5)c(Cl)c4)n3)cc2)CC1
681,8.063228784951203,CN1CCN(C(=O)c2cccc(Nc3ncc(F)c(Nc4cccc(Cl)c4)n3)c2)CC1
682,7.909464192259541,O=C(Nc1cccc(Nc2ncc(F)c(Nc3cccc(Cl)c3)n2)c1)c1cnccn1
683,8.014322751058643,O=C1Cc2cc(Nc3nc(Nc4ccc5c(c4)CCCN5)ncc3F)ccc2N1
684,8.000317667743685,O=C1Cc2cc(Nc3nc(Nc4ccc5c(c4)CCNC5)ncc3F)ccc2N1
685,8.574075512897533,CN1CCN(C(=O)c2ccc3ncnc(Nc4ccc(OCc5ccccn5)c(Cl)c4)c3c2)CC1
686,8.565198816409001,CN1CCOc2c(ccc3ncnc(Nc4ccc(OCc5ccccn5)c(Cl)c4)c23)C1=O
687,8.51327532263425,CC(=O)N1CCOc2c1ccc1ncnc(Nc3ccc(OCc4ccccn4)c(Cl)c3)c21
688,8.241569579745207,CC(=O)N1CCOc2c1ccc1ncnc(Nc3ccc(C(C)(C)C)cc3)c21
689,8.102546385535314,CC(=O)N1CCOc2c1ccc1ncnc(Nc3cccc(C(=O)c4ccccc4)c3)c21
690,8.363629034737304,CC(=O)N1CCOc2c1ccc1ncnc(Oc3ccc(OCc4ccccn4)c(Cl)c3)c21
691,8.342745498145968,COCCN1CCOc2c1ccc1ncnc(Oc3ccc(OCc4cccc(F)c4)c(Cl)c3)c21
692,7.578405132143216,CCOC(=O)N1CCOc2c1ccc1ncnc(Oc3ccc(OC)c(Cl)c3)c21
693,8.03764935117507,CC(=O)N1CCOc2c1ccc1ncnc(Oc3ccc(OCc4ccccc4)cc3)c21
694,7.631571513307258,CC(=O)N1CCOc2c1ccc1ncnc(Oc3ccc(OC(C)C)cc3)c21
695,7.709297585100724,CCOC(=O)N1CCOc2c1ccc1ncnc(Oc3ccc(F)cc3)c21
696,7.9243150243374725,CCOC(=O)N1CCOc2c1ccc1ncnc(Oc3ccc(F)c(Cl)c3)c21
697,8.226456114259708,CC(=O)N1CCOc2c1ccc1ncnc(Oc3ccc(OCc4ccccn4)cc3)c21
698,8.159161545770019,C=CCOc1ccc(Oc2ncnc3ccc4c(c23)OCCN4C(=O)CC)cc1
699,7.344976972417525,CCOC(=O)N1CCOc2c1ccc1ncnc(Oc3ccc(OC)cc3)c21
700,8.969595718298578,O=C(Nc1cc2c(Cc3ccc(F)c(Cl)c3)ncnc2cc1OCCCN1CCOCC1)C1CC1
701,9.028436943139114,O=C(Nc1cc2c(Cc3ccc(F)c(Cl)c3)ncnc2cc1OCCCN1CCOCC1)C1CCC1
702,8.99272888189068,O=C(Nc1cc2c(Cc3ccc(F)c(Cl)c3)ncnc2cc1OCCCN1CCC(O)CC1)C1CC1
703,8.75617052238618,C#CCOc1cc2ncnc(Cc3ccc(F)c(Cl)c3)c2cc1NC(=O)CNC(C)C
704,8.68375490758978,C#CCNC(=O)Nc1cc2c(Cc3ccc(F)c(Cl)c3)ncnc2cc1OCCOCCOC
705,8.41918066749738,C#CCOc1cc2ncnc(Cc3cccc(Br)c3)c2cc1NC(=O)CNC(C)=O
706,8.806945828291337,O=C(Nc1cc2c(Cc3cccc(Br)c3)ncnc2cc1OCCCN1CCOCC1)C1CCC1
707,8.612883309345582,O=C(Nc1cc2c(Cc3cccc(Br)c3)ncnc2cc1OCCCN1CCOCC1)c1ccccc1
708,8.876888791488614,COc1cc2ncnc(Nc3ccc(Br)c(Cl)c3F)c2cc1OCCN1CCOCC1
709,9.004698804680563,COCCNCCOc1cc2ncnc(Nc3ccc(Br)c(Cl)c3F)c2cc1NC(=O)CN(C)C
710,8.619130237272806,CN(C)CCCNC(=O)COc1cc2ncnc(Nc3ccc(Br)c(Cl)c3F)c2cc1N
711,8.667126527903049,CN(C)CCCNC(=O)COc1cc2ncnc(Nc3ccc(Br)c(Cl)c3F)c2cc1NC(=O)CN(C)C
712,8.811516877250929,CN(C)CCCNC(=O)Nc1cc2c(Nc3ccc(Br)c(Cl)c3F)ncnc2cc1OCCCN1CCOCC1
713,8.66752283511698,CN(C)CCNC(=O)COc1cc2ncnc(Nc3ccc(Br)c(Cl)c3F)c2cc1NC(=O)CN(C)C
714,8.773261763252062,COc1cc2ncnc(Nc3ccc(Br)c(F)c3F)c2cc1OCCN1CCOCC1
715,8.898739285356609,COCCNCCOc1cc2ncnc(Nc3ccc(Br)c(F)c3F)c2cc1NC(=O)CN(C)C
716,8.632040304483183,O=C(CCn1cc(COc2cc3ncnc(Nc4cccc(Cl)c4F)c3cc2NC(=O)c2ccccc2)nn1)NO
717,8.639441490630846,C#Cc1cccc(Nc2ncnc3cc(OCc4cn(CCC(=O)NO)nn4)c(OC)cc23)c1
718,8.662146559826784,O=C(CCCn1cc(COc2cc3ncnc(Nc4cccc(Cl)c4F)c3cc2NC(=O)c2ccccc2)nn1)NO
719,8.641145478781699,O=C(CCCCn1cc(COc2cc3ncnc(Nc4cccc(Cl)c4F)c3cc2NC(=O)c2ccccc2)nn1)NO
720,8.834505468472248,C#Cc1cccc(Nc2ncnc3cc(OCc4cn(CCCCCC(=O)NO)nn4)c(OC)cc23)c1
721,8.743293293765557,C#CCNC(=O)Nc1cc2c(Nc3ccc(Br)cc3F)ncnc2cc1O[C@H]1CCOC1
722,8.444585357251878,O=C(Nc1cc2c(Nc3ccc(Br)cc3F)ncnc2cc1O[C@H]1CCOC1)N1CCC(F)(F)CC1
723,9.056287917864283,O=C(Nc1cc2c(Nc3ccc(Br)cc3F)ncnc2cc1OCCN1CCOCC1)C1CC1
724,9.104104431051278,O=C(Nc1cc2c(Nc3ccc(Br)cc3F)ncnc2cc1OCCN1CCOCC1)C1CCC1
725,8.727545890277813,O=C(Nc1cc2c(Nc3ccc(Br)cc3F)ncnc2cc1OCC1=NCCN1)c1ccccc1
726,8.648701865245698,O=C(Nc1cc2c(Nc3ccc(Br)cc3F)ncnc2cc1OCC1=NCCO1)c1ccccc1
727,8.848519689370898,CN1CCN(CCOc2cc3ncnc(Nc4ccc(Br)cc4F)c3cc2NC(=O)CC#N)CC1
728,8.827643569704307,COC(=O)N1CCC(COc2cc3ncnc(Nc4ccc(Br)cc4F)c3cc2NC(=O)CN(C)C)CC1
729,8.963676617295638,O=C(Nc1cc2c(Nc3ccc(Br)cc3F)ncnc2cc1OCC1CCNCC1)C1CCC1
730,8.741470682285923,COC(=O)N1CCC(COc2cc3ncnc(Nc4ccc(Br)cc4F)c3cc2NC(=O)[C@@H](C)N)CC1
731,8.880933084905314,CNC(=O)CN1CCC(COc2cc3ncnc(Nc4ccc(Br)cc4F)c3cc2NC(C)=O)CC1
732,8.894080555035671,CNC(=O)CN1CCC(Oc2cc3ncnc(Nc4ccc(Br)cc4F)c3cc2NC(=O)CN(C)C)CC1
733,8.710782399810501,C#CCNC(=O)Nc1cc2c(Nc3ccc(Br)cc3F)ncnc2cc1OCC1CNC(=O)O1
734,8.22167397602712,C#CCNC(=O)Nc1cc2c(Nc3ccc(C#N)cc3)ncnc2cc1OCC1CNC(=O)O1
735,8.846732825134188,C#CCNCCCOc1cc2ncnc(Nc3ccc(Br)cc3F)c2cc1NC(=O)CC
736,8.911053068185835,C#CCNCCCOc1cc2ncnc(Nc3ccc(Br)cc3F)c2cc1NC(=O)CNC
737,8.891624981153512,C#CCNCCCOc1cc2ncnc(Nc3ccc(Br)cc3F)c2cc1NC(=O)CNCC
738,8.84394129803795,C#CCNCCOc1cc2ncnc(Nc3ccc(Br)cc3F)c2cc1NC(=O)CNCCC#N
739,8.485323348687018,C#CCNC(=O)COc1cc2ncnc(Nc3ccc(Br)cc3F)c2cc1NC(=O)c1ccccc1
740,8.737581376365535,CN(C)CCCNC(=O)c1cc2ncnc(Nc3ccc(Br)cc3F)c2cc1NC(=O)CN(C)C
741,8.90027489496818,CN(C)CCCNC(=O)c1cc2ncnc(Nc3ccc(Br)cc3F)c2cc1OCCO
742,8.650119009105095,COC(=O)NCCOc1cc2ncnc(Nc3ccc(Br)cc3F)c2cc1NC(=O)CN(C)C
743,8.849362892155758,COC(=O)CCNc1cc2c(Nc3ccc(Br)cc3F)ncnc2cc1OCCN(C)C
744,8.655658741965883,CN(C)CCCNC(=O)COc1cc2ncnc(Nc3ccc(Br)cc3F)c2cc1NC(=O)CN(C)C
745,8.597961717854254,CN(C)CCCNC(=O)COc1cc2ncnc(Nc3ccc(Br)cc3F)c2cc1N
746,8.820070699406275,O=C(NCCO)C1CCN(CCOc2cc3ncnc(Nc4ccc(Br)cc4F)c3cc2NC(=O)C2CC2)CC1
747,8.85778748674306,COCCOc1cc2ncnc(Nc3ccc(Br)cc3F)c2cc1NC(=O)CN(C)C
748,8.959181497289253,C#CCNCCOc1cc2ncnc(Nc3ccc(Br)cc3F)c2cc1NC(=O)C1CC1
749,8.821867895915624,CNCCCOc1cc2ncnc(Nc3ccc(Br)cc3F)c2cc1NC(=O)CN
750,8.8280050605538,COC(=O)CCNCCOc1cc2ncnc(Nc3ccc(Br)cc3F)c2cc1NC(=O)CN(C)C
751,9.034531503133724,COCCOc1cc2ncnc(Nc3ccc(Br)cc3F)c2cc1NC(=O)CN1CCOCC1
752,8.835742688480105,COC(=O)CCN(C)CCOc1cc2ncnc(Nc3ccc(Br)cc3F)c2cc1NC(=O)CN(C)C
753,8.855468244165419,CN(C)CCCN(C)CCOc1cc2ncnc(Nc3ccc(Br)cc3F)c2cc1NC(=O)CN(C)C
754,8.673905322240886,CNCC(=O)N(C)CCOc1cc2ncnc(Nc3ccc(Br)cc3F)c2cc1NC(=O)CN(C)C
755,8.568663186958068,CNCC(=O)N(C)CCOc1cc2ncnc(Nc3ccc(Br)cc3F)c2cc1NC(=O)CN
756,8.919534310444153,O=C(CN1CCOCC1)NCCOc1cc2ncnc(Nc3ccc(Br)cc3F)c2cc1O
757,8.897112697750561,O=C(CN1CCOCC1)NCCOc1cc2ncnc(Nc3ccc(Br)cc3F)c2cc1OCCO
758,8.747855737617343,COC(=O)CN(C)CCOc1cc2ncnc(Nc3ccc(Br)cc3F)c2cc1NC(=O)CN(C)C
759,9.134143017856902,O=C(CN1CCOCC1)Nc1cc2c(Nc3ccc(Br)cc3F)ncnc2cc1OCCN1CCCC1
760,9.069578293448842,O=C(CN1CCOCC1)Nc1cc2c(Nc3ccc(Br)cc3F)ncnc2cc1O[C@H]1CCNC1
761,8.614488323021746,CNC(=O)COc1cc2ncnc(Nc3ccc(Br)cc3F)c2cc1NC(=O)CN(C)C
762,9.026045781244905,C[C@@H](N)C(=O)Nc1cc2c(Nc3ccc(Br)cc3F)ncnc2cc1OCCN1CCN(C)CC1
763,9.006811972440245,CN1CCN(CCOc2cc3ncnc(Nc4ccc(Br)cc4F)c3cc2NC(=O)[C@@H](N)C(C)(C)C)CC1
764,8.99235411893588,COCCOc1cc2ncnc(Nc3ccc(Br)cc3F)c2cc1NC(=O)[C@@H]1CCCN1
765,8.791443813002155,C=CCOC(=O)Nc1cc2c(Nc3ccc(Br)cc3F)ncnc2cc1OCCNC(C)=O
766,8.721640031745473,C=CCOC(=O)Nc1cc2c(Nc3ccc(Br)cc3F)ncnc2cc1OCCN
767,8.88540050299384,O=C(O)COCCOc1cc2ncnc(Nc3ccc(Br)cc3F)c2cc1NC(=O)C1CC1
768,8.440823577729082,O=C(O)COCCOc1cc2ncnc(Nc3ccc(Br)cc3F)c2cc1NC(=O)c1ccccc1
769,8.544792643369227,O=C(Nc1cc2c(Nc3ccc(Cl)c(C(F)(F)F)c3)ncnc2cc1O[C@H]1CCOC1)N1CCC(F)(F)CC1
770,8.404568860336616,O=C(Nc1cc2c(Nc3ccc(Cl)c(C(F)(F)F)c3)ncnc2cc1O[C@H]1CCOC1)N1CCC(O)CC1
771,8.541916483482305,C#CCNC(=O)Nc1cc2c(Nc3ccc(F)c(C#N)c3)ncnc2cc1O[C@H]1CCOC1
772,8.285333017787632,COCCCNC(=O)Nc1cc2c(Nc3ccc(F)c(Cl)c3)ncnc2cc1O[C@H]1CCOC1
773,8.249749618531432,O=C(Nc1cc2c(Nc3ccc(F)c(Cl)c3)ncnc2cc1O[C@H]1CCOC1)N1CCC(F)CC1
774,8.905011206336765,C#CCOc1cc2ncnc(Nc3ccc(F)c(Cl)c3)c2cc1NC(=O)CNC(C)C
775,8.929335645720114,C=CCOc1cc2ncnc(Nc3ccc(F)c(Cl)c3)c2cc1NC(=O)CNC(C)C
776,8.678339323643977,O=C(Nc1cc2c(Nc3ccc(F)c(Cl)c3)ncnc2cc1OCc1ccccn1)C1CC1
777,8.383026231131558,O=C(Nc1cc2c(Nc3ccc(F)c(Cl)c3)ncnc2cc1OCc1ccccn1)c1ccccc1
778,8.635312348293777,C#CCNC(=O)Nc1cc2c(Nc3ccc(F)c(Cl)c3)ncnc2cc1OCc1cn(Cc2ccccc2)nn1
779,8.498114843848224,O=C(Nc1cc2c(Nc3ccc(F)c(Cl)c3)ncnc2cc1OCc1cn(Cc2ccccc2)nn1)c1ccccc1
780,8.640014709454789,O=C(Nc1cc2c(Nc3ccc(F)c(Cl)c3)ncnc2cc1OCc1cn(Cc2cccnc2)nn1)c1ccccc1
781,8.614389551403585,O=C(Nc1cc2c(Nc3ccc(F)c(Cl)c3)ncnc2cc1OCc1cn(Cc2ccccc2)nn1)c1ccccn1
782,8.687540071085051,O=C(CCn1cc(COc2cc3ncnc(Nc4ccc(F)c(Cl)c4)c3cc2NC(=O)c2ccccc2)nn1)NO
783,8.78933358911941,O=C(Nc1cc2c(Nc3ccc(F)c(Cl)c3)ncnc2cc1OCc1cn(CCO)nn1)c1ccccc1
784,8.665758904186983,O=C(CCCn1cc(COc2cc3ncnc(Nc4ccc(F)c(Cl)c4)c3cc2NC(=O)c2ccccc2)nn1)NO
785,8.705160440313987,C#Cc1cccc(Nc2ncnc3cc(OCc4cn(CCCC(=O)NO)nn4)c(OC)cc23)c1
786,8.808058163295696,C#Cc1cccc(Nc2ncnc3cc(OCc4cn(CCCCC(=O)NO)nn4)c(OC)cc23)c1
787,8.673922587644478,O=C(CCCCn1cc(COc2cc3ncnc(Nc4ccc(F)c(Cl)c4)c3cc2NC(=O)c2ccccc2)nn1)NO
788,8.761806359215928,O=C(Nc1cc2c(Nc3ccc(F)c(Cl)c3)ncnc2cc1OCc1cn(CCCO)nn1)c1ccccc1
789,8.781396425746678,C#CCNC(=O)Nc1cc2c(Nc3ccc(F)c(Cl)c3)ncnc2cc1OCc1cn(CCO)nn1
790,8.482113740323118,C#CCOc1cc2ncnc(Nc3ccc(OCc4cccc(F)c4)c(Cl)c3)c2cc1NC(=O)CC
791,8.646968394695852,C#CCOc1cc2ncnc(Nc3ccc(OCc4cccc(F)c4)c(Cl)c3)c2cc1NC(=O)C1CCNCC1
792,8.516165742416497,C#CCNC(=O)Nc1cc2c(Nc3ccc(OCc4cccc(F)c4)c(F)c3)ncnc2cc1OCc1cn(CCC(=O)NO)nn1
793,8.613100228422093,CCCCCCn1cc(COc2cc3ncnc(Nc4ccc(OCc5cccc(F)c5)c(Cl)c4)c3cc2NC(=O)CC)nn1
794,8.510593201619894,CCCCCn1cc(COc2cc3ncnc(Nc4ccc(OCc5cccc(F)c5)c(Cl)c4)c3cc2OC)nn1
795,8.60045894030271,C#CCNC(=O)Nc1cc2c(Nc3ccc(OCc4cccc(F)c4)c(Cl)c3)ncnc2cc1OCc1cn(CCC(=O)NO)nn1
796,8.449560366250015,COCCCCn1cc(COc2cc3ncnc(Nc4ccc(OCc5cccc(F)c5)c(Cl)c4)c3cc2OC)nn1
797,8.68902568395699,CCC(=O)Nc1cc2c(Nc3ccc(OCc4cccc(F)c4)c(Cl)c3)ncnc2cc1OCc1cn(CCCCOC)nn1
798,8.646255153324171,C#CCOc1cc2ncnc(Nc3ccc(OCc4ccccn4)c(Cl)c3)c2cc1NC(=O)CNC
799,8.624579352997769,C#CCOc1cc2ncnc(Nc3ccc(OCc4ccccn4)c(Cl)c3)c2cc1NC(=O)C1CCNCC1
800,8.509888957190062,CC(=O)Nc1cc2c(Nc3ccc(OCc4ccccn4)cc3)ncnc2cc1O[C@H]1CCOC1
801,8.367633909140823,C#CCOc1cc2ncnc(Nc3ccc(OCc4cccc(F)c4)c(C)c3)c2cc1NC(=O)CC
802,8.65385028821382,O=C(Nc1cc2c(Nc3ccc(OCc4ccccn4)cc3)ncnc2cc1O[C@H]1CCOC1)C1CCCC1
803,8.628177163902444,C#Cc1cccc(Nc2ncnc3cc(OC)c(NC(=O)C=C)cc23)c1
804,8.477505785664208,C#Cc1cccc(Nc2ncnc3cc(OCC4CC4)c(NC(=O)CC)cc23)c1
805,8.215456767637601,O=C(Nc1ccc2ncnc(Cc3ccc(F)c(Cl)c3)c2n1)C1CC1
806,8.853034944007538,O=C(Nc1nc2c(Cc3ccc(F)c(Cl)c3)ncnc2cc1OCCCN1CCCC1)C1CC1
807,8.195138559587619,c1ccc(-c2oc3ncnc(NC4CCCCC4)c3c2-c2ccc3c(c2)OCO3)cc1
808,8.206676626426306,c1ccc(-c2oc3ncnc(NC4CCCC4)c3c2-c2ccc3c(c2)OCO3)cc1
809,8.160297541303212,COc1ccc(-c2c[nH]c3ncnc(Nc4ccc5c(cnn5Cc5ccccc5)c4)c23)cc1OC
810,8.61012793408891,CN(C)CCOc1ccc(-c2c[nH]c3ncnc(Nc4ccc5c(cnn5Cc5ccccc5)c4)c23)cc1
811,7.80716807353302,COc1ccc(CNc2ncc3ncc(=O)n(-c4cccc(NC(C)=O)c4)c3n2)cc1
812,7.804196626568317,COc1ccc(Nc2ncc3ncc(=O)n(-c4cccc(NC(C)=O)c4)c3n2)cc1OC
813,7.711472178300862,O=c1cnc2cnc(Nc3ccc(Cl)cc3)nc2n1-c1ccccc1
814,8.252911462726344,O=c1cnc2cnc(Nc3ccc(N4CCOCC4)cc3)nc2n1-c1cccc(Cl)c1
815,7.954263436095548,O=c1cnc2cnc(Nc3ccc(N4CCOCC4)cc3)nc2n1-c1ccccc1
816,7.408304164797567,O=c1cnc2cnc(Nc3ccccc3)nc2n1-c1ccccc1
817,7.774740187710709,O=c1cnc2cnc(Nc3ccccc3)nc2n1-c1cccc(Cl)c1
818,8.336746008510998,COc1ccc(-n2c(=O)c(C3CCCCC3)nc3cnc(Nc4ccc(C(=O)O)cc4)nc32)cc1
819,8.40149507727248,COc1ccc(-n2c(=O)c(C3CCCCC3)nc3cnc(Nc4cccc(C(=O)N(C)C)c4)nc32)cc1
820,7.86366031417993,CC(=O)Nc1cccc(NC(=O)Nc2ccnc(Nc3ccc(N4CCOCC4)cc3)n2)c1
821,7.872691284220901,CC(=O)Nc1cccc(NC(=O)Nc2ccnc(Nc3ccccc3)n2)c1
822,7.31585422119909,C=CC(=O)Nc1cccc(Oc2ccnc(N)c2-c2ccc(Cl)cc2)c1
823,7.24760686030346,C=CC(=O)Nc1cccc(Oc2ccnc(N)c2-c2ccc(C)cc2)c1
824,8.274220329627537,C=CC(=O)Nc1cccc(Oc2ccnc(Nc3ccc(N4CCOCC4)cc3)n2)c1
825,8.38818524424274,C=CC(=O)Nc1cccc(Oc2nc(Nc3ccc(N4CCOCC4)cc3)ncc2C)c1
826,8.382260056437262,C=CC(=O)Nc1cccc(Oc2nc(Nc3ccc(N4CCOCC4)cc3)ncc2Cl)c1
827,8.462309032684278,C=CC(=O)Nc1cccc(Oc2ccnc(Nc3ccc(CC(=O)N4CCOCC4)cc3)n2)c1
828,8.268856132337104,CN1CCN(c2cccc(Nc3ncc(F)c(Nc4cccc(NS(C)(=O)=O)c4)n3)c2)CC1
829,8.315965106710344,CN1CCN(c2cccc(Nc3ncc(F)c(Oc4cccc(NC(=O)CN)c4)n3)c2)CC1
830,8.36574757913092,CC(=O)Nc1cccc(Oc2nc(Nc3cccc(OCCN4CCOCC4)c3)ncc2F)c1
831,8.375984525267901,CC(=O)Nc1cccc(Oc2nc(Nc3ccc(OCCN4CCOCC4)cc3)ncc2F)c1
832,8.031385243460717,CC(=O)Nc1cccc(Oc2nc(Nc3ccc(N4CCOCC4)cc3)ncc2F)c1
833,7.179873694145532,O=C(Nc1cccc(Oc2nc(Nc3ccccc3)ncc2F)c1)c1ccccc1
834,7.6148488738901055,O=C(Nc1cccc(Oc2nc(Nc3ccccc3)ncc2F)c1)c1cnccn1
835,8.23417104253966,Nc1cccc(Nc2nc(Nc3ccc(N4CCOCC4)cc3)nc3[nH]cc(-c4ccncc4)c23)c1
836,8.620559298020076,CN(C)CCNC(=O)c1cccc(Nc2nc(Nc3ccc(N4CCOCC4)cc3)nc3[nH]cc(-c4ccncc4)c23)c1
837,7.984327024379588,C=CC(=O)Nc1cccc(Oc2cc(Nc3ccc(OCc4ccccc4)cc3)ncn2)c1
838,7.95139469454941,C=CC(=O)Nc1cccc(Oc2cc(Nc3ccc(OCc4ccccc4)c(OC)c3)ncn2)c1
839,8.123170786599545,C=CC(=O)Nc1cccc(Oc2ncnc(N)c2-c2ccc(Cl)cc2)c1
840,8.351481863920853,C=CC(=O)Nc1cccc(Nc2ncnc(N)c2-c2ccc(Cl)cc2)c1
841,8.456610585511193,OC[C@@H](Nc1ncnc2oc(-c3ccccc3)c(Cl)c12)c1ccccc1
842,7.709789168224634,NC(=O)c1c(-c2ccc(Oc3ccccc3)cc2)nn2c1NCC[C@@H]2c1ccccc1
843,7.716888962004991,NC(=O)c1c(-c2ccc(Oc3ccccc3)cc2)nn2c1NCCC2c1ccccc1
844,7.891091694870375,COc1ccc(Nc2ncc3ncc(=O)n(-c4ccc(NC(=O)CC#N)cc4)c3n2)cc1OC
845,8.301832117405079,O=c1cnc2cnc(Nc3ccc(N4CCOCC4)cc3)nc2n1-c1ccc(N2CCOCC2)cc1
846,7.56827255782239,COc1ccc(Nc2ncc3ncc(=O)n(-c4ccc(NC(=O)Nc5ccccc5)cc4)c3n2)cc1
847,6.640583292344205,CCOC(=O)NC1=CC=C2NC=NC(=N)C21
848,8.434005991920005,C=CCOC(=O)NC1=CC=C2NC=NC(=Nc3cccc(C)c3)C21
849,8.173860394069585,C=CCOC(=O)NC1=CC=C2NC=NC(=Nc3ccc(OC)cc3)C21
850,8.102141923512153,C=CCOC(=O)NC1=CC=C2C1C(=Nc1ccc(OC)cc1)N=CN2C
851,8.32180475978354,C=CCOC(=O)NC1=CC=C2NC=NC(=Nc3ccccc3)C21
852,8.368493723148596,C=CCOC(=O)NC1=CC=C2NC=NC(=Nc3cccc(C(F)(F)F)c3)C21
853,8.081568311873385,C=CCOC(=O)NC1=CC=C2C1C(=Nc1cccc(C(F)(F)F)c1)N=CN2C
854,8.285741592917528,CN1CCN(c2ccc(Nc3ncc4cccc(-c5cccc(S(=O)(=O)NC(C)(C)C)c5)c4n3)cc2)CC1
855,8.161570521960224,CN1CCN(c2ccc(Nc3ncc4ccc(F)c(-c5cccc(N)c5)c4n3)cc2)CC1
856,7.968268449063094,Nc1ncnc(Nc2ccc(Oc3ccccc3)cc2)c1-c1cccc(Cl)c1
857,7.627886296765675,Nc1ncnc(Nc2ccc(Oc3ccccc3)cc2)c1-c1cccc(NC(=O)c2ccccc2)c1
858,8.119631660982103,c1ccc(-c2oc3ncnc(NC4CC4)c3c2-c2ccccc2)cc1
859,7.808303438273513,CN(C)c1ncnc2oc(-c3ccccc3)c(-c3ccccc3)c12
860,8.160488712240054,c1ccc(-c2oc3ncnc(NC4CCC4)c3c2-c2ccccc2)cc1
861,8.05600357795676,c1ccc(-c2oc3ncnc(NC4CCCC4)c3c2-c2ccccc2)cc1
862,8.424010260861284,c1cc(-c2oc3ncnc(NC4CCCC4)c3c2-c2ccc(N3CCOCC3)cc2)ccn1
863,8.31568133415326,c1ccc(-c2c(-c3ccc(N4CCOCC4)cc3)oc3ncnc(NC4CCCC4)c23)cc1
864,8.528211040835153,CN(C)CCOc1cccc(-c2c(-c3ccncc3)oc3ncnc(NC4CCCC4)c23)c1
865,7.884924674662901,O=C(Nc1ccccc1)Nc1ccc(-c2c(-c3ccncc3)oc3ncnc(NC4CCCC4)c23)cc1
866,8.5080278099807,c1cc(-c2c(-c3ccc(N4CCOCC4)nc3)oc3ncnc(NC4CCCC4)c23)ccn1
867,8.033556001166826,c1ccc(-c2oc3ncnc(NC4CCCCC4)c3c2-c2ccccc2)cc1
868,8.198194410017015,O=C(O)CCNc1ncnc2oc(-c3ccccc3)c(-c3ccccc3)c12
869,8.123671773101075,O=C(O)CCNc1ncnc2oc(-c3ccccc3)c(-c3cccc(O)c3)c12
870,8.370938679656293,OCCCNc1ncnc2oc(-c3ccccc3)c(-c3ccccc3)c12
871,8.43648069674722,CN(C)CCCNc1ncnc2oc(-c3ccccc3)c(-c3ccccc3)c12
872,8.49344517531808,OCCNc1ncnc2oc(-c3ccc(N4CCOCC4)cc3)c(-c3cccc(Cl)c3)c12
873,8.583812495091326,CN(C)CCCNc1ncnc2oc(-c3ccc(N4CCOCC4)cc3)c(-c3ccccc3)c12
874,8.010142397271398,c1ccc(OCCNc2ncnc3oc(-c4ccccc4)c(-c4ccccc4)c23)cc1
875,8.60037138569439,c1ccc(OCCNc2ncnc3oc(-c4ccccc4)cc23)cc1
876,8.223667354750992,CC(=O)Nc1cccc(-c2c(-c3ccccc3)sc3ncnc(N[C@H](CO)c4ccccc4)c23)c1
877,8.011231064969953,OC[C@@H](Nc1ncnc2sc(-c3ccccc3)c(-c3ccccc3)c12)c1ccccc1
878,8.62829640388661,OC[C@@H](Nc1ncnc2sc(Cl)c(-c3ccccc3)c12)c1ccccc1
879,8.599156271398488,CN1CCN(c2ccc(Nc3ncc4cccc(-c5cccc(S(=O)(=O)NC(C)(C)C)c5)c4n3)c(F)c2)CC1
880,8.675658058686107,COc1cc(N2CCN(CCO)CC2)ccc1Nc1ncc2cccc(-c3cccc(NS(C)(=O)=O)c3)c2n1
881,8.276133546822908,COc1ccc(-c2cccc3cnc(Nc4ccc(N5CCN(C)CC5)cc4)nc23)cn1
882,8.107611276603926,COc1cc(-c2cccc3cnc(Nc4ccc(N5CCN(C)CC5)cc4)nc23)ccc1N
883,8.661303449059455,COc1cc(-c2cccc3cnc(Nc4ccc(N5CCN(C)CC5)cc4)nc23)ccc1NC(=O)CCN(C)C
884,8.248761299426045,COc1ccc(-c2cccc3cnc(Nc4ccc(N5CCOCC5)cc4)nc23)cn1
885,8.51690478353407,COc1cc(-c2cccc3cnc(Nc4ccc(N5CCOCC5)cc4)nc23)ccc1NC(=O)CCN(C)C
886,8.327453738113055,CN1CCC(Nc2ccc(Nc3ncc4cccc(-c5cccc(S(=O)(=O)NC(C)(C)C)c5)c4n3)cc2)CC1
887,8.367184510418296,COc1ccc(-c2cccc3cnc(Nc4ccc(NC5CCN(CCO)CC5)cc4)nc23)cc1
888,8.396587191775879,COc1ccc(-c2cccc3cnc(Nc4ccc(NC5CCN(CCO)CC5)cc4)nc23)cn1
889,8.112436067930783,COc1ccc(-c2cccc3cnc(Nc4ccc(N5CCNCC5)cc4)nc23)cc1
890,8.06394923234017,COc1ccc(-c2cccc3cnc(Nc4ccc(NC5CCNCC5)cc4)nc23)cc1
891,8.215455092100884,COc1ccc(-c2cccc3cnc(Nc4ccc(NC5CCNCC5)cc4)nc23)cn1
892,8.266611916552955,CN1CCC(Nc2ccc(Nc3ncc4cccc(-c5cccc(S(C)(=O)=O)c5)c4n3)cc2)CC1
893,8.053043511125397,COc1ccc(-c2cccc3cnc(Nc4ccc(N5CCN(C)CC5)cc4)nc23)cc1
894,8.35241784911257,COc1ccc(-c2cccc3cnc(Nc4ccc(OC5CCN(CCO)CC5)cc4)nc23)cn1
895,8.366521059861856,COc1ccc(-c2cccc3cnc(Nc4ccc(OC5CCN(CCO)CC5)cc4)nc23)cc1
896,8.536405461257546,CN1CCC(Oc2ccc(Nc3ncc4cccc(-c5cccc(S(=O)(=O)NCC6CC6)c5)c4n3)cc2)CC1
897,8.243057100833779,COc1ccc(-c2cccc3cnc(Nc4ccc(OC5CN(C)C5)cc4)nc23)cc1
898,8.236814743637174,COc1cc(-c2cccc3cnc(Nc4ccc(OCCN5CCCC5)cc4)nc23)ccc1N
899,8.496867603098975,COc1cc(-c2cccc3cnc(Nc4ccc(OCCN5CCCC5)cc4)nc23)ccc1C(=O)N(C)C
900,7.791787113124499,COc1ccc(Nc2ncc3cccc(-c4cccc(NS(C)(=O)=O)c4)c3n2)cc1
901,7.909390326597267,COc1ccc(Nc2ncc3cccc(-c4cccc(OC)c4)c3n2)cc1
902,8.589943803826129,O=C(O)c1ccc(-c2cc3c(-c4[nH]c(-c5ccccc5)nc4-c4ccc(F)cc4)ccnc3[nH]2)cc1
903,8.578103183210827,O=C(Nc1ccccc1)c1cc2c(-c3nc(-c4ccccc4)[nH]c3-c3ccc(F)cc3)ccnc2[nH]1
904,7.795463652375059,NC(=O)c1c(-c2ccc(Oc3ccccc3)cc2)[nH]n2c(-c3ccccc3)cnc12
905,8.224831294985103,NC(=O)c1c(-c2ccc(Oc3ccccc3)cc2)[nH]n2c(-c3cccc(N)c3)cnc12
906,8.397395421797476,COc1cc(Nc2ncnc3[nH]cc(-c4cccc(NC(C)=O)c4)c23)ccc1OCc1ccccn1
907,8.528486452572496,COc1cc(Nc2ncnc3[nH]cc(-c4cccc(NC(=O)CN(C)C)c4)c23)ccc1OCc1ccccn1
908,8.737244396841321,CC(=O)Nc1cccc(-c2c[nH]c3ncnc(Nc4ccc(CN5CCOCC5)cc4)c23)c1
909,8.284726003033365,CC(=O)Nc1cccc(-c2c[nH]c3ncnc(Nc4ccc(CN5C(=O)CCC5=O)cc4)c23)c1
910,8.697617979963043,O=C(c1ccccc1)c1c[nH]c2nccc(-c3[nH]c(-c4ccccc4)nc3-c3ccc(F)cc3)c12
911,7.994093346666609,O=C(c1ccccc1)c1c[nH]c2nccc(-c3[nH]c(-c4ccccc4)nc3-c3ccccc3)c12
912,9.16253187984898,CCc1nc(-c2ccc(F)cc2)c(-c2ccnc3[nH]cc(-c4cccc(NC(C)=O)c4)c23)[nH]1
913,9.76811763064551,CCc1nc(-c2ccc(F)cc2)c(-c2ccnc3[nH]cc(-c4cccc(CN5CCOCC5)c4)c23)[nH]1
914,7.792493929820824,CC(=O)Nc1cccc(-c2c[nH]c3nccc(-c4nc[nH]c4C(F)(F)F)c23)c1
915,7.817923848988288,CC(=O)Nc1cccc(-c2c[nH]c3nccc(-c4nc(C)[nH]c4C(F)(F)F)c23)c1
916,7.489147288296281,CC(=O)Nc1cccc(-c2c[nH]c3nccc(-c4nc[nH]c4C)c23)c1
917,7.846801734137591,CC(=O)Nc1cccc(-c2c[nH]c3nccc(-c4nc(C)[nH]c4C4CC4)c23)c1
918,7.3441569287059325,O=C(Nc1cccc(-c2c[nH]c3nccc(Cl)c23)c1)Nc1cccc(C(F)(F)F)c1
919,7.1348524187970215,O=C(Nc1cccc(-c2c[nH]c3nccc(Cl)c23)c1)c1cccc(C(F)(F)F)c1
920,9.095579159012559,COc1cccc(-c2coc3ncnc(N[C@H](CO)c4ccccc4)c23)c1
921,8.89571865464287,OC[C@@H](Nc1ncnc2occ(-c3ccccc3)c12)c1ccccc1
922,8.80536885867254,OC[C@@H](Nc1ncnc2scc(-c3ccccc3)c12)c1ccccc1
923,9.040937293798521,COc1cccc(-c2csc3ncnc(N[C@H](CO)c4ccccc4)c23)c1
924,7.8086156328673635,c1ccc(-c2nc(Nc3ccn[nH]3)c3ccccc3n2)cc1
925,7.095453781221064,Cc1cc(Nc2nc(-c3cccc(C(=O)Nc4ccccc4)c3)nc3ccccc23)n[nH]1
926,8.134320045321681,OC[C@@H](Nc1ncnc2onc(-c3ccccc3)c12)c1ccccc1
927,8.441817169698773,COc1ccc(-c2noc3ncnc(N[C@H](CO)c4ccccc4)c23)cc1
928,8.411482067307801,C=CCOc1ccc(Nc2cc(Nc3cccc(NC(=O)CCl)c3)ncn2)cc1
929,8.674439487959157,CC(=O)Nc1ccc(Nc2cc(Nc3cccc(Br)c3)ncn2)cc1
930,8.099766848826665,C=CCOC(=O)Nc1cccc(Nc2nc(Nc3ccccc3)ncc2[N+](=O)[O-])c1
931,8.114051324517774,C=CCOC(=O)Nc1cccc(Nc2ncc([N+](=O)[O-])c(Nc3ccccc3)n2)c1
932,8.248017308978984,C=CCOC(=O)Nc1cccc(Nc2ncc([N+](=O)[O-])c(Nc3cccc(OC)c3)n2)c1
933,8.402846430900064,C=CCOc1ccc(Nc2ncc([N+](=O)[O-])c(Nc3cccc(NC(=O)CN)c3)n2)cc1
934,7.250145946172905,NC(=O)c1cnc(Nc2ccccc2)nc1Nc1ccccc1
935,7.542910251588563,NC(=O)c1cnc(Nc2ccccc2)nc1Nc1cccc(C(=O)O)c1
936,7.960831190550244,C=CCNC(=O)c1cnc(Nc2ccccc2)nc1Nc1ccccc1
937,7.606594436417276,CCNC(=O)c1cnc(Nc2ccccc2)nc1Nc1ccccc1
938,7.778983526915578,CC(=O)Nc1cccc(Nc2nc(Nc3ccccc3)ncc2C(N)=O)c1
939,8.179244438080302,CC(=O)Nc1cccc(Nc2nc(Nc3ccccc3)ncc2C(=O)NCCN2CCOCC2)c1
940,8.907181393129104,CN1CCN(c2ccc(Nc3ncc(C(F)(F)F)c(Nc4cccc(NC(=O)CN)c4)n3)c(OC(F)(F)F)c2)CC1
941,8.765670301276336,CN1CCN(c2ccc(Nc3ncc(C(F)(F)F)c(Nc4cccc(NS(C)(=O)=O)c4)n3)c(OC(F)(F)F)c2)CC1
942,8.49821746632522,C=CC(=O)Nc1cccc(Nc2nc(Nc3ccc(N4CCOCC4)cc3)ncc2C)c1
943,8.526257798219131,C=CC(=O)Nc1cccc(Nc2nc(Nc3ccc(N4CCOCC4)cc3OC)ncc2C#N)c1
944,7.805208475827326,CC(=O)Nc1cccc(Nc2nc(Nc3ccccc3)ncc2C(F)(F)F)c1
945,7.44123608721753,N#Cc1cnc(Nc2ccccc2)nc1Nc1ccccc1
946,7.643914132868109,N#Cc1cnc(Nc2ccccc2)nc1Nc1cccc(C(=O)O)c1
947,7.761908986117791,CC(=O)Nc1cccc(Nc2nc(N/N=C/c3ccc(C)cc3)ncc2Cl)c1
948,7.832296710177013,CC(=O)Nc1cccc(Nc2nc(N/N=C/c3ccccc3)ncc2Cl)c1
949,7.923403529917562,CC(=O)Nc1cccc(Nc2nc(N/C=C/c3ccccc3)ncc2Cl)c1
950,8.258655627058502,C=CC(=O)Nc1cccc(Nc2nc(Nc3ccc(OC)cc3)ncc2Cl)c1
951,8.29387551134986,C=CC(=O)Nc1cccc(Nc2nccc(Nc3cccc(OC)c3)n2)c1
952,8.197838239291325,CNC(=O)Cc1ccc(Nc2ncc(Cl)c(Nc3cccc(NC(=O)C4CC4)c3)n2)cc1
953,8.059388747307688,CNC(=O)Cc1ccc(Nc2ncc(Cl)c(Nc3cccc(NC(C)=O)c3)n2)cc1
954,8.433398261682553,CN1CCN(Cc2ccc(Nc3ncc(Cl)c(Nc4cccc(NS(C)(=O)=O)c4)n3)cc2)CC1
955,8.322166836808895,C=CCOC(=O)Nc1cccc(Nc2nc(Nc3ccc(Cn4ccnc4)cc3)ncc2Cl)c1
956,8.447174323953762,CN1CCN(Cc2ccc(Nc3ncc(Cl)c(Nc4cccc(NC(=O)CN)c4)n3)cc2)CC1
957,8.178303794968635,CC(=O)Nc1cccc(Nc2nc(Nc3ccc(NC(=O)CN4CCOCC4)cc3)ncc2Cl)c1
958,8.337342480615638,CN1CCN(CC(=O)Nc2ccc(Nc3ncc(Cl)c(Nc4cccc(NS(C)(=O)=O)c4)n3)cc2)CC1
959,8.547040363745591,C=CCOC(=O)Nc1cccc(Nc2nc(Nc3ccc(OCCN4CCOCC4)cc3)ncc2Cl)c1
960,8.221158990836704,C=CCOC(=O)Nc1cccc(Nc2ncc(Cl)c(Nc3cccc(C(=O)O)c3)n2)c1
961,8.60115260411591,CN1CCN(CCOc2ccc(Nc3ncc(Cl)c(Nc4cccc(NS(C)(=O)=O)c4)n3)cc2)CC1
962,8.620766483130351,CN1CCN(CCC(=O)Nc2cccc(Nc3nc(Nc4ccc(N5CCOCC5)cc4)ncc3Cl)c2)CC1
963,8.68142521740312,CN1CCN(CCC#Cc2ccc(Nc3ncc(Cl)c(Nc4cccc(NS(C)(=O)=O)c4)n3)cc2)CC1
964,8.166650925141052,CC(=O)Nc1cccc(Nc2nc(Nc3ccc(S(=O)(=O)N4CCOCC4)cc3)ncc2Cl)c1
965,8.583192423031793,CN1CCN(CCCc2ccc(Nc3ncc(Cl)c(Nc4cccc(NS(C)(=O)=O)c4)n3)cc2)CC1
966,8.68540660167169,CN1CCN(CCCNc2ccc(Nc3ncc(Cl)c(Nc4cccc(NS(C)(=O)=O)c4)n3)cc2)CC1
967,8.170317240210707,CNC(=O)CNc1cccc(Nc2nc(Nc3cccc(OC)c3)ncc2F)c1
968,8.275293722942068,CNC(=O)CNc1cccc(Nc2nc(Nc3ccc(Cl)c(OC)c3)ncc2F)c1
969,8.467093010157068,CC(=O)Nc1cccc(Nc2nc(Nc3ccc(OCCN4CCOCC4)cc3)ncc2F)c1
970,8.227496273087274,CNC(=O)CN1CCN(c2ccc(Nc3ncc(F)c(Nc4cccc(NC(=O)CN(C)C)c4)n3)cc2)CC1
971,8.3340579528572,CC(=O)Nc1cccc(Nc2nc(Nc3ccc(OCCN(C)C)cc3)ncc2F)c1
972,7.976730601271467,CNC(=O)COc1ccc(Nc2ncc(F)c(Nc3cccc(O)c3)n2)cc1
973,8.378712412833037,CNC(=O)COc1ccc(Nc2ncc(F)c(Nc3cccc(NC(=O)C4CC4)c3)n2)cc1
974,8.299023802090364,C=CC(=O)Nc1cccc(Nc2nc(Nc3ccc(OC)cc3OC)ncc2F)c1
975,8.291653989436295,C=CC(=O)Nc1cccc(Nc2ncnc(Nc3ccc(N4CCOCC4)cc3)n2)c1
976,8.402271392393766,C=CCNC(=O)CCCCOc1ccc(Nc2ncc([C@H]3CCCO3)c(Nc3cccc(NC(=O)CCCN)c3)n2)cc1
977,8.07352737884443,C=CCNC(=O)CCCCOc1ccc(Nc2nc(Nc3cccc(NC(=O)CC)c3)c([C@H]3CCCNC3)cc2O)cc1
978,8.304028921788921,CN1CCN(c2cccc(Nc3ncc(F)c(Nc4cccc(NC(=O)CN)c4)n3)c2)CC1
979,8.164839674082266,CNC(=O)CNc1cccc(Nc2ncc(F)c(Nc3cccc(O)c3)n2)c1
980,8.70729329360842,CN1CCN(CCC#Cc2cccc(Nc3ncc(F)c(Nc4cccc(NS(C)(=O)=O)c4)n3)c2)CC1
981,8.483759046223195,CN(C)CCNC(=O)COc1cccc(Nc2ncc(F)c(Nc3cccc(NC(=O)C4CC4)c3)n2)c1
982,8.168311445039501,CNC(=O)CN(C)c1cccc(Nc2ncc(F)c(Nc3cccc(O)c3)n2)c1
983,8.463489628870596,CNC(=O)CN(C)c1cccc(Nc2ncc(F)c(Nc3cccc(NC(=O)C4CC4)c3)n2)c1
984,8.338481655177373,C=CCOC(=O)Nc1cccc(Nc2ncc(F)c(Nc3cccc(O)c3)n2)c1
985,8.289675677764272,CN1CCC(C(=O)Nc2cccc(Nc3ncc(F)c(Nc4cccc(C(=O)N(C)C)c4)n3)c2)CC1
986,8.273496826919315,CN(C)CCC(=O)Nc1cccc(Nc2nc(Nc3cccc(O)c3)ncc2F)c1
987,8.434015661551896,CN1CCC(C(=O)Nc2cccc(Nc3ncc(F)c(Nc4cccc(NS(C)(=O)=O)c4)n3)c2)CC1
988,8.073457838987691,C=CC(=O)Nc1cccc(Nc2ccnc(Nc3ccc(OC(F)(F)F)cc3)n2)c1
989,8.476695541248253,CN1CCN(Cc2ccc(Nc3ncc(F)c(Nc4cccc(NS(C)(=O)=O)c4)n3)cc2)CC1
990,8.210094423900408,CN(C)CC(=O)Nc1cccc(Nc2ncc(F)c(Nc3cccc(C(C)(C)N)c3)n2)c1
991,8.412280720272998,CN1CCN(Cc2ccc(Nc3ncc(F)c(Nc4cccc(NC(=O)CN)c4)n3)cc2)CC1
992,7.908839208015406,O=C(NCCO)c1ccc(Nc2ncc(F)c(Nc3cccc(O)c3)n2)cc1
993,7.58432094035101,CNC(=O)c1cccc(Nc2nc(Nc3ccc(Oc4ccccc4)cc3)ncc2F)c1
994,8.549251316267478,CNC(=O)CN1CCc2cc(Nc3ncc(F)c(Nc4cccc(NS(C)(=O)=O)c4)n3)ccc21
995,8.575232613914508,CNC(=O)CN1CCN(c2ccc(Nc3ncc(F)c(Nc4cccc(NS(C)(=O)=O)c4)n3)cc2)CC1
996,8.398942455164448,CN(C)CCNC(=O)c1cccc(Nc2ncc(F)c(Nc3cccc(NC(=O)CN4CCCC4)c3)n2)c1
997,8.577433960052272,CN1CCC[C@@H]1COc1ccc(Nc2ncc(F)c(Nc3cccc(NC(=O)C4CC4)c3)n2)cc1
998,8.59020362744006,CN1CCC[C@@H]1COc1ccc(Nc2ncc(F)c(Nc3cccc(NC(=O)CN4CCCC4)c3)n2)cc1
999,8.243335939006583,C=CCNC(=O)CCCCOc1ccc(Nc2nc(NC)nc(Nc3cccc(NC(=O)CC)c3)n2)c(NCCCOC)c1
1000,8.062551797509343,C=CCNC(=O)CCCCOc1ccc(Nc2nc(NC)nc(Nc3cccc(NC(=O)CC)c3)n2)cc1
1001,7.528166468921021,O=C(Nc1cccc(Nc2nc(Nc3ccccc3)ncc2F)c1)c1ccccc1
1002,8.043397744408704,CNC(=O)CNc1cccc(Nc2nc(Nc3ccccc3)ncc2F)c1
1003,7.8885060916587895,O=C1Cc2cc(Nc3ncc(F)c(Nc4cccc(C(=O)O)c4)n3)ccc2N1
1004,7.848721805499379,O=C1Cc2cc(Nc3ncc(F)c(Nc4cccc(NC(=O)c5cccc(C(=O)O)c5)c4)n3)ccc2N1
1005,8.476523697243643,O=C(Nc1cccc(Nc2nc(Nc3ccc4[nH]ncc4c3)ncc2F)c1)C1CCNCC1
1006,7.876056003313426,O=C(Nc1cccc(Nc2nc(Nc3ccc4[nH]ncc4c3)ncc2F)c1)c1ccccc1
1007,7.9418745294961735,CNC(=O)c1cccc(Nc2nc(Nc3ccc4c(c3)OCCO4)ncc2F)c1
1008,8.136576113738336,O=C(Nc1cccc(Nc2nc(Nc3ccc4c(c3)OCCO4)ncc2F)c1)c1cccc(N2CCOCC2)c1
1009,8.264570760336998,CNC(=O)CN1CCOc2ccc(Nc3ncc(F)c(Nc4cccc(C(=O)NC)c4)n3)cc21
1010,8.25344232457079,CNC(=O)CN1CCOc2ccc(Nc3ncc(F)c(Nc4cccc(NC(=O)CN)c4)n3)cc21
1011,7.626356527160897,O=C(Nc1cccc(Nc2nc(Nc3ccc4c(c3)OCO4)ncc2F)c1)c1ccccc1
1012,7.724070802160123,O=C(Nc1cccc(Nc2nc(Nc3ccc4c(c3)OCCO4)ncc2F)c1)c1ccccc1
1013,8.413863172774636,CN1CCN(c2ccc(Nc3ncc(F)c(Nc4cccc(NS(C)(=O)=O)c4)n3)cn2)CC1
1014,8.499522316826527,CN1CCN(c2ccc(Nc3ncc(F)c(Nc4cccc(NC(=O)CN)c4)n3)cn2)CC1
1015,8.105983601772852,CC(=O)Nc1cccc(Nc2nc(Nc3ccc(N4CCOCC4)cc3)ncc2F)c1
1016,8.482996805479367,CNC(=O)CN1CCN(c2ccc(Nc3ncc(F)c(Nc4cccc(NC(=O)CN(C)C)c4)n3)cn2)CC1
1017,8.615189972782336,CNC(=O)CNc1cccc(Nc2nc(Nc3ccc(N4CCOCC4)nc3)ncc2F)c1
1018,8.670756831626141,CN1CCC[C@@H]1COc1ccc(Nc2ncc(F)c(Nc3cccc(NC(=O)C4CC4)c3)n2)cn1
1019,8.509520024948067,CCN1CCC[C@@H]1C(=O)Nc1ccc(Nc2ncc(F)c(Nc3cccc(NC(C)=O)c3)n2)cc1
1020,8.39535325619468,C=CCOc1ccc(Nc2nc(Nc3cccc(NC(=O)COC)c3)c3[nH]cnc3n2)cc1
1021,7.579653384229203,COc1ccc(Nc2nc(Nc3cccc(NC(C)=O)c3)c3[nH]cnc3n2)cc1OC
1022,7.600639750529043,CC(=O)Nc1ccc(Nc2ncc(Cl)c(-c3c[nH]c4ccccc34)n2)cc1
1023,7.5530471781109725,CC(=O)Nc1cccc(Nc2ncc(Cl)c(-c3c[nH]c4ccccc34)n2)c1
1024,7.975541689327618,O=C(Nc1cccc(Nc2ncc(F)c(Nc3cccc(O)c3)n2)c1)c1cnccn1
1025,7.648673958975044,O=C(Nc1cccc(Nc2ncc(F)c(Nc3cccc(O)c3)n2)c1)c1ccccc1
1026,7.915785364215096,O=C(Nc1cccc(Nc2ncc(F)c(Nc3ccc(OCC(=O)N4CCOCC4)cc3)n2)c1)c1ccccc1
1027,8.36288077405813,O=C(Nc1cccc(Nc2ncc(F)c(Nc3ccc(OCC(=O)N4CCOCC4)cc3)n2)c1)C1CC1
1028,7.53729834890383,CNC(=O)CNc1cccc(Nc2ncc(F)c(Oc3ccc(Oc4ccccc4)cc3)n2)c1
1029,7.266711111107193,O=C(Nc1cccc(Nc2ncc(F)c(Oc3ccc(O)cc3)n2)c1)c1ccccc1
1030,7.894435829215633,CC(=O)Nc1cccc(Nc2cc(-n3c(C)nnc3-c3ccc(F)cc3)ccn2)c1
1031,8.579518528765183,OCCCc1nnc(-c2ccc(F)cc2)n1-c1ccnc(Nc2cccc(N3CCCC3)c2)c1
1032,8.219428508777082,C=CC(=O)Nc1cccc(Nc2ncnc(N)c2-c2ccc(NC(C)=O)cc2)c1
1033,8.093380755821922,C=CC(=O)Nc1cccc(Nc2ncnc(N)c2-c2ccc(C)cc2)c1
1034,7.735594744971885,CC(=O)Nc1cccc(Nc2ncnc(Nc3ccc(C(=O)N4CCOCC4)cc3)n2)c1
1035,8.206980786098933,C=CC(=O)Nc1cccc(Nc2ncnc(Nc3ccc(C(=O)N4CCOCC4)cc3)n2)c1
1036,8.024864055597874,COc1ccc(Nc2nc3c(c(Nc4ccc(N5CCN(C)CC5)cc4)n2)C(=O)NC3)cc1
1037,7.908493372773615,COc1ccc(Nc2nc3c(c(Nc4ccc(N5CCOCC5)cc4)n2)C(=O)NC3)cc1
1038,6.971069670010862,O=C1NCc2nc(Nc3ccccc3)nc(Nc3ccccc3)c21
1039,7.483985900904315,O=C1NCc2nc(Nc3ccccc3)nc(Nc3ccc(F)cc3)c21
1040,7.925628762111803,C=CCNC(=O)c1cccc(Nc2nc3c(c(Nc4cnn(CC)c4)n2)C(=O)NC3)c1
1041,7.493555172942517,CC(=O)Nc1cccc(Nc2nc3c(c(Nc4ccc(C)cc4)n2)C(=O)NC3)c1
1042,7.783492786873624,CC(=O)Nc1cccc(Nc2nc3c(c(Nc4cnn(C(C)C)c4)n2)C(=O)NC3)c1
1043,8.142491362669809,CC(=O)Nc1cccc(Nc2nc3c(c(Nc4cnn(C5CCN(C)CC5)c4)n2)C(=O)NC3)c1
1044,8.22962871566918,CN1CCN(c2ccc(Nc3ncc4cccc(-c5cccc(S(C)(=O)=O)c5)c4n3)cc2)CC1
1045,7.637789439203344,CC(=O)Nc1ccccc1-c1nc(Nc2ccn[nH]2)c2ccccc2n1
1046,7.470493954518568,O=C(Nc1ccccc1-c1nc(Nc2ccn[nH]2)c2ccccc2n1)c1ccccc1
1047,7.36682760083457,NC(=O)c1c(-c2ccc(C(F)(F)F)cc2)nn2c1NCCC2c1ccccc1
1048,7.364830731725629,NC(=O)c1c(-c2ccc(C(F)(F)F)cc2)nn2c1NCC[C@H]2c1ccccc1
1049,7.289333787738403,NC(=O)c1c(-c2ccc(Cl)cc2)nn2c1NCCC2c1ccccc1
1050,8.317097023958334,NC(=O)c1c(-c2ccc(Cl)cc2)nn2c1NCCC2c1ccc(OCCN2CCOCC2)cc1
1051,7.3474393963866955,NC(=O)c1c(-c2ccc(F)cc2)nn2c1NCCC2c1ccccc1
1052,8.2504741855505,NC(=O)c1c(-c2ccc(F)cc2)nn2c1NCCC2c1ccc(OCCN2CCOCC2)cc1
1053,7.62989429378826,NC(=O)c1c(-c2ccc(OC(F)(F)F)cc2)nn2c1NCCC2c1ccccc1
1054,7.740441444480837,NC(=O)c1c(-c2ccc(OC(F)(F)F)cc2)nn2c1NCCC2c1ccccc1F
1055,6.852040482346022,COc1ccc(-c2nn3c(c2C(N)=O)CCNc2ccccc2-3)cc1
1056,7.958960751928951,NC(=O)c1c(-c2ccc(OCC3CC3)cc2)nn2c1NCCC2c1ccccc1
1057,8.402303923803794,CN1CCN(Cc2ccc(Nc3ncc(Cl)c(Nc4ccccc4C(=O)N4CCOCC4)n3)cc2)CC1
1058,7.786558516865398,CN1CCN(C(=O)c2ccc(Nc3ncc(Cl)c(Nc4ccccc4C(=O)N(C)C)n3)cc2)CC1
1059,8.187857098953582,CN1CCN(CC(=O)Nc2ccc(Nc3ncc(Cl)c(Nc4ccccc4C(=O)N(C)C)n3)cc2)CC1
1060,8.29861432217591,CN1CCN(CC(=O)Nc2ccc(Nc3ncc(Cl)c(Nc4ccccc4NC(=O)C4CC4)n3)cc2)CC1
1061,8.03597202762412,CCNC(=O)COc1ccc(Nc2ncc(Cl)c(Nc3ccccc3NC(=O)COC)n2)cc1
1062,8.453797163226152,CN1CCN(CCOc2ccc(Nc3ncc(Cl)c(Nc4ccccc4C(=O)N4CCC4)n3)cc2)CC1
1063,8.528318725235945,CN1CCN(CCCOc2ccc(Nc3ncc(Cl)c(Nc4ccccc4C(=O)N4CCC4)n3)cc2)CC1
1064,8.517578219573007,CN1CCN(CCCOc2ccc(Nc3ncc(Cl)c(Nc4ccccc4C(=O)NC4CC4)n3)cc2)CC1
1065,8.435395911176249,CNC(=O)c1ccccc1Nc1nc(Nc2ccc(N3CCOCC3)cc2OC)ncc1Cl
1066,8.455424198426739,CN1CCN(CCOc2ccc(Nc3ncc(Cl)c(Nc4ccccc4C(=O)N4CCOCC4)n3)cc2)CC1
1067,7.6487317623309865,COc1ccc(Nc2nc(Nc3ccccc3NC(C)=O)c3[nH]cnc3n2)cc1OC
1068,7.783595036848525,CC(=O)Nc1ccccc1Nc1nc(Nc2ccc3c(c2)OCO3)nc2nc[nH]c12
1069,7.38873036458424,CC(=O)Nc1ccc2c(Nc3ccncc3)nc(-c3ccccc3)nc2c1
1070,7.994674586672261,O=C(Nc1ccc2c(Nc3ccn[nH]3)nc(-c3ccccc3)nc2c1)c1ccco1
1071,7.946356054221605,NC(=O)c1c(-c2ccc(Oc3ccccc3)cc2)[nH]n2c1nc1cc([N+](=O)[O-])ccc12
1072,7.9208414932329445,NC(=O)c1c(-c2ccc(Oc3ccccc3)cc2)[nH]n2c1nc1ccc([N+](=O)[O-])cc12
1073,8.265024291078133,O=C(Nc1ccc2ncnc(Cc3ccc(F)c(Cl)c3)c2c1)C1CC1
1074,8.533359874973943,O=C(Nc1ccc2ncnc(Cc3ccc(F)c(Cl)c3)c2c1)c1ccco1
1075,8.538889386068456,CC(=O)Nc1ccc2ncnc(Cc3ccc(F)c(Cl)c3)c2c1
1076,8.026807338956127,O=C(Nc1ccc2ncnc(Cc3ccc(F)c(Cl)c3)c2c1)c1cccc([N+](=O)[O-])c1
1077,8.472907250830778,CC(=O)Nc1ccc2ncnc(Cc3cccc(Br)c3)c2c1
1078,7.90945762681998,O=C(Nc1ccc2ncnc(Cc3cccc(Br)c3)c2c1)c1ccccc1
1079,8.901579218537078,O=C(CO)Nc1ccc2ncnc(Nc3ccc(Br)cc3F)c2c1
1080,8.251514896323497,O=C(Nc1ccc2ncnc(Nc3ccc(Br)cc3F)c2c1)c1ccccc1
1081,8.685529899482743,CC(=O)Nc1ccc2ncnc(Nc3c(F)cccc3Cl)c2c1
1082,7.974160356103767,O=C(Nc1ccc2ncnc(Nc3c(F)cccc3F)c2c1)c1ccccc1
1083,9.143692070000494,CC(=O)Nc1ccc2ncnc(Nc3cccc(Br)c3)c2c1
1084,8.967976053898385,CC(=O)Nc1ccc2ncnc(Nc3ccc(F)c(Cl)c3)c2c1
1085,7.650907734936007,CN(C)CCN(C)C(=O)c1ccc(Nc2ncnc3ccc(NC(=O)OCc4ccccc4)cc23)cc1
1086,7.403340488000588,CN(C)CCN(C)C(=O)c1ccc(Nc2ncnc3ccc(NC(=O)c4ccccc4)cc23)cc1
1087,8.356886875616217,CN(C)CCNS(=O)(=O)c1ccc(Nc2ncnc3ccc(NC(=O)C4CC4)cc23)cc1
1088,8.33636587628801,CN(C)CCNS(=O)(=O)c1ccc(Nc2ncnc3ccc(NC(=O)c4cccs4)cc23)cc1
1089,7.925684733131653,O=C(Nc1ccc2ncnc(Nc3cccc(Cl)c3)c2c1)c1ccccc1
1090,8.231834922342204,O=C(Nc1ccc2ncnc(Nc3cccc(Cl)c3)c2c1)c1cccc(F)c1
1091,8.650135511966264,CN(C)CCCNC(=O)c1ccc2ncnc(Nc3ccc4c(ccn4Cc4cccc(F)c4)c3)c2c1
1092,8.256311467957987,CC(=O)Nc1ccc2ncnc(Nc3ccc4c(ccn4Cc4ccccn4)c3)c2c1
1093,8.293455894014087,CC(=O)Nc1ccc2ncnc(Nc3ccc4[nH]ccc4c3)c2c1
1094,7.824664867441599,O=C(Nc1ccc2ncnc(Nc3ccc4[nH]ccc4c3)c2c1)c1ccccc1
1095,7.942474315828272,O=C(O)c1ccc2ncnc(Nc3ccc4[nH]ccc4c3)c2c1
1096,8.712825961085361,O=C(Nc1ccc2ncnc(Nc3ccc4[nH]cc(Br)c4c3)c2c1)C1CCNCC1
1097,7.195165060349074,O=C(Nc1ccc2ncnc(NC3CCCCC3)c2c1)NC1CCCCC1
1098,7.72912908419179,O=C(Nc1ccc2ncnc(NC3CCCCC3)c2c1)c1ccc(C(=O)N2CCCC2)cc1
1099,7.963395293712524,CC(=O)Nc1ccc2ncnc(Oc3ccc(C(=O)Nc4ccccn4)cc3)c2c1
1100,7.7219012188533185,CC(=O)Nc1ccc2ncnc(Oc3ccc(C(=O)Nc4cccc(C(F)(F)F)n4)cc3)c2c1
1101,7.310336257941654,Fc1ccc(Nc2ncnc3c2NCc2ccccc2O3)cc1Cl
1102,7.635762030275163,COc1ccc2c(c1)CNc1c(Nc3ccc(F)c(Cl)c3)ncnc1O2
1103,7.455575342909668,Brc1cccc(Nc2ncnc3c2NCc2ccccc2O3)c1
1104,7.304686503453966,COc1ccc2c(c1)CNc1c(Nc3cccc(Br)c3)ncnc1O2
1105,6.921158179725444,O=C(Nc1ccc2nccc(Nc3cccc(Br)c3)c2c1)c1ccccc1
1106,7.09636849291449,O=C(Nc1ccc2nccc(Nc3cccc(Br)c3)c2c1)c1cccc(F)c1
1107,7.758835529493091,O=C(Nc1ccccn1)c1ccc(Oc2ncnc3ccccc23)cc1
1108,7.80139389520327,O=C(Nc1ccccn1)c1ccc(Oc2ccnc3ccc([N+](=O)[O-])cc23)cc1
1109,8.323366453210884,O=C(CN1CCN(CCO)CC1)Nc1cc2c(Nc3ccc(F)c(Cl)c3)ncnc2s1
1110,8.051270186748903,O=C(Nc1cc2ncnc(Nc3ccc(F)c(Cl)c3)c2[nH]1)C1CC1
1111,8.028631590456811,CC(=O)Nc1cc2ncnc(Nc3ccc(F)c(Cl)c3)c2[nH]1
1112,8.386459884769051,O=C(Nc1cc2ncnc(Nc3cccc(Br)c3)c2[nH]1)C1CC1
1113,8.545213115686593,O=C(Nc1cc2ncnc(Nc3cccc(Br)c3)c2[nH]1)c1ccccc1
1114,7.788134044317158,CC(=O)Nc1ccc2ncc(NC(=O)Nc3ccccc3)nc2c1
1115,7.800750893364388,CC(=O)Nc1ccc2ncc(NC(=O)Nc3cccc(C)c3)nc2c1
1116,7.523628314848005,O=C(Nc1cc(Nc2ccn[nH]2)nc(-c2ccccc2)n1)C1CC1
1117,7.51357281027298,O=C(Nc1cc(Nc2ccn[nH]2)nc(-c2ccccc2)n1)c1ccccc1
1118,7.484736643531044,C=CC(=O)Nc1ccc(-c2ccc(NC(=O)Nc3ccccc3)cc2)cn1
1119,7.473956805686489,C=CC(=O)Nc1ccc(-c2ccc(NC(=O)Nc3cccc(C)c3)cc2)cn1
1120,8.281897699975694,C=CC(=O)Nc1cc2ncnc(Nc3ccc(OC)cc3)c2cn1
1121,8.326870308490596,C=CC(=O)Nc1cc2ncnc(Nc3cccc(OC)c3)c2cn1
1122,8.48858552221912,C=CCOC(=O)NC1=NC=C2NC=NC(=Nc3ccc(F)c(Cl)c3)C21
1123,8.269965211596663,C=CCOC(=O)NC1=NC=C2NC=NC(=Nc3ccc(F)cc3)C21
1124,8.180313065480277,C=CCOC(=O)NC1=NC=C2NC=NC(=Nc3cccc(C(F)(F)F)c3)C21
1125,8.254443910936716,O=C(Nc1ccc2ncnc(Cc3ccc(F)c(Cl)c3)c2n1)C1CCCC1
1126,8.926976789702769,O=C(Nc1cc2ncnc(Cc3ccc(F)c(Cl)c3)c2nc1N1CCOCC1)C1CC1
1127,8.89601447196019,O=C(Nc1nc2c(Cc3ccc(F)c(Cl)c3)ncnc2cc1/C=C/CCN1CCCC1)C1CCNCC1
1128,8.976976953870096,O=C(Nc1nc2c(Cc3ccc(F)c(Cl)c3)ncnc2cc1CCCN1CCOCC1)C1CCC1
1129,7.655845620212871,Nc1ncnc2c1c(C(=O)Nc1nc3cc(Cl)ccc3o1)nn2C1CCCC1
1130,8.132030431270163,Nc1ncnc2c1c(C(=O)Nc1nc3cc(Cl)ccc3o1)nn2C1CCN(C(=O)C2CC2)CC1
1131,7.603481233633954,Nc1ncnc2c1c(C(=O)Nc1nc3ccccc3s1)nn2C1CCCC1
1132,7.796620203254992,O=C1NCc2c(F)c(N3CCC(N4CCCC4)CC3)nc(Nc3ccc(N4CCOCC4)cc3)c21
1133,8.686793965112656,O=C(NCc1ccccc1)c1cc2c(-c3nc(-c4ccccc4)[nH]c3-c3ccc(F)cc3)ccnc2[nH]1
1134,9.516329921556865,CCC(=O)NCc1cccc(-c2nc(-c3ccc(F)cc3)c(-c3ccnc4[nH]c(C)cc34)[nH]2)c1
1135,8.88329889967386,CC(=O)NCc1cccc(-c2nc(-c3ccc(F)cc3)c(-c3ccnc4[nH]c(-c5ccccc5)cc34)[nH]2)c1
1136,8.40938785859417,CC(C)c1[nH]c(-c2cccc(CN)c2)nc1-c1ccnc2[nH]c(-c3ccccc3)cc12
1137,8.54112211980449,CC(=O)NCc1cccc(-c2nc(-c3ccnc4[nH]c(-c5ccccc5)cc34)c(C3CC3)[nH]2)c1
1138,7.7796529091274325,Cc1oc(-c2c(N)ncnc2Nc2ccc(OCc3ccccn3)cc2)nc1CN
1139,7.972021611922431,Nc1ncnc(Nc2ccc(OCc3ccccn3)c(Cl)c2)c1-c1ncccn1
1140,7.754311333424602,NC(=O)c1c(-c2ccc(Oc3ccccc3)cc2)nn2c1NCC[C@H]2CCO
1141,7.801363337530059,Nc1ncnc2c1c(C(=O)Nc1nc3ccccc3o1)nn2CCN1CCOCC1
1142,7.434962686174618,Nc1ncnc2c1c(C(=O)Nc1nc3ccccc3o1)nn2CCCO
1143,8.255103835675518,CC(C)C(C)Nc1cc(-c2nc(SCCCN)[nH]c2-c2ccc(F)cc2)ccn1
1144,8.996514022827741,CC(=O)Nc1cccc(CNc2cc(-c3nc(SCCCN(C)C)[nH]c3-c3ccc(F)cc3)ccn2)c1
1145,7.750481220144882,Nc1ncnc2c1c(-c1ccc(Oc3ccccc3)cc1)nn2C1CCCC1
1146,8.152217906025106,Nc1ncnc2c1c(-c1ccc(Oc3ccccc3)cc1)nn2CC(=O)N1CCCC1
1147,8.71238028486003,C=CCOC(=O)Nc1cc2c(Nc3ccc(Br)cc3F)ncnc2cc1OC
1148,6.886558412116183,COc1cccc2[nH]c(-c3n[nH]c4cc(C(F)(F)F)ccc34)cc12
1149,6.180970178479289,COc1cccc2[nH]c(-c3n[nH]c4ccccc34)cc12
1150,8.880172068196472,COCCOc1cc(C(=O)N(C)C)cc2[nH]c(-c3n[nH]c4cc(-c5cn[nH]c5)ccc34)cc12
1151,8.375957144666692,COc1ccccc1Cc1cc(OCCN(C)C)c2cc(-c3n[nH]c4cc(-c5cn[nH]c5)ccc34)[nH]c2c1
1152,8.252547968310276,CC(=O)Nc1cc(-c2[nH]c(SC[C@@H](O)CO)nc2-c2ccc(F)c(C(F)(F)F)c2)ccn1
1153,8.791577685833145,CN(C)CCSc1nc(-c2ccc(F)c(Cl)c2)c(-c2ccnc(Nc3ccccc3)c2)[nH]1
1154,8.255587424800797,CC(C)C(C)Nc1cc(-c2nc(SCC(O)CO)[nH]c2-c2ccc(F)cc2)ccn1
1155,8.720294556882825,CC(=O)Nc1cccc(CNc2cc(-c3nc(SCC(=O)N4CCOCC4)[nH]c3-c3ccc(F)cc3)ccn2)c1
1156,8.328624562947486,CC(=O)NCCSc1nc(-c2ccnc(Nc3ccccc3)c2)c(-c2ccccc2)[nH]1
1157,8.315538251944405,CC(=O)NCCSc1nc(-c2ccnc(Nc3cccc([N+](=O)[O-])c3)c2)c(-c2ccccc2)[nH]1
1158,7.896108617510333,C=CC(=O)N1CCC[C@@H](Nc2nc(Nc3ccc(C=C)nc3)ncc2F)C1
1159,7.69265582023204,C=Cc1ccc(Nc2ncc(F)c(N[C@H]3CCCN(C(C)=O)C3)n2)cn1
1160,8.893702898436409,C=CCOc1cc2ncnc(Nc3ccc(Br)cc3F)c2cc1NC(=O)CNC
1161,8.88607399899587,C=CCOc1cc2ncnc(Nc3ccc(Br)cc3F)c2cc1NC(=O)CNC(C)C
1162,8.413615799390936,Nc1ccc2ncnc(Nc3ccc4[nH]ccc4c3)c2c1
1163,7.582431536736485,Nc1ccc2ncnc(Nc3ccc4c(ccn4CC(F)(F)F)c3)c2c1
1164,7.967241435952113,CN(C)CCN(C)CC(=O)Nc1cc2c(Nc3ccc(F)c(Cl)c3)ncnc2s1
1165,8.039467489301446,Nc1ncnc2c1c(-c1ccc3c(c1)OCO3)cn2CC1CCCN(C(=O)CCc2ccccc2)C1
1166,8.290580506948384,COc1cc(Nc2ncnc3ccc(NC4=NCC(c5ccccc5)O4)cc23)ccc1OCc1nccs1
1167,8.230317870002084,Cc1cccc(COc2ccc(Nc3ncnc4ccc(NC5=NCC(C)(C)O5)cc34)cc2C)n1
1168,7.691305725624548,N#Cc1cnc2c(Cl)cc(-c3cccnc3)cc2c1N[C@@H]1C[C@H]1c1ccccc1
1169,8.246652886757609,N#Cc1cnc2ccc(-c3ccc(N4CCOCC4)nc3)cc2c1N[C@@H]1C[C@H]1c1ccccc1
1170,8.576926116599378,OCC#Cc1cc2ncnc(Nc3ccc(OCc4ccccn4)c(Cl)c3)c2s1
1171,8.09821855579968,OC1CCN(CCC#Cc2cc3ncnc(Nc4ccc5c(c4)OCO5)c3s2)CC1
1172,8.624991405981428,NC(=O)C1CCN(Cc2cc3ncnc(Nc4ccc(OCc5ccccn5)c(Cl)c4)c3s2)CC1
1173,8.740516532642717,NC(=O)C1CCN(Cc2cc3ncnc(Nc4ccc(OCc5cccc(F)c5)c(Cl)c4)c3s2)CC1
1174,7.552924915057062,COc1ccc(Nc2ncnc3ccc(NC4=NCC(c5ccccc5)O4)cc23)cc1OC
1175,8.345349758008055,Cc1ccc(OCc2cccc(Nc3ncnc4ccc(NC5=NCC(C)(C)O5)cc34)c2)cn1
1176,5.820792563655654,Oc1c(Cl)cc(Cl)c(Cl)c1Cc1ccccc1
1177,7.102065998590763,Oc1c(Cl)cc(Cl)c(Cl)c1Cc1c(O)c(Cl)cc(Cl)c1Cl
1178,6.962269153649702,Cc1c[nH]c(=O)[nH]c1=O
1179,7.335549686872007,O=c1[nH]cc(F)c(=O)[nH]1
1180,6.21078707020473,N#C/C(=C\c1cc(Br)c(O)c(Br)c1)C(=O)C(C#N)C(=O)O
1181,6.20028463486899,N#C/C(=C\c1cc(O)c(Br)c(Br)c1)C(=O)C(C#N)C(=O)O
1182,6.245974722162571,N#C/C(=C\c1ccc(O)c(O)c1)C(=O)C(C#N)C(=O)O
1183,6.72467311621927,N#CC(=O)C(C#N)/C(C#N)=C/c1ccc(O)c(O)c1
1184,6.230681917361325,N#CC(C#N)=C(C#N)c1ccc(O)c(O)c1
1185,4.842641609020235,N#CC(C#N)=C(N)c1cc(O)cc(Br)c1
1186,6.102198336504377,N#CC(C#N)=C(O)c1ccc(O)c(O)c1
1187,4.958705484252051,N#CC(C#N)=C(O)c1cc(O)cc(Br)c1
1188,6.880124022626234,Oc1c(Cl)cc(Cl)cc1Sc1cc(Br)cc(Br)c1O
1189,6.656620203316341,Oc1ccc(Cl)cc1Sc1cc(Cl)cc(Cl)c1O
1190,3.719877631881132,N#CC(C#N)=C(C#N)c1cccc(O)c1
1191,3.78327379663462,N#CC(C#N)=C(C#N)c1ccc(O)cc1
1192,8.163503169373152,N#Cc1cnc2c(Cl)cc(N[C@H](C(=O)O)c3ccc(F)cc3)cc2c1Nc1cnc(F)c(F)c1
1193,8.818154253390361,N#Cc1cnc2c(Cl)cc(N[C@H](C(=O)NCCN)c3cnc(F)c(F)c3)cc2c1Nc1cnc(F)c(F)c1
1194,7.92818598697788,Nc1c(Nc2ncnc3ccccc23)cccc1C(F)(F)F
1195,8.081317998462254,Nc1c(Nc2ncnc3ccc(Br)cc23)cccc1C(F)(F)F
1196,8.397204776875476,Fc1cccc(Nc2ncnc3ccccc23)c1
1197,8.437674431660353,Fc1ccc(Br)cc1Nc1ncnc2ccccc12
1198,9.4254320398915,OCCNc1c(Br)cccc1Nc1ncnc2ccncc12
1199,8.852140418246048,OCCNc1c(Br)cccc1Nc1ncnc2ccccc12
1200,8.469922155498613,OCCNc1c(Cl)cccc1Nc1ncnc2ccccc12
1201,7.83517174870831,COc1cc2ncnc(Nc3cccc(Br)c3N(C)C)c2cc1OC
1202,8.088778684050284,COc1cccc(Nc2ncnc3ccncc23)c1
1203,8.202921985024245,Cc1cccc(Nc2ncnc3ccncc23)c1
1204,8.09904344931941,O=C(O)CNc1ccccc1Nc1ncnc2ccccc12
1205,8.571056050502605,O=C(O)CNc1c(Cl)cccc1Nc1ncnc2ccccc12
1206,7.422809674805842,COc1cc2ncnc(Nc3cccc(Cl)c3NC[C@H](C)O)c2cc1OC
1207,7.573672323892849,COc1cc2ncnc(Nc3cccc(Br)c3NC[C@H](C)O)c2cc1OC
1208,8.55513964889265,O=C(O)CCCNc1c(Cl)cccc1Nc1ncnc2ccccc12
1209,8.801906543124014,O=C(O)CCNc1c(Br)cccc1Nc1ncnc2ccc(Cl)cc12
1210,8.982643778712728,Brc1cccc(Nc2ncnc3ccncc23)c1NCC1CCNCC1
1211,8.68269494036898,Brc1cccc(Nc2ncnc3ccncc23)c1NCc1ccco1
1212,7.849929070042307,COCCOc1cc2ncnc(Nc3cccc(Br)c3NCCCC(=O)O)c2cc1OC
1213,8.112028845399395,O=C(O)CCCNc1c(Nc2ncnc3ccccc23)cccc1[N+](=O)[O-]
1214,8.932232484258677,CN(C)CCCNc1c(Cl)cccc1Nc1ncnc2ccncc12
1215,7.916317920621166,COCCOc1cc2ncnc(Nc3cccc(Cl)c3NCCCN(C)C)c2cc1OC
1216,9.29450236520865,Brc1cccc(Nc2ncnc3ccncc23)c1NCCCN1CCOCC1
1217,7.536323552510006,COc1cc2ncnc(Nc3cccc(Cl)c3NCCCCCN)c2cc1OC
1218,9.082285416290414,COc1cc2ncnc(Nc3cccc(Br)c3)c2cc1OC
1219,8.346505954340975,COc1ccc(Cl)c(Nc2ncnc3ccncc23)c1
1220,8.249307718857727,O=S(=O)(Nc1c(Cl)cccc1Nc1ncnc2ccccc12)C1CC1
1221,8.331286639322354,O=S(=O)(Nc1c(Cl)cccc1Nc1ncnc2ccncc12)C1CC1
1222,8.44595652407337,Cc1cccc(Nc2ncnc3ccncc23)c1N
1223,7.834834323124226,N#Cc1cnc2c(Cl)cc(N[C@H](C(=O)O)c3cccnc3)cc2c1Nc1cccc(Cl)c1
1224,8.216125114646388,N#Cc1cnc2c(Cl)cc(N[C@H](C(=O)NCCN)c3cccnc3)cc2c1Nc1cccc(Cl)c1
1225,9.285192486026821,O=C(CCCCCn1cc(-c2ccc3ncnc(Nc4cccc(Cl)c4F)c3c2)nn1)NO
1226,8.391128492446812,O=C(CCCCCn1cc(-c2ccc3ncnc(Nc4ccccc4)c3c2)nn1)NO
1227,9.317551864925989,O=C(CCCCCCn1cc(-c2ccc3ncnc(Nc4cccc(Cl)c4F)c3c2)nn1)NO
1228,8.347642364090968,O=C(CCCCCCn1cc(-c2ccc3ncnc(Nc4ccccc4)c3c2)nn1)NO
1229,8.253754501122822,Clc1cccc(Nc2ncnc3ccccc23)c1
1230,7.385859744946356,Fc1ccc(-n2cnnc2SCc2nc(-c3ccccc3)no2)cc1
1231,7.204909010971385,FC(F)(F)c1ccc(-n2cnnc2SCc2nc(-c3ccccc3)no2)cc1
1232,8.257428535605866,NS(=O)(=O)c1ccc(Nc2nc3ncnc(Nc4ccccc4)c3s2)cc1
1233,8.566139518332026,NS(=O)(=O)c1ccc(Nc2nc3ncnc(Nc4cccc(Cl)c4)c3s2)cc1
1234,8.071937065518558,COc1cccc(Nc2ncnc3ccccc23)c1
1235,8.383608085156188,COc1cccc(Nc2ncnc3ccc(F)cc23)c1
1236,5.879571930156874,Oc1cccc(O)c1
1237,5.903464438579874,Oc1ccccc1O
1238,5.353126046268585,N#C/C(=C\c1ccc(O)cc1)C(=O)C(C#N)C(=O)O
1239,5.833767054690507,N#C/C(=C\c1ccc(O)cc1)C(=O)C(C#N)C(N)=O
1240,5.919143382219584,O=C(/C=C/c1ccc(O)cc1)c1ccc(O)cc1
1241,5.930995871773404,O=C(/C=C/c1ccc(O)cc1)c1cccc(O)c1
1242,8.752893259550062,Brc1cccc(Nc2ncnc3ccncc23)c1
1243,7.927729890576647,COc1ccc(Nc2ncnc3ccncc23)cc1OC
1244,4.152884490967061,N#CC(C#N)=C(N)c1ccc(O)cc1
1245,8.008711356698516,FC(F)(F)c1ccc(Nc2ncnc3ccccc23)cc1
1246,8.404945718162857,Fc1ccc(Nc2ncnc3ccncc23)cc1Cl
1247,5.757108125670259,N[C@@H](Cc1ccc(O)cc1)C(=O)O
1248,5.998187332364778,N[C@@H](Cc1ccc(O)c(Br)c1)C(=O)O
1249,7.814564992417322,O=c1c(O)c(-c2ccc(O)cc2)oc2cc(O)cc(O)c12
1250,7.833615832033599,O=c1c(O)c(-c2cccc(O)c2)oc2cc(O)cc(O)c12
1251,8.174454800696896,O=C(Nc1ccncc1)Nc1cc(-c2cccnc2)ccc1OC(F)(F)F
1252,7.8997448240424255,COc1ccc(-c2ccc(OC(F)(F)F)c(NC(=O)Nc3ccncc3)c2)cn1
1253,7.819015345192229,COc1ccc(-c2ccc(OC(F)(F)F)c(NC(=O)Nc3nccs3)c2)cn1
1254,7.686430721560958,COc1ccc(-c2ccc(OC(F)(F)F)c(NC(=O)Nc3ccccn3)c2)cn1
1255,6.951950360699965,O=C(Cc1ccccc1)NCCc1ccc(Oc2ccc(C(=O)NCCc3cc(Br)c(O)c(Br)c3)cc2Br)c(O)c1
1256,7.1731090410826885,O=C(NCCc1cc(Br)c(O)c(Br)c1)c1ccc(Oc2ccc(CCNC(=O)C3CC3)c(O)c2)c(C(=O)O)c1
1257,7.027160939661167,CNC(=O)/C(=N/O)c1cc(-c2c(O)c(Br)cc(C/C(=N\O)C(=O)NCCc3ccc(O)cc3)c2O)c(Cl)cc1O
1258,6.013531477767461,Nc1nc(Nc2ccc(F)c(Cl)c2)c2cc(Cc3ccccc3)[nH]c2n1
1259,6.624390094883325,Nc1nc(Nc2ccc(F)c(F)c2)c2cc(Cc3ccc(Cl)cc3Cl)[nH]c2n1
1260,6.773179227855304,O=C(Nc1ccc(F)cc1F)c1cc(I)ccc1O
1261,6.6724501824090225,O=C(Nc1ccc(Cl)cc1Cl)c1cc(Cl)ccc1O
1262,5.220847030389865,O=C(O)/C=C/c1ccc(CO)cc1
1263,5.261263634936296,O=C(O)/C=C/c1cccc(CO)c1
1264,6.721108359610771,C#Cc1cccc(NC(=O)c2cc(NC(=O)CCCCCC(=O)NO)ccc2O)c1
1265,8.403505574549818,N#Cc1cnc2c(Cl)cc(NCc3cn(CC(=O)O)nn3)cc2c1Nc1ccc(F)c(Cl)c1
1266,8.534199714688734,N#Cc1cnc2c(Cl)cc(NCc3cn(Cc4cccnc4)nn3)cc2c1Nc1ccc(F)c(Cl)c1
1267,8.605959763570867,N#Cc1cnc2c(Cl)cc(N[C@H](C(=O)NCCN)c3ccc(Cl)nc3)cc2c1Nc1ccc(F)c(Cl)c1
1268,8.243520170739359,N#Cc1cnc2c(Cl)cc(N[C@H](C(=O)O)c3ccc(Cl)nc3Cl)cc2c1Nc1ccc(F)c(Cl)c1
1269,8.317475475634101,N#Cc1cnc2c(Cl)cc(N[C@H](C(=O)O)c3cc(Cl)cnc3Cl)cc2c1Nc1ccc(F)c(Cl)c1
1270,8.642276607990247,N#Cc1cnc2c(Cl)cc(N[C@H](C(=O)NCCN)c3cc(Cl)cnc3Cl)cc2c1Nc1ccc(F)c(Cl)c1
1271,9.38075670001514,N#Cc1cnc2c(Cl)cc(NC(C3=CN(CCO)NN3)c3ccccn3)cc2c1Nc1ccc(F)c(Cl)c1
1272,7.50618382042352,N#Cc1cnc2c(Cl)cc(NC(CC3CC3)c3ccccc3)cc2c1Nc1ccc(F)c(Cl)c1
1273,8.305260234082281,N#Cc1cnc2c(Cl)cc(N[C@H](C(=O)O)c3cnc(Cl)cc3Cl)cc2c1Nc1ccc(F)c(Cl)c1
1274,8.624251168235121,N#Cc1cnc2c(Cl)cc(N[C@H](C(=O)NCCN)c3cnc(Cl)cc3Cl)cc2c1Nc1ccc(F)c(Cl)c1
1275,7.882162215949997,N#Cc1cnc2c(Cl)cc(NCc3c[nH]cn3)cc2c1Nc1ccc(F)c(Cl)c1
1276,7.884258510410012,N#Cc1cnc2c(Cl)cc(NCc3cnc[nH]3)cc2c1Nc1ccc(F)c(Cl)c1
1277,8.751205228239074,N#Cc1cnc2ccc(N[C@H](C3=CNCCN3)c3cscn3)cc2c1Nc1ccc(F)c(Cl)c1
1278,8.533703467616146,N#Cc1cnc2c(Cl)cc(NC(c3ccccn3)c3cscn3)cc2c1Nc1ccc(F)c(Cl)c1
1279,8.675658534676355,N#Cc1cnc2c(Cl)cc(N[C@H](C(=O)NCCN)c3cscn3)cc2c1Nc1ccc(F)c(Cl)c1
1280,8.716361267724409,N#Cc1cnc2c(Cl)cc(NC(C3=NCCN3)c3cscn3)cc2c1Nc1ccc(F)c(Cl)c1
1281,8.152332022857506,N#Cc1cnc2c(Cl)cc(N[C@H](C(=O)O)c3cncs3)cc2c1Nc1ccc(F)c(Cl)c1
1282,8.688152532111216,N#Cc1cnc2c(Cl)cc(N[C@H](C(=O)NCCN)c3cncs3)cc2c1Nc1ccc(F)c(Cl)c1
1283,8.166427029927208,N#Cc1cnc2c(Cl)cc(N[C@H](C(=O)O)c3cscn3)cc2c1Nc1ccc(F)c(Cl)c1
1284,7.7604244037993935,N#Cc1cnc2c(Br)cc(NCc3c[nH]nn3)cc2c1Nc1ccc(F)c(Cl)c1
1285,7.4739599833302774,N#Cc1cnc2ccc(NCc3cccc[n+]3[O-])cc2c1Nc1ccc(F)c(Cl)c1
1286,8.667229751471517,N#Cc1cnc2c(Cl)cc(NCc3cn(CCN4CCOCC4)nn3)cc2c1Nc1ccc(F)c(Cl)c1
1287,8.691237004138676,COc1ccc2[nH]c(C(=O)c3cc4c(Nc5ccc(F)c(Cl)c5)ncnc4s3)cc2c1
1288,8.285421654851502,O=C(CCl)Nc1cc2c(Nc3ccc(F)c(Cl)c3)ncnc2s1
1289,8.093219257935129,Fc1ccc(Nc2ncnc3ccsc23)cc1Cl
1290,8.454517460154504,Fc1ccc(Nc2ncnc3scc(-c4ccccc4)c23)cc1Cl
1291,7.357189243844094,COc1ccc(Nc2ncnc3ccc(OCC(=O)Nc4cccc(C#N)c4)cc23)cc1OC
1292,6.972160859782695,COc1ccc(Nc2ncnc3ccc(OCC(=O)Nc4ccc(C)cc4)cc23)cc1OC
1293,8.817361279225635,COc1cc2ncnc(Nc3ccc(F)c(Cl)c3)c2cc1OCCCCCC(=O)NO
1294,7.9790394988602005,COc1ccc(Nc2ncnc3[nH]ccc23)cc1
1295,7.965515810908939,Fc1ccc(Nc2ncnc3[nH]ccc23)cc1F
1296,8.184131645358216,O=C(Nc1cc2c(Nc3ccc(F)c(Cl)c3)ncnc2cc1F)c1cccc([N+](=O)[O-])c1
1297,8.139595995411225,O=C(Nc1cc2c(Nc3ccc(F)c(Cl)c3)ncnc2cc1F)c1ccccc1
1298,8.219275640343671,CCOC(=O)CCCn1c(=O)oc2cc3ncnc(Nc4ccc(F)c(F)c4)c3cc21
1299,5.689055334807049,O=c1ccc2cc(O)ccc2o1
1300,5.728927146949736,O=c1ccc2ccc(O)cc2o1
1301,8.525653653003232,N#Cc1cnc2c(Cl)cc(N[C@H](C(=O)NCCN)c3cccnc3)cc2c1Nc1ccc(F)c(Cl)c1
1302,8.234152104469029,N#Cc1cnc2c(Cl)cc(N[C@H](C(=O)O)c3cccnc3Cl)cc2c1Nc1ccc(F)c(Cl)c1
1303,8.409832213974038,N#Cc1cnc2c(Cl)cc(N[C@H](C(=O)O)c3cccnc3Cl)cc2c1Nc1cnc(F)c(F)c1
1304,8.740354427761325,N#Cc1cnc2c(Cl)cc(N[C@H](C(=O)NCCN)c3cccnc3)cc2c1Nc1cnc(F)c(F)c1
1305,11.14878601213539,Fc1ccc(-c2nn(CC3CCNCC3)cc2-c2ncnc3oc(-c4ccccc4)cc23)cc1
1306,11.297780547983397,Fc1ccc(-c2nn(CCCN3CCOCC3)cc2-c2ncnc3oc(-c4ccccc4)cc23)cc1
1307,11.229789283797684,Cn1cc(-c2ncnc3oc(-c4ccccc4)cc23)c(-c2ccc(F)cc2)n1
1308,10.720170009182757,COc1ccc(-c2cc3c(-c4cn(CCCN5CCN(C)CC5)nc4-c4ccc(F)cc4)ncnc3o2)cc1
1309,6.914965474415783,Nc1n[nH]c2cccc(-c3ccc(NC(=S)Nc4cccc(Cl)c4)cc3)c12
1310,7.095513689610598,Nc1n[nH]c2cccc(-c3ccc(NC(=S)Nc4ccc(F)c(F)c4)cc3)c12
1311,7.226065568920635,O=C1c2c(O)ccc(O)c2C(=O)c2c(NCCN3CCOCC3)ccc(NCCN3CCOCC3)c21
1312,7.2407444522833675,O=C1c2c(O)ccc(O)c2C(=O)c2c(NCCN3CCOCC3)ccc(NCCCN3CCOCC3)c21
1313,8.743924086932532,OCCn1ccc2ncnc(Nc3ccc(Oc4cccc5[nH]ccc45)c(Cl)c3)c21
1314,8.52428340496061,O=C1Cc2ccc(Oc3ccc(Nc4ncnc5ccn(CCO)c45)cc3Cl)cc2N1
1315,8.581130826346822,O=C1Cc2cccc(Oc3ccc(Nc4ncnc5ccn(CCO)c45)cc3Cl)c2N1
1316,7.885571347598394,O=C(/C=C/c1ccc([N+](=O)[O-])cc1)Nc1ccc2ncnc(Nc3cccc(Br)c3)c2c1
1317,7.900570699957136,O=C(/C=C/c1cccc([N+](=O)[O-])c1)Nc1ccc2ncnc(Nc3cccc(Br)c3)c2c1
1318,8.008585795208303,NC(=O)c1cnc2ccc(-c3cnc4[nH]ccc4c3)cc2c1Nc1cccc(Br)c1
1319,7.726334798997359,NC(=O)c1cnc2ccc(-c3cnc4[nH]ccc4c3)cc2c1Nc1cccc(C(F)(F)F)c1
1320,8.160170840579745,O=C(O)CCCC(=O)Nc1cc(Nc2cccc(Cl)c2)ncn1
1321,7.460315968788672,O=C(O)CCCC(=O)Nc1cc(Nc2ccc(Cl)c(C(F)(F)F)c2)ncn1
1322,5.788534732876586,Nc1nc(Nc2ccc(F)c(Cl)c2)c2cc(Cc3ccc(Cl)cc3)[nH]c2n1
1323,8.97295757240799,O=C(O)CCc1ccc2ncnc(Nc3cccc(Br)c3)c2c1
1324,8.863099041388335,COC(=O)CCc1ccc2ncnc(Nc3cccc(Br)c3)c2c1
1325,8.870956912782725,O=C(CCc1ccc2ncnc(Nc3cccc(Br)c3)c2c1)NCCO
1326,8.320864336557472,COc1ccc(Nc2ncnc3ccc(CC(=O)O)cc23)cc1Cl
1327,8.574959479230078,Brc1cccc(Nc2ncnc3ccc(Br)cc23)c1
1328,8.805150128758797,Brc1cccc(Nc2ncnc3ccc(N4CCOCC4)cc23)c1
1329,8.017914806147063,COc1cccc(Nc2ncnc3ccc(NC(=S)Nc4ccccc4)cc23)c1
1330,8.309218358149113,S=C(Nc1ccc2ncnc(Nc3cccc(Cl)c3)c2c1)Nc1ccccc1Cl
1331,8.55845193579362,O=C(O)[C@H]1O[C@@H]1C(=O)Nc1ccc2ncnc(Nc3ccc(F)c(Cl)c3)c2c1
1332,8.563509372813684,COC(=O)[C@@H]1O[C@@H](C(=O)Nc2ccc3ncnc(Nc4ccc(F)c(Cl)c4)c3c2)[C@@H]1O
1333,8.595351187795975,COC(=O)[C@@H]1O[C@H]1C(=O)Nc1ccc2ncnc(Nc3ccc(F)c(Cl)c3)c2c1
1334,8.55845193579362,O=C(O)[C@@H]1O[C@H]1C(=O)Nc1ccc2ncnc(Nc3ccc(F)c(Cl)c3)c2c1
1335,8.020124989010087,O=C(/C=C/c1ccccc1)Nc1ccc2ncnc(Nc3cccc(Br)c3)c2c1
1336,8.184510170381582,O=C(/C=C/c1ccc(F)cc1)Nc1ccc2ncnc(Nc3ccc(F)c(Cl)c3)c2c1
1337,9.063392091241969,O=C(CCN1CCOCC1)Nc1ccc2ncnc(Nc3cccc(Br)c3)c2c1
1338,8.254679239596337,O=C(Cn1ccccc1=O)Nc1ccc2ncnc(Nc3cccc(F)c3)c2c1
1339,8.480993795516595,O=C(Cn1ccccc1=O)Nc1ccc2ncnc(Nc3cccc(Br)c3)c2c1
1340,8.23453779142902,C#Cc1cccc(Nc2ncnc3ccc(NC(=O)COc4c(F)cc(F)c(F)c4F)cc23)c1
1341,8.465019266677777,O=C(COc1ccccc1)Nc1ccc2ncnc(Nc3cccc(Br)c3)c2c1
1342,8.340110479409885,O=C(COc1ccccc1)Nc1ccc2ncnc(Nc3ccc(F)c(Cl)c3)c2c1
1343,8.31221036630648,CN(C)CCN(C)C(=O)N(C)C(=O)Nc1ccc2ncnc(Nc3cccc(Br)c3)c2c1
1344,8.723973503125787,CCN(CC)CCNC(=O)Nc1ccc2ncnc(Nc3cccc(Br)c3)c2c1
1345,6.632634568248645,COc1ccc(Nc2ncnc3ccc(NC(=O)Nc4cccc(C#N)c4)cc23)cc1OC
1346,7.46319226199143,COc1ccc(Nc2ncnc3ccc(NC(=O)Nc4cccc(C#N)c4)cc23)cc1
1347,8.654784390138694,O=C(NCCCn1ccnc1)Nc1ccc2ncnc(Nc3cccc(Br)c3)c2c1
1348,7.525369557245634,COc1ccc(Nc2ncnc3ccc(NC(=S)Nc4ccc(Br)cc4)cc23)cc1OC
1349,7.4664136530816805,COc1ccc(Nc2ncnc3ccc(NC(=S)Nc4cccc(Cl)c4)cc23)cc1OC
1350,7.2680818497600495,COc1ccc(Nc2ncnc3ccc(NC(=S)Nc4ccccc4)cc23)cc1OC
1351,8.212192268166303,COc1ccc(Nc2ncnc3ccc(NC(=S)Nc4ccc(Br)cc4)cc23)cc1
1352,7.508062132245453,COc1ccc(Nc2ncnc3ccc(NC(=S)Nc4cccc(F)c4)cc23)cc1OC
1353,8.231457727066436,COc1ccc(Nc2ncnc3ccc(NC(=S)Nc4cccc(F)c4)cc23)cc1
1354,7.378674701007352,COc1ccc(Nc2ncnc3ccc(NC(=S)Nc4cccc5ccccc45)cc23)cc1OC
1355,7.84749004096724,COc1ccc(Nc2ncnc3ccc(NC(=S)Nc4cccc5ccccc45)cc23)cc1
1356,8.197223064866415,S=C(Nc1ccccc1)Nc1ccc2ncnc(Nc3cccc(Br)c3)c2c1
1357,8.148756088324525,S=C(Nc1ccccc1)Nc1ccc2ncnc(Nc3cccc(Cl)c3)c2c1
1358,7.347167479342099,COc1ccc(Nc2ncnc3ccc(NC(=S)Nc4cccc(C#N)c4)cc23)cc1OC
1359,7.620674592648724,COc1ccc(Nc2ncnc3ccc(NC(=S)NCc4ccccc4)cc23)cc1OC
1360,8.157896853430628,COc1ccc(Nc2ncnc3ccc(NC(=S)NCc4ccccc4)cc23)cc1
1361,7.889460360334208,Brc1cccc(CNc2ccc3ncnc(Nc4ccccc4)c3c2)c1
1362,7.95847715819292,Brc1cccc(Nc2ncnc3ccc(NCc4ccccc4)cc23)c1
1363,8.99507373671809,Brc1cccc(Nc2ncnc3ccc(NCCN4CCOCC4)cc23)c1
1364,7.7959134085765065,COc1cccc(CNc2ccc3ncnc(Nc4cccc(OC)c4)c3c2)c1
1365,8.466817633490475,Brc1cccc(Nc2ncnc3ccc(NCCc4ccccn4)cc23)c1
1366,8.691077296451846,O=C(/C=C/c1ccccc1)Cc1cc2c(Nc3cccc(Br)c3)ncnc2cn1
1367,8.900329774483355,O=C(/C=C/c1cc2c(Nc3cccc(Br)c3)ncnc2cn1)NCCN1CCOCC1
1368,8.085602291888007,O=C(/C=C/C(=O)Nc1ccccc1F)Nc1ccc2ncnc(Nc3cccc(Br)c3)c2c1
1369,8.190501821772642,O=C(/C=C/C(=O)Nc1ccc2ncnc(Nc3cccc(Br)c3)c2c1)NCc1ccccc1F
1370,7.971340779293807,COc1cccc(Nc2ncnc3[nH]ccc23)c1
1371,8.914227380932326,Brc1cccc(Nc2ncnc3c2sc2ccccc23)c1
1372,8.442425297259165,Brc1cccc(Nc2ncnc3c2oc2ccccc23)c1
1373,8.374647076382239,COc1ccc2c(c1)sc1c(Nc3ccc(F)cc3)ncnc12
1374,8.496483524157016,COc1ccc2c(c1)sc1c(Nc3cccc(C)c3)ncnc12
1375,8.209536400894546,COc1ccc(Nc2ncnc3c2sc2c([N+](=O)[O-])cccc23)cc1
1376,7.738127806888465,COc1ccc(Nc2ncnc3c2sc2c([N+](=O)[O-])cccc23)cc1OC
1377,8.770517549284659,Brc1ccc(Nc2ncnc3c2sc2ccccc23)cc1
1378,7.987065176840114,COc1cccc(Nc2ncnc3c2sc2ncsc23)c1
1379,7.978549473019139,COc1ccc(Nc2ncnc3c2sc2ncsc23)cc1
1380,8.482193926219498,O=S(=O)(Nc1cc2c(Nc3cccc(Br)c3)ncnc2cn1)c1ccccc1
1381,8.185339953050132,O=S(=O)(Nc1ccc2ncnc(Nc3cccc(Br)c3)c2c1)c1ccccc1
1382,9.001216029352452,CNc1ncc2ncnc(Nc3cccc(Br)c3)c2n1
1383,8.973026441251548,Brc1cccc(Nc2ncnc3cnc(NCCN4CCOCC4)nc23)c1
1384,6.74860324129835,Nc1nc(N)c2nc(-c3cccc(Cl)c3)cnc2n1
1385,6.87497675943282,Nc1nc(N)c2nc(-c3cccc(Cl)c3)c(N)nc2n1
1386,8.035633654564087,Nc1ccc2ncnc(Nc3ccc4c(ccn4Cc4ccccc4)c3)c2c1
1387,8.738245830143228,Nc1ccc2ncnc(Nc3ccc4c(ccn4Cc4cccc(F)c4)c3)c2c1
1388,8.602014489661915,Clc1ccc2ncnc(Nc3cccc(Br)c3)c2c1
1389,8.06289378648024,Fc1ccc2ncnc(Nc3cccc(Cl)c3F)c2c1
1390,7.926349608421173,O=C(/C=C/c1cccc([N+](=O)[O-])c1)Nc1ccc2ncnc(Nc3cccc(Cl)c3)c2c1
1391,8.126491909046164,O=C(/C=C/c1ccc(F)cc1)Nc1ccc2ncnc(Nc3cccc(Cl)c3)c2c1
1392,7.8326281194423215,O=C(/C=C/c1ccccc1)Nc1ccc2ncnc(Nc3cccc(Cl)c3)c2c1
1393,8.190757853027334,O=C(/C=C/c1ccc(F)cc1)Nc1ccc2ncnc(Nc3cccc(Br)c3)c2c1
1394,8.557709147802374,S=C(Nc1ccc2ncnc(Nc3cccc(Br)c3)c2c1)Nc1ccccc1Cl
1395,8.206709190089397,COc1cccc(Nc2ncnc3ccc(NCc4cccc(C)c4)cc23)c1
1396,8.191050104924079,COc1cccc(Nc2ncnc3ccc(NCc4cccc(F)c4)cc23)c1
1397,8.23724258978428,COc1cccc(Nc2ncnc3ccc(NCc4ccccc4)cc23)c1
1398,8.772104575571662,Clc1cccc(Nc2ncnc3ccc(NCCN4CCOCC4)cc23)c1
1399,8.530638666659687,COc1cccc(Nc2ncnc3ccc(NCc4ccc(C)s4)cc23)c1
1400,8.587794822983266,COc1cccc(Nc2ncnc3ccc(NCc4cccs4)cc23)c1
1401,7.945981136836008,c1csc(CNc2ccc3ncnc(Nc4ccc5c(c4)OCO5)c3c2)c1
1402,8.22173979346766,Cc1cccc(CNc2ccc3ncnc(Nc4cccc(Br)c4)c3c2)n1
1403,8.242855901829822,COc1cccc(Nc2ncnc3ccc(NCc4cccc(C)n4)cc23)c1
1404,8.661061807406785,Clc1ccc(Nc2ncnc3ccc(NCCN4CCOCC4)cc23)cc1
1405,7.975891463004958,COc1ccc(Nc2ncnc3ccc(NC(=O)NCCN(C)C)cc23)cc1
1406,8.753425894843899,O=C(CO)NCCn1ccc2ncnc(Nc3ccc(Oc4cccc(Cl)c4)c(Cl)c3)c21
1407,8.889900710679665,O=C(CO)NCCn1ccc2ncnc(Nc3ccc(Oc4cccc(C(F)(F)F)c4)c(Cl)c3)c21
1408,8.778834861983205,OCCOCCn1ccc2ncnc(Nc3ccc(Oc4cccc(Cl)c4)c(Cl)c3)c21
1409,8.816407798904686,Fc1cccc(Oc2ccc(Nc3ncnc4cc[nH]c34)cc2Cl)c1
1410,8.712422640376984,Fc1ccccc1Oc1ccc(Nc2ncnc3cc[nH]c23)cc1Cl
1411,7.31400904323392,NCC(NC(=O)c1cc(Br)c(-c2ccnc3[nH]ccc23)s1)c1ccccc1
1412,7.776513176256943,NCC(NC(=O)c1cc(-c2ccccc2)c(-c2ccnc3[nH]ccc23)s1)c1ccccc1
1413,8.538251751813718,O=C(CO)Nc1ccc2ncnc(Nc3ccc4c(ccn4Cc4cccc(F)c4)c3)c2c1
1414,8.598623503751263,O=C(NCCO)c1ccc2ncnc(Nc3ccc4c(ccn4Cc4cccc(F)c4)c3)c2c1
1415,8.125965418959513,Nc1ncnc(Nc2ccc3c(cnn3Cc3ccccc3)c2)c1/C=N/c1ccccc1
1416,8.103314514009769,Nc1ncnc(Nc2ccc3c(cnn3Cc3ccccc3)c2)c1/C=N/c1cccc(C(F)(F)F)c1
1417,7.4051235418851356,Nc1nccc(Nc2ccc3c(cnn3Cc3cccc(F)c3)c2)n1
1418,8.02414029438429,Nc1ncnc(Nc2ccc3c(cnn3Cc3ccccc3)c2)c1C1CC1
1419,8.643984362817795,Fc1cccc(Cn2ncc3cc(Nc4ncnn5ccc(CN6CCCNCC6)c45)ccc32)c1
1420,8.512265255896734,Fc1cccc(Cn2ncc3cc(Nc4ncnn5ccc(CN6CCCC6)c45)ccc32)c1
1421,8.622520591771064,COC(=O)COCc1ccn2ncnc(Nc3ccc4c(cnn4Cc4cccc(F)c4)c3)c12
1422,8.3379804599438,Cc1ccn2ncnc(Nc3ccc4c(cnn4Cc4cccc(F)c4)c3)c12
1423,8.543345228664663,Fc1cccc(Cn2ncc3cc(Nc4ncnn5ccc(COC[C@H]6CNCCO6)c45)ccc32)c1
1424,8.43982789786087,Clc1cc(Nc2ncnc3sc(Br)cc23)ccc1OCc1ccccn1
1425,8.410356508186158,Brc1cc2c(Nc3ccc(OCc4ccccn4)c(Br)c3)ncnc2s1
1426,8.674861349857412,CN(C)CCNC(=O)C#Cc1cc2c(Nc3ccc(OCc4cccc(F)c4)c(Cl)c3)ncnc2s1
1427,8.720301247083382,CN(C)CCNC(=O)COc1ccc(Nc2ncnc3sc(C#Cc4cnccn4)cc23)cc1Cl
1428,8.718893410557582,CN(C)CCNC(=O)c1cc2c(Nc3ccc(OCc4cccc(F)c4)c(Cl)c3)ncnc2s1
1429,8.390616107123344,CN(C)CCNC(=O)c1cc2c(Nc3ccc(OCc4cccc(N)c4)c(Cl)c3)ncnc2s1
1430,8.599957674605104,Fc1cccc(COc2ccc(Nc3ncnc4sc(-c5cccnc5)cc34)cc2Cl)c1
1431,8.329923850974783,Fc1cccc(COc2ccc(Nc3ncnc4sc(-c5ccccc5)cc34)cc2Cl)c1
1432,8.423705389721432,N#Cc1ccc(-c2cc3c(Nc4ccc(OCc5cccc(F)c5)c(Cl)c4)ncnc3s2)cc1
1433,8.506367593363876,N#Cc1ccc(-c2cc3c(Nc4ccc(OCc5cccc(F)c5)c(Cl)c4)ncnc3s2)cn1
1434,8.213755208944788,O=C(NC1CC1)c1cccc(Oc2cc(Nc3ccc(OCc4cccc(F)c4)c(Cl)c3)ncn2)c1
1435,8.191008639480605,O=C(NCC1CC1)c1cccc(Oc2cc(Nc3ccc(OCc4cccc(F)c4)c(Cl)c3)ncn2)c1
1436,7.391479219489209,Nc1cccc(Oc2cc(Nc3ccc4c(c3)OCO4)ncn2)c1
1437,7.708434943407,Nc1cccc(Oc2cc(Nc3ccc(OCc4ccccc4)c(F)c3)ncn2)c1
1438,7.5669753355828755,O=C(Nc1cccc(Oc2cc(Nc3ccc(OCc4cccc(F)c4)c(Cl)c3)ncn2)c1)c1ccccc1
1439,7.721585498390317,O=C(Nc1cccc(Oc2cc(Nc3ccc(OCc4cccc(F)c4)c(Cl)c3)ncn2)c1)c1cccc(O)c1
1440,8.109886826780356,N#CCC(=O)Nc1cccc(Oc2cc(Nc3ccc(OCc4cccc(F)c4)c(Cl)c3)ncn2)c1
1441,7.681261961408431,N#CCC(=O)Nc1cccc(Oc2cc(Nc3ccc(OCc4ccccc4)c(F)c3)ncn2)c1
1442,7.405986579104144,O=C(Cc1ccccc1)Nc1cccc(Oc2cc(Nc3ccc(OCc4ccccc4)c(Cl)c3)ncn2)c1
1443,7.932115217321757,O=C(COc1cc(F)c(F)c(F)c1)Nc1cccc(Oc2cc(Nc3ccc(F)c(Cl)c3)ncn2)c1
1444,7.7769425293877,O=C(COc1cc(F)c(F)c(F)c1)Nc1cccc(Oc2cc(Nc3ccc(F)c(F)c3)ncn2)c1
1445,7.977910439373124,Nc1cc(Nc2cccc(Oc3cc(Nc4ccc(F)cc4)ncn3)c2)ncn1
1446,8.190961750062614,Nc1cc(Nc2cccc(Oc3ccnc(Nc4ccc(F)c(Cl)c4)n3)c2)ncn1
1447,8.040687064388578,Fc1cccc(COc2ccc(Nc3ncccn3)cc2Cl)c1
1448,7.991458131633463,Fc1cccc(COc2ccc(Nc3ncncc3Cc3ccccc3)cc2Cl)c1
1449,8.443084374484899,Nc1ncc(C#Cc2cncnc2Nc2ccc(OCc3cccc(F)c3)c(Cl)c2)cn1
1450,8.509507179146606,Nc1nccc(C#Cc2cncnc2Nc2ccc(OCc3cccc(F)c3)c(Cl)c2)n1
1451,8.456506389172997,Nc1ncc(C#Cc2cncnc2Nc2ccc(OCc3cccc(F)c3)c(Cl)c2)s1
1452,8.422878943848135,NC(=O)c1cccc(C#Cc2cncnc2Nc2ccc(OCc3cccc(F)c3)c(Cl)c2)n1
1453,8.5152015439094,NC(=O)C1CCN(Cc2cncnc2Nc2ccc(OCc3cccc(F)c3)c(Cl)c2)CC1
1454,8.630138259700903,CN(C)CC(=O)NCc1cccc(C#Cc2cncnc2Nc2ccc(OCc3cccc(F)c3)c(Cl)c2)n1
1455,8.476794872869723,Fc1cccc(COc2ccc(Nc3ncncc3C#Cc3cn[nH]c3)cc2Cl)c1
1456,8.596121039676996,Fc1cccc(COc2ccc(Nc3ncncc3C#Cc3ccccn3)cc2Cl)c1
1457,8.512585397255236,Fc1cccc(COc2ccc(Nc3ncncc3C#Cc3cnccn3)cc2Cl)c1
1458,8.263148616363456,Fc1cccc(COc2ccc(Nc3ncncc3C#Cc3ccccc3)cc2Cl)c1
1459,8.486196286013582,OCc1ccc(C#Cc2cncnc2Nc2ccc(OCc3cccc(F)c3)c(Cl)c2)o1
1460,8.534309242207918,OCc1cccc(C#Cc2cncnc2Nc2ccc(OCc3cccc(F)c3)c(Cl)c2)n1
1461,8.292008039752229,Nc1nccc(C#Cc2cncnc2Nc2ccc(OCc3cccc(F)c3)cc2)n1
1462,8.190409194346516,Fc1cccc(COc2ccc(Nc3ncncc3C#CC3CCCCC3)cc2Cl)c1
1463,8.24696027495142,COc1ccc(Nc2ncnc3ccc(-c4ccc(/C=C/C(=O)NO)cc4)cc23)cc1Cl
1464,8.342582271088395,O=C(/C=C/c1ccc2ncnc(Nc3cccc(Cl)c3)c2c1)NO
1465,8.426583810767129,COc1ccc(Nc2ncnc3ccc(-c4ccc(/C=C/C(=O)NO)o4)cc23)cc1Cl
1466,7.825265052969247,O=C(/C=C/c1ccc2ncnc(Nc3ccccc3)c2c1)NO
1467,8.349986485274316,O=C(NO)c1ccc(-c2ccc3ncnc(Nc4cccc(Cl)c4)c3c2)o1
1468,7.846437094509649,COc1ccc(Nc2ncnc3ccc(-c4ccc(C(=O)NO)o4)cc23)cc1OC
1469,8.824573344050329,OCc1ccc(-c2ccc3ncnc(Nc4ccc(OCc5cccc(F)c5)c(Cl)c4)c3c2)o1
1470,7.46621275245629,OCc1ccc(-c2ccc3nccc(Nc4ccc(OCc5cccc(F)c5)c(Cl)c4)c3c2)o1
1471,8.326476843239966,OCc1cccc(-c2ccc3ncnc(Nc4ccc(OCc5cccc(F)c5)c(Cl)c4)c3c2)c1
1472,8.548621519244254,COC(=O)c1ccc(-c2ccc3ncnc(Nc4ccc(OCc5ccccn5)c(Cl)c4)c3c2)o1
1473,8.54188158833325,O=C(NCCO)c1ccc(-c2ccc3ncnc(Nc4ccc(OCc5ccccn5)c(Cl)c4)c3c2)o1
1474,8.064082883647504,COc1ccc(Nc2ncnc3ccc(-c4ccc(CNC(C)=O)o4)cc23)cc1OC
1475,8.08535264847673,OCc1ccc(-c2ccc3ncnc(Nc4ccc5c(c4)OCCO5)c3c2)o1
1476,8.059824085974592,OCc1ccc(-c2ccc3ncnc(Nc4ccc5c(c4)OCO5)c3c2)o1
1477,8.0801430355202,O=C(/C=C/c1ccc(-c2ccc3ncnc(Nc4ccccc4)c3c2)s1)NO
1478,8.198713716496439,O=C(/C=C/c1ccc(-c2ccc3ncnc(Nc4cccc(Cl)c4)c3c2)s1)NO
1479,8.02110244098358,O=C(NO)c1ccc(-c2ccc3ncnc(Nc4ccccc4)c3c2)s1
1480,8.255090919884799,O=C(NO)c1ccc(-c2ccc3ncnc(Nc4cccc(Cl)c4)c3c2)s1
1481,8.29547043545935,COc1ccc(Nc2ncnc3ccc(-c4cccc(/C=C/C(=O)NO)c4)cc23)cc1Cl
1482,8.936336211153028,O=C(CCCCCn1cc(-c2ccc3ncnc(Nc4ccccc4F)c3c2)nn1)NO
1483,9.210720667856407,O=C(CCCCCCn1cc(-c2ccc3ncnc(Nc4ccc(F)c(Cl)c4)c3c2)nn1)NO
1484,8.441356559725975,NC(=O)Nc1ccc2ncnc(Nc3ccc(OCc4cccc(F)c4)c(Cl)c3)c2c1
1485,8.015298013436405,NS(=O)(=O)c1ccc(Nc2ncnc3ccc(NC(=S)NCc4ccccc4)cc23)cc1
1486,8.415807205800448,NS(=O)(=O)c1ccc(NC(=S)Nc2ccc3ncnc(Nc4cccc(Cl)c4)c3c2)cc1
1487,8.124148540076334,N#CC(C#N)C(=O)Nc1ccc2ncnc(Nc3ccc(OCc4ccccn4)c(Cl)c3)c2c1
1488,8.235290748453025,N#CC(C#N)C(=O)Nc1ccc2ncnc(Nc3cccc(Br)c3)c2c1
1489,8.47940121869101,N#Cc1cccc(Oc2ccc(Nc3ncnc4cc[nH]c34)cc2Cl)c1
1490,8.821873021474747,Fc1cccc(COc2ccc(Nc3ncnc4cc[nH]c34)cc2Cl)c1
1491,8.450091012449388,NC(=O)C#Cc1cc2ncnc(Nc3ccc(OCc4cccc(F)c4)c(Cl)c3)c2s1
1492,8.344029308129283,NC(=O)C#Cc1cc2ncnc(Nc3ccc(OCc4ccccn4)c(Cl)c3)c2s1
1493,8.548749059170524,NC(=O)CNCc1ccc(-c2cc3ncnc(Nc4ccc(OCc5ccccn5)c(Cl)c4)c3s2)o1
1494,8.8005644378694,OCc1ccc(-c2cc3ncnc(Nc4ccc(OCc5cccc(F)c5)c(Cl)c4)c3s2)o1
1495,8.667239771697595,OCc1ccc(-c2cc3ncnc(Nc4ccc(OCc5ccccn5)c(Cl)c4)c3s2)o1
1496,8.59550609528537,NC(=O)c1ccc(-c2cc3ncnc(Nc4ccc(OCc5cccc(F)c5)c(Cl)c4)c3s2)cn1
1497,8.66409054150266,COCCNC(=O)c1cc2ncnc(Nc3ccc(OCc4cccc(F)c4)c(Cl)c3)c2s1
1498,8.461544718472908,N#Cc1cccc(COc2ccc(Nc3ncnc4cc(-c5ccco5)sc34)cc2Cl)c1
1499,8.363863315393338,N#Cc1cccc(COc2ccc(Nc3ncnc4cc(-c5cccnc5)sc34)cc2Cl)c1
1500,8.347976644460076,N#Cc1cccc(COc2ccc(Nc3ncnc4cc(-c5cccs5)sc34)cc2Cl)c1
1501,8.33188653773617,Fc1cccc(COc2ccc(Nc3ncnc4cc(-c5ccccc5)sc34)cc2Cl)c1
1502,7.502549316211896,CCOC(=O)CCCn1c(=O)oc2cc3ncnc(Nc4ccc(OC)c(OC)c4)c3cc21
1503,8.072957220003062,CCOC(=O)CCCn1c(=O)oc2cc3ncnc(Nc4ccc(OCc5ccccn5)cc4)c3cc21
1504,6.924135815139215,Nc1noc2cccc(C(=O)Nc3ccc(NC(=O)Nc4cccc(F)c4)cc3)c12
1505,7.135999242100153,Nc1noc2cccc(C(=O)Nc3cccc(CNC(=O)Nc4cccc(F)c4)c3)c12
1506,6.966971634988795,Fc1ccc(-c2ccc3nnc(-c4cccnc4)n3n2)cc1
1507,8.211738981854635,Cc1ccc(-c2ccc3nnc(-c4cccnc4)n3n2)cc1NS(=O)(=O)c1cccc(C(F)(F)F)c1
1508,8.171846911199543,COc1cccc(Nc2ncnc3ccc(NC(=S)Nc4ccc(Cl)cc4)cc23)c1
1509,8.243797152273345,COc1cccc(Nc2ncnc3ccc(NC(=S)Nc4cccc(F)c4)cc23)c1
1510,8.246640838296578,FC(F)(F)c1cccc(Nc2ncnc3ccc(NCCN4CCOCC4)cc23)c1
1511,7.7916157588456,FC(F)(F)c1cccc(Nc2ncnc3ccc(NC(=S)NCc4ccccc4)cc23)c1
1512,7.883105886685237,FC(F)(F)c1cccc(Nc2ncnc3c2sc2ccccc23)c1
1513,7.877719523119202,FC(F)(F)c1cccc(Nc2ncnc3c2oc2ccccc23)c1
1514,6.446292776018269,O=C1NN(c2cccc(Cl)c2)C(=O)/C1=C\c1cccc(O)c1
1515,6.576866737091291,O=C1NN(c2ccc(Cl)c(Cl)c2)C(=O)/C1=C\c1cccc(O)c1
1516,8.682325759264323,OCCn1ccc2ncnc(Nc3ccc(Oc4cccc(F)c4)c(Cl)c3)c21
1517,8.732500096711945,OCCn1ccc2ncnc(Nc3ccc(Oc4cccc(Cl)c4)c(Cl)c3)c21
1518,8.113328702552447,COc1cc2c(Nc3ccc(Oc4cccc(C(F)(F)F)c4)c(Cl)c3)ncnc2cc1O
1519,8.303965000110903,FC(F)(F)c1cccc(Oc2ccc(Nc3ncnc4sc(-c5cccnc5)cc34)cc2Cl)c1
1520,8.508164967947122,O=C(NCCO)c1ccc2ncnc(Nc3ccc(Oc4cccc(C(F)(F)F)c4)c(Cl)c3)c2c1
1521,7.788317470427584,COc1cc2ncnc(Nc3ccc(Oc4cccc(C(F)(F)F)c4)c(Cl)c3)c2cc1OC
1522,9.006174341766172,OCCOCCn1ccc2ncnc(Nc3ccc(Oc4cccc(C(F)(F)F)c4)c(Cl)c3)c21
1523,8.203350545200271,Cn1c(C#N)cc2ncnc(Nc3ccc(Oc4cccc(C(F)(F)F)c4)c(Cl)c3)c21
1524,8.450311573789586,OCCn1ccc2ncnc(Nc3ccc(Oc4cccc(C(F)(F)F)c4)c(Cl)c3)c21
1525,8.552015522823671,COCCn1c(=O)oc2cc3ncnc(Nc4ccc(OCc5ccccn5)c(Cl)c4)c3cc21
1526,8.536400674244183,OCCOCCn1ccc2ncnc(Nc3ccc(Oc4cccc(C(F)(F)F)c4)c(F)c3)c21
1527,8.454775428035694,OCCOCn1ccc2ncnc(Nc3ccc(Oc4cccc(C(F)(F)F)c4)c(F)c3)c21
1528,8.755551363270094,OCCOCn1ccc2ncnc(Nc3ccc(Oc4cccc(C(F)(F)F)c4)c(Cl)c3)c21
1529,7.033655291602891,O=C(Nc1cccnc1Oc1cccc(C(F)(F)F)c1)c1ccc(F)cc1
1530,7.045397732888167,O=C(Nc1cccnc1Oc1cccc(C(F)(F)F)c1)c1cccc(F)c1
1531,5.1977466712140545,COc1ccc(/C=C(\C#N)C(C#N)C(=N)C#N)cc1
1532,6.329980219648887,N#C/C(=C\c1ccc(-c2ccccc2)cc1)C(C#N)C(C#N)C(N)=O
1533,5.68250264999753,O=[N+]([O-])c1ccc(O)cc1
1534,5.04501185382907,COc1ccc(/C=C/C(=O)O)cc1
1535,5.977854957351977,NC(=S)N/N=C(/C=C/c1ccc(Cl)cc1)c1ccc(Cl)cc1
1536,5.484773343429008,NC(=S)N/N=C(/C=C/c1ccccc1)c1ccc(Br)cc1
1537,6.879783514061812,COc1ccc(Nc2c(C(N)=O)cnc3ccc(C(=O)N(C)C)cc23)cc1
1538,7.030942886277276,COc1ccc(Nc2c(C(N)=O)cnc3ccc(S(=O)(=O)c4ccccc4)cc23)cc1F
1539,7.862440332202894,O=C(/C=C/c1ccc(OCCCCOc2ccc3ncnc(Nc4ccccc4)c3c2)cc1)NO
1540,7.930911248284793,O=C(/C=C/c1ccc(OCCCCOc2ccc3ncnc(Nc4ccc(Cl)cc4)c3c2)cc1)NO
1541,7.426433143007335,COc1ccc(/C=C/C(=O)c2ccc(Br)c3cc(-c4ccc(F)cc4)oc23)cc1OC
1542,7.908840295194772,COc1ccc(/C=C/C(=O)c2ccc(Br)c3cc(-c4ccc(F)cc4)oc23)cc1
1543,6.625090042799449,O=C(O)c1ccc(/C=N/c2nc(-c3ccc(Cl)cc3Cl)cs2)cc1
1544,6.864288189739609,COc1ccc(/C=N/Nc2nc(-c3ccc(Cl)cc3Cl)cs2)cc1
1545,7.087382307742444,O=[N+]([O-])c1ccc(/C=N/c2nnc(-c3ccncc3)o2)cc1
1546,7.466209383505571,O=[N+]([O-])c1ccc(/C=N/Nc2nnc(-c3ccncc3)o2)cc1
1547,5.863385665915201,CCN(CC)c1ccc(C(=O)Nc2ccccc2)cc1
1548,6.293502885352589,CCN(CC)c1ccc(C(=O)Nc2ccc(OC)cc2)cc1
1549,6.0707875740458075,CCN(CC)c1ccc(C(=O)Nc2ccc(Cl)cc2)cc1
1550,8.189870919128502,O=C(Nc1ccc2ncnc(Nc3ccc(F)c(Cl)c3)c2c1)c1ccccc1
1551,8.12390252682589,O=C(Nc1ccc2ncnc(Nc3ccc(F)c(Cl)c3)c2c1)c1cccc([N+](=O)[O-])c1
1552,7.95235335048612,O=C(Nc1cc(Nc2cccc(Cl)c2)ncn1)c1ccc(F)cc1
1553,7.908146569905267,O=C(Nc1cc(Nc2cccc(Cl)c2)ncn1)c1ccccc1
1554,6.662970789964929,O=C(c1c(F)ccc(NS(=O)(=O)c2ccc(F)cc2)c1F)C1CC1
1555,6.811663281717024,O=C(c1ccccc1)c1c(F)ccc(NS(=O)(=O)c2ccc(F)cc2)c1F
1556,7.506793297675085,Nc1c(-c2ccc(F)cc2)c(-c2ccncc2)nn1-c1ccccc1
1557,7.488488269710049,Nc1c(-c2ccc(F)cc2)c(-c2ccncc2)nn1-c1ccc(Cl)cc1
1558,8.655567684105009,CC(=O)N1CCC(c2nc(-c3ccc(F)cc3)c(-c3ccnc4[nH]ccc34)[nH]2)CC1
1559,7.869466942141912,CC(C)(C)c1nc(-c2ccc(F)cc2)c(-c2ccnc3[nH]ccc23)[nH]1
1560,7.76489615698216,Nc1ncnc2occ(-c3ccc(NC(=O)Nc4cccc(C(F)(F)F)c4F)cc3)c12
1561,7.816210738382491,Nc1ncnc2occ(-c3ccc(NC(=O)Nc4ccc(F)c(C(F)(F)F)c4)cc3)c12
1562,6.781348268287863,O=C(Nn1c(-c2ccc(Cl)cc2)csc1=Nc1ccccc1)c1ccc([N+](=O)[O-])cc1
1563,6.831085810241014,O=C(Nn1c(-c2ccc(Cl)cc2)csc1=Nc1ccc(Cl)cc1)c1ccc([N+](=O)[O-])cc1
1564,9.744805890297899,Fc1ccc(-c2nn(C3CCNCC3)cc2-c2ccnc3[nH]c(-c4nccs4)cc23)cc1
1565,10.182305529566786,Fc1ccc(-c2nn(CCN3CCOCC3)cc2-c2ccnc3[nH]c(-c4nccs4)cc23)cc1
1566,6.229682086713652,Clc1ccc2nc(Cc3nnc(-c4ccccc4Cl)o3)[nH]c2c1
1567,6.010910967396178,Clc1ccc(-c2nnc(Cc3nc4ccccc4[nH]3)o2)cc1
1568,7.414027425160784,COc1ccc(C2=NNC(=O)C3N=C(NC(=O)Nc4ccccc4)SC23)cc1
1569,7.361258599287004,O=C(NC1=NC2C(=O)NN=C(c3ccc(Cl)cc3)C2S1)c1ccccc1Cl
1570,6.1894237398306835,O=C(Cc1ccc(F)cc1)NS(=O)(=O)c1ccccc1
1571,6.080921685750612,O=C(Cc1ccc(F)cc1)NS(=O)(=O)c1ccc(F)cc1
1572,5.961196811085573,O=C(Cc1ccc(Br)cc1)NS(=O)(=O)c1ccc(F)cc1
1573,6.365540785601286,O=C(Cc1ccc(F)cc1)NS(=O)(=O)c1ccc(Cl)cc1
1574,6.265304158649472,O=C(Cc1ccc(Cl)cc1)NS(=O)(=O)c1ccc(F)cc1
1575,5.03700291151794,O=C(NS(=O)(=O)c1ccc(Cl)cc1)c1cccnc1
1576,5.187619966648864,O=C(NS(=O)(=O)c1ccc(F)cc1)c1cccnc1
1577,7.871929372433758,Nc1cc(-c2nc3sccn3c2-c2ccnc(NCCO)n2)ccc1F
1578,8.668561683099208,COc1ccc(-c2nc3sccn3c2-c2ccnc(NCCCNS(=O)(=O)c3ccc(Cl)cc3)n2)cc1
1579,8.439061552575128,Cc1c(C(=O)Nc2ccc(Oc3ccnc4[nH]ccc34)cc2)nnn1-c1ccc(F)c(Cl)c1
1580,8.290876159330372,Cc1c(C(=O)Nc2ccc(Oc3ccnc4[nH]ccc34)c(F)c2)nnn1-c1ccc(F)c(Cl)c1
1581,6.888865684483905,O=C(Nc1ccc(Br)cc1)c1cc(Cl)cc(Cl)c1O
1582,7.2749716652932745,O=C(Nc1ccc(Br)cc1)c1cc(Br)cc(Br)c1O
1583,8.169535514667007,COc1ccc(Nc2ncnc3c2cnn3-c2ccccc2)cc1
1584,8.306968263986048,CCOC(=O)COc1ccc(Nc2ncnc3c2cnn3-c2ccccc2)cc1
1585,7.844181118561951,O=C(O)CCCC(=O)Nc1cc(Nc2ccc(Cl)cc2)ncn1
1586,8.28604473240271,COc1ccc(Nc2ncnc3ccc(NC(=O)NCCCn4ccnc4)cc23)cc1
1587,7.7021192981921764,COc1ccc(Nc2ncnc3ccc(NC(=O)OC(C)(C)C)cc23)cc1
1588,5.96525839917232,O=S1(=O)N=S(c2ccc(Cl)cc2)c2ccncc21
1589,5.932685005456544,O=S1(=O)N=S(c2ccc(F)cc2)c2ccncc21
1590,8.227772812534564,Cc1cccc(Nc2ncnc3ccc(F)cc23)c1
1591,8.080623509431426,N#Cc1cnc2c(Cl)cc(NCc3cnc[nH]3)cc2c1Nc1cnc(F)c(F)c1
1592,8.077221069684168,N#Cc1cnc2c(Cl)cc(NCc3c[nH]cn3)cc2c1Nc1cnc(F)c(F)c1
1593,8.890582505609736,N#Cc1cnc2c(Cl)cc(N[C@H](C(=O)N3CCCC3)c3cccnc3)cc2c1Nc1cnc(F)c(F)c1
1594,8.292365280429665,N#Cc1cnc2c(Cl)cc(NCc3cn(CCN)nn3)cc2c1Nc1ccc(F)c(Cl)c1
1595,7.668813381289838,N#Cc1cnc2c(Cl)cc(NCc3cnc[nH]3)cc2c1Nc1ccc(Cl)c(Cl)c1
1596,7.670751469833422,N#Cc1cnc2c(Cl)cc(NCc3c[nH]cn3)cc2c1Nc1ccc(Cl)c(Cl)c1
1597,8.271315628739858,N#Cc1cnc2c(Cl)cc(N[C@H](C(=O)O)c3cccnc3)cc2c1Nc1cnc(F)c(Cl)c1
1598,8.316718614837825,N#Cc1cnc2c(Cl)cc(N[C@H](C(=O)O)c3cccnc3)cc2c1Nc1cnc(F)c(F)c1
1599,8.25410334082545,N#Cc1cnc2c(Cl)cc(N[C@@H](CC(=O)O)c3cccnc3)cc2c1Nc1cnc(F)c(Cl)c1
1600,8.287319405744343,N#Cc1cnc2c(Cl)cc(N[C@@H](CC(=O)O)c3cccnc3)cc2c1Nc1cnc(F)c(F)c1
1601,8.438489576784612,O=C(Nc1ccncc1)Nc1cc(-c2cncnc2)cc(C(F)(F)F)c1
1602,7.842300088379818,O=C(Nc1cc(-c2cccnc2)cc(C(F)(F)F)c1)Nc1nccs1
1603,6.973551285887445,O=C(Nc1ccccc1)Nc1cc(-c2cccnc2)cc(C(F)(F)F)c1
1604,11.272178809426284,COc1ccc(-c2cc3c(-c4cn(CCCO)nc4-c4ccc(F)cc4)ncnc3o2)cc1
1605,7.13560950194563,O=[N+]([O-])c1cccc(/C=N/c2nnc(-c3cccnc3)o2)c1
1606,6.757564223261677,COc1ccc(/C=N/c2nnc(-c3cccnc3)o2)cc1
1607,7.596931799268071,N#Cc1cnc2cnc(NCc3cccnc3)cc2c1Nc1ccc(F)c(Cl)c1
1608,6.439591600264802,N#Cc1cnc2cnc(NCc3cccnc3)cc2c1NC1CCCC1
1609,7.8950893917453895,Clc1ccc(Nc2ncnc(Nc3cccc(Cl)n3)n2)cc1
1610,8.20005531676397,Clc1ccc(Nc2cc(Nc3ccc4ccccc4n3)ncn2)cc1
1611,8.859607003989112,N#Cc1cnc2c(Cl)cc(N[C@H](C(=O)NCCN)c3ccc(F)nc3)cc2c1Nc1cnc(F)c(F)c1
1612,8.2154398372034,O=C(/C=C/c1cccc([N+](=O)[O-])c1)Nc1ccc2ncnc(Nc3ccc(F)c(Cl)c3)c2c1
1613,7.725390801094696,COc1ccc(/C=C/C(=O)Nc2ccc3ncnc(Nc4cccc(Br)c4)c3c2)cc1OC
1614,6.578718009336691,O=C(Nc1ccccc1C(=O)N/N=C/c1ccccc1)c1ccccc1
1615,6.727517455463517,O=C(Nc1ccccc1C(=O)N/N=C/c1ccc(O)cc1)c1ccccc1
1616,7.206339853079597,NS(=O)(=O)c1ccc(CNC(=O)c2ccccc2NC(=O)c2ccco2)cc1
1617,6.806321752680017,NS(=O)(=O)c1ccc(CNC(=O)c2ccccc2NC(=O)c2ccccc2)cc1
1618,7.818699892987492,O=C(Nc1cccc(-c2nc3ccccn3c2-c2ccncc2)c1)c1ccccc1Cl
1619,7.491255792039898,O=C(Nc1cccc(-c2nc3ccccn3c2-c2ccncc2)c1)c1ccccc1
1620,7.653295172222272,Cc1cnc(Nc2ccc(OCC(=O)NO)cc2)nc1Nc1ccccc1C(=O)NO
1621,7.6736278875482125,O=C(NO)c1ccccc1Nc1nc(Nc2ccc(O)cc2)ncc1Cl
1622,7.973432784541858,FC(F)(F)c1ccccc1Oc1ccc(Nc2ncnc3[nH]ccc23)cc1
1623,7.727360986768065,FC(F)(F)c1cc2ncnc(Nc3ccc(Oc4ccccc4C(F)(F)F)cc3)c2[nH]1
1624,7.467714261102481,NC(=O)c1ccc2c(c1)C(c1ccccc1Cl)=Nc1cn[nH]c1N2
1625,7.665082381458286,COc1ccc2c(c1)C(c1ccccc1Cl)=Nc1cn[nH]c1N2
1626,6.0593242104664675,COc1ccc(-c2nnc(Cc3nc4ccccc4[nH]3)o2)cc1
1627,6.33029811683338,COc1ccc(-c2nnc(Cc3nc4ccccc4[nH]3)o2)cc1OC
1628,6.5861075772688675,Nc1nc(Nc2ccc(F)c(F)c2)c2cc(Cc3ccccc3)[nH]c2n1
1629,6.552961456148741,Nc1nc(Nc2ccc(F)c(Cl)c2)c2cc(CCc3ccccc3)[nH]c2n1
1630,7.002904848334879,Nc1nc(Nc2cccc(Br)c2)c2cc(CCc3ccccc3)[nH]c2n1
1631,8.17711101600523,Clc1cccc(Nc2ncnc3ccc(NCCc4ccccn4)cc23)c1
1632,6.735267732548302,O=C1NN(c2ccccc2)C(=O)/C1=C\c1ccc(OCc2ccccc2)cc1
1633,6.788891914088041,O=C1NN(c2ccccc2)C(=O)/C1=C\c1cccc(OCc2ccccc2)c1
1634,8.310133881452833,O=C(O)c1cccc(-c2ccc3ncnc(Nc4ccc(OCc5ccccn5)c(Cl)c4)c3c2)c1
1635,7.6231026380609554,COc1ccc(Nc2ncnc3ccc(-c4cccc(/C=C/C(=O)Nc5ccccc5N)c4)cc23)cc1OC
1636,8.294768759588402,O=C(O)c1ccc(-c2ccc3ncnc(Nc4ccc(OCc5ccccn5)c(Cl)c4)c3c2)cc1
1637,8.228716046928174,O=C(O)c1ccc(-c2ccc3ncnc(Nc4ccc(F)c(Cl)c4)c3c2)cc1
1638,8.497924331589124,Nc1ccccc1NC(=O)/C=C/c1ccc(-c2ccc3ncnc(Nc4cccc(Cl)c4)c3c2)o1
1639,8.35541771909017,Nc1ccccc1NC(=O)/C=C/c1ccc(-c2ccc3ncnc(NCc4ccccc4)c3c2)o1
1640,7.805249835087572,Nc1ccccc1NC(=O)c1ccc(CNc2ncnc3ccccc23)cc1
1641,7.753158524245681,Nc1ccccc1NC(=O)c1ccc(CNc2ncnc3ccc([N+](=O)[O-])cc23)cc1
1642,8.132306567847232,Nc1ccccc1NC(=O)c1ccc(-c2ccc3ncnc(Nc4ccccc4)c3c2)o1
1643,8.531716429505238,Nc1ccccc1NC(=O)c1ccc(-c2ccc3ncnc(Nc4cccc(F)c4)c3c2)o1
1644,8.186292377067625,COc1cccc(Nc2ncnc3ccc(-c4ccc(C(=O)Nc5ccccc5N)s4)cc23)c1
1645,8.426083513960855,Nc1ccccc1NC(=O)c1ccc(-c2ccc3ncnc(Nc4cccc(F)c4)c3c2)s1
1646,8.424391453521826,Nc1ccccc1NC(=O)/C=C/c1ccc2ncnc(Nc3ccc(F)c(Cl)c3)c2c1
1647,8.124434104555093,Nc1ccccc1NC(=O)c1ccc(-c2ccc3ncnc(Nc4cccc(F)c4)c3c2)cc1
1648,8.202656508828909,Fc1cccc(Nc2ncnc3ccncc23)c1
1649,8.182602712505403,Clc1cc2ncnc(Nc3ccccc3Cl)c2cn1
1650,8.725687172206868,COc1ccc(Nc2ncnc3cc(Br)ncc23)cc1
1651,6.840531725325088,COc1ccc(/C=C(\C#N)C(=O)Nc2ccccc2Cl)cc1O
1652,7.043835069681709,N#C/C(=C/c1ccc(O)c(O)c1)C(=O)Nc1ccc(Cl)cc1
1653,6.91402673348306,O=C(Nc1ccccc1Br)c1cc(Cl)ccc1O
1654,6.363330542761607,O=C(Nc1ccccc1Br)c1ccccc1O
1655,6.202901262907358,O=C(Nc1ccccc1Cl)c1ccccc1O
1656,6.483818777422165,O=C(Nc1ccccc1Cl)c1cc(Cl)ccc1O
1657,6.172211749791372,CCN(CC)c1ccc(C(=O)Nc2ccccc2Br)cc1
1658,6.184923041629804,CCN(CC)c1ccc(C(=O)Nc2ccccc2OC)cc1
1659,5.928220938281662,CCN(CC)c1ccc(C(=O)Nc2ccccc2Cl)cc1
1660,6.255122967845352,N=C1C(=O)C=C(Nc2ccccc2)C(O)=C1C(N)=O
1661,6.4209224855075355,N=C1C(=O)C=C(Nc2ccc(Cl)cc2)C(O)=C1C(N)=O
1662,9.144565645912463,O=C(CCCCn1cc(-c2ccc3ncnc(Nc4cccc(Cl)c4F)c3c2)nn1)NO
1663,7.980518716797558,FC(F)(F)c1ccccc1Oc1ccc(Nc2ncnc3cc[nH]c23)cc1
1664,8.360513020465218,FC(F)(F)c1ccccc1Oc1ccc(Nc2ncnc3cc[nH]c23)cc1Cl
1665,7.901536026963441,N#Cc1cnc2c(Cl)cc(NC(c3cccnc3)c3cccnc3)cc2c1N[C@H](CO)c1ccccc1
1666,8.411797593928036,N#Cc1cnc2c(Cl)cc(NC(c3cccnc3)c3cccnc3)cc2c1NCC1CCNCC1
1667,8.344194574991937,N#Cc1cnc2c(Cl)cc(N[C@H](C3=CNCC3)c3cocn3)cc2c1NCc1ccccc1
1668,8.304250679981287,N#Cc1cnc2c(Cl)cc(NC(C3=NNCCN3)c3cocn3)cc2c1N[C@H](CO)c1ccccc1
1669,9.070198406968467,COc1ccccc1-c1cc2c(N[C@H](CO)c3ccccc3)ncnc2s1
1670,9.390235238309796,C[C@@H](Nc1ncnc2[nH]c(-c3cccc(C(N)=O)c3)cc12)c1ccccc1
1671,8.998517627001931,C[C@@H](Nc1ncnc2[nH]c(-c3ccccc3)cc12)c1ccc(F)cc1
1672,8.9600343265526,C[C@@H](Nc1ncnc2[nH]c(-c3ccccc3)cc12)c1ccccc1
1673,8.736106671555222,Cc1n[nH]c2ccc(-c3cc(N[C@@H](CO)c4ccccc4)cnc3-c3cccc(F)c3O)cc12
1674,8.152400589292775,Cc1n[nH]c2ccc(-c3cc(N[C@@H](CO)c4ccccc4)cnc3-c3ccccc3CO)cc12
1675,5.516038791471073,NC(=S)N/N=C(/C=C/c1ccc(Cl)cc1)c1ccccc1
1676,6.0144061183616095,NC(=S)N/N=C(/C=C/c1ccccc1)c1ccccc1
1677,5.97368105823868,NC(=S)N/N=C(/CCc1ccccc1)c1ccccc1
1678,5.7140193239711605,NC(=S)N/C(=C/c1ccccc1)c1ccccc1
1679,5.619337006146518,NC(=S)N/N=C(/C=C/c1ccccc1)c1ccc(Cl)cc1
1680,7.114618269197436,NC(=S)N/N=C(/CCc1ccccc1)c1cccc2ccccc12
1681,7.515304549169429,COc1ccc(/C=C/C(=N\c2nncc3ccccc23)c2ccc(OC)cc2)cc1
1682,7.71814381065746,COc1ccc(/C=C/C(=N\c2nncc3ccccc23)c2ccccc2)cc1
1683,6.020670463914287,NC(=S)N/N=C(/CCc1ccccc1)c1ccc(Cl)c(Cl)c1
1684,6.2564796439517165,NC(=S)N/N=C(/CCc1ccc(Cl)cc1)c1ccc(Cl)c(Cl)c1
1685,5.884735080134052,NC(=S)N/N=C(/CCc1ccccc1)c1ccc(Cl)cc1
1686,5.930927102321542,NC(=S)N/N=C(/CCc1ccccc1)c1cccc(Cl)c1
1687,6.1237891099265145,NC(=S)N/N=C(/CCCc1ccccc1)c1ccccc1
1688,8.345663539017098,COc1ccc(/C=C/C(=N\Nc2nncc3ccccc23)c2ccccc2)cc1
1689,8.427458494189883,O=C(O)Cc1cc2c(Nc3ccc(F)c(Cl)c3)ncnc2cn1
1690,8.114475933621582,O=C(Nc1cccc(Oc2cc(Nc3ccc(OCc4cccc(F)c4)c(Cl)c3)ncn2)c1)C1CC1
1691,5.790782466992496,O=C(/C=C/c1cccc(O)c1)Nc1ccccc1
1692,6.057474894110379,O=C(/C=C/c1ccccc1)Nc1ccccc1F
1693,7.01231059441921,Clc1nc2ccccc2c2nnc(Nc3ccccc3)n12
1694,7.317198766592428,Clc1nc2ccccc2c2nnc(/N=C/c3ccccc3)n12
1695,8.110611141377861,O=C(Nc1cccc(-c2nc3sccn3c2-c2ccnc(Nc3ccccc3)n2)c1)c1ccccc1
1696,8.062797715687923,O=C(Nc1cccc(-c2nc3sccn3c2-c2ccnc(Nc3ccccc3)n2)c1)c1cccc(C(F)(F)F)c1
1697,8.211244787299046,N#Cc1cnc2c(Cl)cc(NC(C3=CCNCC3)c3cccnc3)cc2c1NCc1ccccc1
1698,8.66552416838527,N#Cc1cnc2c(Cl)cc(N[C@H](C3=CNCCN3)c3cccnc3)cc2c1NC1CCCC1
1699,8.439082472296242,C#Cc1ccc2ncnc(Nc3ccc(F)c(Cl)c3)c2c1
1700,7.944766194604117,C#Cc1cccc(Nc2ncnc3ccc(C#Cc4ccccc4)cc23)c1
1701,7.959141901035449,Nc1ncc(C#Cc2ccccc2)c(Nc2ccc(OCc3cccc(F)c3)c(Cl)c2)n1
1702,8.009033118895607,Nc1cc(Nc2ccc(OCc3cccc(F)c3)c(Cl)c2)ncn1
1703,7.224206233451381,Cc1nn(-c2ccccc2)c2c1NC(c1ccccc1)=C(C#N)C21C(=O)Nc2ccccc21
1704,7.551884999308523,N#CC1=C(c2ccccc2)Nc2c(c(-c3cccs3)nn2-c2ccccc2)C12C(=O)Nc1ccccc12
1705,8.376124692254258,CC(=O)Nc1cccc(-c2c(-c3ccccc3)oc3ncnc(N[C@H](CO)c4ccccc4)c23)c1
1706,8.088952407925778,COc1ccc(-c2c(-c3ccccc3)oc3ncnc(N[C@H](C)c4ccccc4)c23)cc1
1707,7.634283611403872,O=c1[nH]nc(-c2c[nH]c(-c3ccccc3)c2-c2ccccc2)c2cn(-c3ccccc3)nc12
1708,7.728339723031652,Cc1[nH]c(-c2ccccc2)c(-c2ccccc2)c1-c1n[nH]c(=O)c2nn(-c3ccccc3)cc12
1709,7.425397138531489,O=c1[nH]nc(-c2c[nH]c3ccccc23)c2cn(-c3ccccc3)nc12
1710,5.539392424895191,N#C/C(=C\c1ccc(-c2ccccc2)c(O)c1)C(=O)O
1711,7.043714183528346,N#C/C(=C\c1cc(-c2ccccc2)c(O)c(-c2cccnc2)c1)C(=O)Nc1ccccc1
1712,7.974678492153598,Fc1cccc(COc2ccc(Nc3ncnc(-c4ccccc4)n3)cc2Cl)c1
1713,8.219495347256885,Fc1cccc(COc2ccc(Nc3ncnc4ccccc34)cc2Cl)c1
1714,7.171284434903174,O=C(Cn1c(-c2ccccc2)cc(=O)n2ncnc12)NNC(=S)NCc1ccccc1
1715,7.115150065635773,O=C(Cn1c(-c2ccccc2)cc(=O)n2ncnc12)NNC(=S)Nc1ccccc1
1716,7.194149137116775,NC(=S)N/N=C(/CCc1ccc(-c2ccccc2)cc1)c1ccccc1
1717,6.1947529777258525,Nc1nc(Nc2cccc(F)c2)c2cc(Cc3ccccc3)[nH]c2n1
1718,9.677041667730062,CC(C)c1cc2c(-c3[nH]c(-c4cccc(O)c4)nc3-c3ccc(F)cc3)ccnc2[nH]1
1719,8.074366945391493,CC(C)c1cc2c(-c3[nH]c(C(C)(C)C)nc3-c3ccc(F)cc3)ccnc2[nH]1
1720,9.455687128964135,CC(C)c1cc2c(-c3[nH]c(-c4ccc(O)cc4)nc3-c3ccc(F)cc3)ccnc2[nH]1
1721,7.939540157007925,CC(C)c1cc2c(-c3[nH]c(-c4ccccc4)nc3-c3ccccc3)ccnc2[nH]1
1722,7.8125453436999654,Cc1cc2c(-c3[nH]c(-c4ccccc4)nc3-c3ccccc3)ccnc2[nH]1
1723,8.414044829751038,NCc1ccc(-c2nc(-c3ccc(F)cc3)c(-c3ccnc4[nH]c(-c5ccccc5)cc34)[nH]2)cc1
1724,8.418041969235775,NCc1cccc(-c2nc(-c3ccc(F)cc3)c(-c3ccnc4[nH]c(-c5ccccc5)cc34)[nH]2)c1
1725,7.890788854052583,Cc1ccc(-c2nc(-c3ccccc3)[nH]c2-c2ccnc3[nH]c(C)cc23)cc1
1726,8.063797464382244,Cc1cc2c(-c3nc(-c4ccccc4)[nH]c3-c3ccc(C(C)C)cc3)ccnc2[nH]1
1727,9.769291084226825,CC(=O)N1CCC(c2nc(-c3ccc(F)cc3)c(-c3ccnc4[nH]c(-c5ccccc5)cc34)[nH]2)CC1
1728,9.686990815458778,CC(=O)NCCCc1nc(-c2ccc(F)cc2)c(-c2ccnc3[nH]c(-c4ccccc4)cc23)[nH]1
1729,8.87033670571541,CC(C)c1nc(-c2ccc(F)cc2)c(-c2ccnc3[nH]c(-c4cccs4)cc23)[nH]1
1730,9.214123026246266,CC(=O)NCCCc1nc(-c2ccc(F)cc2)c(-c2ccnc3[nH]c(-c4ccccc4)cc23)s1
1731,9.120620427693147,CC(=O)NCCCc1nc(-c2ccc(F)cc2)c(-c2ccnc3[nH]c(-c4ccc(F)cc4)cc23)s1
1732,9.061186566079387,Oc1ccc(-c2nc(-c3ccnc4[nH]ccc34)c(-c3ccc(F)cc3)[nH]2)cc1
1733,8.315212080479597,Oc1ccc(-c2nc(-c3ccnc4[nH]ccc34)c(-c3ccccc3)[nH]2)cc1
1734,9.217529448463539,CC(=O)NCCc1cc(-c2ccnc3[nH]c(-c4ccccc4)cc23)n(-c2ccc(F)cc2)n1
1735,8.224912674776801,CC(=O)NCCc1cc(-c2ccnc3[nH]c(-c4ccccc4)cc23)n(-c2ccccc2)n1
1736,10.025558445968144,N#Cc1c(-c2ccc(F)cc2)c(-c2ccnc3[nH]c(-c4cccc(C(F)(F)F)c4)cc23)nn1CCO
1737,10.113517086320483,N#Cc1c(-c2ccc(F)cc2)c(-c2ccnc3[nH]c(-c4cccc(C(F)(F)F)c4)cc23)nn1CCCO
1738,10.647149075402409,COCCn1nc(-c2ccc(F)cc2)c(-c2ccnc3[nH]c(-c4ccccc4)cc23)n1
1739,10.450941149960613,COCCn1nc(-c2ccc(F)cc2)c(-c2ccnc3[nH]c(-c4ccc(CN5CCOCC5)cc4)cc23)n1
1740,8.859473698814893,CC(C)c1nc(-c2ccc(F)cc2)n(-c2ccnc3[nH]c(-c4cccs4)cc23)n1
1741,9.157075814631671,CC(C)c1nc(-c2ccc(F)cc2)n(-c2ccnc3[nH]c(-c4ccc(F)cc4)cc23)n1
1742,9.941211639850867,COc1ccc(-c2nn(CCC(F)(F)F)cc2-c2ccnc3oc(-c4ccc(F)cc4)cc23)cc1
1743,9.463467099439821,COc1ccc(-c2nn(CCC(F)(F)F)cc2-c2ccnc3oc(-c4ccccc4)cc23)cc1
1744,9.234755344905066,Cc1ccc(-c2cc3c(-c4cn(CCCO)nc4-c4ccccc4)ncnc3[nH]2)cc1
1745,9.1603911016344,Cc1ccc(-c2nn(CCCN3CCN(C)CC3)cc2-c2ncnc3[nH]c(-c4ccccc4)cc23)cc1
1746,8.7904988468161,CC(C)Cc1cc2c(-c3oc(CCC(=O)O)nc3-c3ccc(F)cc3)ncnc2o1
1747,10.687200474727664,CC(C)Cc1ccccc1-c1cc2c(-c3oc(CCC(=O)O)nc3-c3ccc(F)cc3)ncnc2o1
1748,11.03762237618787,OCCCc1nc(-c2ccc(F)cc2)c(-c2ncnc3oc(-c4ccccc4)cc23)o1
1749,10.457422547991097,OCCCc1nc(-c2ccc(F)cc2)c(-c2ncnc3oc(-c4ccc(F)cc4)cc23)o1
1750,7.386091595344027,c1ccc(-c2cc3c(-c4cncnc4)ncnc3o2)cc1
1751,10.4137182210677,COc1ccc(-c2cc3c(-c4cn[nH]c4-c4ccc(F)cc4)ncnc3o2)cc1
1752,10.895292273834079,COc1ccc(-c2nn(C(F)F)cc2-c2ncnc3oc(-c4ccccc4)cc23)cc1
1753,10.454573743048739,COc1ccc(-c2nn(C(F)F)cc2-c2ncnc3oc(-c4ccc(Cl)cc4)cc23)cc1
1754,11.954930980631339,OCCn1cc(-c2ncnc3oc(-c4ccccc4)cc23)c(-c2ccc(F)cc2)n1
1755,11.474955489195231,CC(C)n1cc(-c2ncnc3oc(-c4ccccc4)cc23)c(-c2ccc(F)cc2)n1
1756,10.257495554230402,COc1ccc(-c2nn(CC(F)(F)F)cc2-c2ncnc3oc(-c4ccccc4)cc23)cc1
1757,10.260721880928328,COc1ccc(-c2nn(CC(F)(F)F)cc2-c2ncnc3oc(-c4ccc(C)cc4)cc23)cc1
1758,9.055166307725521,CC(C)n1cc(-c2ncnc3oc(-c4ccccc4)cc23)c(-c2ccccc2)n1
1759,9.510928652698675,O=C(Nc1ccc(-c2cc3c(-c4cn(CCCO)nc4-c4ccc(F)cc4)ncnc3o2)cc1)c1ccccc1
1760,9.583217432343664,O=C(Nc1cccc(-c2cc3c(-c4cn(CCCO)nc4-c4ccc(F)cc4)ncnc3o2)c1)c1ccccc1
1761,11.476305260049532,O=C(O)Cn1cc(-c2ncnc3oc(-c4ccccc4)cc23)c(-c2ccc(F)cc2)n1
1762,9.411279588049405,O=C(O)Cn1cc(-c2ncnc3oc(-c4ccccc4)cc23)c(-c2ccccc2)n1
1763,8.11099635151143,FC(F)CCn1cc(-c2ncnc3occc23)c(-c2ccccc2)n1
1764,9.960577735632107,FC(F)CCn1cc(-c2ncnc3oc(-c4ccccc4)cc23)c(-c2ccccc2)n1
1765,9.82280815728201,O=C(c1ccccc1)c1cc2c(-c3cn(CCCO)nc3-c3ccc(F)cc3)ncnc2o1
1766,9.550672148474689,COc1ccc(-c2cc3c(-c4cn(CCCN5CCN(C)CC5)nc4-c4ccccc4)ncnc3o2)cc1
1767,11.748685539030598,FCCCCn1cc(-c2ncnc3oc(-c4ccccc4)cc23)c(-c2ccc(F)cc2)n1
1768,8.552220425827086,FCCCn1cc(-c2ncnc3occc23)c(-c2ccc(F)cc2)n1
1769,7.971362885571972,FCCCn1cc(-c2ncnc3occc23)c(-c2ccccc2)n1
1770,9.030447634358133,CC(C)(C)n1cc(-c2ncnc3oc(-c4ccccc4)cc23)c(-c2ccccc2)n1
1771,11.538744383102406,CN(C)CCCn1cc(-c2ncnc3oc(-c4ccccc4)cc23)c(-c2ccc(F)cc2)n1
1772,11.6634610283417,CN(C)CCn1cc(-c2ncnc3oc(-c4ccccc4)cc23)c(-c2ccc(F)cc2)n1
1773,8.391039124557516,FCCn1cc(-c2ncnc3occc23)c(-c2ccc(F)cc2)n1
1774,11.812801491924935,FCCn1cc(-c2ncnc3oc(-c4ccccc4)cc23)c(-c2ccc(F)cc2)n1
1775,9.722563500287803,COc1ccc(-c2cc3c(-c4cn(CCO)nc4-c4ccccc4)ncnc3o2)cc1
1776,11.864765863392854,COCCn1cc(-c2ncnc3oc(-c4ccccc4)cc23)c(-c2ccc(F)cc2)n1
1777,10.814324570089157,COCCn1cc(-c2ncnc3oc(-c4ccc(OC)cc4)cc23)c(-c2ccc(F)cc2)n1
1778,10.563208278407183,COc1ccc(-c2nn(CCOC(F)(F)F)cc2-c2ncnc3oc(-c4ccc(F)cc4)cc23)cc1
1779,9.058339314741884,COCCn1cc(-c2ncnc3oc(-c4ccc(OC)cc4)cc23)c(-c2ccc(OC)cc2)n1
1780,9.715598104913559,OCCCc1nc(-c2ccc(F)cc2)c(-c2ncnc3sc(-c4ccc(F)cc4)cc23)o1
1781,10.271568605275924,OCCCc1nc(-c2ccc(F)cc2)c(-c2ncnc3sc(-c4ccccc4)cc23)o1
1782,8.135695729105935,OCCCn1cc(-c2ncnc3sccc23)c(-c2ccc(F)cc2)n1
1783,10.573767787248574,OCCCn1cc(-c2ncnc3sc(-c4ccccc4)cc23)c(-c2ccc(F)cc2)n1
1784,9.190138896690554,COc1cccc(OC)c1-c1cc2c(N[C@H](CO)c3ccccc3)ncnc2s1
1785,9.108827917391368,COc1cccc(OC)c1-c1cc2c(N[C@H](C)c3ccccc3)ncnc2s1
1786,7.067934406055282,O=C(/C=C/c1ccccc1)c1cc(Br)cc2cc(-c3ccccc3)oc12
1787,7.1873156161287906,COc1ccc(/C=C/C(=O)c2cc(Br)cc3cc(-c4ccccc4)oc23)cc1OC
1788,6.644664922018879,COc1ccc(Nc2ccnc3cc(-c4ccccc4)ccc23)cc1OC
1789,6.608951237219267,COc1ccc(Nc2ccnc3cc(-c4ccccc4)ccc23)cc1
1790,7.398566462347955,c1ccc(-c2ccc3c(Nc4ccc5scnc5c4)ccnc3c2)cc1
1791,7.523946441865712,c1ccc(-c2ccc3c(Nc4ccc5ocnc5c4)ccnc3c2)cc1
1792,6.830832683064214,COc1ccc(-c2cn3nc(-c4ccccc4)nc3s2)cc1
1793,7.062040765541792,COc1ccc(-c2cn3nc(-c4ccccc4)nc3s2)cc1OC
1794,8.64742956581884,Oc1ccc(-c2cc3c(-c4nc(-c5ccccc5)[nH]c4-c4ccc(F)cc4)ccnc3[nH]2)cc1
1795,7.735776434419032,CC(C)c1nc(-c2ccc(F)cc2)c(-c2ccnc3[nH]ccc23)[nH]1
1796,8.33311659254847,O=C(Nc1ccccc1)Nc1ccc(-c2nc(-c3ccc(F)cc3)c(-c3ccnc4[nH]ccc34)[nH]2)cc1
1797,7.592548111271085,O=c1c2ccc(Cl)cc2nc(-c2ccccc2)n1-c1nnc(-c2ccc(Cl)cc2)s1
1798,7.660758131398024,O=c1c2ccc(Cl)cc2nc(-c2ccccc2)n1-c1nnc(-c2ccccc2)s1
1799,6.81119673114416,COc1ccc(-c2nc3cc(Cl)ccc3c(=O)n2CCN)cc1
1800,7.159473302459111,NCCn1c(-c2ccccc2)nc2cc(Cl)ccc2c1=O
1801,10.968189323687719,CCn1cc(-c2ncnc3oc(-c4ccccc4)nc23)c(-c2ccc(F)cc2)n1
1802,8.907847962099131,CCn1cc(-c2ncnc3oc(-c4ccccc4)nc23)c(-c2ccccc2)n1
1803,10.602886253458802,CCn1cc(-c2ncnc3oc(-c4ccc(Cl)cc4)nc23)c(-c2ccc(F)cc2)n1
1804,7.88334513968326,COc1ccc(-c2nnc(-n3c(-c4ccccc4)nc4ccccc4c3=O)s2)cc1
1805,7.334332312311465,O=c1c2ccccc2nc(-c2ccccc2)n1-c1nnc(-c2ccccc2)s1
1806,7.3002015841927586,O=C(Nn1c(-c2cccc(F)c2)nc2ccccc2c1=O)c1ccccc1
1807,7.353834796272211,O=C(Nn1c(-c2cccc(F)c2)nc2ccccc2c1=O)c1cccc(Cl)c1
1808,7.280657192889691,CCc1nc2ccccc2c(=O)n1NC(=O)CNc1ccc(F)cc1
1809,7.165781824222322,CCc1nc2ccccc2c(=O)n1NC(=O)CNc1ccccc1
1810,10.642611250646622,Fc1ccc(-c2nn(CCCN3CCOCC3)cc2-c2ccnc3nc(-c4ccccc4)[nH]c23)cc1
1811,7.706540431886377,CCn1cc(-c2ccnc3nc(C)[nH]c23)c(-c2ccc(F)cc2)n1
1812,9.339509952845946,Cc1ccc(-c2nn(CCCN3CCN(C)CC3)cc2-c2ncnc3nc(-c4ccccc4)[nH]c23)cc1
1813,8.776643962172205,CC(C)c1nc2ncnc(-c3cn(CCCO)nc3-c3ccc(F)cc3)c2[nH]1
1814,10.070642319910494,Cc1nc(-c2nn(CCCCO)nc2-c2ccc(F)cc2)c2[nH]c(-c3cccs3)nc2n1
1815,10.474348737373155,Cc1nc(-c2nn(CCCCO)nc2-c2ccc(F)cc2)c2[nH]c(-c3ccccc3)nc2n1
1816,8.719524085773253,Cc1ccc(-c2nn(C)nc2-c2ncnc3nc(-c4ccccc4)[nH]c23)cc1
1817,9.870228423686127,Cn1nc(-c2ccc(F)cc2)c(-c2ncnc3nc(-c4ccc([N+](=O)[O-])cc4)[nH]c23)n1
1818,7.128773609791954,COc1ccc(-c2nc3sc(-c4ccc(Cl)cc4)cn3n2)cc1
1819,7.217210093548291,O=[N+]([O-])c1ccc(-c2nc3sc(-c4ccc(Cl)cc4)cn3n2)cc1
1820,6.454319136753882,O=C(NCCc1ccccc1)c1cc2cc(Cl)ccc2[nH]1
1821,7.112208734625646,O=C(NC(CO)Cc1ccccc1)c1cc2cc(Cl)ccc2[nH]1
1822,6.946221248329887,N#C/C(=C/c1cc(Cc2ccccc2)c(O)c(Cc2ccccc2)c1)C(=O)O
1823,7.00463641567375,N#C/C(=C/c1cc(Cc2ccccc2)c(O)c(Cc2ccccc2)c1)C(=O)N1CCCCC1
1824,5.9114503222095305,O=c1[nH]c(-c2ccccc2)cn2c1cc1ccccc12
1825,6.41375802045165,O=c1[nH]c(-c2ccccc2)cn2c1cc1cc(O)ccc12
1826,6.2007504813795595,Nc1nc(Nc2cccc(C(F)(F)F)c2)c2cc(CCc3ccccc3)[nH]c2n1
1827,7.922012268147688,N#C/C(=C/c1ccc(O)c(O)c1)C(=O)NCc1ccccc1
1828,7.994324826923145,N#C/C(=C/c1ccc(O)c(O)c1)C(=O)NCCc1ccccc1
1829,6.3017831035850245,O=C1NC(=O)N(CCc2ccccc2)/C1=C/c1ccccc1
1830,6.3017831035850245,O=C1NC(=O)N(CCc2ccccc2)/C1=C\c1ccccc1
1831,7.093400573262622,O=C(CSc1nc2ccccc2c(=O)n1CCc1ccccc1)Nc1ccc(C(=O)O)cc1
1832,7.114881778618513,O=C(CSc1nc2ccccc2c(=O)n1CCc1ccccc1)Nc1ccccc1C(=O)O
1833,6.8892201191592966,O=C(/C=C/c1ccc(O)c(O)c1)OCCCc1ccccc1
1834,6.635702357403251,O=C(/C=C/c1ccc(O)c(O)c1)OCc1ccccc1
1835,8.652272416828229,Clc1cccc(Nc2ncnc3ccc(NCCN4CCCC4)cc23)c1
1836,6.659439896724342,O=C1c2ccccc2Nc2ccccc2N1Cc1ccccc1
1837,6.956670874967651,O=C1c2cc(Cl)ccc2Nc2ccc(Cl)cc2N1Cc1ccccc1
1838,7.131109221286109,O=C1c2cc(-c3ccncc3)ccc2Nc2ccc(F)cc2N1Cc1ccccc1
1839,7.351960870889122,O=C1c2cc(-c3ccccc3)ccc2Nc2ccc(F)cc2N1Cc1ccccc1
1840,6.776089967581428,CC(C)CN1C(=O)c2cc(-c3ccc(N)cc3)ccc2Nc2ccc(F)cc21
1841,6.813427680248786,CC(C)CN1C(=O)c2cc(-c3ccc4c(c3)CCO4)ccc2Nc2ccc(F)cc21
1842,5.628699878352867,CCCCN1C(=O)c2ccccc2Nc2ccccc21
1843,6.948255764563353,O=C1c2ccccc2Nc2cc(Cl)ccc2N1Cc1ccccc1
1844,8.711091556909826,COc1ccc(-c2cc3c(NCc4ccccc4)ncnc3o2)cc1
1845,8.173839705009254,C[C@@H](Nc1ncnc2sc(Br)cc12)c1ccccc1
1846,9.079518148166844,C[C@@H](Nc1ncnc2sc(-c3ccc(C(N)=O)cc3)cc12)c1ccccc1
1847,8.266966115851613,O=C(CCCCCOc1ccc(-c2cc3c(Nc4ccccc4)ncnc3[nH]2)cc1)NO
1848,8.231973068077494,O=C(CCCCCCOc1ccc(-c2cc3c(Nc4ccccc4)ncnc3[nH]2)cc1)NO
1849,8.282856522984078,c1ccc(CNc2ncnc3nc(-c4ccccc4)[nH]c23)cc1
1850,8.227134564256273,c1ccc(CNc2ncnc3nc(Cc4ccccc4)[nH]c23)cc1
1851,8.708877740289553,CN(C)CCNCc1ccc(-c2cc3c(Nc4ccc(OCc5ccccc5)c(Cl)c4)ncnc3s2)o1
1852,8.559330709842024,NCCNC(=O)c1cc2c(Nc3ccc(OCc4cccc(F)c4)c(Cl)c3)ncnc2s1
1853,7.99370001933652,Nc1ncnc(Nc2ccc3c(cnn3Cc3ccccc3)c2)c1/C=C/c1ccccc1
1854,7.984720611035672,Nc1ncnc(Nc2ccc(OCc3ccccc3)c(Cl)c2)c1C(=O)NCc1ccccc1
1855,8.023636538028201,Nc1ncnc(Nc2ccc(OCc3ccccc3)c(Cl)c2)c1C(=O)c1ccccc1
1856,8.120272550616777,Nc1ncnc(Nc2ccc(OCc3ccccc3)c(Cl)c2)c1C(=O)NCCO
1857,7.900389907250412,Nc1cc(Nc2ccc(OCc3ccccc3)c(Cl)c2)ncn1
1858,7.772952340745129,N#Cc1c(N)ncnc1Nc1ccc(OCc2ccccc2)c(Cl)c1
1859,7.556678976874461,N#Cc1c(N)ncnc1Nc1ccc(Oc2ccccc2)cc1
1860,8.090199006963694,Nc1ncnc(Nc2ccc(OCc3ccccc3)c(Cl)c2)c1C#CCO
1861,7.765823742279203,COc1ccc(-c2ccc3ncnc(Nc4ccc(OCc5ccccc5)c(Cl)c4)c3c2)cc1OC
1862,8.027019284679811,COc1ccc(-c2ccc3ncnc(Nc4ccc(OCc5ccccc5)c(Cl)c4)c3c2)cc1C(=O)O
1863,6.884186643357244,N#C/C(=C\c1ccc(OCc2ccccc2)c(O)c1)C(N)=O
1864,7.182731587066256,N#C/C(=C\c1cc(CSc2ccccc2)c(O)c(OCc2ccccc2)c1)C(=O)Nc1ccncc1
1865,8.318024367867507,CC(=O)Nc1cc(-c2c(-c3cccc(OCc4ccccc4)c3)nc3sccn23)ccn1
1866,7.931293397004487,O=C(O)c1ccn2c(-c3ccncn3)c(-c3cccc(OCc4ccccc4)c3)nc2c1
1867,6.6785116064574686,COc1ccc(-c2nnc(SCc3ccccc3)o2)c(O)c1
1868,6.164218596224822,COc1cccc(CSc2nnc(-c3ccccc3)o2)c1
1869,5.903738735936197,COc1ccccc1-c1nnc(SCc2ccccc2)o1
1870,8.207155081949445,N#Cc1cnc2c(Cl)cc(NC(c3cccnc3)c3cccnc3)cc2c1Nc1cnc(F)c(F)c1
1871,8.40618821597096,N#Cc1cnc2c(Cl)cc(NC(c3cccnc3)C3CC3)cc2c1Nc1cnc(F)c(F)c1
1872,8.510234996578589,N#Cc1cnc2c(Cl)cc(NCc3cn(Cc4ccccc4)nn3)cc2c1Nc1cnc(F)c(F)c1
1873,7.071752172760757,O=C(CCCCCC(=O)Nc1ccc(O)c(C(=O)Nc2cccc(F)c2)c1)NO
1874,6.05124326764368,O=C(CCc1c(Sc2ccccc2)[nH]c2ccccc12)Nc1ccccc1
1875,6.526195983619758,O=C(CCc1c(Sc2ccccc2)[nH]c2ccccc12)Nc1ccc(F)cc1
1876,6.014424081817748,O=C(CCCCCCC(=O)Nc1ccccc1)NO
1877,7.3806749993201946,O=C(CCCCCCC(=O)Nc1cccc(-c2cn(Cc3ccccc3)nn2)c1)NO
1878,7.226880865423856,Oc1c(Br)cc(Br)cc1CN(Cc1ccc(F)cc1)C(=S)Nc1ccccc1
1879,7.055720354247358,Cc1cc(C)c(O)c(CN(Cc2ccc(O)cc2)C(=S)Nc2ccccc2)c1
1880,6.861989658716219,Cc1cccc(CN(Cc2ccc(F)cc2)C(=S)Nc2ccccc2)c1O
1881,6.728937499444465,Cc1cc(C)c(O)c(CN(Cc2ccc(O)cc2)C(=O)Nc2ccccc2)c1
1882,6.803293018546239,Cc1cc(C)c(O)c(CN(Cc2ccc(F)cc2)C(=S)Nc2ccccc2)c1
1883,7.855507552660039,O=C(Nc1ccc(-c2cn[nH]c2)c(C(F)(F)F)c1)Nc1nnc(-c2cccnc2)o1
1884,7.611326164386226,O=C(Nc1ccc(Cl)c(Cl)c1)Nc1nnc(-c2cccnc2)s1
1885,6.918577785146002,O=C(Nc1ccccc1)N(Cc1ccc(F)cc1)Cc1cccc(Br)c1O
1886,6.871154548062389,O=C(Nc1ccccc1)N(Cc1ccc(F)cc1)Cc1cc(Br)cc(Br)c1O
1887,7.961438529840317,COc1ccccc1NC(=S)NNc1nncc2ccccc12
1888,8.08421256121592,S=C(NNc1nncc2ccccc12)Nc1ccccc1Cl
1889,6.5067812386815245,N#Cc1cnc2cnc(NCc3cccnc3)cc2c1NC1CCCCC1
1890,8.93634674456133,C[C@@H](Nc1ncnc2sc(-c3ccc(C(=O)O)cc3)cc12)c1ccccc1
1891,7.702880505266693,O=C(O)CCC(=O)Nc1cc(Nc2cccc(Cl)c2)ncn1
1892,6.256712440967259,COc1cccc(Nc2nc(N)nc3[nH]c4ccccc4c23)c1
1893,6.805127958898173,Nc1nc(Nc2ccccc2)c2c(n1)[nH]c1ccc(Br)cc12
1894,8.176116704614687,CC(C)Nc1cc(-c2nc(SCC(O)CO)[nH]c2-c2ccc(F)cc2)ccn1
1895,7.871981717583302,CC(C)Nc1cc(-c2nc(SCCC#N)[nH]c2-c2ccc(F)cc2)ccn1
1896,8.239853274412205,CC(C)Nc1cc(-c2nc(SCCCN)[nH]c2-c2ccc(F)cc2)ccn1
1897,8.525408788778174,CN(C)CCSc1nc(-c2ccc(F)cc2)c(-c2ccnc(NC3CCOCC3)c2)[nH]1
1898,8.715544544166704,COC(=O)CSc1nc(-c2ccc(F)cc2)c(-c2ccnc(NC(C)c3ccccc3)c2)[nH]1
1899,8.271501235105838,COc1ccc(Nc2nccc(-c3c(-c4cccc([N+](=O)[O-])c4)nc4sccn34)n2)cc1
1900,8.232848094961284,COc1cccc(-c2nc3sccn3c2-c2ccnc(Nc3ccccc3)n2)c1
1901,8.314795006960805,COc1cccc(Nc2ncnc3c2[nH]c2ccccc23)c1
1902,8.273096177863113,COc1ccc(Nc2ncnc3c2[nH]c2ccccc23)cc1
1903,8.350817590578181,COc1ccc2c(c1)sc1c(Nc3ccccc3)ncnc12
1904,8.167734099072351,Fc1ccc(Nc2ncnc3nc(Nc4ccccc4)sc23)cc1Cl
1905,8.113412932848613,Fc1ccc(Nc2ncnc3nc(Nc4ccccc4)sc23)cc1
1906,8.38653701366054,COc1ccc(Nc2nc3ncnc(Nc4cccc(Br)c4)c3s2)cc1
1907,7.937937214961632,COc1ccc(Nc2nc3ncnc(Nc4cccc(Br)c4)c3s2)cc1OC
1908,7.866143362219661,COc1ccc(-c2ccc(/C=N/Nc3nc4nonc4nc3Nc3ccccc3)o2)cc1
1909,7.641134378448448,COc1cc(-c2ccc(/C=N/Nc3nc4nonc4nc3Nc3ccccc3)o2)cc(OC)c1OC
1910,8.272518445475555,O=C(CNC(=O)OCc1ccccc1)Nc1ccc2ncnc(Nc3ccc(F)c(Cl)c3)c2c1
1911,8.228386606816594,O=C(CNC(=O)OCc1ccccc1)Nc1ccc2ncnc(Nc3cccc(Br)c3)c2c1
1912,7.526830192476376,Fc1cccc(COc2ccc(Nc3ncnc(Oc4ccccc4)n3)cc2Cl)c1
1913,8.074151078423936,O=C(CO)Nc1cccc(Oc2cc(Nc3ccc(OCc4cccc(F)c4)c(Cl)c3)ncn2)c1
1914,8.110489489524019,O=C(CO)Nc1cccc(Oc2ccnc(Nc3ccc(OCc4cccc(F)c4)c(Cl)c3)n2)c1
1915,9.107726798047763,O=C(CO)Nc1ccc2ncnc(Nc3cccc(Br)c3)c2c1
1916,8.643960193082897,COc1cccc(Nc2ncnc3ccc(-c4ccc(CNCCO)o4)cc23)c1
1917,8.358570949123996,COc1ccc(-c2ccc3ncnc(Nc4ccc(OCc5cccc(F)c5)c(Cl)c4)c3c2)cc1C(=O)O
1918,8.517269684794128,O=C(O)c1ccc(-c2ccc3ncnc(Nc4ccc(OCc5ccccn5)c(Cl)c4)c3c2)o1
1919,7.875807577094881,COc1ccc(-c2ccc3ncnc(Nc4ccc(OCc5cccc(F)c5)c(Cl)c4)c3c2)cc1OC
1920,6.941712203833726,O=C(Cc1ccccc1)NNC(=S)Nc1ncccc1Br
1921,7.0301233650982065,O=C(Cc1c[nH]c2ccccc12)NNC(=S)Nc1ncccc1Br
1922,7.566362818325028,Nc1nc(-c2ccccc2)cc(-c2cn(Cc3ccccc3)c3ccccc23)n1
1923,7.655969176178248,Nc1nc(-c2ccc(Cl)cc2)cc(-c2cn(Cc3ccccc3)c3ccccc23)n1
1924,8.232883107443598,COc1ccc(O)c(-c2nc(NCc3cccnc3)c3ccccc3n2)c1
1925,8.221711744157298,COc1ccc(-c2nc(NCc3cccnc3)c3ccccc3n2)c(O)c1
1926,7.806992265651976,Oc1ccccc1-c1nc(NCc2ccccn2)c2ccccc2n1
1927,7.690282932243269,Oc1ccc(Br)cc1-c1nc(NCc2ccccc2)c2ccccc2n1
1928,7.763232357971766,Oc1ccccc1-c1nc(NCc2cccnc2)c2ccccc2n1
1929,7.948790377020076,COc1ccccc1-c1nc(NCc2cccnc2)c2ccccc2n1
1930,7.494566466400822,Oc1ccccc1-c1nc(NCc2ccccc2)c2ccccc2n1
1931,8.484243904459925,Fc1ccc(Nc2ncnc3ccccc23)cc1Cl
1932,7.388230907167084,Fc1ccc(Oc2ncnc3ccccc23)cc1
1933,7.364509817938248,Fc1ccc(Oc2ncnc3ccccc23)cc1F
1934,7.8912885421072865,OC(COc1ncnc2ccccc12)Cn1ccnc1
1935,7.765321990653412,OC(COc1ncnc2ccccc12)Cn1cnc2ccccc21
1936,7.148630957342496,Clc1ccc(Nc2nnc(NCc3ccncc3)c3ccccc23)cc1
1937,6.908766562881238,Clc1ccc(Nc2nnc(Cc3ccncc3)c3ccccc23)cc1
1938,7.6208425306805205,COc1cc2nc(SCC(=O)Nc3ccc(C)cc3)n(CCc3ccc(S(N)(=O)=O)cc3)c(=O)c2cc1OC
1939,7.5997823719708775,COc1cc2nc(SCC(=O)Nc3ccc(C)cc3)n(Cc3ccc(S(N)(=O)=O)cc3)c(=O)c2cc1OC
1940,8.266808026814722,O=C(Cn1oc2ccccc2c1=O)Nc1ccc2ncnc(Nc3ccc(F)c(Cl)c3)c2c1
1941,8.191831268015829,O=C(Cn1oc2ccccc2c1=O)Nc1ccc2ncnc(Nc3cccc(F)c3)c2c1
1942,5.989914132071546,OC(c1ccccc1)c1cc2ccccc2nc1Cl
1943,6.140303669532045,OC(c1ccccc1Cl)c1cc2ccccc2nc1Cl
1944,6.637181380136772,Clc1nc2ccccc2cc1C(OCc1ccccc1)c1cccs1
1945,6.698648862791372,Clc1nc2ccccc2cc1C(OCc1ccc(Br)cc1)c1cccs1
1946,8.33877652488405,O=C(c1cc2ccccc2[nH]1)c1cc2c(Nc3ccc(F)c(Cl)c3)ncnc2[nH]1
1947,8.527202652866894,C#Cc1cccc(Nc2ncnc3sc(C(=O)c4cc5ccccc5[nH]4)cc23)c1
1948,8.391925202350858,O=C(c1cc2ccccc2s1)c1cc2c(Nc3ccc(F)c(Cl)c3)ncnc2s1
1949,8.214836983556838,O=C(c1cc2ccccc2s1)c1cc2c(Nc3cccc(Cl)c3)ncnc2s1
1950,8.271321881537972,NCCCn1cc(-c2cc(-c3cc4ccccc4s3)c3[nH]ncc3c2)c2nc(N)ncc21
1951,8.472035324562317,Nc1ncc2c(n1)c(-c1cc(-c3cc4ccccc4s3)c3[nH]ncc3c1)cn2CCC(=O)O
1952,6.437932322508008,O=C1C2=C(c3cc4ccccc4n3C2)n2c1cc1ccccc12
1953,6.518346741176307,O=c1[nH]c2ccccc2nc1/C=C(/O)c1ccccc1
1954,6.85176623267671,O=c1[nH]c2ccccc2nc1/C=C(/O)c1cccc(Cl)c1
1955,6.2738220044956226,Clc1ccc(-c2nnc(Cc3nc4ccccc4[nH]3)o2)c(Cl)c1
1956,6.832188276409112,Nc1nc(Nc2ccc(F)c(Cl)c2)c2cc(CCc3cccc4ccccc34)[nH]c2n1
1957,6.404433667129263,CCN(CC)c1ccc(C(=O)Nc2cccc3ccccc23)cc1
1958,6.640847019785636,CN(CCCl)c1ccc(C(=O)Nc2cccc3ccccc23)cc1
1959,6.618375363615009,O=C(Cc1csc2nc3ccccc3n12)Nc1cccc(Cl)c1
1960,6.5744386637076575,O=C(Cc1csc2nc3ccccc3n12)Nc1ccccc1
1961,8.196921778073081,COc1cccc(Nc2ncnc3ccc(N)cc23)c1
1962,8.539471026718765,O=C(O)c1ccc(Nc2nncc3ccccc23)cc1
1963,7.777906015846879,CC(=O)Nc1ccc(Nc2nncc3ccccc23)cc1
1964,7.619009504382898,COc1ccc(Nc2nncc3ccccc23)cc1
1965,8.357905339991916,N#Cc1ccc(Nc2nncc3ccccc23)cc1
1966,8.232072116803328,Fc1ccc(Nc2nncc3ccccc23)cc1
1967,7.66460381682088,O=S(=O)(Nc1ccccc1)c1ccc(Nc2nncc3ccccc23)cc1
1968,8.20351186561087,O=S(=O)(Nc1nccs1)c1ccc(Nc2nncc3ccccc23)cc1
1969,8.247031640724874,O=S(=O)(Nc1ccccn1)c1ccc(Nc2nncc3ccccc23)cc1
1970,7.4699402136464625,CC(=O)NNc1nncc2ccccc12
1971,8.100094327906435,COc1ccc(NC(=S)NNc2nncc3ccccc23)cc1
1972,8.356365301790596,COc1cccc(Nc2ccnc3[nH]c4ccc(S(=O)(=O)N5CCOCC5)cc4c23)c1
1973,8.441996361064884,COc1cccc(Nc2ccnc3[nH]c4ccc(S(=O)(=O)N5CCNCC5)cc4c23)c1
1974,7.618230110956642,COc1ccc(/C=N/c2nnc3c4ccccc4nc(Cl)n23)cc1
1975,7.534774046615602,COc1ccc(/C=N/c2nnc3c4ccccc4ncn23)cc1
1976,7.252529403708917,Cc1ccc(Sc2nc3ccccc3c3nnc(Nc4ccccc4)n23)cc1
1977,7.522691612987188,CN(C)c1nc2ccccc2c2nnc(Nc3ccc(Br)cc3)n12
1978,7.635220255623756,Cc1ccc(/C=N/Nc2nc3ccccc3c3nncn23)cc1
1979,7.628860349591087,Clc1ccc(/C=N/Nc2nc3ccccc3c3nncn23)cc1
1980,8.579162322310799,Clc1ccc2c(Nc3ccc(N4CCOCC4)c(Cl)c3)ncnc2c1
1981,7.791721574102895,Clc1ccc2c(Nc3ccc(-c4nc5ccccc5s4)cc3)ncnc2c1
1982,7.067578270643948,O=C(NC(=S)Nc1ccc(O)c(-c2nc3ccccc3s2)c1)c1ccccc1
1983,7.175804267191461,O=C(NC(=S)Nc1ccc(O)c(-c2nc3ccccc3s2)c1)c1ccc(Cl)cc1
1984,7.391447143328397,c1ccc2sc(-c3ccc(Nc4ncnc5ccsc45)cc3)nc2c1
1985,7.751858454199917,c1ccc2sc(-c3ccc(Nc4ncnc5nc[nH]c45)cc3)nc2c1
1986,7.294714693196615,Clc1ccc2c(Nc3ccc(C4=NCCN4)cc3)ccnc2c1
1987,7.678726655894932,Clc1ccc2c(Nc3ccc(-c4cncnc4)cc3)ccnc2c1
1988,7.835182513349852,c1ccc2sc(-c3ccc(Nc4ncnc5[nH]ccc45)cc3)nc2c1
1989,7.927168391906949,c1ccc2sc(-c3ccc(Nc4ccncn4)cc3)nc2c1
1990,7.081387383906425,CNc1nccc(Nc2ccc(-c3nc4ccccc4s3)cc2)n1
1991,7.46143902887655,c1ccc2sc(-c3ccc(Nc4ncnc5[nH]cnc45)cc3)nc2c1
1992,8.210206087845549,Fc1cccc(Nc2ncnc3cc4c(cc23)Oc2ccccc2O4)c1
1993,6.096804325133889,Nc1nc(Nc2ccc(F)c(Cl)c2)c2cc(Cc3ccc4ccccc4c3)[nH]c2n1
1994,8.07545320045254,NS(=O)(=O)c1ccc(-n2c(SCC(=O)NC3CCCCC3)nc3cc4ccccc4cc3c2=O)cc1
1995,8.34644923086463,NS(=O)(=O)c1ccc(-n2c(SCC(=O)Nc3ccccc3)nc3cc4ccccc4cc3c2=O)cc1
1996,7.5713277081858354,COc1ccc(-n2c(SCC(=O)Nc3ccc(C)cc3C)nc3cc4ccccc4cc3c2=O)cc1
1997,7.43114306026873,Cc1ccc(-n2c(SCC(=O)Nc3ccc(Cl)cc3Cl)nc3cc4ccccc4cc3c2=O)cc1
1998,7.597595575743249,COc1ccc(-n2c(SCC(=O)Nc3ccc(C)cc3)nc3cc4ccccc4cc3c2=O)cc1
1999,7.433643493359505,Cc1ccc(-n2c(SCC(=O)Nc3ccccc3Cl)nc3cc4ccccc4cc3c2=O)cc1
2000,8.04477970619336,N#Cc1cnc2c(Br)cc(NCc3c[nH]cn3)cc2c1Nc1ccc(F)c(Cl)c1
2001,11.281297271935928,CC(C)(C)n1cc(-c2ncnc3oc(-c4ccccn4)cc23)c(-c2ccc(F)cc2)n1
2002,6.187383530687022,Nc1nc(Nc2cccc(C(F)(F)F)c2)c2cc(CCc3ccccn3)[nH]c2n1
2003,6.535842048627608,Nc1nc(Nc2ccc(F)c(Cl)c2)c2cc(CCc3ccccn3)[nH]c2n1
2004,9.316014335586857,N#Cc1cnc2c(Cl)cc(NC(C3=CN(CCC(N)=O)NN3)c3cccnc3)cc2c1Nc1ccc(F)c(Cl)c1
2005,9.308184935273758,N#Cc1cnc2c(Cl)cc(NC(C3=CN(CCC(N)=O)NN3)c3ccccn3)cc2c1Nc1ccc(F)c(Cl)c1
2006,8.58983537048174,N#Cc1cnc2c(Cl)cc(NC(c3cccnc3)c3cscn3)cc2c1Nc1ccc(F)c(Cl)c1
2007,9.02209981267364,Clc1cc(Nc2ncnc3[nH]nc(OCCN4CCOCC4)c23)ccc1OCc1ccccn1
2008,8.895770168947369,Cc1ccc(Oc2ccc(Nc3ncnc4[nH]nc(OCCN5CCC(O)CC5)c34)cc2Cl)cn1
2009,7.886352211019737,N#CC(C#N)=CNc1ccc2ncnc(Nc3ccc(OCc4ccccn4)c(Cl)c3)c2c1
2010,8.084344402436614,N#CC(C#N)=CNc1ccc2ncnc(Nc3ccc(F)c(Cl)c3)c2c1
2011,8.642664520698016,COc1cccc(Oc2ccc(Nc3ncnc4cc[nH]c34)cc2Cl)c1
2012,7.549856658078023,O=C(Nc1ccccn1)c1ccc(Oc2ccnc3ccccc23)cc1
2013,8.16757936071416,O=C(Nc1ccccn1)Nc1cc(-c2cccnc2)ccc1OC(F)(F)F
2014,8.12588997694139,COc1ccc(Nc2ncnc3ccc(-c4ccc(CNCCO)o4)cc23)cc1OC
2015,7.714309951952109,COc1ccc(Nc2ncnc3ccc(-c4ccc(CNCCO)cc4)cc23)cc1OC
2016,6.28769495290427,Oc1c(Br)cc(Br)c2cccnc12
2017,6.708679644097741,Oc1c(I)cc(I)c2cccnc12
2018,8.373307762618852,COc1ccc2ncnc(Nc3cccc4cc[nH]c34)c2c1
2019,5.8906760156340034,O=c1c2ccccc2oc2c(O)cccc12
2020,6.002893776520346,O=c1c2ccccc2oc2cccc(O)c12
2021,5.531696904692992,Nc1nc(N)c2c(n1)[nH]c1cccc(Sc3ccccc3)c12
2022,5.701299583949269,Nc1nc(N)c2c(n1)[nH]c1cccc(Sc3cccc(Cl)c3)c12
2023,7.202915273078989,Fc1ccc(-c2nn3ccc(Cl)cc3c2-c2ccncc2)cc1
2024,7.23759317667303,Fc1ccc(-c2nn3ccccc3c2-c2ccncc2)cc1
2025,8.434442400013227,N#Cc1cnc2c(Cl)cc(N[C@H](C(=O)NCCN)c3ccc4c(c3)OCO4)cc2c1Nc1ccc(F)c(Cl)c1
2026,7.779302837860685,N#Cc1cnc2c(Cl)cc(N[C@H](C(=O)O)c3ccc4c(c3)OCO4)cc2c1Nc1ccc(F)c(Cl)c1
2027,5.922183984905623,NC(=O)/C=C1/Nc2ccccc2NC1=O
2028,6.150768428668053,NC(=O)/C=C1/Nc2ccc(Cl)cc2NC1=O
2029,8.548989386763742,Fc1ccc(Nc2ncnc3ccc(C#CCN4CCCCC4)cc23)cc1Cl
2030,8.700175736411078,Fc1ccc(Nc2ncnc3ccc(C#CCN4CCOCC4)cc23)cc1Cl
2031,9.231710116963,O=C(CCCCCn1cc(-c2ccc3ncnc(Nc4ccc(F)c(Cl)c4)c3c2)nn1)NO
2032,6.591393440531867,O=C1Nc2ccccc2/C1=C/c1cc(Br)c(O)c(Br)c1
2033,5.42983299244686,O=C1Nc2ccc(Br)cc2/C1=C\c1ccc(O)cc1
2034,8.247190782602443,Fc1ccc(Nc2ncnc3ccc(Cl)cc23)cc1F
2035,7.579594065048619,COc1ccc(Nc2ncnc3ccc(N)cc23)cc1OC
2036,8.672977899705941,Brc1ccc2ncnc(Nc3ccc4[nH]cc(Br)c4c3)c2c1
2037,8.765990684422523,Brc1c[nH]c2ccc(Nc3ncnc4ccccc34)cc12
2038,8.148427322138776,COc1ccc2ncnc(Nc3ccc4[nH]ncc4c3)c2c1
2039,8.39070243342199,Cc1ccc2ncnc(Nc3ccc4[nH]ncc4c3)c2c1
2040,8.675419064150368,O=C(CO)Nc1ccc2ncnc(Nc3ccc(F)c(Cl)c3)c2c1
2041,8.598753090040553,NC(=O)Nc1ccc2ncnc(Nc3ccc(F)c(Cl)c3)c2c1
2042,8.292111823377704,Nc1ccc2ncnc(Nc3ccc(Oc4ccccc4)c(Cl)c3)c2c1
2043,8.135817874579397,NC(=O)Nc1ccc2ncnc(Nc3ccc(Oc4ccccc4)c(Cl)c3)c2c1
2044,8.233359067867518,O=C(CO)Nc1ccc2ncnc(Nc3ccc4[nH]ccc4c3)c2c1
2045,8.857953608251918,O=C(CO)Nc1ccc2ncnc(Nc3ccc4[nH]cc(Br)c4c3)c2c1
2046,4.39883350680602,N#CC(C#N)=C1C(=O)Nc2ccccc21
2047,5.023558860734083,N#CC(C#N)=C1C(=O)Nc2ccc(F)cc21
2048,7.307014615201053,Nc1ccc2ncnc(Nc3ccc4c(c3)OCO4)c2c1
2049,8.565840684705833,O=C1NCc2cc(Oc3ccc(Nc4ncnc5ccn(CCO)c45)cc3Cl)ccc21
2050,8.335592659659476,O=C(Nc1ccc2ncnc(Nc3ccc4[nH]ccc4c3)c2c1)C1CC1
2051,7.9170413642225945,COc1ccc(-n2c(=O)c(C(=O)Nc3ccc(Oc4ccnc5[nH]ccc45)c(F)c3)cc3ccccc32)cc1
2052,7.90403444750187,COc1ccc(-n2c(=O)c(C(=O)Nc3ccc(Oc4ccnc5[nH]ccc45)cc3)cc3ccccc32)cc1
2053,6.482287281880892,Nc1ncnc2nn3ccccc3c12
2054,7.214885045834091,Nc1ncnc2nn3ccc(-c4ccccc4)cc3c12
2055,7.283244469597172,O=C(Nc1cccc(C(F)(F)F)c1)Nc1ncnc2nn3ccccc3c12
2056,7.841787382604682,O=C(Nc1ccc(Br)cc1)Nc1ncnc2nn3ccccc3c12
2057,7.984805640210941,O=C(Nc1cccc(Br)c1)Nc1ncnc2nn3ccccc3c12
2058,7.340253652221955,O=C(Nc1ccc(F)cc1)Nc1ncnc2nn3ccccc3c12
2059,8.041973572939392,O=C(Nc1cc2c(Nc3ccc(F)c(Cl)c3)ncnc2s1)C1CNC1
2060,8.123538820175531,O=C(Nc1ccncc1)Nc1cc(-c2cccnc2)cc(C(F)(F)F)c1
2061,8.143109898171977,Fc1ccc(Nc2ncnc3ccc(C#Cc4ccccc4)cc23)cc1Cl
2062,8.278953671667532,O=C(Nc1cc(-c2cncnc2)cc(C(F)(F)F)c1)Nc1nccs1
2063,8.314888730405169,O=C(Nc1cccnc1)Nc1cc(-c2cncnc2)cc(C(F)(F)F)c1
2064,7.488378096238277,COc1ccc(Sc2nc3ccccc3c3nnc(N4C(=O)CCC4=O)n23)cc1
2065,7.208760448569507,N#CC1=C(N)N(c2nnc3c4ccccc4nc(Sc4ccccc4)n23)C(=O)C1
2066,7.757838615370931,O=C1CS/C(=N/c2nncc3ccccc23)N1c1ccc(Cl)cc1
2067,7.540223293870965,O=C1CS/C(=N/c2nncc3ccccc23)N1c1ccccc1
2068,7.661388328978758,COc1ccc(Sc2nc3ccccc3c3nnc(N4C(=O)CSCC4=O)n23)cc1
2069,7.313872833892211,O=C1CSCC(=O)N1c1nnc2c3ccccc3nc(Nc3ccccc3)n12
2070,8.027747093904921,O=C1CS/C(=N/N=C/c2cc(Cl)ccc2O)N1
2071,7.9872715850087745,O=C1CS/C(=N/N=C/c2cc(Cl)cc(Cl)c2O)N1
2072,7.661251470117817,O=C1CS/C(=N/N=C/c2ccccc2O)N1
2073,7.56817352677031,O=C1CS/C(=N/N=C/c2cccc(Cl)c2Cl)N1
2074,7.285409597640053,O=C1CS/C(=N/N=C/c2ccccc2)N1
2075,7.622557536968648,O=C1CS/C(=N/N=C/c2cccc(Cl)c2)N1
2076,7.416862046064902,O=C1CS/C(=N/N=C/c2ccccc2F)N1
2077,7.41829668584,O=C1CS/C(=N/c2nncc3ccccc23)N1
2078,7.408894224841777,O=C1N/C(=N\c2nncc3ccccc23)S/C1=C\c1ccccc1
2079,8.047605901512345,N#CC1C(N)=NC(c2ccc(Nc3ncnc4ccccc34)cc2)CC1c1ccccc1
2080,8.218241266444043,N#CC1C(N)=NC(c2ccc(Nc3ncnc4ccccc34)cc2)CC1c1ccc(F)cc1
2081,10.848460812958674,COc1ccc(-c2nn(CC3CCN(C)CC3)cc2-c2ncnc3oc(-c4ccc(F)cc4)cc23)cc1
2082,10.805220977225996,CC(C)(C)n1cc(-c2ncnc3oc(-c4ccc(F)cc4)cc23)c(-c2ccc(F)cc2)n1
2083,10.915519516963998,COc1ccc(-c2nn(C3CCC3)cc2-c2ncnc3oc(-c4ccc(F)cc4)cc23)cc1
2084,10.828407654021477,CC(C)c1ccc(-c2nn(C3CC(F)(F)C3)cc2-c2ncnc3oc(-c4ccc(C#N)cc4)cc23)cc1
2085,11.203564892936942,CC(C)Cn1cc(-c2ncnc3oc(-c4ccc(F)cc4)cc23)c(-c2ccc(F)cc2)n1
2086,11.510428606878122,CC(C)Cn1cc(-c2ncnc3oc(-c4ccccc4)cc23)c(-c2ccc(F)cc2)n1
2087,9.242776607923393,CC(C)c1ccc(-c2nn(C3CCC3)cc2-c2ncnc3oc(-c4ccccc4)cc23)cc1
2088,10.91979502229125,CC(C)c1ccc(-c2nn(C3CCC3)cc2-c2ncnc3oc(-c4ccc(F)cc4)cc23)cc1
2089,11.448353124456421,O=c1[nH]cccc1-c1cc2c(-c3cn(C4CCCC4)nc3-c3ccc(F)cc3)ncnc2o1
2090,10.398957121733439,O=c1[nH]ccc2cc(-c3cc4c(-c5cn(C6CCCC6)nc5-c5ccc(F)cc5)ncnc4o3)ccc12
2091,10.68705304782702,COc1ccc(-c2cc3c(-c4cnn(CC5CCNCC5)c4-c4ccc(F)cc4)ncnc3o2)cc1
2092,10.807782613654574,COc1ccc(-c2cc3c(-c4cnn(CC5CCN(C)CC5)c4-c4ccc(F)cc4)ncnc3o2)cc1
2093,9.888657737165431,COc1ccc(-c2cc3c(-c4cn(C[C@H]5C[C@@H](O)CN5)nc4-c4ccccc4)ncnc3o2)cc1
2094,9.549740720408073,COc1ccc(-c2cc3c(-c4cn(CC5CCN(C)CC5)nc4-c4ccccc4)ncnc3o2)cc1
2095,9.826041574541652,COc1ccc(-c2cc3c(-c4cn(C5CC(O)C5)nc4-c4ccccc4)ncnc3o2)cc1
2096,11.161394451051432,COc1ccc(-c2cc3c(-c4cn(C5CC(O)C5)nc4-c4ccc(F)cc4)ncnc3o2)cc1
2097,9.428968644784492,CC(C)(O)Cn1cc(-c2ncnc3oc(C4CCNCC4)cc23)c(-c2ccc(F)cc2)n1
2098,9.233502802160187,CC(C)(O)Cn1cc(-c2ncnc3oc(C4CNC4)cc23)c(-c2ccc(F)cc2)n1
2099,6.874097979273611,Nc1ncnc2c1c(-c1ccccc1)nn2C1CCNC1
2100,7.02085088100113,Nc1ncnc2c1c(-c1cccc(O)c1)nn2C1CCNC1
2101,7.967974946643903,O=C(Nc1cc2c(Nc3ccc(F)c(Cl)c3)ncnc2s1)C1CC1
2102,11.138170330918495,CC(C)(C)n1cc(-c2ncnc3oc(-c4ccccc4)cc23)c(-c2ccc(F)cc2)n1
2103,10.66335059617994,COc1ccc(-c2nn(CCC3CCNCC3)cc2-c2ncnc3oc(-c4ccc(F)cc4)cc23)cc1
2104,10.754505141611123,COc1ccc(-c2nn(CCC3CCN(C)CC3)cc2-c2ncnc3oc(-c4ccc(F)cc4)cc23)cc1
2105,10.709858235521569,COc1ccc(-c2nn(CC3CCNCC3)cc2-c2ncnc3oc(-c4ccc(F)cc4)cc23)cc1
2106,10.153290967853414,Cn1cc(-c2ncnc3oc(-c4ccc(Cl)cc4)nc23)c(-c2ccc(F)cc2)n1
2107,8.946321241196788,Cn1cc(-c2ncnc3oc(-c4ccc(Cl)cc4)nc23)c(-c2ccccc2)n1
2108,10.6985744391639,Cn1cc(-c2ncnc3oc(-c4ccc(F)cc4)cc23)c(-c2ccc(F)cc2)n1
2109,8.585161179146953,Cn1cc(C(Nc2ccc3ncnc(Nc4ccc(F)c(Cl)c4)c3c2)c2ccccc2)nn1
2110,8.547778027870015,CC(C)n1cc(C(Nc2ccc3ncnc(Nc4ccc(F)c(Cl)c4)c3c2)c2ccccc2)cn1
2111,8.168804311516757,N#Cc1cnc2c(Cl)cc(NC(CC(=O)O)c3ccc(Cl)nc3Cl)cc2c1Nc1ccc(F)c(Cl)c1
2112,8.090418762700084,N#Cc1cnc2c(c1Nc1ccc(F)c(Cl)c1)=CC(C(=O)O)NC(c1ccc(F)c(Cl)c1)=CC=2Cl
2113,8.617657804500974,N#Cc1cnc2c(Cl)cc(NC(c3cnc[nH]3)c3cccnc3Cl)cc2c1Nc1ccc(F)c(Cl)c1
2114,8.162532440530914,N#Cc1cnc2c(Cl)cc(NC(c3cccnc3)C3CC3)cc2c1Nc1ccc(F)c(Cl)c1
2115,8.929916571083263,N#Cc1cnc2c(Cl)cc(NC(C3=NCCN3)c3cccc4c3SCO4)cc2c1Nc1cnc(F)c(F)c1
2116,9.114361351620401,N#Cc1cnc2c(Cl)cc(NC(C3=NCCN3)c3cccc4c3SCN4)cc2c1Nc1cnc(F)c(F)c1
2117,8.459441903234525,N#Cc1cnc2c(Cl)cc(NC(CC3CC3)C3=NNC(=O)NC3)cc2c1Nc1ccc(F)c(Cl)c1
2118,8.603903313792971,N#Cc1cnc2c(Cl)cc(NC(CC3CC3)c3n[nH]c(=O)[nH]3)cc2c1Nc1ccc(F)c(Cl)c1
2119,8.232398802160164,N#Cc1cnc2c(Cl)cc(NC(CC(=O)O)c3cnc(Cl)cc3Cl)cc2c1Nc1ccc(F)c(Cl)c1
2120,8.447091150328447,N#Cc1cnc2c(Cl)cc(NC(c3cncnc3)c3cnc(Cl)cc3Cl)cc2c1Nc1ccc(F)c(Cl)c1
2121,8.528324789252439,N#Cc1cnc2c(Cl)cc(N[C@H](C3=NCCN3)c3cccnc3)cc2c1N[C@H](CO)c1ccccc1
2122,8.518170722709748,N#Cc1cnc2c(Cl)cc(NC(C3=NCCN3)c3cccnc3)cc2c1N[C@H](CO)c1ccccc1
2123,9.143792829441349,N#Cc1cnc2c(Cl)cc(NC(C3=CN(C(=O)C4CC4)NN3)c3cccnc3)cc2c1NC(CCO)c1ccccc1
2124,8.457271144352925,N#Cc1cnc2c(Cl)cc(NC(C3=CN(CC(=O)O)CC3)c3cccnc3)cc2c1NC(CO)c1ccccc1
2125,7.752944812175533,N#Cc1cnc2c(Cl)cc(NCc3c[nH]nn3)cc2c1Nc1ccc(F)c(Cl)c1
2126,8.663044848617423,N#Cc1cnc2c(Cl)cc(NC(c3cscn3)c3cnc[nH]3)cc2c1Nc1ccc(F)c(Cl)c1
2127,8.754073189586155,N#Cc1cnc2c(Cl)cc(N[C@H](C(=O)NCCN)c3cccc4c3CN(CC3CC3)C4)cc2c1Nc1ccc(F)c(Cl)c1
2128,8.700359128333892,N#Cc1cnc2c(Cl)cc(N[C@H](C(=O)NCCN)c3cccc4c3CN(C3CC3)C4)cc2c1Nc1ccc(F)c(Cl)c1
2129,9.45845072941064,COc1ccc(-c2nn(C3COC3)nc2-c2ncnc3oc(-c4ccc(C)cc4)cc23)cc1
2130,10.222928136457403,COCCn1nc(-c2ccc(F)cc2)c(-c2ncnc3oc(-c4ccc(OC)cc4)cc23)n1
2131,8.945576843492585,O=C(c1c(F)ccc(NS(=O)(=O)c2cccc(C(F)(F)F)c2)c1F)c1c[nH]c2ncnc(NC3CC3)c12
2132,8.875394145752944,O=C(c1c(F)ccc(NS(=O)(=O)c2ccc(F)cc2)c1F)c1c[nH]c2ncnc(NC3CC3)c12
2133,9.767656693939362,O=C(c1ccc(-c2cc3c(-c4cn(CCC5CCS(=O)(=O)CC5)nc4-c4ccccc4)ncnc3o2)cc1)N1CCCC1
2134,9.370517625880154,CC(C)(C)OC(=O)NCCCCn1cc(-c2ncnc3oc(-c4ccccc4)cc23)c(-c2ccccc2)n1
2135,11.049084506249345,CC(C)(C)n1ncc(-c2ncnc3oc(-c4ccccc4)cc23)c1-c1ccc(F)cc1
2136,8.968781315044176,CC(C)(C)n1ncc(-c2ncnc3oc(-c4ccccc4)cc23)c1-c1ccccc1
2137,9.091517952264807,O=C(c1ccccc1)c1cc2c(-c3cn(CC4CCS(=O)(=O)CC4)nc3-c3ccccc3)ncnc2o1
2138,9.814490982928223,O=C(c1ccc(-c2cc3c(-c4cn(CC5CCS(=O)(=O)CC5)nc4-c4ccccc4)ncnc3o2)cc1)N1CCCC1
2139,8.947309540535024,c1ccc(-c2nc3ncnc(-c4cn(C5CCNCC5)nc4-c4ccccc4)c3[nH]2)cc1
2140,9.101812695020772,c1ccc(-c2nc3ncnc(-c4cn(CCN5CCCC5)nc4-c4ccccc4)c3[nH]2)cc1
2141,11.22473036216511,COc1ccc(-c2cc3c(-c4cn(C5CC(=O)C5)nc4-c4ccc(F)cc4)ncnc3o2)cc1
2142,11.205879434760703,O=S1(=O)CC(c2nc(-c3ccc(F)cc3)c(-c3ncnc4oc(-c5ccccc5)cc34)[nH]2)C1
2143,11.37743311922006,O=S1(=O)CC(n2cc(-c3ncnc4oc(-c5ccc(F)cc5)cc34)c(-c3ccc(F)cc3)n2)C1
2144,9.956774427125293,O=S1(=O)CC(n2cc(-c3ncnc4oc(-c5ccccc5)cc34)c(-c3ccccc3)n2)C1
2145,10.883719723240795,COc1ccc(-c2cc3c(-c4cn(C5CCN(C)CC5)nc4-c4ccc(F)cc4)ncnc3o2)cc1
2146,11.432841471388274,COCC(=O)N1CCC(n2cc(-c3ncnc4oc(-c5ccccc5)cc34)c(-c3ccc(F)cc3)n2)CC1
2147,10.379965391495258,CC(C)(C)OC(=O)N1CCC(n2cc(-c3ncnc4oc(-c5ccc(F)cc5)cc34)c(-c3ccc(F)cc3)n2)CC1
2148,9.733666076110191,O=C(c1ccc(-c2cc3c(-c4cn(C5CCS(=O)(=O)CC5)nc4-c4ccccc4)ncnc3o2)cc1)N1CCOCC1
2149,10.066057068993166,CCOC(=O)c1cc2c(-c3cn(C4CS(=O)(=O)C4)nc3-c3ccc(F)cc3)ncnc2o1
2150,8.832732546617667,CCOC(=O)c1cc2c(-c3cn(C4CS(=O)(=O)C4)nc3-c3ccccc3)ncnc2o1
2151,10.402570918090513,CC(C)Oc1ccc(-c2nn(C3CS(=O)(=O)C3)cc2-c2ncnc3oc(-c4ccncc4)cc23)cc1
2152,11.744433476561445,O=S1(=O)CC(n2cc(-c3ncnc4oc(-c5ccc(F)cc5)cc34)c(-c3ccccc3)n2)C1
2153,11.072367640070006,CCOC(=O)Cn1nc(-c2ccc(F)cc2)c(-c2ncnc3oc(-c4ccccc4)cc23)n1
2154,8.649613327151544,CCOC(=O)Cn1nc(-c2ccc(F)cc2)c(-c2ncnc3oc(C)cc23)n1
2155,8.053285988809119,N#Cc1cnc2ccc(OCCCN3CCOCC3)cc2c1Nc1ccc(OCc2ccccc2)c(Cl)c1
2156,7.954773928084651,N#Cc1cnc2ccc(OCCCN3CCOCC3)cc2c1Nc1ccc(Oc2ccccc2)c(Cl)c1
2157,7.905240839749993,N#Cc1cnc2ccc(NCCN3CCOCC3)cc2c1Nc1ccc(Oc2ccccc2)c(Cl)c1
2158,8.179369123843738,N#Cc1cnc2ccc(NC(=O)CN3CCCC3)cc2c1Nc1ccc(OCc2ccccc2)c(Cl)c1
2159,8.169957354060768,N#Cc1cnc2ccc(NC(=O)CN3CCOCC3)cc2c1Nc1ccc(OCc2ccccc2)c(Cl)c1
2160,6.630513007872698,NC(=S)N1N=C(c2ccc(Cl)c(Cl)c2)CC1c1ccc(F)cc1
2161,6.587163993222745,NC(=S)N1N=C(c2ccc(Cl)c(Cl)c2)CC1c1ccccc1F
2162,6.637015230883802,NC(=S)N1N=C(c2ccc(Cl)c(Cl)c2)CC1c1ccc(Cl)cc1
2163,6.707404980838343,NC(=S)N1N=C(c2ccc(Cl)c(Cl)c2)CC1c1ccc(O)cc1
2164,7.2376234227324705,Cc1ccc(C2=NN(C(N)=S)C(c3ccc4ccccc4c3)C2)cc1C
2165,6.953058902181341,NC(=S)N1N=C(c2ccc(Cl)c(Cl)c2)CC1c1cccc2ccccc12
2166,6.862069260186637,NC(=S)N1N=C(c2ccc(Br)c(Br)c2)CC1c1cccc2ccccc12
2167,8.175409035334175,COc1ccc(C2=NN(c3ccccc3)C(c3cccc4ccccc34)C2)cc1
2168,7.215995524091731,O=[N+]([O-])c1ccc(C2=NN(c3ccccc3)C(c3cccc4ccccc34)C2)cc1
2169,7.212520621305036,O=[N+]([O-])c1ccc(C2=NN(c3ccccc3)C(c3ccc4ccccc4c3)C2)cc1
2170,8.126431817599537,COc1ccc(C2=NN(c3ccccc3)C(c3ccc4ccccc4c3)C2)cc1
2171,7.307721711522209,Cc1ccc(C2=NN(C(N)=S)C(c3ccc4ccccc4c3)C2)cc1
2172,6.915841257621767,NC(=S)N1N=C(c2ccc(F)cc2)CC1c1ccc2ccccc2c1
2173,7.060650376707778,NC(=S)N1N=C(c2ccc(Cl)c(Cl)c2)CC1c1ccc2ccccc2c1
2174,6.399776064802048,O=[N+]([O-])c1ccc(C2=NN(c3nc(-c4ccccc4)cs3)C(c3ccc(Cl)cc3)C2)cc1
2175,6.821560741963098,O=[N+]([O-])c1ccc(C2=NN(c3nc(-c4ccccc4)cs3)C(c3ccc(F)cc3)C2)cc1
2176,6.677250898558086,COc1ccc(C2=NN(c3nc(-c4ccc(Cl)cc4)cs3)C(c3ccc(OC)cc3)C2)cc1
2177,6.537169309318797,COc1ccc(C2=NN(c3nc(-c4ccc(Cl)cc4)cs3)C(c3ccccc3)C2)cc1
2178,6.74272086275385,Cc1ccc(C2=NN(C3=NC(=O)CS3)C(c3ccc(F)cc3)C2)cc1
2179,6.290632566811582,O=C1CSC(N2N=C(c3ccc(F)cc3)CC2c2ccc(F)cc2)=N1
2180,6.8631507551735895,O=C1CSC(N2N=C(c3ccc(F)cc3)CC2c2ccccc2)=N1
2181,6.819963073805699,NC(=S)N1N=C(c2ccccc2)CC1c1cccc2ccccc12
2182,7.695014924203677,Oc1ccc(C2=NN(c3ccccc3)C(c3ccc4ccccc4c3)C2)cc1
2183,6.239705863136016,O=C1CSC(N2N=C(c3ccc(Cl)cc3)CC2c2ccc(F)cc2)=N1
2184,7.5451255314565,Cc1ccc(C2=NN(C3=NC(=O)CS3)C(c3ccc4ccccc4c3)C2)cc1C
2185,6.976646802132559,O=C1CSC(N2N=C(c3ccc(F)cc3)CC2c2ccc3ccccc3c2)=N1
2186,6.996725320567576,O=C1CSC(N2N=C(c3ccncc3)CC2c2ccccc2)=N1
2187,7.109386742939578,O=C1CSC(N2N=C(c3ccncc3)CC2c2ccc(F)cc2)=N1
2188,8.910753401675446,O=C(CCCCCCN1CC(c2ccc3ncnc(Nc4cccc(Cl)c4F)c3c2)N=N1)NO
2189,8.921259800177998,O=C(CCCCCCN1CC(c2ccc3ncnc(Nc4ccc(F)c(Cl)c4)c3c2)N=C1NO)NO
2190,7.902624158320292,O=C(Nc1cc(-c2[nH]c3c(c2Nc2ccccc2)C(=O)NCC3)ccn1)c1ccccc1
2191,8.129504301226703,O=C(Nc1cc(-c2[nH]c3c(c2Nc2ccccc2)C(=O)NC(C(F)(F)F)C3)ccn1)c1ccccc1
2192,10.354600275018234,OCCCc1ccc(-c2nc(-c3ccc(F)cc3)c(-c3ccnc4[nH]ncc34)[nH]2)cc1
2193,9.731365180380443,OCCCc1ccc(-c2nc(-c3ccc(F)cc3)c(-c3ccnc4[nH]c(=S)[nH]c34)[nH]2)cc1
2194,8.555984496822072,CC(C)Nc1nccc(-c2[nH]c(-c3ccc(CCO)cc3)nc2-c2ccc(F)cc2)n1
2195,9.579586852486067,OCCc1ccc(-c2nc(-c3ccc(F)cc3)c(-c3ccnc4[nH]c(=S)[nH]c34)[nH]2)cc1
2196,8.361553522801307,CC(C)Nc1nccc(-c2[nH]c(-c3ccc(O)cc3)nc2-c2ccc(F)cc2)n1
2197,8.214270830300007,CC(C)Nc1nccc(-c2[nH]c(-c3ccc(F)cc3)nc2-c2ccc(F)cc2)n1
2198,8.554722058304314,O=C(Nc1ccc2ncnc(Nc3cccc(Br)c3)c2c1)C1CCCCC1
2199,8.344106844203928,O=C(Nc1ccc2ncnc(Nc3cccc(Cl)c3)c2c1)C1CCN(c2ccncc2)CC1
2200,8.545252320408764,O=C(Nc1ccc2ncnc(Nc3cccc(Br)c3)c2c1)C1CCN(c2ccncc2)CC1
2201,9.358742194773642,O=C1CCc2c(Oc3ccc4c(c3)[C@H]3[C@H](NC(=O)c5ccc(CN6CCCCC6)c(F)c5)[C@H]3O4)ccnc2N1
2202,9.371473691254835,O=C1CCc2c(Oc3ccc4c(c3)[C@H]3[C@H](NC(=O)c5ccc(CN6CCOCC6)c(C(F)(F)F)c5)[C@H]3O4)ccnc2N1
2203,8.572482605482147,Cn1cc(-c2ncnc3oc(C4CC4)cc23)c(-c2ccc(F)cc2)n1
2204,10.699024048205846,CC(C)(C)OC(=O)N1CCC(Cn2cc(-c3ncnc4oc(-c5ccccc5)cc34)c(-c3ccc(F)cc3)n2)CC1
2205,10.418049814904377,CC(C)(C)OC(=O)N1CCC(Cn2cc(-c3ncnc4oc(-c5ccc(F)cc5)cc34)c(-c3ccc(F)cc3)n2)CC1
2206,10.195413106591536,O=S1(=O)CCC[C@H](n2cc(-c3ncnc4oc(-c5ccccc5)cc34)c(-c3ccccc3)n2)C1
2207,11.692850834228251,O=S1(=O)CCC(n2cc(-c3ncnc4oc(-c5ccc(F)cc5)cc34)c(-c3ccccc3)n2)CC1
2208,8.611212355030421,C[C@@H]1CCCN1CCOc1cccc2ncnc(Nc3ccc(OCc4ccccn4)c(Cl)c3)c12
2209,8.56836803128306,Clc1cc(Nc2ncnc3cccc(OC[C@@H]4CCCN4)c23)ccc1OCc1ccccn1
2210,8.555789229773728,COc1ccc(COc2ccc(Nc3ncnc4sc(C#CCN(C)C)cc34)cc2Cl)cc1
2211,8.662156772174681,COc1cc(Nc2ncnc3sc(C#CCN4CCCCC4)cc23)ccc1OCc1cccc(F)c1
2212,8.36125036521741,N#Cc1cccc(COc2ccc(Nc3ncnc4cc(C#C[C@H]5CCCN5)sc34)cc2Cl)c1
2213,8.485809629497664,N#Cc1cccc(COc2ccc(Nc3ncnc4cc(C#CCN5CCNCC5)sc34)cc2Cl)c1
2214,8.222010150055292,CN1CCN(Cc2ccc(C(=O)N[C@@H]3[C@@H]4Oc5ccc(Oc6ccncc6)cc5[C@H]34)cc2)CC1
2215,8.616286576189701,CN1CCN(Cc2ccc(C(=O)N[C@@H]3[C@@H]4Oc5ccc(Oc6ccncc6)cc5[C@H]34)cc2C(F)(F)F)CC1
2216,8.009431651081927,CC(C)CC(=O)N1CCC[C@@H](n2nc(-c3cnc4[nH]ccc4c3)c3c(N)ncnc32)C1
2217,7.262805460851469,NC(=O)c1c(-c2ccc(Oc3ccc(C(F)(F)F)cc3)cc2)nn(C2CCNCC2)c1N
2218,7.30451923034863,NC(=O)c1c(-c2ccc(Oc3ccc(C(F)(F)F)cc3)cc2)nn(C2CCCNC2)c1N
2219,7.210343638917382,NC(=O)c1c(-c2ccc(Oc3ccc(C(F)(F)F)cn3)cc2)nn(C2CCCNC2)c1N
2220,7.937941444158137,Nc1ncnc2c1c(-c1ccc(Oc3ccccc3)cc1)nn2[C@@H]1CCCN(C(=O)[C@H](N)CO)C1
2221,8.052719799235444,Nc1ncnc2c1c(-c1ccc(Oc3ccccc3)cc1)nn2[C@@H]1CCCN(C(=O)C2CC2)C1
2222,7.2508996463968804,N#Cc1c(-c2ccc(Oc3ccccc3)cc2)nn(C2CCCC2)c1N
2223,7.760388077735746,NC(=O)c1nnc(N2CCC[C@@H](NC(=O)c3ccc4ncccc4c3)C2)nc1Nc1ccccc1
2224,7.949890843490718,NC(=O)c1nnc(N2CCC[C@@H](NC(=O)c3ccc4ncccc4c3)C2)nc1Nc1ccc(F)cc1
2225,7.081508839113871,CN1CCN(C(=O)c2ccc(Nc3nc(N4CCC[C@@H](NC(=O)Nc5ccccc5)C4)nnc3C(N)=O)cc2)CC1
2226,6.817632284468522,NC(=O)c1nnc(N2CCC[C@@H](N)C2)nc1Nc1ccc(C(=O)N2CCCC2)cc1
2227,11.158560899497,CCn1cc(-c2ncnc3oc(-c4ccc(F)cc4)cc23)c(-c2ccc(F)cc2)n1
2228,11.13705447513707,CN(C)CCCCCn1cc(-c2ncnc3oc(-c4ccccc4)cc23)c(-c2ccc(F)cc2)n1
2229,10.195413106591536,O=S1(=O)CCC[C@@H](n2cc(-c3ncnc4oc(-c5ccccc5)cc34)c(-c3ccccc3)n2)C1
2230,11.835433810116525,O=S1(=O)CCC[C@@H](n2cc(-c3ncnc4oc(-c5ccc(F)cc5)cc34)c(-c3ccccc3)n2)C1
2231,8.043422711479147,Nc1ncnc2c1c(-c1ccc(Oc3ccccc3)cc1)nn2C[C@@H]1CCCN1C(=O)CCC(=O)O
2232,8.061026038275301,O=C1N=C(N2CCCC2C(=O)Nc2ccc3ncnc(Nc4ccccc4)c3c2)S/C1=C/c1cccnc1
2233,7.723769431760559,O=C1N=C(N2CCCC2C(=O)Nc2ccc3ncnc(Nc4cccc(Cl)c4)c3c2)S/C1=C/c1cccnc1
2234,7.8548897133900475,O=C1N=C(N2CCCC2C(=O)Nc2ccc3ncnc(Nc4ccccc4)c3c2)S/C1=C/c1ccc(Cl)cc1
2235,7.846931950250628,O=C1N=C(N2CCC[C@@H]2C(=O)Nc2ccc3ncnc(Nc4ccccc4)c3c2)S/C1=C/c1ccc(Cl)cc1
2236,7.715920087365934,O=C1N=C(N2CCC[C@@H]2C(=O)Nc2ccc3ncnc(Nc4cccc(Cl)c4)c3c2)S/C1=C/c1cccs1
2237,7.727729965205697,O=C1N=C(N2CCCC2C(=O)Nc2ccc3ncnc(Nc4cccc(Cl)c4)c3c2)S/C1=C/c1cccs1
2238,8.094236336309269,O=C1N=C(N2CCCC2C(=O)Nc2ccc3ncnc(Nc4ccc(F)c(Cl)c4)c3c2)S/C1=C/c1cccnc1
2239,8.126079914510099,O=C1N=C(N2CCCC2C(=O)Nc2ccc3ncnc(Nc4ccc(F)c(Cl)c4)c3c2)S/C1=C/c1ccccn1
2240,8.197073800168658,O=C1N=C(N2CCCC2C(=O)Nc2ccc3ncnc(Nc4ccc(F)c(Cl)c4)c3c2)S/C1=C/c1cccc(F)n1
2241,8.7756499937422,CN(C)CCNCc1ccc(Nc2nc3ncnc(Nc4ccc(F)c(Cl)c4)c3s2)cc1
2242,8.522991982488913,OCCNCc1ccc(Nc2nc3ncnc(Nc4ccc(F)c(Cl)c4)c3s2)cc1
2243,8.41187635080695,O=C(Nc1ccc(F)c(Cl)c1)N1CCc2c(sc3ncnc(Nc4ccc(F)c(Cl)c4)c23)C1
2244,8.811448873757895,O=C(CCN1CCCCC1)N1CCc2c(sc3ncnc(Nc4ccc(F)c(Cl)c4)c23)C1
2245,8.600407580563836,C#Cc1cc2ncnc(Nc3ccc(OCc4cccc(F)c4)c(Cl)c3)c2s1
2246,8.079632568524817,O=C(Nc1cc(-c2[nH]c3c(c2Nc2ccccc2)C(=O)NC2CCCC32)ccn1)c1ccccc1
2247,8.257654722460815,O=C1NC2CCCC2c2[nH]c(-c3ccnc(NC(=O)C4CC4)c3)c(Nc3ccccc3)c21
2248,10.703382403483701,COc1ccc(-c2nn(C3CCNCC3)cc2-c2ncnc3oc(-c4ccc(F)cc4)cc23)cc1
2249,10.871154815133968,COc1ccc(-c2nn(C3CCN(C)CC3)cc2-c2ncnc3oc(-c4ccc(F)cc4)cc23)cc1
2250,9.259261630038262,N=S(=O)(c1ccccc1)n1cc(-c2ncnc3oc(-c4ccccc4)cc23)c(-c2ccccc2)n1
2251,9.952592807320379,N=S(=O)(c1ccccc1)n1cc(-c2ncnc3oc(-c4ccc(Cl)cc4)cc23)c(-c2ccc(F)cc2)n1
2252,9.998119781706672,N=S(=O)(c1ccccc1)n1cc(-c2ncnc3oc(-c4ccccc4)cc23)c(-c2ccc(F)cc2)n1
2253,7.619174171168489,COC(=O)CC(=O)Nc1cc2c(Nc3ccc(F)c(Cl)c3)ncnc2s1
2254,8.69736113511198,OCCn1ccc2ncnc(Nc3ccc(Oc4cccc5[nH]ncc45)c(Cl)c3)c21
2255,8.608353935227745,O=C1NCc2cccc(Oc3ccc(Nc4ncnc5ccn(CCO)c45)cc3Cl)c21
2256,6.662333053200725,O=C1c2cc(-c3ccccc3)ccc2CN1C(c1ccccc1)c1cc2ccccc2[nH]1
2257,7.287918291503298,O=C1c2cc(-c3ccncc3)ccc2CN1C(c1ccccc1)c1cc2ccccc2[nH]1
2258,7.679735667887347,O=C1c2cc(C(F)(F)F)ccc2CN1C(c1nc2ccccc2[nH]1)c1cc(Cl)ccc1O
2259,8.238387987478998,O=C1c2cc(-c3ccccc3)ccc2CN1C(c1nc2ccccc2[nH]1)c1cc(Cl)ccc1O
2260,7.370805181481226,O=C1c2cc(-c3ccccc3)ccc2CN1C(c1ccccc1)c1nc2ccccc2[nH]1
2261,7.958053208367606,O=C1c2cc(-c3ccccc3)ccc2CN1C(c1nc2ccccc2[nH]1)c1cc(F)ccc1F
2262,7.895895515605985,O=C1c2cc(-c3ccccc3)ccc2CN1C(c1cc2ccccc2[nH]1)c1cc(Cl)ccc1O
2263,7.396641296502673,O=C(NCCO)c1ccc2c(c1)C(=O)N(C(c1cc3ccccc3[nH]1)c1cc(Cl)ccc1O)C2
2264,7.880213388607092,O=C1c2cc(-c3ccccc3)ccc2CN1C(c1cc2ccccc2[nH]1)c1cc(F)ccc1O
2265,8.55292697366918,O=C1c2cc(-c3ccncc3)ccc2CN1C(c1cc2ccccc2[nH]1)c1cc(F)ccc1O
2266,7.454839813544193,O=C1c2cc(-c3ccccc3)ccc2CN1C(c1ccccn1)c1cc2ccccc2[nH]1
2267,7.5370979513622425,COc1ccc(C(c2nc3ccccc3[nH]2)N2Cc3ccccc3C2=O)cc1OC
2268,8.264009159745024,COc1ccc(C(c2nc3ccccc3[nH]2)N2Cc3ccc(-c4ccc(N)cc4)cc3C2=O)cc1
2269,7.904620867887537,COc1ccc(C(c2nc3ccccc3[nH]2)N2Cc3ccc(-c4ccc(S(N)(=O)=O)cc4)cc3C2=O)cc1
2270,8.133205100013345,O=C(Nc1nccs1)C(c1ccccc1)N1CCc2cc(-c3ccc4c(c3)OCO4)ccc2C1=O
2271,8.354763271375448,O=C(Nc1nccs1)C(c1ccccc1)N1CCc2cc(-c3ccc4ncccc4c3)ccc2C1=O
2272,7.486102932216878,Brc1ccc2c(c1)CNc1c(Nc3ccccc3)ncnc1O2
2273,7.0487824976195865,COc1ccc(/C=N\N2Cc3ccccc3N=C2c2ccc(OC)cc2)cc1
2274,7.168440797171031,COc1ccc(C2=Nc3ccccc3CN2/N=C\c2ccc(C)cc2)cc1
2275,7.680939706130037,COc1ccc2c(c1)Oc1ncnc(Nc3ccc(F)c(Cl)c3)c1NC2
2276,7.979407351979808,N#Cc1cnc2c(Cl)cc(N[C@H](C(=O)NCCN)c3ccccc3)cc2c1Nc1ccc(Cl)c(Cl)c1
2277,7.306038608810878,N#Cc1cnc2c(Cl)cc(NC(CC(=O)O)c3ccccc3)cc2c1Nc1ccc(Cl)c(Cl)c1
2278,8.18785078253143,N#Cc1cnc2c(Cl)cc(N[C@H](C(=O)NCCN)c3ccccc3)cc2c1Nc1ccc(F)c(Cl)c1
2279,7.454352815619033,N#Cc1cnc2c(Cl)cc(NC(CC(=O)O)c3ccccc3)cc2c1Nc1ccc(F)c(Cl)c1
2280,8.50118741903393,N#Cc1cnc2c(Cl)cc(N[C@H](C(=O)NCCN)c3ccccc3)cc2c1Nc1cnc(F)c(F)c1
2281,8.925787573236287,N#Cc1cnc2c(Cl)cc(N[C@H](C(=O)NCCN)c3cccc4c3CCO4)cc2c1Nc1cnc(F)c(F)c1
2282,8.517949594587815,N#Cc1cnc2c(Cl)cc(NCc3cn(Cc4ccncc4)nn3)cc2c1Nc1ccc(F)c(Cl)c1
2283,8.490488520587228,N#Cc1cnc2c(Cl)cc(N[C@H](C(=O)NCCN)c3cccc4c3CN(C(=O)C3CC3)C4)cc2c1Nc1ccc(F)c(Cl)c1
2284,6.764656729756093,Oc1ccc2c(c1)OC[C@]1(O)Cc3cc4c(cc3[C@@H]21)OCO4
2285,6.780111843852817,Oc1ccc2c(c1)[C@]1(O)Cc3cc4c(cc3[C@@H]1O2)OCO4
2286,6.726105808465472,O=C1c2ccccc2CN1C(c1ccc(F)cc1)c1cc2ccccc2[nH]1
2287,6.672858821595815,O=C1c2ccccc2CN1C(c1cc2ccccc2[nH]1)c1ccc(Cl)cc1Cl
2288,6.52466608443255,O=C1c2ccccc2CN1C(c1ccc(Cl)cc1)c1cc2ccccc2[nH]1
2289,7.324928057382136,O=C(Nc1nccs1)[C@H](c1ccccc1)N1Cc2ccccc2C1=O
2290,7.333567185132242,O=C(Nc1nccs1)[C@H](c1ccccc1)N1CCc2ccccc2C1=O
2291,7.716104050971238,O=C1c2ccccc2CN1C(c1ccc(F)cc1)c1cc2cccnc2[nH]1
2292,7.127831565250991,O=C1c2ccccc2CN1C(c1cc2ccccc2[nH]1)c1ccccc1F
2293,6.308818302390534,O=C1c2ccccc2CN1C(c1ccc(F)cc1)c1ccc[nH]1
2294,7.772230909964687,O=C1c2ccccc2CN1C(c1ccc(F)cc1)c1nc2ccccc2[nH]1
2295,6.83671658416043,O=C1c2ccccc2CN1C(c1ccc(F)cc1)c1cc(Cl)ccc1O
2296,6.928326813909191,O=C(Nc1ccc(F)cc1)C(c1cc(Br)ccc1O)N1Cc2ccccc2C1=O
2297,7.022857130318174,O=C(Nc1ccc(F)cc1)C(c1ccccc1O)N1CCc2ccccc2C1=O
2298,7.68652156743147,O=C1c2ccccc2CN1C(c1nc2ccccc2c(=O)[nH]1)c1ccc(F)cc1F
2299,7.723904755641381,O=C1c2ccccc2CN1C(c1ccc(F)cc1)c1nc2ccccc2c(=O)[nH]1
2300,6.879448932459157,O=C1c2ccccc2CN1C(c1ccc(F)cc1)c1ccc(F)cc1O
2301,6.993178469982505,O=C(Nc1nccs1)C(c1ccccc1)n1ccc2ccccc21
2302,7.227288256834695,O=C(Nc1nccs1)C(c1ccccc1)N1CCc2ccccc2C1
2303,7.8218670264425185,O=C1c2ccccc2CN1C(c1ccc(F)cc1)c1nc2cc(Cl)ccc2[nH]1
2304,7.803645076904747,O=C1c2ccccc2CN1C(c1nc2cc(F)ccc2[nH]1)c1ccc(F)cc1F
2305,7.924431606802526,O=C1c2ccccc2CN1C(c1ccc(F)cc1)c1nc2cc(F)ccc2[nH]1
2306,7.483788570623755,O=C1c2ccccc2CN1C(c1nc2ccccc2[nH]1)c1ccc(Cl)cc1Cl
2307,7.77721208211576,O=C1c2ccccc2CN1C(c1nc2cc(Cl)c(Cl)cc2[nH]1)c1ccc(F)cc1F
2308,7.738532242485785,O=C1c2ccccc2CN1C(c1nc2cc(Cl)c(Cl)cc2[nH]1)c1ccccc1F
2309,7.5849647406171155,O=C1c2ccccc2CN1C(c1ccc([N+](=O)[O-])cc1)c1nc2ccccc2[nH]1
2310,7.335307578144101,O=C(Nc1nccs1)C(c1ccccc1)N1Cc2ccccc2C1=O
2311,7.345980297500546,O=C(Nc1nccs1)C(c1ccccc1)N1CCc2ccccc2C1=O
2312,8.105424649209066,O=C1N/C(=N\N2Cc3ccccc3N=C2c2ccccc2)S/C1=C/c1ccccc1
2313,7.598823074186077,O=C1N/C(=N\N2Cc3ccccc3N=C2c2ccccc2)S/C1=C/c1cccc([N+](=O)[O-])c1
2314,8.151313624937998,COc1ccc(/C=C2\S/C(=N/N3Cc4ccccc4N=C3c3ccccc3)NC2=O)cc1
2315,8.105424649209066,O=C1N/C(=N\N2Cc3ccccc3N=C2c2ccccc2)S/C1=C\c1ccccc1
2316,8.223674180206695,Fc1cccc(Nc2ncnc3cc4c(cc23)CCCO4)c1
2317,8.861949547950601,O=C(O)CN1CCc2cc3c(Nc4cccc(Br)c4)ncnc3cc21
2318,8.878872715660599,O=C(O)CCN1CCc2cc3c(Nc4cccc(Br)c4)ncnc3cc21
2319,8.803740374141652,OCCN1CCc2cc3c(Nc4cccc(Br)c4)ncnc3cc21
2320,9.040946884248914,CN(C)CCCN1CCc2cc3c(Nc4cccc(Br)c4)ncnc3cc21
2321,6.562834388762364,O=C1C2=C(CN1CCCc1ccccc1)n1ccc3cccc(c31)N2
2322,6.499831449307313,O=C1C2=C(C(=O)N(Cc3ccccc3)C2=O)c2cccc3c2c1c(Nc1ccccc1)n3Cc1ccccc1
2323,9.301551644225727,O=S1(=O)CC(n2cc(-c3ncnc4oc(C5=CCNCC5)cc34)c(-c3ccccc3)n2)C1
2324,7.8145473421951746,N#Cc1cnc(Nc2cccc(Br)c2)c2cc(NC(=O)C3CCNCC3)ccc12
2325,6.944057959748747,N#Cc1cnc(Nc2cccc(Br)c2)c2cc(NC(=O)c3ccccc3)ccc12
2326,7.962142596467726,O=C1CCC(N2C(=O)c3cccc(O)c3C2=O)c2ccc(-c3cc4c(NCc5ccccc5)ncnc4[nH]3)cc21
2327,8.140682663641075,O=C1CCC(N2C(=O)c3cccc(O)c3C2=O)c2ccc(-c3cc4c(NCc5ccccc5Cl)ncnc4[nH]3)cc21
2328,8.468628304931494,O=C1CCC(N2C(=O)c3cccc(NCCOc4ccc(C5=Cc6c7ncnc6NCC5=CC=CC=CN7)cc4)c3C2=O)CN1
2329,6.841669404884433,O=C1CCC(N2C(=O)c3cccc(NCCOCCOCCOCc4ccccc4)c3C2=O)Nc2cc(Cl)ccc21
2330,6.840286821579493,O=C1CCC(N2C(=O)c3cccc(NCCOCCOCCOCc4ccccc4)c3C2=O)Nc2ccc(Cl)cc21
2331,8.14417816570213,O=C1CCC(N2C(=O)c3cccc(NCCO)c3C2=O)c2cc(-c3cc4c(NCc5ccccc5)ncnc4[nH]3)ccc21
2332,8.23186055911484,O=C1CCC(N2C(=O)c3cccc(NCCOCCOc4ccc(C5=Cc6c7ncnc6NCC5=CC=CC=CN7)cc4)c3C2=O)CN1
2333,6.977146865002726,O=C1CCC(N2C(=O)c3cccc(NCCOCCOCCOCCOCCN4CCOCC4)c3C2=O)C(=O)N1
2334,7.0631376763796245,O=C1CCC(N2C(=O)c3cccc(NCCOCCOCCOCCOCCN4CCOCC4)c3C2=O)N1
2335,7.635965985217284,Nc1cc(CN2CCN(CCOCCOCCNc3cccc4c3C(=O)N(C3CCC(=O)N3)C4=O)CC2)ccc1-c1cccc(F)c1
2336,7.599743935989213,Nc1cc(CN2CCN(CCOCCOCCNc3cccc4c3C(=O)N(C3CCC(=O)NC3)C4=O)CC2)ccc1-c1cccc(F)c1
2337,8.132161846896285,O=C1CCC(N2C(=O)c3cccc(NCCO)c3C2=O)c2ccc(-c3cc4c(NCc5ccccc5)ncnc4[nH]3)cc21
2338,8.134521957267289,O=C1CCC(N2C(=O)c3cccc(NCCO)c3C2=O)c2cc(-c3cc4c(NCc5ccccc5)ncnc4[nH]3)ccc2N1
2339,7.0327024622877445,O=C1CCC(N2C(=O)c3cccc(NCCOCCOCCOCCOCCN4CCOCC4)c3C2=O)Nc2cccc(c2)N1
2340,7.045867432225815,O=C1CCC(N2C(=O)c3cccc(NCCOCCOCCOCCOCCF)c3C2=O)Nc2cccc(c2)N1
2341,6.952277813871569,O=C1CCC(N2C(=O)c3cccc(NCCOCCOCCOCCOCCOCCF)c3C2=O)N1
2342,6.9181750903080435,O=C1CCC(N2C(=O)c3cccc(NCCOCCOCCOCCCc4ccccc4)c3C2=O)C(=O)N1
2343,8.120336237200135,CN1C(=O)c2ccc(N3CCC(CCOCCCCc4cccc5c4C(=O)N(C(=O)Nc4nccs4)C5=O)CC3)cc21
2344,6.954901707830576,CC(C)N1C(=O)c2cccc(CCCCOCCC3CCN(c4ccc5c(c4)N(C)C5=O)CC3)c2C1=O
2345,7.209024449993982,CC(C)N1C(=O)c2cccc(C#CCCOCCCN3CCN(c4ccc5c(c4)N(C)C5=O)CC3)c2C1=O
2346,8.257846188167846,CN1C(=O)c2ccc(N3CCN(CCCOCCC#Cc4cccc5c4C(=O)N(C(=O)Nc4nccs4)C5=O)CC3)cc21
2347,8.083394991200903,CN1C(=O)c2ccc(N3CCN(CCCOCCCNc4cccc5c4C(=O)N(C(=O)Nc4nccs4)C5=O)CC3)cc21
2348,7.092129883757284,CC(C)N1C(=O)c2cccc(NCCCOCCCN3CCN(c4ccc5c(c4)N(C)C5=O)CC3)c2C1=O
2349,7.729180163845268,O=C1CCC(N2C(=O)c3ccc(NCCOCCOCCOCc4ccccc4)cc3NC(C(=O)Nc3nccs3)C2=O)N1
2350,7.553704691918422,O=C1CCC(N2C(=O)c3ccc(NCCOCCOCCOCc4ccccc4)cc3NC(C(=O)Nc3nccs3)C2=O)CC1
2351,7.071253069330393,O=C1CCC(N2C(=O)c3ccc(NCCOCCO)cc3C2=O)c2cc(F)ccc2N1
2352,8.172730642521522,O=C(CN1C(=O)CCC(N2C(=O)c3ccc(NCCOCCO)cc3C2=O)c2cc(F)ccc21)Nc1nccs1
2353,8.082761528612936,CN1C(=O)c2ccc(OCCN3CCN(Cc4ccc(C5Cc6c(N)ncnc6N5)cc4)CC3)cc2C1=O
2354,7.323456271400888,CC(C)N1C(=O)c2cccc(C#CCCCN3CCN(CCOc4ccc5c(c4)N(C)C5=O)CC3)c2C1=O
2355,7.2685345293466765,CC(C)N1C(=O)c2cccc(C#CCCN3CCN(CCOc4ccc5c(c4)N(C)C5=O)CC3)c2C1=O
2356,7.422792929437788,Nc1cccc(COCCOCCOCCOc2ccc3c(c2)C(=O)N(C2CCC(=O)CC2)C3=O)c1C(=O)Nc1nccs1
2357,8.066335606800436,Nc1cccc(COCCOCCOCCOc2ccc3c(=O)n(C4CCC(=O)N4)c(O)nc3c2)c1C(=O)Nc1nccs1
2358,7.038079606039127,O=C1CCC(N2C(=O)c3ccc(OCCOCCOCCOCCOCCF)cc3C2=O)Nc2cc(Cl)ccc21
2359,7.13858040836525,O=C1CCC(N2C(=O)c3ccc(OCCOCCOCCOCCOCCF)cc3C2=O)c2cc(F)ccc2N1
2360,6.978334391931092,O=C1CCC(N2C(=O)c3ccc(OCCOCCOCCOCCOCCN4CCOCC4)cc3C2=O)C(=O)N1
2361,8.19332889701173,Nc1cc(CN2CCN(CCOCCOCCOc3ccc4c(=O)n(C5CCC(=O)N5)c(=O)[nH]c4n3)CC2)ccc1C(F)(F)F
2362,8.167099628798004,Nc1cc(CN2CCN(CCOCCOCCOc3ccc4c(=O)n(C5CCC(=O)NC5)c(=O)[nH]c4n3)CC2)ccc1C(F)(F)F
2363,7.015528000276734,O=C(/C=C/c1cccc(C(F)(F)F)c1)N[C@@H]1[C@H]2Oc3ccc(O)cc3[C@@H]12
2364,6.898175434241814,CC(=O)N[C@@H]1[C@H]2Oc3ccc(Oc4cccc5c4CCC(=O)N5)cc3[C@@H]12
2365,8.290970510417008,O=C1CCc2c(Oc3ccc4c(c3)[C@H]3[C@H](NC(=O)c5cccc([N+](=O)[O-])c5)[C@H]3O4)ccnc2N1
2366,8.694738996205109,O=C1CCc2c(Oc3ccc4c(c3)[C@H]3[C@H](NC(=O)c5ccc(Cl)c(C(F)(F)F)c5)[C@H]3O4)ccnc2N1
2367,9.121475976083731,O=C1CCc2c(Oc3ccc4c(c3)[C@H]3[C@H](NC(=O)c5ccc(OCCN6CCOCC6)cc5)[C@H]3O4)ccnc2N1
2368,8.510999716084797,O=C1CCc2c(Oc3ccc4c(c3)[C@H]3[C@H](NC(=O)c5ccc(OC(F)(F)F)cc5)[C@H]3O4)ccnc2N1
2369,7.507631121933515,CC(=O)N[C@@H]1[C@H]2Oc3ccc(Oc4ccnc5c4CCC(=O)N5)cc3[C@@H]12
2370,9.289259734350734,NC1(c2cc(C(=O)N[C@@H]3[C@H]4Oc5ccc(Oc6ccnc7c6CCC(=O)N7)cc5[C@@H]34)cc(C(F)(F)F)c2)CC1
2371,7.2287845377926105,CC1(C)CC(=O)Nc2ccc(Oc3ccc4c(c3)[C@@H]3[C@H]5C=C(C(F)(F)F)C=CC=C4C(=O)N[C@H]53)cc21
2372,7.741636292649,O=C1CCc2c(Oc3ccc4c(c3)[C@@H](NC(=O)c3cccc(C(F)(F)F)c3)[C@H]3CCCC[C@@H]43)ccnc2N1
2373,8.210874200739998,O=C1CCc2c(Oc3ccc4c(c3)[C@H]3[C@H](NC(=O)c5ccc(Cl)cc5)[C@H]3O4)ccnc2N1
2374,7.071424855043441,N#C/C(=C\c1ccccc1)C(=O)NC1CCCCC1NC(=O)/C(C#N)=C/c1ccc(O)cc1
2375,7.178863133236583,N#C/C(=C\c1ccc(O)cc1)C(=O)NC1CCCCC1NC(=O)/C(C#N)=C/c1ccc(O)cc1
2376,9.826717518302459,CC(O)c1cc2c(-c3cn(C4CS(=O)(=O)C4)nc3-c3ccc(F)cc3)ncnc2o1
2377,9.462035883764914,CC(C)(O)Cn1cc(-c2ncnc3oc(CCCO)cc23)c(-c2ccc(F)cc2)n1
2378,7.378278028631449,Nc1ncnc2c1c(-c1cccc(O)c1)nn2C1CCC1
2379,7.232062691813655,COc1ccc(-c2nn(C3CCC3)c3ncnc(N)c23)cc1N
2380,7.472595172506861,COc1ccc(-c2nn(C3CCC3)c3ncnc(N)c23)cc1NC(=O)OC(C)(C)C
2381,7.522844719191577,Nc1ncnc2c1c(-c1cccc(O)c1)nn2C1CCCC1
2382,10.53473881989344,COc1ccc(-c2nn(CC3CCN(C(C)=O)CC3)cc2-c2ncnc3oc(-c4ccc(F)cc4)cc23)cc1
2383,9.627861671458172,CC(C)c1cc2c(-c3cn(C4CCC(F)(F)CC4)nc3-c3ccc(F)cc3)ncnc2o1
2384,10.786965814228616,COc1ccc(-c2nn(C3CCCCC3)cc2-c2ncnc3oc(-c4ccc(F)cc4)cc23)cc1
2385,7.2582351730768195,O=C(Nc1nc2ccccc2n1C1CCOCC1)c1ccc(Cl)c(Cl)c1
2386,7.359394391141073,O=C(Nc1nc2ccccc2n1CC1CCOCC1)c1ccc(Cl)c(Cl)c1
2387,7.6403037717540965,O=C(Nc1nc2ccccc2n1C1CCOCC1)c1cccc(-c2ccc(F)cc2)c1
2388,7.669598532697463,O=C(Nc1nc2ccccc2n1CC1CCOCC1)c1cccc(-c2ccc(F)cc2)c1
2389,8.395192163457269,O=C(Nc1nc2ccccc2n1C1CCOCC1)c1cccc(-c2nnn[nH]2)c1
2390,8.494831429403312,O=C(Nc1nc2ccccc2n1C1CCOCC1)c1ccc(-c2cccnc2F)cc1
2391,8.909461310275072,O=C(Nc1nc2ccccc2n1C1CCOCC1)c1ccnc(-c2cnn3ccccc23)c1
2392,8.964592088321183,CC(C)(O)Cn1c(NC(=O)c2ccnc(-c3cnn4c3OCC4)c2)nc2ccccc21
2393,8.367815394436425,CC(C)n1c(NC(=O)c2cccc(-c3cnn4cccnc34)c2)nc2ccccc21
2394,8.941316544320518,O=C(Nc1nc2ccccc2n1C1CCOCC1)c1ccnc(-c2cnn3cccnc23)c1
2395,8.3332043619461,O=C(Nc1nc2ccccc2n1C1CCOCC1)c1ccc(-c2nnn[nH]2)cc1
2396,8.504404557598022,O=C(Nc1nc2ccccc2n1C1CCOCC1)c1ccc(-c2ccccn2)s1
2397,7.1940372330130105,O=C(Nc1nc2ccccc2n1C1CCOCC1)c1ccc(Cl)cc1
2398,8.095509148945066,O=C(Nc1nc2ccccc2n1C1CCOCC1)c1cccc(-c2ccccc2)n1
2399,7.3395257934470095,O=C(Nc1nc2ccccc2n1C1CCOCC1)c1ccc(-c2ccccc2)cc1
2400,8.683036652556213,O=C(Nc1nc2ccccc2n1C1CCOCC1)c1ccnc(-c2cccnc2)c1
2401,8.813381048620784,O=C(Nc1nc2ccccc2n1C1CCOCC1)c1ccnc(-c2cccc3[nH]cnc23)c1
2402,8.410763875114432,O=C(Nc1nc2ccccc2n1C1CCOCC1)c1ccc(-c2ccncc2)s1
2403,8.347198081665864,O=C(Nc1nc2ccccc2n1C1CCOCC1)c1cccc(-c2cnn(CC(F)(F)F)c2)c1
2404,8.589504003210187,O=C(Nc1nc2ccccc2n1C1CCOCC1)c1ccnc(-c2ccc3c(c2)OCO3)c1
2405,8.55017762801544,O=C(Nc1nc2ccccc2n1C1CCOCC1)c1ccnc(-c2ccccc2)c1
2406,8.200130564395433,O=C(Nc1nc2ccccc2n1C1CCCC1)c1ccnc(Oc2cccc(Cl)c2)c1
2407,8.459907737679453,O=C(Nc1nc2ccccc2n1C1CCOCC1)c1ccnc(Oc2cccc(Cl)c2Cl)c1
2408,8.537875210109002,Nc1ncnc2c1c(-c1ccc(Nc3nc4ccccc4s3)cc1)nn2C1CCC(N2CCOCC2)CC1
2409,8.468872458871578,Nc1ncnc2c1c(-c1ccc(Nc3nc4ccccc4[nH]3)cc1)nn2C1CCC(N2CCOCC2)CC1
2410,8.577047441053361,Nc1ncnc2c1c(-c1ccc3[nH]c(Cc4cccc(F)c4F)nc3c1)nn2C1CCC(N2CCOCC2)CC1
2411,8.590628033834836,Nc1ncnc2c1c(-c1ccc3[nH]c(Cc4ccccc4F)nc3c1)nn2C1CCC(N2CCOCC2)CC1
2412,7.836989930969826,Nc1ncnc2c1c(-c1ccc(Oc3ccccc3)cc1)nn2C1CCC(N2CCCC2)CC1
2413,7.199274041197678,NC(=O)c1c(-c2ccc(Oc3ccc(F)cc3F)cc2)nn(C2CCCC2)c1N
2414,7.298445429004366,NC(=O)c1c(-c2ccc(Oc3ccc(F)cc3)cc2)nn(C2CCCC2)c1N
2415,7.405055344755427,NC(=O)c1c(-c2ccc(Oc3ccc(Cl)cc3)cc2)nn(C2CCNCC2)c1N
2416,7.200150934744516,NC(=O)c1c(-c2ccc(Oc3cccc(C(F)(F)F)n3)cc2)nn(C2CCCNC2)c1N
2417,7.332736874478027,NC(=O)c1c(-c2ccc(Oc3ccc(Cl)cn3)cc2)nn(C2CCCC2)c1N
2418,7.909957526402839,Nc1ncnc2c1c(-c1ccc(Oc3ccccc3)cc1)nn2C1CCNCC1
2419,7.995044802661469,Nc1ncnc2c1c(-c1ccc(Oc3ccccc3)cc1)nn2C1CCN(C(=O)C2CC2)CC1
2420,7.32662366731296,NC(=O)c1c(-c2ccc(Oc3ncc(Cl)cc3F)cc2)nn(C2CCCC2)c1N
2421,7.175281149713447,NC(=O)c1c(-c2ccc(Oc3cccc(C(F)(F)F)n3)cc2)nn(C2CCNCC2)c1N
2422,6.984955438792509,Nc1ncnc2c1c(-c1cccc(O)c1)nn2CC1CCNCC1
2423,6.9145313552686,Nc1ncnc2c1c(-c1ccc(Cl)c(O)c1)nn2CC1CCNCC1
2424,10.858976215535186,COc1ccc(-c2nn(C3CCCC3)cc2-c2ncnc3oc(-c4ccc(F)cc4)cc23)cc1
2425,11.062405365492527,COc1ccc(-c2nn(C3CCCOC3)cc2-c2ncnc3oc(-c4ccc(F)cc4)cc23)cc1
2426,9.73999758107072,O=C(c1ccccc1)c1cc2c(-c3cn([C@H]4C[C@@H](CO)C4)nc3-c3ccc(F)cc3)ncnc2o1
2427,9.331038798644322,O=C(c1ccc(-c2cc3c(-c4cn(C5CCC(O)CC5)nc4-c4ccccc4)ncnc3o2)cc1)N1CCOCC1
2428,8.739465063663939,CN1CCN(Cc2cc3c(Nc4ccc(OCc5cccc(F)c5)c(Cl)c4)ncnc3s2)CC1
2429,8.63185862239051,COc1cc(Nc2ncnc3sc(C#CC4CCCN4)cc23)ccc1OCc1cccc(F)c1
2430,6.974600104413666,Nc1ncnc2c1c(-c1cccc(O)c1)nn2CC1CCCNC1
2431,8.569085004837719,C#Cc1cccc(Nc2ncnc3cc(OCC4CCCO4)c4c(c23)OCCO4)c1
2432,8.8217305296729,O=C(Nc1cc2c(Nc3ccc(F)c(Cl)c3)ncnc2cc1OCCCN1CCOCC1)c1ccccn1
2433,8.3864398547114,CC(Nc1cc(Cl)c2ncnc(N[C@@H](CCC(N)=O)c3ccccc3)c2c1)c1ccc(F)cc1
2434,8.185564664156924,CC(Nc1cc(Cl)c2ncnc(N[C@@H](CCC(N)=O)c3ccccc3)c2c1)c1ccccc1
2435,9.62062580777425,O=C(c1ccccc1)c1cc2c(-c3cn(CCCN4CCOCC4)nc3-c3ccc(F)cc3)ncnc2o1
2436,9.981193953946805,COc1ccc(-c2cc3c(-c4cn(CCC5(O)CCOCC5)nc4-c4ccccc4)ncnc3o2)cc1
2437,8.158785973755231,O=C(Nc1cc(-c2[nH]c3c(c2Nc2ccccc2)C2(CCNCC2)C3)ccn1)C1CC1
2438,8.456752074229668,O=C(Nc1cc(-c2[nH]c3c(c2Nc2ccccc2)C2(CCNCC2)C3)ccn1)c1cccc(F)c1
2439,7.6920906025509534,O=C(Nc1cc(-c2[nH]c3c(c2Nc2ccccc2)C(=O)NC3)ccn1)c1ccccc1
2440,7.886906849097296,O=C(Nc1cc(-c2[nH]c3c(c2Nc2ccccc2)C(=O)NC32CC2)ccn1)c1ccccc1
2441,7.856590621407971,CC(=O)Nc1ccc(Nc2cc(Nc3cccc(C(F)(F)F)c3)ncn2)cc1
2442,7.996362568252828,O=C(Nc1cccc(Nc2cc(Nc3cccc(F)c3)ncn2)c1)C1CC1
2443,7.63823694896135,O=c1c2ccc(Cl)cc2nc(-c2ccccc2)n1-c1nnc(-c2ccccc2)o1
2444,7.67894413204828,O=c1c2ccc(Cl)cc2nc(-c2ccccc2)n1-c1nnc(-c2ccc(Cl)cc2)o1
2445,7.606670502537391,O=c1c2ccc(Cl)cc2nc(-c2ccccc2)n1-c1nnc(-c2ccccc2Cl)s1
2446,9.018790515683367,O=C(c1c(F)ccc(NS(=O)(=O)c2ccc(C(F)(F)F)cc2)c1F)c1c[nH]c2ncnc(NC3CC3)c12
2447,8.465869686823936,O=C(Nc1cc2c(Nc3ccc(OCC4CC4)c(Cl)c3)ncnc2cc1OCCCN1CCC(O)CC1)C1CC1
2448,8.448060310517263,O=C(Nc1cc2c(Nc3ccc(OCC4CC4)c(Cl)c3)ncnc2cc1OCCN1CCC(O)CC1)C1CC1
2449,8.565447722780316,O=C(Nc1cc2c(Nc3ccc(F)c(Cl)c3)ncnc2cc1OCC1CC1)N1CCC(F)(F)CC1
2450,8.555238599451105,O=C(Nc1cc2c(Nc3ccc(F)c(Cl)c3)ncnc2cc1OCC1CC1)N1CCC(F)CC1
2451,8.10251884401438,N#Cc1cnc2ccc(NC(=O)C#CCN3CCCCC3)cc2c1Nc1ccc(F)c(Cl)c1
2452,8.080067948878833,N#Cc1cnc2ccc(NC(=O)C#CCN3CCCCC3)cc2c1Nc1ccc(Br)cc1
2453,8.140554884858632,CC(Nc1cc(Cl)c2ncnc(N[C@@H](CCC(=O)O)c3ccccc3)c2c1)c1ccccc1
2454,8.328006455521548,N#CCC(Nc1ncnc2ccc(NC(c3ccccc3)c3cn(CCCO)nn3)cc12)c1ccccc1
2455,8.79011023594357,CC(C)Nc1ncnc2ccc(NC(c3ccc(F)cc3)c3cn(C4CC4)nn3)cc12
2456,8.580304520725374,Fc1ccc(C(Nc2ccc3ncnc(Nc4cncc(F)c4)c3c2)c2cn(C3CCCC3)nn2)cc1
2457,8.294485745840424,Cn1cc(C(Nc2ccc3ncnc(Nc4ccc(F)c(F)c4)c3c2)c2ccccc2)nn1
2458,8.535286170545938,N#CCCNc1c(C#N)cnc2c(Cl)cc(NC(c3ccccc3)c3cn(C4CCCC4)nn3)cc12
2459,8.412890282869013,N#Cc1cnc2c(Cl)cc(NC(c3ccccc3)c3cn(C4CCCC4)nn3)cc2c1NC(CCO)c1ccccc1
2460,8.737371437281261,CN1CC([C@@](O)(Nc2cc(Cl)c3ncc(C#N)c(N[C@@H](CCCCN)c4ccccc4)c3c2)c2cccnc2Cl)=N1
2461,8.33611926628085,N#Cc1cnc2c(C#N)cc(N[C@@H](C3=CN(CC(=O)O)C3)c3ccc(F)cc3)cc2c1NC1CC1
2462,8.392090605843762,N#Cc1cnc2c(C#N)cc(N[C@@H](C3=CN(CC(=O)O)C3)c3ccc(F)cc3)cc2c1NCC1CC1
2463,8.917894726448193,N#Cc1cnc2c(Cl)cc(N[C@@H](C3=CN(CC(=O)O)NC3)c3ccc(F)nc3)cc2c1NC1CC1
2464,8.958531175668934,N#Cc1cnc2c(Cl)cc(N[C@@H](C3=CN(C(=O)C4CC4)NN3)c3ccc(F)cc3)cc2c1NCC1CC1
2465,9.286645084923101,N#Cc1cnc2c(Cl)cc(N[C@@H](C3=CN(C(=O)C4CC4)NN3)c3ccc(F)nc3)cc2c1NC1CC1
2466,9.35068065341124,N#Cc1cnc2c(Cl)cc(N[C@@H](C3=CN(C4CC4)NN3)c3ccc(F)nc3)cc2c1NC1CCCC1
2467,8.909493839385217,N#Cc1cnc2c(Cl)cc(N[C@@H](C3=CN(CC(=O)O)CC3)c3ccc(F)nc3)cc2c1NC1CCCC1
2468,9.06171537733243,CC(=O)N1CCc2c([C@H](C3=CN(C4CC4)NN3)c3cc(Cl)c4ncc(C#N)c(NC5CCC5)c4c3)csc2C1
2469,9.054934161157941,CC(=O)N1CCc2c([C@H](C3=CN(C)NN3)c3cc(Cl)c4ncc(C#N)c(NC5CCCC5)c4c3)csc2C1
2470,8.637831054079188,N#Cc1cnc2c(Cl)cc(N[C@H](C3=CN(CC(=O)O)NC3)c3cccc4ncsc34)cc2c1NCc1ccccc1
2471,9.284840571755261,N#Cc1cnc2c(Cl)cc(NC(C3=CN(C4CC4)NN3)c3cccc4ncsc34)cc2c1NC1CC1
2472,8.061482805794572,CN1CC([C@@H](Nc2cc(Cl)c3ncc(C#N)c(N[C@@H](CCCCO)c4ccccc4)c3c2)c2ccccc2)=N1
2473,8.07931847961843,CN1CC([C@@H](Nc2cc(Cl)c3ncc(C#N)c(N[C@@H](CCCCN)c4ccccc4)c3c2)c2ccccc2)=N1
2474,7.8664432985819905,N#Cc1cnc2c(Cl)cc(NC(c3cccnc3)c3cccnc3)cc2c1NC1CC1
2475,8.700156169632152,N#Cc1cnc2c(C#N)cc(N[C@H](C3=CN(CCO)NC3)c3csc4c3CCN(C3CC3)C4)cc2c1
2476,8.195618176066036,N#Cc1cnc2c(C#N)cc(N[C@H](C3=CN(C4CC4)NN3)c3csc4c3CCCC4)cc2c1
2477,9.2862413978576,CC(=O)N1CCc2c1csc2[C@H](C1=CN(C2CC2)NN1)c1cc(Cl)c2ncc(C#N)c(N[C@@H](C)c3ccccc3)c2c1
2478,8.848472978637535,N#Cc1cnc2c(Cl)cc(NC(C3=CN(C4CC4)NN3)c3ccc(F)cc3)cc2c1NCC1CC1
2479,8.580777940869801,N#Cc1cnc2c(Cl)cc(NC(C3=CN(CC(=O)O)NC3)c3ccc(F)cc3)cc2c1NC1CC1
2480,8.756704798228398,N#Cc1cnc2c(Cl)cc(NC(C3=CN(C4CC4)NN3)c3ccc(F)cc3)cc2c1NC1CCCC1
2481,8.3357172395887,N#Cc1cnc2c(Cl)cc(NC(c3cccnc3)c3ccc(F)nc3)cc2c1N[C@H](CO)c1ccccc1
2482,7.972160312971203,N#Cc1cnc2c(Cl)cc(NC(c3ccc(F)cc3)c3cccnc3)cc2c1N[C@H](CO)c1ccccc1
2483,8.533477259653043,O=C(Nc1cc(-c2[nH]c3c(c2Nc2ccccc2)C(=O)N(C2CC2)CC3)ccn1)c1ccc(F)cc1
2484,8.316048393807277,O=C(Nc1cc(-c2[nH]c3c(c2Nc2ccccc2)C(=O)N(C2CC2)CC3)ccn1)c1ccccc1
2485,9.01629826123955,O=C(Nc1nccs1)C(c1ncn2c1CCCC2)n1cc2c(Cl)cc(-c3ccc(N4CCCC4)cc3)c(Cl)c2n1
2486,9.010247411480917,O=C(Nc1nccs1)C(c1ncn2c1CCCC2)n1cc2c(Cl)cc(-c3ccc(N4CCCCC4)cc3)c(Cl)c2n1
2487,8.749806014881408,O=C(NCCN1CCOCC1)c1cc2c(Nc3ccc(Oc4cccc(C(F)(F)F)c4)c(Cl)c3)ncnc2s1
2488,8.68944042251989,O=C(Nc1cc2c(Nc3ccc(F)c(Cl)c3)ncnc2cc1OC(F)F)C1CCNCC1
2489,8.695234280693082,O=C(Nc1cc2c(Nc3ccc(F)c(Cl)c3)ncnc2cc1OC(F)F)c1cccc(CN2CCOCC2)c1
2490,8.427224539345419,O=C(O)c1cccc(C(=O)Nc2cc3c(Nc4ccc(F)c(Cl)c4)ncnc3cc2OCC(F)(F)F)c1
2491,8.626325752581833,O=C(Nc1cc2c(Nc3ccc(F)c(Cl)c3)ncnc2cc1OCC(F)(F)F)C1CCNCC1
2492,8.65676795394556,O=C1NCc2[nH]c(-c3ccnc(NC(=O)C4CC4)c3)c(Nc3cccc(F)c3Cl)c21
2493,8.241449409310496,O=C1NC2(CCCC2)Cc2[nH]c(-c3ccnc(NC(=O)C4CC4)c3)c(Nc3ccccc3)c21
2494,8.197536770217479,O=C1NC2(CC2)Cc2[nH]c(-c3ccnc(NC(=O)C4CC4)c3)c(Nc3ccccc3)c21
2495,8.325151577366096,O=C(Nc1cc(-c2[nH]c3c(c2Nc2ccccc2)C(=O)NC2(CC2)C3)ccn1)c1cccc(O)c1
2496,8.311078106571786,O=C(Nc1cc(-c2[nH]c3c(c2Nc2cccc(F)c2Cl)C(=O)NC3)ccn1)c1ccccc1
2497,8.379404074014188,O=C(Nc1cc(-c2[nH]c3c(c2Nc2cccc(F)c2Cl)C(=O)NC3)ccn1)c1cccc(F)c1
2498,7.922593496590418,O=C(Nc1cc(-c2[nH]c3c(c2Nc2ccccc2)C(=O)NC32CCC2)ccn1)c1ccccc1
2499,8.34553280660559,O=C(Nc1cc(-c2[nH]c3c(c2Nc2ccccc2)C(=O)NC32CCC2)ccn1)c1ccc(F)cc1
2500,8.477889916047154,O=C(Nc1ccc2ncnc(Nc3cccc(Cl)c3)c2c1)C1CCC2(CC1)OCCO2
2501,8.540337972125206,O=C(Nc1ccc2ncnc(Nc3cccc(Cl)c3)c2c1)C1CCC2(CC1)OCC1(CCC1)O2
2502,8.654176318271666,O=C(Nc1ccc2ncnc(Nc3cccc(Cl)c3)c2c1)C1CCC2(CC1)OCC(O)CO2
2503,8.524956869791817,O=C(Nc1ccc2ncnc(Nc3cccc(Cl)c3)c2c1)C1CCC2(CC1)OCC1(CC1)O2
2504,6.237638534825386,O=C(Nc1ccc2ncccc2c1)C1CCC2(CC1)OC1(CC1)O2
2505,7.329498968464052,O=C(Nc1ccc2nccc(Nc3cccc(Cl)c3)c2c1)C1CCC2(CC1)OCCO2
2506,6.448173928264726,O=C(Nc1ccc2ncccc2c1)C1CCC2(CC1)OCC1(CC1)O2
2507,7.480862562316486,O=C(Nc1ccc2nccc(Nc3cccc(Cl)c3)c2c1)C1CCC2(CC1)OCC1(CC1)O2
2508,6.702895108748711,Cc1ccc2c(c1)cc(C1C(C#N)=C(N)N(c3cccnc3)C3=C1C(=O)CCC3)c1nnnn12
2509,7.219751629633739,COc1ccc2c(c1)cc(C1C(C#N)=C(N)N(c3cccnc3)C3=C1C(=O)CCC3)c1nnnn12
2510,7.181117467143995,O=C1NCCc2[nH]c(-c3ccncc3)c(Nc3cccc(Cl)c3)c21
2511,7.589340754551862,O=C1NCCc2[nH]c(-c3ccncc3)c(Nc3ccc(F)c(Cl)c3)c21
2512,7.613201960549127,COc1cccc(Nc2ncnc3ccc([N+](=O)[O-])cc23)c1
2513,7.955909159153669,O=C(Nc1nccs1)C(c1n[nH]c2c1CCCC2)n1ccc2ccccc21
2514,6.972072627286052,O=C(Nc1nccs1)C(c1n[nH]c2c1CCCC2)N1CCCCC1
2515,7.631429307916712,OC[C@H](Nc1ncnc2sc3c(c12)CCCC3)c1ccccc1
2516,8.437511086843337,O=C(Nc1ccc(Cl)c(Cl)c1)N1CCc2c(sc3ncnc(Nc4ccc(F)c(Cl)c4)c23)C1
2517,8.43174434774858,O=C(Nc1ccc(Cl)cc1)N1CCc2c(sc3ncnc(Nc4ccc(F)c(Cl)c4)c23)C1
2518,8.595426356950345,O=C(Nc1nccs1)C(c1ncn2c1CCC2)n1cc2ccc(-c3ccc(F)cc3)cc2n1
2519,8.391504856308524,O=C(Nc1nccs1)C(c1ncn2c1CCC2)n1cc2c(Cl)cc(-c3ccccc3)cc2n1
2520,8.641642211965825,O=C(Nc1nccs1)C(c1ncn2c1CCC2)n1cc2c(F)cc(C#Cc3ccccc3)cc2n1
2521,8.46955231361971,O=C(Nc1nccs1)C(c1ncn2c1CCC2)n1cc2ccc(C#Cc3ccccc3)cc2n1
2522,7.616914476614123,O=C(Nc1nccs1)C(c1ccccc1)N1Cc2ccc(C#Cc3ccccc3)cc2C1=O
2523,7.83964981295673,O=C(Nc1nccs1)C(c1ccccc1)N1Cc2ccc(C#Cc3ccc(F)cc3)cc2C1=O
2524,8.696068373651624,O=C(Nc1nccs1)C(c1ncn2c1CCC2)N1CCc2cc(-c3ccc(F)cc3)ccc2C1=O
2525,8.572079978981147,O=C(Nc1nccs1)C(c1ncn2c1CCC2)N1CCc2cc(-c3ccc(F)c(F)c3)ccc2C1=O
2526,8.243116294730317,O=C(Nc1nccs1)C(c1ncn2c1CCC2)N1Cc2ccc(N3CCOCC3)cc2C1=O
2527,8.556862039787163,O=C(Nc1nccs1)C(c1ncn2c1CCC2)N1Cc2ccc(-c3ccc(F)cc3F)cc2C1=O
2528,7.872566292410931,CN(C)Cc1ccc(C#Cc2cc3c(c(C(F)(F)F)c2)CN(C(C(=O)Nc2nccs2)C(F)(F)F)C3)cc1
2529,8.623460439546328,CN(C)Cc1ccc(C#Cc2cc3c(c(C(F)F)c2)CN(C(C(=O)Nc2nccs2)c2ncn[nH]2)C3)cc1
2530,9.016536213156144,O=C(Nc1nccs1)C(c1ccccc1)N1Cc2c(F)cc(C#Cc3ccc(CN4CCCCC4)cc3)cc2C1=O
2531,8.662148200924962,O=C(Nc1ccccn1)C(c1ncn2c1CCC2)N1Cc2ccc(C#Cc3ccc(CN4CCCCC4)cc3)cc2C1=O
2532,8.719285804175936,O=C(Nc1ccccn1)C(c1ncn2c1CCC2)N1Cc2ccc(C#Cc3ccc(CN4CCCC4)cc3)cc2C1=O
2533,8.378270021428024,Nc1ccc(C#Cc2cc(F)c3c(c2)C(=O)N(C(C(=O)Nc2nccs2)c2ccccn2)C3)cn1
2534,8.254035036393528,Nc1ccc(C#Cc2cc(F)c3c(c2)C(=O)N(C(C(=O)Nc2nccs2)c2nccs2)C3)cc1
2535,8.363697857149528,O=C(Nc1nccs1)C(c1ncn2c1CCC2)N1Cc2ccc(N3CCCC3)cc2C1=O
2536,8.590776995269657,O=C(Nc1nccs1)C(c1ncn2c1CCC2)N1Cc2ccc(-c3ccc(F)cc3)cc2C1=O
2537,8.052814473698733,O=C(Nc1nccs1)C(c1ncn2c1CCC2)N1CCc2ccccc2C1
2538,8.199756930440266,O=C(Nc1nccs1)C(c1ncn2c1CCC2)N1CCc2cc(Cl)ccc2C1
2539,8.094731347109676,O=C(Nc1nccs1)C(c1ncn2c1CCCC2)N1CCc2ccccc2C1
2540,8.196420586038473,O=C(Nc1cc2c(Nc3ccc(F)c(Cl)c3)ncnc2s1)C1CCNCC1
2541,9.902539861918058,FC(F)(F)Cn1cc(-c2ncnc3oc(-c4ccccc4)cc23)c(-c2ccc(Br)cc2)n1
2542,10.288769227331047,Fc1ccc(-c2nn(CC(F)(F)F)cc2-c2ncnc3oc(-c4ccc(Br)cc4)cc23)cc1
2543,9.674191710345019,Fc1ccc(-c2nn(C3CCCCC3C(F)(F)F)cc2-c2ncnc3oc(C4CC4)cc23)cc1
2544,9.337994760715388,FC(F)(F)C1CCCCC1n1cc(-c2ncnc3oc(C4CC4)cc23)c(-c2ccc(Cl)cc2)n1
2545,10.895395729621283,Fc1ccc(-c2nn(C3CCCCC3F)cc2-c2ncnc3oc(-c4ccc(Cl)cc4)cc23)cc1
2546,9.791062914936578,FC(F)(F)C1CCC(n2cc(-c3ncnc4oc(-c5ccccc5)cc34)c(-c3ccc(Cl)cc3)n2)CC1
2547,8.489336141198875,O=C(Nc1cccc(-c2nc3sccn3c2-c2ccnc(Nc3ccc(N4CCOCC4)cc3)n2)c1)C1CC1
2548,8.442751106649895,COc1ccc(-c2nc3sccn3c2-c2ccnc(Nc3ccc(N4CCOCC4)cc3)n2)cc1
2549,9.020435064821491,Nc1ncnc2c1c(C(=O)c1cccc(NC(=O)Nc3ccc(Cl)cc3)c1)cn2C1CCCC1
2550,8.975650327043985,Nc1ncnc2c1c(C(=O)c1cccc(NC(=O)Nc3ccc(F)cc3F)c1)cn2C1CCCC1
2551,8.90080777305741,Nc1ncnc2c1c(C(=O)c1cccc(NC(=O)Nc3ccc(F)cc3)c1)cn2C1CCCC1
2552,8.672463256233133,Nc1ncnc2c1c(C(=O)c1cccc(NS(=O)(=O)c3c(F)cccc3F)c1)cn2C1CCCC1
2553,8.419088363831117,Nc1ncnc2c1c(C(=O)c1cccc(NS(=O)(=O)c3ccc(Cl)s3)c1)cn2C1CCCC1
2554,8.91774598685708,Nc1ncnc2c1c(C(=O)c1ccc(NC(=O)Nc3ccc(F)cc3F)cc1)cn2C1CCCC1
2555,8.234028417381149,Nc1ncnc2c1c(-c1nc3ccc(NS(=O)(=O)c4ccccc4)cc3[nH]1)cn2C1CCCC1
2556,8.163392358903268,Nc1ncnc2c1c(-c1nc3ccc(NC(=O)Nc4ccccc4)cc3[nH]1)cn2C1CCCC1
2557,8.759977520651733,Nc1ncnc2c1c(-c1nc3ccc(NC(=O)Nc4c(F)cccc4F)cc3[nH]1)cn2C1CCCC1
2558,7.875355277964488,CC(C)n1c(NC(=O)c2cccc(-c3cccnc3)c2)nc2ccccc21
2559,8.326887342177947,O=C(Nc1nc2ccccc2n1C1CCCC1)c1ccc(-c2nnn[nH]2)cc1
2560,7.492794800827154,Nc1ncnc2c1c(-c1ccc(O)cc1)nn2C1CCCC1
2561,7.489723828165256,COc1ccc(-c2nn(C3CCCC3)c3ncnc(N)c23)cc1NC(=O)NC1CCCC1
2562,7.4967863484189925,COc1ccc(-c2nn(C3CCCC3)c3ncnc(N)c23)cc1NC(=O)OC(C)(C)C
2563,7.368393971475052,Nc1ncnc2c1c(-c1cc(O)cc(F)c1)nn2C1CCCC1
2564,7.481358438762309,CC(C)n1nc(-c2ccc(CNC(=O)c3cccc(C(F)(F)F)c3)cc2)c2c(N)ncnc21
2565,7.676657045025319,Nc1ncnc2c1c(-c1ccc(CNC(=O)c3ccccc3)cc1)nn2C1CCCC1
2566,7.689734895087301,Nc1ncnc2c1c(-c1cccc(CNC(=O)c3ccccc3)c1)nn2C1CCCC1
2567,7.461965717955119,Nc1ncnc2c1c(-c1ccc(CNC(=O)c3cccc(C(F)(F)F)c3)cc1)nn2C1CCCC1
2568,7.950762813837316,Nc1ncnc2c1c(-c1ccc(CNC(=O)c3cccc(F)c3)cc1)nn2C1CCCC1
2569,7.530710245200035,Nc1ncnc2c1c(-c1cccc(CNC(=O)c3cc4ccccc4[nH]3)c1)nn2C1CCCC1
2570,7.448238238547327,Nc1ncnc2c1c(-c1ccc3c(c1)NCCO3)nn2C1CCCC1
2571,7.4387748701398815,Nc1ncnc2c1c(-c1ccc3cc[nH]c3c1)nn2C1CCCC1
2572,7.45883374590611,Nc1ncnc2c1c(-c1ccc3[nH]ccc3c1)nn2C1CCCC1
2573,7.188585376364015,Nc1ncnc2c1c(-c1ccc(O)c(F)c1)nn2C1CCCC1
2574,7.450432752166141,Nc1ncnc2c1c(-c1ccc3[nH]ncc3c1)nn2C1CCCCC1
2575,7.437365603013293,Nc1ncnc2c1c(-c1ccc3[nH]ccc3c1)nn2C1CCCCC1
2576,7.502923847705699,Nc1ncnc2c1c(-c1cnc3[nH]ccc3c1)nn2C1CCCCC1
2577,6.841337739858623,NC(=O)c1ncc(N2CCC[C@@H](N)C2)nc1Nc1ccc(C(F)(F)F)cc1
2578,7.997554969043141,NC(=O)c1ncc(N2CCC[C@@H](N)C2)nc1Nc1cccc(OCc2ccccc2)c1
2579,7.065476009768337,NC(=O)c1ncc(N2CCC[C@@H](N)C2)nc1Nc1ccc(Cl)cc1
2580,7.033963115093446,NC(=O)c1ncc(N2CCC[C@@H](N)C2)nc1Nc1ccc([C@H]2CC[C@H](C(=O)O)CC2)cc1
2581,6.99631457136215,NC(=O)c1ncc(N2CCC[C@@H](N)C2)nc1Nc1cccc(OC(F)(F)F)c1
2582,6.978468063576592,NC(=O)c1ncc(N2CCC[C@@H](N)C2)nc1Nc1ccc(F)cc1
2583,7.579937813668556,CN1CCN(c2cnc(C(N)=O)c(Nc3ccc(C4CCN(C5CCCC5)CC4)cc3)n2)CC1
2584,7.63190659035298,O=C(NCCCN1CCCC1=O)c1cnc(NCCc2ccccc2F)nc1NC1CCCC1
2585,7.33482108917288,O=C(NCCCN1CCCC1=O)c1cnc(NCCc2ccccc2Cl)nc1NC1CCCC1
2586,7.767039071273508,O=C(NCCCN1CCOC1=O)c1cnc(NCCc2ccccc2F)nc1NC1CCCC1
2587,7.610256209901341,O=C(NCCCN1CCOC1=O)c1cnc(NCc2ccccc2Cl)nc1NC1CCCC1
2588,8.47040713046285,O=C(c1cccc(NS(=O)(=O)c2ccc(C(F)(F)F)cc2)c1)c1c[nH]c2ncnc(NC3CC3)c12
2589,8.71095810147986,O=C(Nc1ccc2ncnc(Nc3cccc(Br)c3)c2c1)C1CC1
2590,6.070695501458709,c1ccc(C(CC2CCCCN2)C2CCCCC2)cc1
2591,6.022427833474631,c1ccc2c(C(CC3CCCCN3)C3CCCCC3)c[nH]c2c1
2592,8.524891311084316,COc1cccc(-c2nc3sccn3c2-c2ccnc(Nc3ccc(N4CCOCC4)cc3)n2)c1
2593,8.37462472395029,CN1CCC(n2cnc(-c3ccc(F)cc3)c2-c2ccnc(Nc3ccccc3)n2)CC1
2594,8.477498567707068,CN1CCC(n2cnc(-c3ccc(F)cc3)c2-c2ccnc(NCc3ccccc3)n2)CC1
2595,6.396704287355603,COc1cc(/C=C(\C#N)C(=O)NC2CCCCC2)ccc1O
2596,6.384340627913952,COc1cc(/C=C(\C#N)C(=O)NC2CCCCC2)cc(OC)c1O
2597,8.646948999913276,O=C1Cc2ccc(Oc3ccc(Nc4ncnc5ccn(CCOCCO)c45)cc3Cl)cc2N1
2598,8.737736634355311,OCCOCCn1ccc2ncnc(Nc3ccc(Oc4cccc5[nH]ccc45)c(Cl)c3)c21
2599,8.108240701315193,O=C(CBr)Nc1ccc(Nc2ncnc3cc4oc(=O)n(CCOC(=O)Cc5ccccc5)c4cc23)cc1
2600,8.690284643862427,O=C(CBr)Nc1ccc(Nc2ncnc3cc4oc(=O)n(CCCCN5CCOCC5)c4cc23)cc1
2601,5.943461349327701,O=C(Nc1cccc(NC(=O)C2CCCCC2)c1)c1ccccc1
2602,6.192707557409855,O=C(Nc1cccc(NC(=O)C2CCCCC2)c1)c1ccccn1
2603,6.245595149046967,O=C(N/N=C1\CC2(CCCC2)Oc2ccccc21)c1ccccc1
2604,6.629754184858297,O=C(N/N=C1\CC2(CCCC2)Oc2ccccc21)Nc1ccccc1
2605,7.218892708908917,O=C(N/N=C1\CC2(CCCCC2)Oc2c1ccc1ccccc21)c1cccnc1
2606,6.741192847217026,O=C(N/N=C1\CC2(CCCCC2)Oc2c1ccc1ccccc21)c1ccccc1
2607,7.110573090153659,NCCCCCCC(=O)N/N=C1\CC2(CCCCC2)Oc2c1ccc1ccccc21
2608,6.376085771181485,CC(=O)N/N=C1\CC2(CCCCC2)Oc2c1ccc1ccccc21
2609,8.488511570439071,O=C(Nc1ccc2ncnc(Nc3cccc(Cl)c3)c2c1)C1CCCCC1
2610,8.479894904711276,N#Cc1c(NC(=O)CNc2n[nH]c3ncccc23)sc2c1CCCC2
2611,8.36321961047097,N#Cc1c(NC(=O)CNc2n[nH]c3ncccc23)sc2c1CCN(Cc1ccccc1)C2
2612,8.374031125029417,Cc1cccc(Nc2ncnc3ccc(N)cc23)c1
2613,8.036776050890273,Nc1ccc2ncnc(Nc3cccc4c3CCC4)c2c1
2614,7.608822074533772,OC[C@@H](Nc1ncnc2sc3c(c12)CCC3)c1ccccc1
2615,7.740324698100661,COc1ccccc1CNc1ncnc2sc3c(c12)CCCC3
2616,7.668039615225043,O=C(Nc1ccccc1)Nc1ccc(Nc2ncnc3sc4c(c23)CCCC4)cc1
2617,7.876275101365309,COc1cccc(Nc2ncnc3sc4c(c23)CCCC4)c1
2618,7.9564322908561405,O=C(Nc1ccc(Nc2ncnc3sc4c(c23)CCCC4)cc1)Nc1cccc(F)c1
2619,8.056018499255265,O=C(Nc1ccc(Nc2ncnc3sc4c(c23)CCCC4)cc1)Nc1ccccc1F
2620,7.752997310257042,O=C(Nc1ccc(Oc2ncnc3sc4c(c23)CCCC4)cc1)Nc1cccnc1
2621,7.832127601001241,O=C(Nc1ccc(Oc2ncnc3sc4c(c23)CCCC4)cc1)Nc1cccc(F)c1
2622,8.108753428318549,Nc1ncnc2c1c(-c1ccc(Oc3ccccc3)cc1)nn2[C@@H]1CCCCN1C(=O)CCC(=O)O
2623,8.19669298605341,Nc1ncnc2c1c(-c1ccc(Oc3ccccc3)cc1)nn2[C@@H]1CCCCN1C(=O)CCc1ccccc1
2624,9.406206395729408,CN1CCC(n2cc(-c3ncnc4oc(N5CCOCC5)cc34)c(-c3ccc(F)cc3)n2)CC1
2625,9.014191107332113,CC(C)n1cc(-c2ncnc3oc(N4CCCC4)cc23)c(-c2ccc(F)cc2)n1
2626,6.746726494143257,Nc1nc(Nc2ccccc2)nn1-c1cc2c(nn1)CCC2
2627,7.237703294969241,Nc1nc(Nc2ccc3c(c2)CC(=O)NC3)nn1-c1cc2c(nn1)CCC2
2628,8.544655397942394,CC(C)(O)C#Cc1cc2ncnc(Nc3ccc(OCc4ccccn4)c(Cl)c3)c2s1
2629,8.53669483320379,CC(C)(O)C#Cc1cc2ncnc(Nc3ccc(OCc4cccc(F)c4)c(Cl)c3)c2s1
2630,8.486270197732896,Nc1ncnc2c1c(C(=O)Nc1nc3cc(-c4ccccc4)ccc3o1)cn2[C@@H]1CCN(C(=O)C2CC2)C1
2631,8.486270197732896,Nc1ncnc2c1c(C(=O)Nc1nc3cc(-c4ccccc4)ccc3o1)cn2[C@H]1CCN(C(=O)C2CC2)C1
2632,8.552260990873604,Nc1ncnc2c1c(C(=O)Nc1cccc(Cl)c1)cn2[C@@H]1CCN(C(=O)/C=C/CN2CCCC2)C1
2633,8.687787173806363,Nc1ncnc2c1c(C(=O)Nc1nc3ccccc3[nH]1)cn2[C@@H]1CCN(C(=O)/C=C/CN2CCCC2)C1
2634,8.562326689866367,Nc1ncnc2c1c(C(=O)Nc1nc3ccccc3[nH]1)nn2[C@@H]1CCN(C(=O)/C=C/CN2CCCC2)C1
2635,8.120565415862309,Nc1ncnc2c1c(C(=O)Nc1nc3ccccc3o1)nn2[C@@H]1CCN(C(=O)CC2CC2)C1
2636,8.10617204406574,Nc1ncnc2c1c(C(=O)Nc1nc3ccccc3[nH]1)nn2[C@@H]1CCCN(C(=O)CC2CC2)C1
2637,8.562793509088843,CC(=O)N1CCCOc2cc3ncnc(Nc4ccc(F)c(Cl)c4)c3cc21
2638,8.618116455882886,O=C(CO)N1CCCOc2cc3ncnc(Nc4ccc(F)c(Cl)c4)c3cc21
2639,8.61262031298306,O=C(CO)N1CCCOc2cc3ncnc(Nc4ccc(OCc5cccc(F)c5)c(Cl)c4)c3cc21
2640,8.560861771903207,COc1cc2ncnc(Nc3ccc(OCc4cccc(F)c4)c(Cl)c3)c2cc1OCCN1CCOCC1
2641,8.607813124838971,CC(=O)N1CCOc2cc3ncnc(Nc4ccc(F)c(Cl)c4)c3cc21
2642,8.530763788695795,O=C(CO)N1CCOc2cc3ncnc(Nc4ccc(F)c(Cl)c4)c3cc21
2643,8.552224092721271,O=C(CO)N1CCOc2cc3ncnc(Nc4ccc(OCc5cccc(F)c5)c(Cl)c4)c3cc21
2644,8.692994512427473,O=C([C@@H]1CCCN1)N1CCOc2cc3ncnc(Nc4ccc(OCc5ccccn5)c(Cl)c4)c3cc21
2645,8.860322410274811,O=C(CCCN1CCOCC1)N1CCOc2c1ccc1ncnc(Nc3ccc(F)c(Cl)c3)c21
2646,8.846468773639552,O=C(CCCN1CCCC1)N1CCOc2c1ccc1ncnc(Nc3ccc(F)c(Cl)c3)c21
2647,8.193725310033464,O=C(O)CN1CCOc2c1ccc1ncnc(Nc3ccc(Oc4ccccc4)cc3)c21
2648,8.3699654117267,CC(C)Oc1ccc(Nc2ncnc3ccc4c(c23)OCCN4C(=O)CCCN2CCOCC2)cc1
2649,8.739851388516167,O=C(Nc1cc2c(Nc3ccc(OCc4cccc(F)c4)c(Cl)c3)ncnc2cn1)C1CCNCC1
2650,8.77303082851591,O=C(Nc1cc2c(Nc3ccc(OCc4cccc(F)c4)c(Cl)c3)ncnc2cn1)C1CCCNC1
2651,8.190291940077525,O=C(Nc1cc2c(Nc3ccc(Cc4ccccn4)cc3)ncnc2cn1)C1CC1
2652,8.373057545259481,O=C(Nc1cc2c(Nc3ccc(Cc4ccccn4)cc3)ncnc2cn1)N1CCC(N2CCCC2)CC1
2653,8.370773234296474,O=C(Nc1cc2c(Nc3ccc(Oc4ccccc4)cc3)ncnc2cn1)C1CCCCN1
2654,7.703446750702308,O=C(Nc1cc2c(Nc3ccc(Oc4ccccc4)cc3)ncnc2cn1)c1ccccc1
2655,8.445985202303028,O=C(Nc1cc2c(Nc3ccc4c(cnn4Cc4ccccc4)c3)ncnc2cn1)C1CC1
2656,8.614440961541213,O=C(Nc1cc2c(Nc3ccc4c(cnn4Cc4ccccc4)c3)ncnc2cn1)C1CCNCC1
2657,7.4032028044999585,O=C1c2cc(-c3ccccc3)ccc2CN1C(c1cc2ccccc2[nH]1)c1ccccc1O
2658,8.523150099637835,O=C(Nc1cc2c(Nc3ccc(F)c(Cl)c3)ncnc2cc1OCCN1CCOCC1)NC1CC1
2659,8.94703022653194,O=C(CN1CCCC1)Nc1ccc2ncnc(Nc3cccc(Br)c3)c2c1
2660,8.267245920946811,O=C(CO)Nc1ccc2ncnc(Nc3ccc(OCc4cccc(F)c4)cc3)c2c1
2661,8.56073444862117,O=C(CN1CCCC1)Nc1ccc2ncnc(Nc3ccc(OCc4ccccn4)c(Cl)c3)c2c1
2662,8.475794439370134,O=C(Nc1ccc2ncnc(Nc3cccc(Br)c3)c2c1)NC1CCCC1
2663,8.438880075163832,O=C(Nc1ccc2ncnc(Nc3cccc(Br)c3)c2c1)NC1CCCCC1
2664,8.806271264961524,CCN1CCN(Cc2ccc(Nc3nc4ncnc(Nc5ccc(F)c(Cl)c5)c4s3)cc2)CC1
2665,7.246361779624904,NC(=O)c1c(OCc2c(F)cc(Br)cc2F)nsc1NC(=O)NCc1ccccc1
2666,7.310687737881122,NC(=O)c1c(OCc2c(F)cc(F)cc2F)nsc1NC(=O)NCc1ccccc1
2667,8.565754349973764,COc1ccc(Cl)c(Nc2ncnc3cc(OCCCN4CCN(C)CC4)cc(OC4CCOCC4)c23)c1
2668,8.541402639041497,COc1ccc(Cl)c(Nc2ncnc3cc(OCCCN4CCOCC4)cc(OC4CCOCC4)c23)c1
2669,7.945786136960753,CN1CCN(c2ncnc3cc4c(cc23)NCN4CCN2CCCC2)CC1
2670,8.46878957859733,c1ccc2c(c1)CCN2c1ncnc2cc3c(cc12)OCCN3CCN1CCCC1
2671,8.618865230982744,CN(C)CCOc1ccc(-c2oc3ncnc(NC[C@@H]4CCCO4)c3c2-c2ccccc2)cc1
2672,8.344223905806631,c1ccc(-c2c(-c3ccc(OCCN4CCCC4)cc3)oc3ncnc(NCCN4CCNCC4)c23)cc1
2673,8.922998727270954,CN1CCN(CCOc2n[nH]c3ncnc(Nc4ccc(OCc5ccccn5)c(Cl)c4)c23)CC1
2674,9.014792333717114,Clc1cc(Nc2ncnc3[nH]nc(OCCN4CCCCCO4)c23)ccc1OCc1ccccn1
2675,7.464885981607338,N#Cc1ncc(N2CCC[C@@H](NC(=O)N3CCCC3)C2)nc1Nc1ccc(C2CCNCC2)cc1
2676,7.104158560392238,CN1CCN(C(=O)c2ccc(Nc3nc(N4CCC[C@@H](NC(=O)N5CCCC5)C4)cnc3C(N)=O)cc2)CC1
2677,6.857735385176594,NC(=O)c1ncc(N2CCC[C@@H](N)C2)nc1Nc1ccc(C(=O)O)cc1
2678,7.225658186793316,CC(C)(C)c1ccc(Nc2nc(N3CCC[C@@H](NC(=O)N4CCCC4)C3)nnc2C(N)=O)cc1
2679,7.306740117552241,CC(C)(C)c1ccc(Nc2nc(N3CCC[C@@H](NC(=O)C4CCC4)C3)nnc2C(N)=O)cc1
2680,7.758168557478622,CN1CCN(c2ccc(Nc3nc(N4CCC[C@@H](NC(=O)Nc5ccccc5)C4)nnc3C(N)=O)cc2)CC1
2681,6.887086821391622,NC(=O)c1nnc(N2CCC[C@@H](N)C2)nc1Nc1ccc(C2CC2)cc1
2682,6.808625571138632,NC(=O)c1nnc(N2CCC[C@@H](N)C2)nc1Nc1ccc(C(F)(F)F)cc1
2683,6.991059063827274,NC(=O)c1nnc(N2CCC[C@@H](N)C2)nc1Nc1ccc(Cl)cc1
2684,6.755632090142584,O=C(CCC(=O)Nc1cccc(NC(=O)c2ccccn2)c1)Nc1ccccc1
2685,6.920871374799187,O=C(CSC(=O)Nc1cccc(NC(=O)c2ccccn2)c1)Nc1ccccc1
2686,8.502541036548857,O=C(Nc1ccc2ncnc(Nc3cccc(Cl)c3)c2c1)[C@H]1CCCN(C2CCCC2)C1
2687,8.754352111498847,O=C(Nc1ccc2ncnc(Nc3ccc(F)c(Cl)c3)c2c1)[C@H]1CCCN(C2CCCC2)C1
2688,8.166315978196883,O=C(Nc1cc2c(Nc3ccc(F)c(Cl)c3)ncnc2cc1O[C@H]1CCOC1)N1CCC2(CC1)OCCO2
2689,8.54248574538982,Nc1ncnc2c1c(C(=O)Nc1nc3cc(-c4ccccc4)ccc3o1)cn2[C@H]1CC[C@@H](CN2CCCC2)CC1
2690,8.561150668148338,Nc1ncnc2c1c(C(=O)Nc1cccc(Cl)c1)cn2[C@@H]1CCN(C(=O)/C=C/CN2CCCCC2)C1
2691,8.732062084648202,Nc1ncnc2c1c(C(=O)Nc1nc3ccccc3[nH]1)cn2[C@@H]1CCN(C(=O)/C=C/CN2CCCCC2)C1
2692,8.565019877920534,Nc1ncnc2c1c(C(=O)Nc1nc3ccccc3[nH]1)nn2[C@@H]1CCN(C(=O)/C=C/CN2CCCCC2)C1
2693,8.404616972216425,Nc1ncnc2c1c(C(=O)Nc1nc3ccccc3[nH]1)nn2[C@@H]1CCN(C(=O)/C=C/c2ccccc2)C1
2694,8.404945415444354,Nc1ncnc2c1c(C(=O)Nc1nc3ccccc3[nH]1)nn2[C@@H]1CCCN(C(=O)/C=C/c2ccccc2)C1
2695,8.824667412942825,O=C(/C=C/CN1CCOCC1)N1CCOc2c1ccc1ncnc(Nc3ccc(F)c(Cl)c3)c21
2696,8.91294621824431,O=C(/C=C/CN1CCOc2c1ccc1ncnc(Nc3ccc(F)c(Cl)c3)c21)N1CCOCC1
2697,8.384546358600534,COc1ccc(Nc2ncnc3ccc4c(c23)OCCN4C(=O)CCN2CCCCC2)cc1Cl
2698,8.344440895589653,CC(C)Oc1ccc(Nc2ncnc3ccc4c(c23)OCCN4C(=O)CCN2CCCCC2)cc1
2699,9.039119841248397,COc1cc2ncnc(Nc3ccc(F)c(Cl)c3)c2cc1NC(=O)CN1CCCCC1
2700,9.064280225760703,COc1cc2ncnc(Nc3ccc(F)c(Cl)c3)c2cc1NC(=O)CCN1CCCCC1
2701,8.580401273001794,O=C(Nc1cc2c(Nc3ccc(F)c(Cl)c3)ncnc2cc1OCCCN1CCOCC1)NC1CCCC1
2702,8.907268410000627,O=C(Nc1cc2c(Nc3ccc(F)c(Cl)c3)ncnc2cc1OCCF)C1CCNCC1
2703,8.701385439044182,O=C(Nc1cc2c(Nc3ccc(F)c(Cl)c3)ncnc2cn1)C1CCNCC1
2704,8.431154777460737,O=C(Nc1cc2c(Nc3ccc(F)c(Cl)c3)ncnc2cn1)c1ccccc1
2705,7.225619893008699,N#Cc1ccc(-c2csc(N3N=C(c4ccc(N5CCCCC5)cc4)CC3c3ccccc3)n2)cc1
2706,7.441146353882205,COc1ccc(-c2csc(N3N=C(c4ccc(N5CCCCC5)cc4)CC3c3ccccc3OC)n2)cc1
2707,8.483088876984397,Fc1cc(N2CCNCC2)ccc1Nc1nc(Oc2ccc3[nH]ccc3c2)c2sccc2n1
2708,8.197026044352807,Fc1cc(N2CCNCC2)ccc1Nc1nc(Oc2ccc3ccccc3c2)c2sccc2n1
2709,8.295590560531226,COc1ccc(-c2nc3ccccn3c2-c2ccnc(Nc3ccc(N4CCCCC4)cc3)c2)cc1
2710,8.402269910759445,COc1cccc(-c2nc3ccccn3c2-c2ccnc(Nc3ccc(N4CCCCC4)cc3)c2)c1
2711,8.947683678816144,O=C(CN1CCCCC1)Nc1ccc2ncnc(Nc3cccc(Br)c3)c2c1
2712,8.776642555628847,O=C(CN1CCCCC1)Nc1ccc2ncnc(Nc3ccc(F)c(Cl)c3)c2c1
2713,8.178726104177167,OC(COc1ncnc2ccccc12)CN1CCCCC1
2714,8.035538339244445,OC(COc1ncnc2ccccc12)CN1CCCC1
2715,8.788919731115415,OCC#Cc1ccc2ncnc(Nc3ccc(F)c(Cl)c3)c2c1
2716,8.703236909661628,CN1CCN(CC#Cc2ccc3ncnc(Nc4ccc(F)c(Cl)c4)c3c2)CC1
2717,8.61589333121017,CN(C)Cc1ccc(C(=O)N[C@H]2[C@@H]3Oc4ccc(Oc5ccnc6c5CCC(=O)N6)cc4[C@H]23)cc1
2718,9.035986388308475,O=C1CCc2c(Oc3ccc4c(c3)[C@H]3[C@H](NC(=O)c5ccc(CN6CCCCC6)cc5)[C@H]3O4)ccnc2N1
2719,8.908367247428322,O=C(Nc1nccs1)C(c1ccccc1)N1Cc2ccc(C#Cc3ccc(CN4CCCCC4)cc3)cc2C1=O
2720,8.15871589980645,O=C(Nc1cccc(F)c1)Nc1ccc2ncnc(Nc3cccc(Br)c3)c2c1
2721,9.064135739074711,O=C(CCN1CCCCC1)Nc1ccc2ncnc(Nc3cccc(Br)c3)c2c1
2722,8.864501386510488,O=C(CCN1CCCCC1)Nc1ccc2ncnc(Nc3ccc(F)c(Cl)c3)c2c1
2723,8.856042903110817,O=C(CCl)Nc1cc2c(Nc3ccc(F)c(Cl)c3)ncnc2cn1
2724,8.962447140116506,O=C(CCCN1CCCCC1)Nc1cc2c(Nc3ccc(F)c(Cl)c3)ncnc2cn1
2725,8.939039965315978,O=C(CCCN1CCCCC1)Nc1ccc2ncnc(Nc3cccc(Br)c3)c2c1
2726,8.31289933212108,C#Cc1cccc(Nc2ncnc3cc4c(cc23)N(CCCN2CCOCC2)C(=O)CO4)c1
2727,8.297886235792676,C#Cc1cccc(Nc2ncnc3cc4c(cc23)N(CCCN2CCCCC2)C(=O)CO4)c1
2728,7.895661563560215,O=C(Nc1ccccc1)c1ccc(OCCCN2CCCCC2)cc1O
2729,8.706145365672258,O=C(Nc1cccc(Cl)c1)c1ccc(OCCCN2CCCCC2)cc1O
2730,7.488592591979301,O=C(Nc1cccc(O)c1)c1ccc(OCCCN2CCCCC2)cc1OCc1ccccc1
2731,7.199629778967199,O=C(Nc1ccccc1)c1ccc(OCCCN2CCCCC2)cc1OCc1ccccc1
2732,8.454088052420097,CN1CCN(CCCOc2ccc(Nc3nccc(Nc4cnc5ccccc5c4)n3)cc2)CC1
2733,8.681465624947107,CN1CCN(CCCOc2ccc(Nc3ncc(F)c(Nc4ccccc4S(C)(=O)=O)n3)cc2)CC1
2734,8.125140092953393,N#Cc1cnc2c(Cl)cc(NC(c3cccnc3)c3cccnc3)cc2c1Nc1ccc(F)c(Cl)c1
2735,8.924369198510588,O=C(NCCN1CCOCC1)Nc1ccc2ncnc(Nc3cccc(Br)c3)c2c1
2736,8.855662582958933,O=C(NCCN1CCOCC1)Nc1ccc2ncnc(Nc3ccc(F)c(Cl)c3)c2c1
2737,8.460784917458817,O=C(NCCN1CCOCC1)Nc1ccc2ncnc(Nc3ccc(OCc4ccccn4)c(Cl)c3)c2c1
2738,8.415511239505859,O=C(NCCO)Nc1ccc2ncnc(Nc3ccc(OCc4cccc(F)c4)c(Cl)c3)c2c1
2739,8.807572578688502,S=C(NCCN1CCOCC1)Nc1ccc2ncnc(Nc3ccc(Cl)cc3)c2c1
2740,8.725187565680692,S=C(NCCN1CCOCC1)Nc1ccc2ncnc(Nc3ccc(Cl)c(Cl)c3)c2c1
2741,8.648478283728085,N#Cc1cccc(COc2ccc(Nc3ncnc4ccc(NC(=S)NCCN5CCOCC5)cc34)cc2Cl)c1
2742,8.49517439852673,CN(C)CCNC(=O)Nc1ccc2ncnc(Nc3ccc(OCc4cccc(F)c4)c(Cl)c3)c2c1
2743,8.893684313344975,O=C1N[C@H](C(=O)Nc2cc3c(Nc4ccc(F)c(Cl)c4)ncnc3cc2OCCCN2CCOCC2)CO1
2744,7.819197564537983,COc1ccc(-c2cnc3c(-c4csc(C(=O)NCC(F)(F)F)c4)cnn3c2)cc1
2745,8.028535469423588,O=C(NCC(F)(F)F)c1cc(-c2cnn3cc(-c4ccc5c(c4)OCO5)cnc23)cs1
2746,6.588304025644089,O=S(=O)(c1ccc(N=Cc2ccc(F)cc2)cc1)N1CCCCC1
2747,6.265356788894377,O=S(=O)(c1ccc(N=Cc2ccccc2)cc1)N1CCCCC1
2748,8.071862252542642,O=C1Nc2nc3ccccc3n2CCCCCOc2ccc(Cl)cc2C2=CC1=CC=NC=C2
2749,8.498678063798598,O=C1Nc2nc3ccccc3n2CCCCCOc2ccc(Cl)cc2-c2cccnc21
2750,8.785829578342357,Brc1cccc(Nc2ncnc3ccc(N4CCNCC4)cc23)c1
2751,8.472453025413982,O=C1CNCCN(Cc2ccn3ncnc(Nc4ccc5c(cnn5Cc5cccc(F)c5)c4)c23)C1
2752,8.686856940302826,CN1CCCN(Cc2ccn3ncnc(Nc4ccc5c(cnn5Cc5cccc(F)c5)c4)c23)CC1
2753,7.1708952089970035,NC1CCN(c2ccc(-c3ccc4c(c3)C(=O)N(C(c3ccccc3)c3ccccc3)C4)cc2)CC1
2754,7.104340984217734,NC1CCN(c2ccc(-c3ccc4c(c3)C(=O)N(C(c3ccccc3)c3ccccc3)C4)cc2)C1
2755,7.107492376693381,N[C@@H]1CCN(c2ccc(-c3ccc4c(c3)C(=O)N(C(c3ccccc3)c3ccccc3)C4)cc2)C1
2756,6.60870978039175,N[C@@H]1CCN(c2ccc(-c3ccc4c(c3)C(=O)N(Cc3ccccc3)C4)cc2)C1
2757,8.654464494613077,NC1CCN(Cc2ccn3ncnc(Nc4ccc5c(cnn5Cc5cccc(F)c5)c4)c23)CC1
2758,8.48106441618086,NC1CCN(Cc2ccn3ncnc(Nc4ccc5c(cnn5Cc5cccnc5)c4)c23)CC1
2759,7.2411618751889,N#Cc1cnc2c(Cl)cc(NC(c3cccnc3)c3cccnc3)cc2c1N
2760,8.522624031536662,N#Cc1ccc(Nc2c(C#N)cnc3c(Cl)cc(NC(C4=CN(CC(=O)O)C4)c4cccnc4)cc23)cc1
2761,6.694097291117819,NC1CCN(c2ccc(-c3ccc4c(c3)C(=O)N(Cc3ccccc3)C4)cc2)CC1
2762,7.949671635893982,Nc1nccn2c(C3CCC3)nc(-c3ccc4ccc(-c5ccccc5)nc4c3)c12
2763,8.013961490379542,Nc1nccn2c1c(-c1ccc3ccc(-c4ccccc4)nc3c1)nc2[C@H]1C[C@@H](CN2CCC2)C1
2764,7.668849623803848,Nc1ncnc2c1c(-c1cccc(O)c1)cn2C1CCC1
2765,7.247756848982805,Nc1ncnc2c1c(-c1cccc(O)c1)cn2[C@H]1C[C@@H](CN2CCC2)C1
2766,7.865543663531552,Nc1ncnc2c1c(-c1cccc(OCc3ccccc3)c1)cn2C1CCCC1
2767,7.607658616507465,Nc1ncnc2c1c(-c1cccc(OCc3ccccc3)c1)cn2[C@H]1CC[C@H](CN2CCC2)CC1
2768,8.469228025059351,O=C(Nc1cc2c(Nc3ccc(F)c(Cl)c3)ncnc2cc1OCC1CCOCC1)N1CCC(F)(F)CC1
2769,8.422960974919265,O=C(Nc1cc2c(Nc3ccc(F)c(Cl)c3)ncnc2cc1OC[C@@H]1COCCO1)N1CCC(F)(F)CC1
2770,8.422960974919265,O=C(Nc1cc2c(Nc3ccc(F)c(Cl)c3)ncnc2cc1OC[C@H]1COCCO1)N1CCC(F)(F)CC1
2771,8.400232707289483,O=C(Nc1cc2c(Nc3ccc(F)c(Cl)c3)ncnc2cc1OC[C@H]1COCCO1)N1CCC(F)CC1
2772,8.54069291685068,O=C(Nc1cc2c(Nc3ccc(F)c(Cl)c3)ncnc2cc1OCC1[C@H]2COC[C@@H]12)N1CC[C@H](O)C1
2773,8.544222798286912,O=C(Nc1cc2c(Nc3ccc(F)c(Cl)c3)ncnc2cc1OCC1[C@H]2COC[C@@H]12)N1CCC(F)(F)CC1
2774,8.726865775636917,CN1CCN(Cc2ccn3ncnc(Nc4ccc5c(cnn5Cc5cccc(F)c5)c4)c23)CC1
2775,10.27040398040818,CN1CC=C(c2cc3c(-c4cn(C5CC(=O)C5)nc4-c4ccc(F)cc4)ncnc3o2)CC1
2776,9.961930488349022,CC(=O)N1CC=C(c2cc3c(-c4cn(C5CCN(C(C)=O)CC5)nc4-c4ccc(F)cc4)ncnc3o2)CC1
2777,8.65696520977516,N#Cc1cnc2c(Cl)cc(N[C@H](C(=O)NCCN)c3csc4c3CCNC4)cc2c1Nc1ccc(Cl)c(Cl)c1
2778,8.192686061943265,N#Cc1cnc2c(Cl)cc(N[C@H](C(=O)O)c3csc4c3CCNC4)cc2c1Nc1ccc(Cl)c(Cl)c1
2779,8.532489027848102,N#Cc1cnc2c(Cl)cc(N[C@H](C(=O)NCCN)c3csc4c3CCNC4)cc2c1Nc1cccc(Cl)c1
2780,8.550309020176801,N#Cc1cnc2c(Cl)cc(N[C@H](C(=O)NCCN)c3csc4c3CCOC4)cc2c1Nc1cccc(Cl)c1
2781,8.845356475028861,N#Cc1cnc2c(Cl)cc(N[C@H](C(=O)NCCN)c3csc4c3CCNC4)cc2c1Nc1ccc(F)c(Cl)c1
2782,8.96003287724931,N#Cc1cnc2c(Cl)cc(N[C@H](C(=O)NCCN)c3csc4c3CCN(C3CC3)C4)cc2c1Nc1ccc(F)c(Cl)c1
2783,8.261709217970141,O=C(Nc1ccccc1)N1CCc2c(sc3ncnc(N[C@H](CO)c4ccccc4)c23)C1
2784,8.73186550290186,O=C(CCN1CCCCC1)N1CCc2c(sc3ncnc(Nc4ccc(Cl)c(Cl)c4)c23)C1
2785,8.60286782138939,O=C(NC12CC3CC(CC(C3)C1)C2)N1CCc2c(sc3ncnc(Nc4ccc(F)c(Cl)c4)c23)C1
2786,8.252354350194633,O=C(Nc1ccc(F)c(Cl)c1)N1CCc2ncnc(Nc3ccc(F)c(Cl)c3)c2C1
2787,8.471932556029833,O=C(Nc1ccc(F)c(Cl)c1)N1CCc2ncnc(Nc3cccc(Br)c3)c2C1
2788,7.74480646976647,CC(=O)N1CCc2ncnc(Nc3ccc(F)c(Cl)c3)c2C1
2789,8.325461333687734,O=C(Nc1ccc(F)cc1Cl)N1CCc2ncnc(Nc3ccc(F)c(Cl)c3)c2C1
2790,8.48131273390831,O=C(Nc1ccc(F)cc1Cl)N1CCc2ncnc(Nc3cccc(Br)c3)c2C1
2791,8.676615995309346,CN(C)C1CCN(Cc2ccn3ncnc(Nc4ccc5c(cnn5Cc5cccc(F)c5)c4)c23)CC1
2792,8.56402920027769,CN(CCO)Cc1ccn2ncnc(Nc3ccc4c(cnn4Cc4cccc(F)c4)c3)c12
2793,8.381360794778702,O=C(CN1CCC(O)CC1)Nc1cc2c(Nc3ccc(F)c(Cl)c3)ncnc2s1
2794,8.454315683216441,O=C(CN1CCC(CO)CC1)Nc1cc2c(Nc3ccc(F)c(Cl)c3)ncnc2s1
2795,7.393671258612692,NC1CCN(c2ccc(-c3ccc4c(c3)C(=O)N([C@H](c3ccccc3)c3ccccc3O)C4)cc2)CC1
2796,7.502992736568789,NC1CCN(c2ccc(-c3ccc4c(c3)C(=O)N([C@H](c3ccccc3)c3ccccn3)C4)cc2)CC1
2797,8.498390891028286,Cc1c(Oc2ccc(Nc3ncnn4ccc(CN5CCC(N)CC5)c34)c(F)c2)ccc2c1OCO2
2798,8.784339345079951,Cc1c(Oc2ccc(Nc3ncnn4ccc(CN5CCC(N)CC5)c34)c(F)c2)ccn2ncnc12
2799,8.713576504826115,NC1CCN(Cc2ccn3ncnc(Nc4ccc(F)c(Cl)c4)c23)CC1
2800,8.427061330247891,NC1CCN(Cc2ccn3ncnc(Nc4ccc(Oc5cccc6ncccc56)c(C(F)(F)F)c4)c23)CC1
2801,8.307600002084984,NC1CCN(Cc2ccn3ncnc(Nc4ccc(Oc5cccc(C(F)(F)F)c5)c(Cl)c4)c23)CC1
2802,8.447632757902111,NC1CCN(Cc2ccn3ncnc(Nc4ccc5c(cnn5Cc5ccncc5)c4)c23)CC1
2803,8.57148463121043,NC1CCN(Cc2ccn3ncnc(Nc4ccc5c(cnn5Cc5ccccn5)c4)c23)CC1
2804,8.66921513155963,NC1CCN(Cc2ccn3ncnc(Nc4ccc(OCc5cccc(F)c5)c(Cl)c4)c23)CC1
2805,8.950712022287558,CN1CCC(n2cc([C@H](Nc3ccc4ncnc(Nc5ccc(F)c(Cl)c5)c4c3)c3ccccc3)nn2)CC1
2806,8.698248137640853,CN1CCC(n2cc([C@H](Nc3ccc4ncnc(Nc5cccc(Cl)c5)c4c3)c3ccccc3)nn2)CC1
2807,8.59319588124312,CC(C)(C)NC(=O)N1CCCC(n2cc(C(Nc3cc(Cl)c4ncnc(Nc5ccc(F)c(Cl)c5)c4c3)c3ccccc3)nn2)CC1
2808,8.469199395478752,N#Cc1cnc2c(Cl)cc(NC(c3cccnc3)c3cncnc3)cc2c1Nc1ccc(F)c(Cl)c1
2809,8.477076832542206,N#Cc1cnc2c(Cl)cc(NC(c3c[nH]cn3)c3cocn3)cc2c1Nc1ccc(Cl)c(Cl)c1
2810,8.35170895520474,N#Cc1cnc2c(Cl)cc(NC(c3cccnc3)c3cocn3)cc2c1Nc1ccc(Cl)c(Cl)c1
2811,8.473473779144596,N#Cc1ccc(Nc2c(C#N)cnc3c(Cl)cc(NC(C4=CN(C(=O)CN)CC4)c4cccnc4)cc23)cc1
2812,7.546142728192352,O=C1c2cc(-c3ccncc3)ccc2CN1C(c1cc2ccccc2[nH]1)c1cc2ccccc2[nH]1
2813,7.05604966328397,O=C1c2cc(-c3ccccc3)ccc2CN1C(c1cc2ccccc2[nH]1)c1cc2ccccc2[nH]1
2814,8.71721183312898,COC1CNCCN(Cc2ccn3ncnc(Nc4ccc5c(cnn5Cc5cccc(F)c5)c4)c23)C1
2815,8.531971739282847,O=C(O)C1CCN(Cc2ccn3ncnc(Nc4ccc5c(cnn5Cc5cccc(F)c5)c4)c23)CC1
2816,8.499430421284252,O=C1CN(Cc2ccn3ncnc(Nc4ccc5c(cnn5Cc5cccc(F)c5)c4)c23)CCN1
2817,8.606997317994914,OC1CCN(Cc2ccn3ncnc(Nc4ccc5c(cnn5Cc5cccc(F)c5)c4)c23)CC1
2818,8.9511377350855,OC1CCN(CCOc2n[nH]c3ncnc(Nc4ccc(OCc5ccccn5)c(Cl)c4)c23)CC1
2819,8.931618423534895,CN1CCN(CCCOc2n[nH]c3ncnc(Nc4ccc(OCc5ccccn5)c(Cl)c4)c23)CC1
2820,8.968199344546965,OC1CCN(CCOc2n[nH]c3ncnc(Nc4ccc(OCc5cccc(F)c5)c(Cl)c4)c23)CC1
2821,7.00535173684103,O=C(O)c1ccc(-c2ccc3c(c2)C(=O)N(Cc2ccccc2)c2cc(F)ccc2N3)cc1
2822,6.844804982909736,O=C1c2ccccc2Nc2ccc(F)cc2N1Cc1cccc2cc[nH]c12
2823,7.263871518189366,O=C1c2cc(-c3ccccc3)ccc2Nc2ccc(F)cc2N1Cc1cccc2cc[nH]c12
2824,7.14479420901627,O=C1c2cc(-c3ccccc3)ccc2Nc2ccc(F)cc2N1Cc1ccccn1
2825,7.08979896119461,O=C1c2cc(-c3ccc(F)cc3)ccc2Nc2ccc(F)cc2N1Cc1ccccn1
2826,7.034692674701547,CC(C)CN1C(=O)c2cc(-c3ccc(N4CCNCC4)cc3)ccc2Nc2ccccc21
2827,7.075111429000461,CC(C)CN1C(=O)c2cc(-c3ccc(N4CCOCC4)cc3)ccc2Nc2ccccc21
2828,7.759003696206874,Cc1ccc(-c2ccc3c(c2)C(=O)N([C@@H](c2cc4cc(F)ccc4[nH]2)c2cc(F)ccc2O)C3)cc1
2829,7.911772735221643,O=C1c2cc(-c3ccccc3)ccc2CN1C(c1cc2cc(F)ccc2[nH]1)c1ccccc1O
2830,8.482153590382746,O=C1c2cc(-c3ccncc3)ccc2CN1C(c1cc2cccnc2[nH]1)c1cc(Cl)ccc1O
2831,8.431460562201437,O=C1c2cc(-c3ccccc3)ccc2CN1C(c1cc2cccnc2[nH]1)c1cc(Cl)ccc1O
2832,8.550691208661913,Cc1ccc(-c2ccc3c(c2)C(=O)N([C@@H](c2cc4cccnc4[nH]2)c2cc(F)ccc2O)C3)cc1
2833,8.748051091691021,Cc1ccc(-c2ccc3c(c2)C(=O)N([C@@H](c2cc4cccnc4[nH]2)c2cc(F)ccc2O)C3)cn1
2834,7.634490437493748,O=C1c2cc(-c3ccc(OC(F)(F)F)cc3)ccc2CN1C(c1cc2ccccc2[nH]1)c1ccccc1O
2835,7.175391606733757,O=C1c2cc(C(F)(F)F)ccc2CN1C(c1ccc(-c2ccncc2)cc1)c1cc(Cl)ccc1O
2836,7.2451002300850025,O=C1c2cc(C(F)(F)F)ccc2CN1C(c1ccc(-c2cccnc2)cc1)c1cc(Cl)ccc1O
2837,8.21430205693565,O=C(Nc1ccccn1)C(c1ccccc1)N1Cc2ccc(-c3ccc(N4CCNCC4)cc3)cc2C1=O
2838,7.92067338502695,O=C(Nc1ccccn1)C(c1ccccc1)N1Cc2ccc(-c3ccc(N4CCCCC4)cc3)cc2C1=O
2839,7.171334382508848,O=C1c2cc(C(F)(F)F)ccc2CN1C(c1ccc(-c2ccncc2)cc1)c1cc(F)ccc1O
2840,6.9996417523817405,O=C1c2cc(C(F)(F)F)ccc2CN1C(c1ccc(-c2ccccc2)cc1)c1cc(F)ccc1O
2841,6.726353864903644,O=C1c2cc(-c3ccccc3)ccc2CN1C(c1ccccc1)c1ccccc1
2842,7.0945377666722305,O=C1c2cc(OCCCO)ccc2Nc2ccc(F)cc2N1Cc1ccccc1
2843,7.111132457412942,O=C1c2cc(Oc3ccc([N+](=O)[O-])cc3)ccc2Nc2ccc(F)cc2N1Cc1ccccc1
2844,8.822718165741225,OC[C@@H](Nc1ncnc2sc(-c3ccccc3)cc12)c1ccccc1
2845,9.014239863926495,OC[C@@H](Nc1ncnc2sc(-c3ccc(O)cc3)cc12)c1ccccc1
2846,8.769139918589845,CN1CCN(CCCOc2cc3ncnc(Nc4ccc(F)c(Cl)c4)c3cc2NC(=O)c2ccccc2)CC1
2847,8.8379815439943,O=C(Nc1cc2c(Nc3ccc(F)c(Cl)c3)ncnc2cc1OCCCN1CCC(O)CC1)c1ccccn1
2848,6.80125400659705,O=C(CCSC(=O)N1CCN(c2ccccc2)CC1)Nc1cccc(C(=O)c2ccccc2)c1
2849,6.837014516782353,O=C(CCSC(=O)N1CCN(c2ccccc2)CC1)Nc1cccc(C(=O)Nc2ccccc2)c1
2850,8.791889933267893,OC(COc1ncnc2ccccc12)CN1CCN(c2ccccc2)CC1
2851,8.564120705226914,OC(COc1ncnc2ccccc12)CN1CCN(c2ccc(F)cc2)CC1
2852,8.528796220242643,OC(COc1ncnc2ccccc12)CN1CCN(c2ccccc2F)CC1
2853,8.76306839964458,OC(COc1ncnc2ccccc12)CN1CCN(c2ccc(Cl)c(Cl)c2)CC1
2854,8.230709965960044,O=C(CCCCCN1CCN(Cc2ccc(-c3cc4c(N5CCNCC5)ncnc4[nH]3)cc2)CC1)NO
2855,8.187852684171974,O=C(CCCCCCN1CCN(c2ccc(-c3cc4c(N5CCNCC5)ncnc4[nH]3)cc2)CC1)NO
2856,8.285797488515216,O=C(Nc1cccc(Nc2ncnc3cc(OCCN4CCOCC4)ccc23)c1)Nc1cccc(C(F)(F)F)c1
2857,8.280574088216134,O=C(Nc1cccc(Nc2ncnc3cc(OCCCN4CCOCC4)ccc23)c1)Nc1cccc(C(F)(F)F)c1
2858,8.227263446341752,Nc1ncnc(Nc2ccc3c(cnn3Cc3cccc(Cl)c3)c2)c1/C=C/c1ccccn1
2859,8.191867441676331,CN1CCN(CC(=O)Nc2cc3c(Nc4ccc(F)c(Cl)c4)ncnc3s2)CC1
2860,7.331803730224869,N#Cc1cnc2sc3c(c2c1Nc1ccc(Cl)c(Cl)c1)CCNC3
2861,8.532129353239823,N#Cc1cnc2sc3c(c2c1Nc1ccc(Cl)c(Cl)c1)CCN(C(=O)CCN1CCCC1)C3
2862,8.870018750760414,O=C(CN1CCOCC1)N1CCc2c(sc3ncnc(Nc4ccc(F)c(Cl)c4)c23)C1
2863,6.960630352225544,O=C1NCCc2cc(Br)c(c(Br)c2)Oc2cc(cc(Br)c2O)CCNC(=O)/C1=N\O
2864,7.245932642116515,O=C1NCCc2ccc(O)c(c2)Oc2cc(N3CCOCC3)c(Cl)cc2/C1=N/O
2865,7.049657209563993,O=C1/C=C/c2cc(CO)ccc2Oc2cc(ccc2O)CCNC(=O)Oc2cc(cc(Cl)c2O)C1
2866,7.218817843932501,O=C1N/C=C/c2ccc(c(Br)c2)Oc2cc(cc(Br)c2O)CCNC(=O)/C1=N/O
2867,7.467756984912964,O=C1N/C=C/c2ccc(c(Br)c2)Oc2cc(ccc2O)CCNC(=O)/C(=N/O)Cc2ccc(c(Cl)c2)O1
2868,7.457140934992942,O=C1NCCc2[nH]c(-c3ccncc3)c(Nc3cccc(Cl)c3Cl)c21
2869,7.2465394920568045,O=C1NCCc2[nH]c(-c3ccncc3)c(Nc3ccccc3Cl)c21
2870,8.181085790839127,O=C(Nc1cc(-c2[nH]c3c(c2Nc2ccccc2Cl)C(=O)NCC3)ccn1)c1ccccc1
2871,8.501345309508995,O=C(Nc1cc(-c2[nH]c3c(c2Nc2cccc(F)c2Cl)C(=O)NCC3)ccn1)c1ccccc1
2872,7.267772029442983,O=C1NCCc2[nH]c(-c3ccncc3)c(Nc3ccc(F)cc3)c21
2873,8.477664924886538,O=C(Nc1cc(-c2[nH]c3c(c2Nc2ccccc2Cl)C(=O)NCC3)ccn1)c1cccc(F)c1
2874,7.580578562752817,O=C1NCCC2NC(c3ccncc3F)C(Nc3ccc(F)cn3)C12
2875,7.5254982993532815,O=C1NCCC2NC(c3ccncc3F)C(Nc3ccc(F)cc3)C12
2876,7.021390764596202,Nc1ncnc2c1c(-c1cccc(O)c1)nn2[C@H]1CCNC1
2877,8.320495266467244,O=C(O)C1=Cc2c(ncnc2Nc2ccc(Oc3cccc4ccccc34)c(Cl)c2)NCC1
2878,8.414009915282618,O=C(O)C1=Cc2c(ncnc2Nc2ccc(Oc3cccc(Cl)c3)c(Cl)c2)NCC1
2879,8.077625731550444,O=C(O)C1=Cc2c(ncnc2Nc2ccc(Oc3cccc(C(F)(F)F)c3)cc2)NC1
2880,8.241682326252729,O=C(O)C1=Cc2c(ncnc2Nc2ccc(Oc3cccc(C(F)(F)F)c3)c(Cl)c2)NC1
2881,8.55244755943614,N#Cc1cnc2c(Cl)cc(N[C@H](C(=O)O)c3cccc4c3CCN4)cc2c1Nc1cnc(F)c(F)c1
2882,8.163533988612915,O=C1c2cc(CN3CCCCC3)ccc2CN1C(c1cc2ccccc2[nH]1)c1cc(Cl)ccc1O
2883,7.955104646451062,O=C1c2ccc(C3CCNCC3)cc2CN1C(c1cc2ccccc2[nH]1)c1cc(Cl)ccc1O
2884,7.6414548902283315,O=C1c2cc(C3CCNCC3)ccc2CN1C(c1cc2cc(F)ccc2[nH]1)c1cccc2ccccc12
2885,7.514101979898838,O=C1c2cc(C3CCNCC3)ccc2CN1C(c1cc2ccccc2[nH]1)c1ccccc1F
2886,6.695490344248102,O=C1c2cc(C3CCNCC3)ccc2CN1C(c1ccccc1)c1ccccc1
2887,7.82282101562969,O=C(O)c1ccc2c(c1)C(=O)N(C(c1nc3ccccc3[nH]1)c1cc(Cl)ccc1O)C2
2888,6.873487798582019,O=C(O)c1ccc2c(c1)C(=O)N(C(c1cc(Cl)ccc1O)c1ccccc1F)C2
2889,8.471000366471836,O=C(c1ccc2c(c1)C(=O)N(C(c1nc3ccccc3[nH]1)c1cc(F)ccc1O)C2)N1CCCCC1
2890,7.250151431351128,O=C(c1ccc2c(c1)C(=O)N(C(c1cc(F)ccc1O)c1cc(F)ccc1O)C2)N1CCCCC1
2891,7.132809864886847,O=C1c2ccccc2CN1C(c1ccccc1)c1nc2ccccc2[nH]1
2892,7.00841473761594,Nc1ncnc2c1c(-c1ccccc1)nn2CC1CCNCC1
2893,8.740784566504901,N#Cc1cnc2c(Cl)cc(NC(c3cccnc3)c3csc4c3CCNC4)cc2c1Nc1ccc(F)c(Cl)c1
2894,8.898130090367381,N#Cc1cnc2c(Cl)cc(NC(C3=NCCN3)c3csc4c3CCNC4)cc2c1Nc1ccc(F)c(Cl)c1
2895,8.432162015292874,N#Cc1cnc2c(Cl)cc(N[C@H](C(=O)O)c3csc4c3CCNC4)cc2c1Nc1ccc(F)c(Cl)c1
2896,8.438129155236755,O=C(Nc1cccc(-c2nc3sccn3c2-c2ccnc(Nc3ccc4c(c3)CCNC4)n2)c1)c1ccccc1
2897,8.494939580076757,O=C(Nc1cccc(-c2nc3sccn3c2-c2ccnc(Nc3ccc4c(c3)CCNC4)n2)c1)C1CC1
2898,8.443431353604211,Cc1ccc(Nc2ncnc3ccc(-c4cnn(C5CCNCC5)c4)cc23)cc1
2899,8.2478126581654,Fc1ccc(Nc2ncnc3ccc(-c4ccccc4)cc23)cc1Cl
2900,8.492004069638146,c1cncc(Nc2ncnc3ccc(-c4cnn(C5CCNCC5)c4)cc23)c1
2901,8.420783578183022,c1ccc(Nc2ncnc3ccc(-c4cnn(C5CCNCC5)c4)cc23)cc1
2902,8.580164039116225,Cn1cc([C@H](Nc2ccc3ncnc(Nc4ccc(F)c(Cl)c4)c3c2)c2ccccc2)nn1
2903,8.649926872681421,CC(C)n1cc(C(Nc2cc(Cl)c3ncnc(Nc4ccc(F)c(Cl)c4)c3c2)c2ccccc2)nn1
2904,8.618117322489343,Cn1cc(C(Nc2cc(Cl)c3ncnc(Nc4ccc(F)c(Cl)c4)c3c2)c2ccccc2)nn1
2905,8.059641598288733,CC(Nc1cc(Cl)c2ncnc(Nc3ccc(F)c(Cl)c3)c2c1)c1ccccc1
2906,8.292311717092153,N#Cc1cnc2c(Cl)cc(NC(c3cccnc3)c3sccc3Cl)cc2c1Nc1ccc(F)c(Cl)c1
2907,8.421869747289598,N#Cc1cnc2c(Cl)cc(NC(C3=NCCN3)c3sccc3Cl)cc2c1Nc1ccc(F)c(Cl)c1
2908,8.55680738321331,N#Cc1cnc2c(Cl)cc(NC(c3cnc[nH]3)c3cc(Cl)cs3)cc2c1Nc1ccc(F)c(Cl)c1
2909,8.315918278026047,N#Cc1cnc2c(Cl)cc(NC(c3cccnc3)c3cc(Cl)cs3)cc2c1Nc1ccc(F)c(Cl)c1
2910,8.533181471093718,N#Cc1cnc2c(Cl)cc(NC(c3cnc[nH]3)c3ccc(Cl)s3)cc2c1Nc1ccc(F)c(Cl)c1
2911,8.305682501991718,N#Cc1cnc2c(Cl)cc(NC(c3cccnc3)c3ccc(Cl)s3)cc2c1Nc1ccc(F)c(Cl)c1
2912,8.50735288574328,N#Cc1cnc2c(Cl)cc(NC(c3cnc[nH]3)c3cccs3)cc2c1Nc1ccc(F)c(Cl)c1
2913,8.286954629228914,N#Cc1cnc2c(Cl)cc(NC(c3ccccn3)c3cccs3)cc2c1Nc1ccc(F)c(Cl)c1
2914,8.296011586798775,N#Cc1cnc2c(Cl)cc(NC(c3cncs3)c3cncs3)cc2c1Nc1ccc(F)c(Cl)c1
2915,8.445561287619185,N#Cc1cnc2c(Cl)cc(NC(c3ccsc3)c3cnc[nH]3)cc2c1Nc1ccc(F)c(Cl)c1
2916,8.364467895563141,N#Cc1cnc2c(Cl)cc(NC(c3cccnc3)c3ccsc3)cc2c1Nc1ccc(F)c(Cl)c1
2917,8.56975974637925,NCCCOCc1ccn2ncnc(Nc3ccc4c(cnn4Cc4cccc(F)c4)c3)c12
2918,8.667390548796075,Fc1cccc(COc2ccc(Nc3ncnn4ccc(COC[C@@H]5CNCCO5)c34)cc2Cl)c1
2919,8.450714766152794,C[C@@H](c1ccccc1)n1ncc2cc(Nc3ncnn4ccc(COC[C@@H]5CNCCO5)c34)ccc21
2920,9.18124973494988,COc1cc2ncnc(Nc3ccc(F)c(Cl)c3)c2cc1NC(=O)/C=C/CN1CCOCC1
2921,9.102208779853736,COc1cc2ncnc(Nc3ccc(F)c(Cl)c3)c2cc1NC(=O)/C=C/CN1CCCC1
2922,8.519267448743129,O=C(Nc1ccc2ncnc(Nc3ccc(OCc4ccccn4)c(Cl)c3)c2c1)C1CCNCC1
2923,8.617349624866819,O=C(/C=C/c1ccc2ncnc(Nc3ccc(OCc4ccccn4)c(Cl)c3)c2c1)N1CCOCC1
2924,8.561883028656434,O=C(Nc1ccc2ncnc(Nc3ccc(OCc4ccccn4)c(Cl)c3)c2c1)C1CNC1
2925,7.996199750758979,O=C(NCc1ccccc1)Nc1ccc2ncnc(Nc3ccc4c(cnn4Cc4cccc(F)c4)c3)c2c1
2926,8.57590976447616,O=C(Nc1ccc2ncnc(Nc3ccc4c(cnn4Cc4cccc(F)c4)c3)c2c1)C1CCNCC1
2927,8.842375733374677,CCn1cc(-c2ncnc3oc(C4CC4)cc23)c(-c2ccc(F)cc2)n1
2928,8.821404118971024,O=C(O)CN1CCC(Oc2cc3c(Nc4ccc(Cl)c(Cl)c4)ncnc3cc2OC2CCOC2)CC1
2929,8.819800613102505,O=C(O)CN1CCC(Oc2cc3ncnc(Nc4ccc(Cl)c(Cl)c4)c3cc2OC2CCOC2)CC1
2930,11.581194084311354,Oc1ccc(-c2nn([C@H]3CCOC[C@@H]3F)cc2-c2ncnc3oc(-c4ccccc4)cc23)cc1
2931,11.050076518532565,COc1ccc(-c2nn([C@H]3CCOC3)cc2-c2ncnc3oc(-c4ccc(F)cc4)cc23)cc1
2932,8.181991604664063,O[C@H]1CC[C@H](Nc2ncc3nc(Nc4ccc(F)cc4F)n(C4CCOCC4)c3n2)CC1
2933,8.241910798783087,O[C@H]1CC[C@H](Nc2ncc3nc(Nc4c(F)cc(F)cc4F)n(C4CCOCC4)c3n2)CC1
2934,7.266657625534935,Nc1ncnc2c1c(-c1cccc(O)c1)nn2[C@H]1CC[C@H](CO)CC1
2935,8.716349599303948,O=C(/C=C/c1ccco1)Nc1cc2c(Nc3ccc(Cl)c(Cl)c3)ncnc2cc1O[C@H]1CCOC1
2936,8.429565844355484,O=C(Nc1cc2c(Nc3ccc(Cl)c(Cl)c3)ncnc2cc1O[C@H]1CCOC1)N1CCC(F)(F)C1
2937,8.868272766305404,O=C(/C=C/c1ccco1)Nc1cc2c(Nc3ccc(F)c(Cl)c3)ncnc2cc1O[C@H]1CCOC1
2938,8.32324910940025,O=C(Nc1cc2c(Nc3ccc(F)c(Cl)c3)ncnc2cc1O[C@H]1CCOC1)N1CCC(F)(F)C1
2939,8.478980072430874,O=C(NCCN1CCOCC1)Nc1cc2c(Nc3ccc(F)c(Cl)c3)ncnc2cc1O[C@H]1CCOC1
2940,8.325853550823119,CN(C)CCNC(=O)Nc1cc2c(Nc3ccc(F)c(Cl)c3)ncnc2cc1O[C@H]1CCOC1
2941,8.823210410605926,O=S(=O)(Nc1cc2c(Nc3ccc(F)c(Cl)c3)ncnc2cc1O[C@H]1CCOC1)c1cccc(F)c1
2942,8.835707402807236,O=S(=O)(Nc1cc2c(Nc3ccc(F)c(Cl)c3)ncnc2cc1O[C@H]1CCOC1)c1ccccc1F
2943,8.41387721121855,O=C(Nc1cc2c(Nc3ccc(OCc4ccccn4)c(Cl)c3)ncnc2cc1O[C@H]1CCOC1)N1CCOCC1
2944,8.565034177600829,O=C(Nc1cc2c(Nc3ccc(OCc4ccccn4)c(Cl)c3)ncnc2cc1O[C@H]1CCOC1)N1CCC(F)(F)CC1
2945,9.470388753507356,COc1ccc(-c2nn(CC3CCNCC3)cc2-c2ncnc3oc(-c4ccc(C)cc4)cc23)cc1
2946,8.564250146640088,Fc1ccc(Nc2ncnc3cc4c(cc23)OCCO4)cc1Cl
2947,8.110421932641513,Fc1cccc(Nc2ncnc3cc4c(cc23)OCO4)c1
2948,8.27990845065886,COc1cc2ncnc(Nc3cccc(-c4ccccc4)c3)c2cc1OC
2949,8.327920776784298,Fc1ccc(-c2cccc(Nc3ncnc4cc5c(cc34)OCCO5)c2)cc1
2950,7.982147015101304,O=C(Nc1ccc2ncnc(Nc3cccc(Br)c3)c2c1)c1cccc([N+](=O)[O-])c1
2951,7.861211741657338,O=C(Nc1ccc2ncnc(Nc3cccc(Cl)c3)c2c1)c1cccc([N+](=O)[O-])c1
2952,8.407870566149786,Cc1cccc(Nc2ncnc3cc4c(cc23)NCCO4)c1
2953,8.477749480907715,Fc1cccc(Nc2ncnc3ccc4c(c23)OCCO4)c1
2954,8.601538101782143,Fc1ccc(Nc2ncnc3ccc4c(c23)OCCO4)cc1Cl
2955,8.428839449832907,Cc1ccc(C(=O)N2CCOc3cc4ncnc(Nc5ccc(F)c(Cl)c5)c4cc32)cc1
2956,8.546058251264794,O=C(COc1cccc2[nH]ccc12)N1CCOc2cc3ncnc(Nc4ccc(OCc5ccccn5)c(Cl)c4)c3cc21
2957,8.734011223376891,O=C([C@@H]1COCCN1)N1CCOc2cc3ncnc(Nc4ccc(OCc5ccccn5)c(Cl)c4)c3cc21
2958,8.188708895429949,Cc1cccc(Nc2ncnc3cc4c(cc23)OCO4)c1
2959,7.8954189852432,FC(F)(F)c1cccc(Nc2ncnc3cc4c(cc23)OCO4)c1
2960,8.027620146397977,FC(F)(F)c1cccc(Nc2ncnc3cc4c(cc23)OCCCO4)c1
2961,7.724421099338202,COc1cc2ncnc(Nc3cccc(C#N)c3)c2cc1OC
2962,8.358107542003353,Fc1ccc(-c2cccc(Nc3ncnc4cc5c(cc34)OCO5)c2)cc1
2963,8.382060283246044,FC(F)(F)c1cccc(Nc2ncnc3cc4c(cc23)OCCO4)c1
2964,6.556142914410504,COc1ccc(C2=NN(c3ccccc3)C(c3cccc(O)c3)C2)cc1OC
2965,6.609761981068937,COc1ccc(C2=NN(c3ccccc3)C(c3cccc(OCc4ccccc4)c3)C2)cc1OC
2966,7.007736570099116,COc1ccc(C2=NN(c3ccccc3)C(c3ccc(OCc4ccccc4)cc3)C2)cc1
2967,6.6188696196605745,COc1ccc(C2=NN(c3ccccc3)C(c3ccc(OCc4ccccc4)cc3)C2)cc1OC
2968,7.436153396309238,COc1cccc(Nc2ncnc3ccc(NC(=O)Nc4cccc(C(C)=O)c4)cc23)c1
2969,8.481797224549483,Fc1cc2c(cc1Cl)Nc1ncnc3ccc(cc13)OCCCO2
2970,7.578865494301041,COc1cc2c(cc1Cl)Nc1ncnc3ccc(cc13)OCCCCO2
2971,8.25594397933068,N#Cc1cnc2c(Cl)cc(NC(C3=NNC(=O)NC3)C3CC3)cc2c1Nc1ccc(Cl)c(Cl)c1
2972,8.33506875771545,N#Cc1cnc2c(Cl)cc(NC(c3n[nH]c(=O)[nH]3)C3CC3)cc2c1Nc1ccc(Cl)c(Cl)c1
2973,8.263803624559673,N#Cc1cnc2c(Cl)cc(NC(CC3CC3)C3=CNCCN3)cc2c1Nc1ccc(Cl)c(Cl)c1
2974,8.27144058202562,N#Cc1cnc2c(Cl)cc(NC(CC3CC3)c3nc[nH]n3)cc2c1Nc1ccc(Cl)c(Cl)c1
2975,8.88731819631029,O=S1(=O)CC(n2cc(-c3ncnc4oc(N5CCCC5)cc34)c(-c3ccccc3)n2)C1
2976,8.744402222205396,O=C(c1cccc(NS(=O)(=O)c2ccc(C(F)(F)F)cc2)c1)c1c[nH]c2ncnc(NC3CCOCC3)c12
2977,9.88648908224961,O=C(c1ccccc1)c1cc2c(-c3cn(C4CCOCC4)nc3-c3ccc(F)cc3)ncnc2o1
2978,9.35703680327377,N#Cc1cnc2c(Cl)cc(N[C@H](C3=CN(C4CCCC4)NN3)c3cccnc3)cc2c1NC1CCCC1
2979,8.888541196649065,N#Cc1cnc2c(Cl)cc(N[C@H](C3=CN(CC(F)(F)F)CN3)c3cccnc3)cc2c1NC1CCCC1
2980,8.239774115326204,COc1ccc2ncnc(Nc3ccc(OCc4ccccn4)c(Cl)c3)c2c1OC
2981,8.400477636986146,Clc1cc(Nc2ncnc3cccc(OCCN4CCCC4)c23)ccc1OCc1ccccn1
2982,8.758225750988075,O=C(O)Cc1c[nH]c2cc3ncnc(Nc4cccc(Br)c4)c3cc12
2983,8.928215704978602,O=C(Cc1c[nH]c2cc3ncnc(Nc4cccc(Br)c4)c3cc12)N1CCOCC1
2984,8.931022774321686,CN1CCN(C(=O)CN2Cc3cc4c(Nc5cccc(Br)c5)ncnc4cc32)CC1
2985,8.953453763143731,CN(C)CCCn1ncc2cc3c(Nc4cccc(Br)c4)ncnc3cc21
2986,8.5282306134038,O=C(O)Cn1ncc2cc3c(Nc4cccc(Br)c4)ncnc3cc21
2987,7.646512929420591,O=C(NO)c1ccccc1Nc1nc(Nc2ccccc2)ncc1Cl
2988,7.735921010741462,O=C(NO)c1ccccc1Nc1nc(Nc2cccc(O)c2)ncc1Cl
2989,8.038979407316392,O=C(O)c1ccccc1Nc1nc(Nc2ccc(N3CCOCC3)cc2)ncc1Cl
2990,7.893895494317602,O=C(O)c1ccccc1Nc1ccnc(Nc2ccc(N3CCOCC3)cc2)n1
2991,8.820432712612044,COC1CCN(Cc2cc3ncnc(Nc4ccc(OCc5cccc(F)c5)c(Cl)c4)c3s2)CC1
2992,8.49470328224146,COC1CCN(CCOc2ccc(Nc3ncnc4cc(C#C[C@H]5CCCN5)sc34)cc2Cl)CC1
2993,8.674150447023557,CN(C)CC#Cc1cc2ncnc(Nc3ccc(Oc4ccnc5ccc(F)cc45)c(Cl)c3)c2s1
2994,8.547171950496232,COC1CN(CC#Cc2cc3ncnc(Nc4ccc(Oc5ccnc6ccccc56)c(Cl)c4)c3s2)C1
2995,8.367261995824533,COC1CCN(Cc2cc3ncnc(Nc4ccc(OC(C)C)c(Cl)c4)c3s2)CC1
2996,8.711632598738552,COC1CCN(Cc2cc3ncnc(Nc4ccc(OCc5ccccn5)c(Cl)c4)c3s2)CC1
2997,8.673599756596083,COC1CCN(Cc2ccc(Nc3ncnc4cc(C#C[C@H]5CCCN5)sc34)cc2Cl)CC1
2998,8.343291291964379,CC(C)(O)C#Cc1cc2ncnc(Nc3ccc(Sc4ccccn4)c(Cl)c3)c2s1
2999,8.234479524388068,CC(C)(O)C#Cc1cc2ncnc(Nc3ccc(Sc4ccccc4)c(Cl)c3)c2s1
3000,8.223376618534228,CC(C)(O)C#Cc1cc2ncnc(Nc3ccc(Cc4ccccc4)cc3)c2s1
3001,8.303509030131151,CC(C)(O)C#Cc1cc2ncnc(Nc3ccc(F)c(Cl)c3)c2s1
3002,8.18625892377103,CN(C)CCOc1ccc(Nc2ncnc3cc(C#C[C@H]4CNCC[C@@H]4O)sc23)cc1
3003,8.362365698941938,CN1CCN(CCOc2ccc(Nc3ncnc4cc(C#C[C@H]5CNCCO5)sc34)cc2)CC1
3004,8.419972649996607,CN1CCN(CCOc2cc3ncnc(Nc4ccc5c(Oc6ccccc6)cccc5c4)c3s2)CC1
3005,8.785214095460933,CN1CCN(C2CCN(Cc3cc4ncnc(Nc5ccc6c(OCC7CC7)cccc6c5)c4s3)CC2)CC1
3006,8.65105908001364,CN(C)C1CCN(Cc2cc3ncnc(Nc4ccc5c(ccn5Cc5ccccc5)c4)c3s2)CC1
3007,7.668243252136084,CC(C)(O)C#Cc1cc2ncnc(Nc3ccc4c(c3)OCO4)c2s1
3008,8.501439090951305,CC(C)(O)C#Cc1cc2ncnc(Nc3ccc4c(ccn4Cc4ccccn4)c3)c2s1
3009,7.90893657642704,CC(C)(O)C#Cc1cc2ncnc(Nc3ccc4c(c3)OCCO4)c2s1
3010,8.665987352805717,CN(C)C1CCN(Cc2cc3ncnc(Nc4ccc5c(ccn5CCc5ccccc5)c4)c3s2)CC1
3011,8.510052461218757,CC(=O)N1CCN(Cc2cc3ncnc(Nc4ccc5c(ccn5C)c4)c3s2)CC1
3012,7.874905031061725,CC(=O)N1CCN(Cc2cc3ncnc(Nc4ccc5c(c4)CC(=O)N5)c3s2)CC1
3013,8.37159821766272,CN(C)C1CCN(C(=O)O[C@H]2CN[C@H](C#Cc3cc4ncnc(Nc5ccc6c(c5)OCO6)c4s3)C2)CC1
3014,8.78918286674929,CN1CCN(Cc2cc3ncnc(Nc4ccc5c(c4)c(F)cn5Cc4ccccc4)c3s2)CC1
3015,8.699958420590608,CN1CCN(C(=O)c2cc3ncnc(Nc4ccc5c(c4)c(F)cn5Cc4ccccc4)c3s2)CC1
3016,8.824528894489369,CN(C)C1CCN(Cc2cc3ncnc(Nc4ccc5c(cnn5Cc5cc(F)ccc5F)c4)c3s2)CC1
3017,8.629240500207738,CC(=O)N1CCN(CC#Cc2cc3ncnc(Nc4ccc5c(cnn5Cc5cccc(F)c5)c4)c3s2)CC1
3018,8.813011851292222,CN(C)C1CCN(Cc2cc3ncnc(Nc4ccc5c(cnn5Cc5cccc(F)c5)c4)c3s2)CC1
3019,8.651664002171959,CN(C)C1CCN(Cc2cc3ncnc(Nc4ccc5c(cnn5Cc5ccccc5)c4)c3s2)CC1
3020,8.416039581556694,CC(C)(O)C#Cc1cc2ncnc(Nc3ccc4c(cnn4Cc4ccccc4)c3)c2s1
3021,8.579582458371023,COC(=O)C1CCN(Cc2cc3ncnc(Nc4ccc5c(cnn5Cc5cccc(F)c5)c4)c3s2)CC1
3022,8.672258798548564,CN(C)C1CCN(C(=O)c2cc3ncnc(Nc4ccc5c(cnn5Cc5cccc(F)c5)c4)c3s2)CC1
3023,8.661633717312203,COC1CNC(C#Cc2cc3ncnc(Nc4ccc(OCc5cccc(F)c5)cn4)c3s2)C1
3024,8.450302384368005,COC1CNC(C#Cc2cc3ncnc(Nc4ccc(OCc5ccccc5)nc4)c3s2)C1
3025,8.853957048961652,CN(C)C1CCN(C(=O)O[C@H]2CN[C@H](C#Cc3cc4ncnc(NCc5cccc(F)c5)c4s3)C2)CC1
3026,9.068169124009401,CN1CCN(C2CCN(C(=O)O[C@H]3CN[C@H](C#Cc4cc5ncnc(NCc6cccc(F)c6)c5s4)C3)CC2)CC1
3027,8.55339911101192,CNC(=O)CO[C@@H]1CNC[C@@H]1C#Cc1cc2ncnc(Nc3ccc(OCc4ccccc4)c(Cl)c3)c2s1
3028,8.708853486318988,S=C(Nc1ccc2ncnc(Nc3cccc(Cl)c3)c2c1)N1CCOCC1
3029,8.856169366156221,S=C(Nc1ccc2ncnc(Nc3cccc(Br)c3)c2c1)N1CCOCC1
3030,8.726474915671353,O=C([C@@H]1COCCN1)N1CCOc2cc3ncnc(Nc4ccc(F)c(Cl)c4)c3cc21
3031,8.584209746934631,O=C(CO)N1CCOc2c1ccc1ncnc(Nc3ccc(OCc4ccccn4)c(Cl)c3)c21
3032,8.405421006398797,O=C(CO)N1CCOc2c1ccc1ncnc(Nc3cccc(OCc4ccccn4)c3)c21
3033,8.041535914347273,COc1cc2ncnc(Nc3ccc(Oc4ccccc4)cc3)c2cc1OCCCN1CCOCC1
3034,8.469186500540031,O=C(Nc1cc2c(Nc3ccc(F)c(Cl)c3)ncnc2cn1)C1CCCCC1
3035,7.759459920858916,CCOC(=O)CCCn1c(=O)oc2cc3ncnc(Nc4ccc(OCC)cc4)c3cc21
3036,9.061691638494235,O=C(Nc1nccs1)C(c1ncn2c1CCCC2)n1cc2c(Cl)cc(-c3ccc(N4CCOCC4)cc3)c(Cl)c2n1
3037,8.284366653730405,O=C1c2cc(-c3ccncc3)ccc2CN1C(c1cc2ccccc2[nH]1)c1cc(Cl)ccc1O
3038,6.996808029465201,O=C1c2cc(-c3ccccc3)ccc2CN1C(c1cc(F)ccc1O)c1ccccc1F
3039,7.805108595567932,O=C1c2ccccc2CN1C(c1ccc(-c2cccnc2)cc1)c1nc2ccccc2[nH]1
3040,7.086294505623478,N#Cc1ccc(-c2csc(N3N=C(c4ccc(N5CCOCC5)cc4)CC3c3ccccc3)n2)cc1
3041,7.212824772715614,COc1ccc(-c2csc(N3N=C(c4ccc(N5CCOCC5)cc4)CC3c3ccccc3)n2)cc1
3042,7.376545282648128,O=C(NO)c1ccccc1Nc1ccnc(Nc2ccccc2)n1
3043,8.481640756607538,O=C(Nc1cccc(-c2nc3sccn3c2-c2ccnc(Nc3ccc(N4CCOCC4)cc3)n2)c1)c1ccccc1
3044,8.481500275300343,O=C(Nc1cccc(-c2nc3sccn3c2-c2ccnc(Nc3ccc(N4CCOCC4)cc3)n2)c1)c1cccs1
3045,8.462978479155646,O=C(Nc1ccccc1)Nc1cccc(-c2nc3sccn3c2-c2ccnc(Nc3ccc(N4CCOCC4)cc3)n2)c1
3046,8.713767996193912,CN1CCN(c2ccc(Nc3nccc(-c4c(-c5cccc(NC(=O)C6CC6)c5)nc5n4CCS5)n3)cc2)CC1
3047,8.44081223631828,c1cc(-c2nc3n(c2-c2ccnc(Nc4ccc(N5CCOCC5)cc4)n2)CCS3)c2cccnc2c1
3048,8.479507296232892,O=C(Nc1cccc(-c2nc3sccn3c2-c2ccnc(Nc3cccc(N4CCOCC4)c3)n2)c1)c1ccccc1
3049,8.503215464342968,O=C(Nc1cccc(-c2nc3sccn3c2-c2ccnc(Nc3cccc(N4CCOCC4)c3)n2)c1)C1CC1
3050,8.918872190972158,N#Cc1cnc2c(Cl)cc(NC(c3csc(N4CCOCC4)n3)c3cnc[nH]3)cc2c1Nc1ccc(F)c(Cl)c1
3051,8.857710108018614,N#Cc1cnc2c(Cl)cc(NC(c3cccnc3)c3csc(N4CCOCC4)n3)cc2c1Nc1ccc(F)c(Cl)c1
3052,8.011556244736656,O=C(Nc1cc(N2CCOCC2)ncn1)c1ccc(Cl)c(Cl)c1
3053,7.86031065744406,O=C(Nc1cc(N2CCOCC2)ncn1)c1ccc(Cl)cc1
3054,7.281344848966916,O=C(O)CCC(=O)Nc1cc(N2CCCC2)ncn1
3055,7.772474076049825,O=C(O)CCCC(=O)Nc1cc(N2CCN(c3ccc(Cl)c(Cl)c3)CC2)ncn1
3056,7.462576560977557,NS(=O)(=O)c1ccc(Nc2nc(N3CCN(CCO)CC3)nc3nc[nH]c23)cc1
3057,7.692867138195833,NS(=O)(=O)c1ccc(Nc2nc(-c3ccccc3)nc3nc[nH]c23)cc1
3058,8.147398709568726,O=C(NO)c1ccccc1Nc1nc(Nc2ccc(N3CCOCC3)cc2)ncc1Cl
3059,8.753841965637735,O=C(CN1CCOCC1)Nc1ccc2ncnc(Nc3ccc(F)c(Cl)c3)c2c1
3060,8.953964607564112,O=C(CN1CCOCC1)Nc1ccc2ncnc(Nc3cccc(Br)c3)c2c1
3061,8.45889063955502,OC(COc1ncnc2ccccc12)CN1CCOCC1
3062,8.922347881020922,O=C(CCCN1CCOCC1)Nc1ccc2ncnc(Nc3ccc(F)c(Cl)c3)c2c1
3063,8.989465873892787,O=C(CCCN1CCOCC1)Nc1ccc2ncnc(Nc3cccc(Br)c3)c2c1
3064,7.823319518011944,O=C(Nc1ccccn1)c1ccc(Oc2ccnc3cc(NC(=O)C4CC4)ccc23)cc1
3065,7.844941025818405,O=C(Nc1ccccn1)c1ccc(Oc2ccnc3ccc(NC(=O)C4CC4)cc23)cc1
3066,8.892878819593692,O=C(CN1CCCCC1)Nc1cc2c(Nc3ccc(F)c(Cl)c3)ncnc2cn1
3067,8.900151122370097,O=C(CN1CCC(O)CC1)Nc1cc2c(Nc3ccc(F)c(Cl)c3)ncnc2cn1
3068,6.775221651373861,NC(=O)c1csc2nc(CN3CCOCC3)cn12
3069,7.305774608108336,NC(=O)c1csc2nc(CN3CCOCC3)c(-c3ccc(Cl)cc3)n12
3070,7.375818837487332,COc1ccc(-c2ccc3ncc(C#N)c(N[C@@H]4C[C@H]4c4ccccc4)c3c2)cc1OC
3071,7.0998467175527855,COc1ccc(-c2ccc3ncc(C#N)c(N[C@@H]4C[C@H]4c4ccccc4)c3c2)cc1
3072,12.053184350209982,O=S1(=O)CC(n2cc(-c3ncnc4oc(-c5ccccc5)cc34)c(-c3ccc(F)cc3)n2)C1
3073,7.10586998951576,COc1ccc(-c2ccc3c(N[C@@H]4C[C@H]4c4ccccc4)c(C#N)cnc3c2)cc1
3074,7.924350826609224,COc1ccc(-c2ccc3c(N[C@@H]4C[C@H]4c4ccccc4)c(C#N)cnc3c2)cn1
3075,8.174462962922716,COc1ccc(Nc2ncnc3nc(Nc4ccc(N5CCOCC5)cc4)sc23)cc1
3076,6.550785922354916,N#Cc1cnc(Nc2cccc(Br)c2)c2cc(NC(=O)c3ccco3)ccc12
3077,8.61847547450453,C#Cc1cccc(Nc2ncnc3ccc(NC(=O)CCCN4CCOCC4)cc23)c1
3078,8.888511752062891,CCN1CCN(CCc2ccc(Nc3nc4ncnc(Nc5ccc(F)c(Cl)c5)c4s3)cc2)CC1
3079,8.150900472837426,Nc1ncnc(Nc2ccc(OCc3ccccc3)c(Cl)c2)c1-c1nnc(C2CC2)o1
3080,8.095358441446363,Nc1ncnc(Nc2ccc(OCc3ccccc3)c(Cl)c2)c1-c1ccccn1
3081,8.212812623021453,OCCN(CCO)CCCCNc1ccccc1Nc1ncnc2ccncc12
3082,8.912904855917718,CN1CCN(c2ccc(Nc3ncnc4ccncc34)cc2NCCCCN2CCOCC2)CC1
3083,8.878353676261387,Brc1cccc(Nc2ncnc3cc4c(ccn4CCN4CCOCC4)cc23)c1
3084,9.043465145708035,Brc1cccc(Nc2ncnc3cc4[nH]ccc4cc23)c1
3085,8.743382574371282,O=c1oc2cc3ncnc(Nc4ccc(F)c(Cl)c4)c3cc2n1CCCN1CCOCC1
3086,8.419300751743256,O=c1oc2cc3ncnc(Nc4ccc(F)c(F)c4)c3cc2n1CCCN1CCOCC1
3087,8.827219946823682,O=C(Cc1cc2c(Nc3cccc(Br)c3)ncnc2cn1)NC1CCNCC1
3088,8.623620464569447,O=C(Cc1cc2c(Nc3cccc(Br)c3)ncnc2cn1)N1CCN(C(=O)C2CCCC2)CC1
3089,8.87705872989114,S=C(NCCN1CCOCC1)Nc1ccc2ncnc(Nc3cccc(Br)c3)c2c1
3090,8.829372879078136,S=C(NCCCN1CCOCC1)Nc1ccc2ncnc(Nc3cccc(Br)c3)c2c1
3091,8.514604309034254,CN(C)CCCNC(=O)Nc1ccc2ncnc(Nc3ccc(OCc4cccc(F)c4)c(Cl)c3)c2c1
3092,7.910460537167482,OCCNc1cccc(Nc2ncnc3ccncc23)c1
3093,8.541105485017493,OCCNc1cccc(Nc2ncnc3ccncc23)c1NCCCN1CCOCC1
3094,7.695785285049627,COc1cc2ncnc(Nc3ccc(OCc4cccc(N)c4)c(Cl)c3)c2cc1OC
3095,8.510143858619088,COc1cc2ncnc(Nc3ccc(C#N)c(Cl)c3)c2cc1OCCCN1CCOCC1
3096,8.500272069836136,N#Cc1ccc(Nc2ncnc3cc(OCCCN4CCOCC4)c(NC(=O)c4ccco4)cc23)cc1
3097,8.741249662596946,O=C1N[C@H](C(=O)Nc2cc3c(Nc4ccc(F)c(Cl)c4)ncnc3cc2OCCN2CCOCC2)CO1
3098,8.35549331451398,COc1cc2ncnc(Nc3ccc(F)c(Cl)c3)c2cc1NC(=O)c1ccccc1
3099,8.915925379285015,CN1CCN(CCCOc2cc3ncnc(Nc4ccc(F)c(Cl)c4)c3cc2NC(=O)c2ccco2)CC1
3100,8.657777058852288,CN1CCN(CCCOc2cc3ncnc(Nc4ccc(F)c(Cl)c4)c3cc2NC(=O)Nc2ccccc2)CC1
3101,8.850321720644555,O=C(Nc1cc2c(Nc3ccc(F)c(F)c3)ncnc2cc1OCCCN1CCC(O)CC1)c1cccs1
3102,8.711744128475052,O=C(Nc1cc2c(Nc3ccc(F)c(F)c3)ncnc2cc1OCCCN1CCC(O)CC1)c1ccccn1
3103,8.409435846017217,N#Cc1cccc(Oc2ccc(Nc3ncnc4cc(OCCCN5CCOCC5)c(NC(=O)c5ccco5)cc34)cc2Cl)c1
3104,8.320854361933055,N#Cc1cccc(Oc2ccc(Nc3ncnc4cc(OCCCN5CCOCC5)c(NC(=O)c5ccccc5)cc34)cc2Cl)c1
3105,8.669414839560877,O=C(Nc1cc2c(Nc3ccc(OCc4cccc(F)c4)c(Cl)c3)ncnc2cc1OCCCN1CCOCC1)C1CC1
3106,8.66760650215647,O=C(Nc1cc2c(Nc3ccc(OCc4cccc(F)c4)c(Cl)c3)ncnc2cc1OCCN1CCOCC1)C1CC1
3107,8.722122044920418,O=C(Nc1cc2c(Nc3ccc(OCc4ccccn4)c(Cl)c3)ncnc2cc1OCCCN1CCOCC1)C1CC1
3108,8.650031340538217,CN1CCN(CCCOc2cc3ncnc(Nc4ccc(F)cc4)c3cc2NC(=O)c2ccccc2)CC1
3109,8.653845571596998,O=C(Nc1cc2c(Nc3ccc(F)cc3)ncnc2cc1OCCCN1CCC(O)CC1)c1ccccc1
3110,8.059316672860076,COCCOc1cc2ncnc(Nc3ccc(F)c(C#N)c3)c2c2c1OCCO2
3111,8.164037382018133,O=C(Nc1ccccc1)c1ccc(OCCCN2CCOCC2)cc1O
3112,8.482510779914847,O=C(Nc1ccc([N+](=O)[O-])cc1Cl)c1ccc(OCCCN2CCOCC2)cc1O
3113,7.499312548982079,O=C(Nc1cccc(O)c1)c1ccc(OCCCN2CCOCC2)cc1OCc1ccccc1
3114,7.2813368543316335,O=C(Nc1ccccc1)c1ccc(OCCCN2CCOCC2)cc1OCc1ccccc1
3115,7.86356376401122,COc1ccc(Nc2ncc(Cl)c(Nc3ccccc3C(=O)NO)n2)cc1
3116,8.447813901425121,O=C(Nc1cccc(Nc2ncnc3cc(OCCCN4CCOCC4)ccc23)c1)c1cccc(C(F)(F)F)c1
3117,8.939801719791648,N#Cc1cnc2c(Cl)cc(NC(c3ccccn3)c3cn(CCN4CCOCC4)[nH]3)cc2c1Nc1ccc(F)c(Cl)c1
3118,8.923577422014482,N#Cc1cnc2c(Cl)cc(NC(c3cccnc3)c3cn(CCN4CCOCC4)[nH]3)cc2c1Nc1ccc(F)c(Cl)c1
3119,8.027862210125962,O=C(Nc1nc2ccccc2n1CCN1CCOCC1)c1ccc(OC(F)(F)F)cc1
3120,7.589008607957434,O=C(Nc1nc2ccccc2n1CCN1CCOCC1)c1cccc(-c2ccccc2)c1
3121,7.950338485690662,COc1cc(Nc2ncnc3sc(-c4ccc(NC(C)=O)cc4)cc23)ccc1Oc1cccc(C(F)(F)F)c1
3122,8.519575198477117,COc1cc(C(=O)NCCN(C)C)ccc1-c1cc2c(Nc3ccc(Oc4cccc(C(F)(F)F)c4)c(Cl)c3)ncnc2s1
3123,8.39191527117,N#Cc1cccc(COc2ccc(Nc3ncnc4ccc(NC(=S)NCCO)cc34)cc2Cl)c1
3124,8.57202626872616,CN1CCC(Nc2ccccc2Nc2ncnc3ccncc23)CC1
3125,8.244505911722804,Fc1ccc(Nc2ncnc3nc(NCc4ccccc4)sc23)cc1Cl
3126,8.364112533818613,Fc1ccc(Nc2ncnc3nc(NCCN4CCOCC4)sc23)cc1Cl
3127,8.189132986091076,Nc1ncnc(Nc2ccc(OCc3ccccc3)c(Cl)c2)c1C(=O)N1CCC1
3128,8.209731048152708,Fc1ccc(-c2[nH]c(SCCN3CCOCC3)nc2-c2ccnc(F)c2)cc1
3129,8.470473691316704,Fc1ccc(-c2[nH]c(SCCN3CCOCC3)nc2-c2ccnc(Oc3ccccc3)c2)cc1
3130,6.883178395595476,N=c1oc2ccccc2cc1C(=O)N=Nc1c(O)[nH]c2ccccc12
3131,7.017972574204268,N=c1oc2ccccc2cc1C(=O)N=Nc1c(O)[nH]c2ccc(Cl)cc12
3132,7.654551322286945,O=S(=O)(c1ccc2[nH]c(O)c(N=Cc3ccccc3)c2c1)N1CCOCC1
3133,7.328242028037054,O=S(=O)(c1ccc2[nH]c(O)c(N=C(c3ccccc3)c3ccccc3)c2c1)N1CCOCC1
3134,7.208844240512937,CN1CCN(S(=O)(=O)c2ccc3c(c2)C(=Nc2ccc(N=C4C(=O)Nc5ccccc54)cc2)C(=O)N3)CC1
3135,7.357856241629648,O=C1Nc2ccc(S(=O)(=O)N3CCOCC3)cc2C1=Nc1ccc(S(=O)(=O)N2CCOCC2)cc1
3136,7.405905275690479,O=C1Nc2ccc(S(=O)(=O)N3CCOCC3)cc2C1=Nc1ccc(C(F)(F)F)cc1
3137,7.3485085804686125,O=C1Nc2ccc(S(=O)(=O)N3CCOCC3)cc2C1=Nc1ccc(C(=O)O)cc1
3138,8.112065796180275,Fc1ccc(COc2ccc(Nc3ncnc4cc5c(cc34)OCCO5)cc2)cc1
3139,8.118526460422615,Fc1ccc(COc2ccc(Nc3ncnc4cc5c(cc34)OCO5)cc2)cc1
3140,9.478825225099841,CC(C)(C)OC(=O)N1CCC(n2cc(-c3ncnc4oc(-c5ccccc5)cc34)c(-c3ccccc3)n2)CC1
3141,9.612272959189907,CC(C)(C)OC(=O)N1CCC(Cn2cc(-c3ncnc4oc(-c5ccccc5)cc34)c(-c3ccccc3)n2)CC1
3142,9.828158691350891,O=C(c1ccccc1)c1cc2c(-c3cn(C[C@@H]4CCCO4)nc3-c3ccc(F)cc3)ncnc2o1
3143,10.085637878807779,O=S1(=O)CCC(n2cc(-c3ncnc4oc(-c5ccccc5)cc34)c(-c3ccccc3)n2)CC1
3144,11.25744534364101,O=S1(=O)CCC(n2cc(-c3ncnc4oc(-c5ccc(F)cc5)cc34)c(-c3ccc(F)cc3)n2)CC1
3145,8.647397297228679,O=C(c1ccccc1)c1cc2c(-c3cn([C@H]4C[C@@H](CO)C4)nc3-c3ccccc3)ncnc2o1
3146,9.317229637302585,O=C(c1ccc(-c2cc3c(-c4cn(C5CCNCC5)nc4-c4ccccc4)ncnc3o2)cc1)N1CCOCC1
3147,9.418668847424883,O=C(c1ccccc1)c1cc2c(-c3cn(C4CCNCC4)nc3-c3ccc(F)cc3)ncnc2o1
3148,8.407797146818915,CN(C)CCNC(=O)c1ccc2ncnc(Nc3ccc(OCc4cccc(F)c4)c(C(F)(F)F)c3)c2c1
3149,8.02976107456008,COc1ccc(Nc2ncnc3ccc(-c4ccc(CN5CCN(C)CC5)cc4)cc23)cc1OC
3150,8.682282625062024,O=C(O)C1CCN(Cc2ccc3ncnc(Nc4ccc(OCc5cccc(F)c5)c(Cl)c4)c3c2)CC1
3151,8.581454073813164,O=C(O)C1CCN(Cc2ccc3ncnc(Nc4ccc(OCc5ccccn5)c(Cl)c4)c3c2)CC1
3152,8.39316332323872,COc1cc(Nc2ncnc3ccc(-c4ccc(CN5CCC(O)CC5)o4)cc23)ccc1OCc1ccccc1
3153,8.101961902902415,COc1cc(Nc2ncnc3ccc(-c4ccc(CN5CCC(O)CC5)cc4)cc23)ccc1OCc1ccccc1
3154,8.237287225060454,COc1ccc(Nc2ncnc3ccc(-c4ccc(CN5CCC(O)CC5)o4)cc23)cc1OC
3155,8.57773451196686,CN(C)CCNC(=O)c1ccc(-c2ccc3ncnc(Nc4ccc(OCc5ccccc5)c(Cl)c4)c3c2)o1
3156,8.526865654124455,CN(C)CCNC(=O)c1cc2c(Nc3ccc(OCc4cccc(F)c4)cc3)ncnc2cn1
3157,8.700369318930527,OCCNCc1ccc(-c2cc3c(Nc4ccc(OCc5cccc(F)c5)cc4)ncnc3cn2)o1
3158,8.290508133042554,N#Cc1cnc2cc(OCCN3CCOCC3)c(NCc3ccccc3)cc2c1Nc1ccc(F)c(Cl)c1
3159,8.384820179132575,O=C(Nc1ccc2ncnc(Nc3ccc(F)c(Cl)c3)c2c1)C1CCSCC1
3160,8.617212979349121,O=C(Nc1ccc2ncnc(Nc3ccc(F)c(Cl)c3)c2c1)C1CCS(=O)(=O)CC1
3161,7.867393213726237,N#Cc1cnc2cc(OCCN3CCOCC3)c(NCc3ccccc3)cc2c1Nc1ccc(OCc2ccccc2)c(Cl)c1
3162,8.295348026128337,N#Cc1cnc2c(Cl)cc(N[C@H](C3=NCCN3)c3cccc4c3SCO4)cc2c1Nc1ccccc1
3163,8.518128855749472,N#Cc1cnc2c(Cl)cc(N[C@H](C3=NCCN3)c3cccc4c3SCCN4)cc2c1Nc1ccccc1
3164,8.404631433313002,COc1cccc(-c2c(-c3ccccc3)oc3ncnc(N[C@H](CO)c4ccccc4)c23)c1
3165,7.487983344507547,O=C(CSc1nc2ccccc2c(=O)n1Cc1ccc2c(c1)OCO2)NCc1ccccc1
3166,7.451497078140992,O=C(CSc1nc2ccccc2c(=O)n1Cc1ccc2c(c1)OCO2)Nc1ccccc1
3167,7.859255919641283,O=C(CSc1nc2ccccc2c(=O)n1Cc1ccc2c(c1)OCO2)NC1CCCCC1
3168,7.308737617236014,Nc1[nH]n2c(=O)cc(-c3ccccc3)nc2c1N=C(c1ccccc1)c1ccccc1
3169,7.183538994614254,Nc1[nH]n2c(=O)cc(-c3ccccc3)nc2c1NC(=O)c1ccccc1
3170,6.75170236834631,Cc1ccc(NC(=S)Nc2c3ccccc3nc3ccccc23)cc1
3171,6.79933155257456,COc1ccc(NC(=S)Nc2c3ccccc3nc3ccccc23)cc1
3172,7.136906593324559,Cc1ccc(NC(=S)Nc2ccc(S(=O)(=O)Nc3ccccn3)cc2)cc1Cl
3173,7.189528073644069,O=S(=O)(Nc1ccccn1)c1ccc(NC(=S)Nc2ccc(Cl)cc2)cc1
3174,7.046606611408995,O=S(=O)(Nc1nccs1)c1ccc(NC(=S)Nc2ccc(Cl)cc2)cc1
3175,7.125523870837436,O=S(=O)(Nc1nccs1)c1ccc(NC(=S)Nc2cccc(Cl)c2)cc1
3176,6.932664854870721,COc1ccc(NC(=S)NN=C(c2ccccc2)c2ccccc2)cc1
3177,6.79568489859608,O=C(NNC(=S)NN=C(c1ccccc1)c1ccccc1)c1ccccc1
3178,6.01238972653786,S=C(NNc1ccccc1)Nc1ccccc1
3179,6.706760872546098,S=C(NNc1ccc(Cl)cc1)Nc1ccc2c(c1)OCCO2
3180,7.853596117721726,COc1cc2nccc(Nc3ccc(F)c(Cl)c3)c2cc1OC(=O)CN1CCCC1
3181,8.040800594791046,COc1cc2nccc(Nc3ccc(F)c(Cl)c3)c2cc1NC(=O)CN1CCCC1
3182,7.518753500107659,COC(=O)c1cccc(Nc2nc(Nc3ccc(OC)c(OC)c3)ncc2F)c1
3183,8.439289114478946,CC(=O)c1cccc(Nc2nc(Nc3ccc(OCCN4CCOCC4)cc3)ncc2F)c1
3184,8.012098747540355,CNC(=O)C(=O)c1cccc(Nc2ncc(F)c(Nc3cccc(OC)c3)n2)c1
3185,7.857495874041286,CNC(=O)C(=O)c1cccc(Nc2ncc(F)c(Nc3cccc(C(=O)N4CCOCC4)c3)n2)c1
3186,8.160777460885667,CNC(=O)COc1ccc(Nc2ncc(F)c(Nc3ccc(C(=O)C4CC4)cc3)n2)cc1
3187,7.958921846441306,CNC(=O)COc1ccc(Nc2ncc(F)c(Nc3ccc(OC(F)F)cc3)n2)cc1
3188,8.260072834038233,CNC(=O)COc1ccc(Nc2ncc(F)c(Nc3ccc(N4CCOCC4)cc3)n2)cc1
3189,8.383852436680707,CNC(=O)Cc1cccc(Nc2nc(Nc3ccc(N4CCOCC4)cc3)ncc2F)c1
3190,8.043335304416564,CNC(=O)C(=O)Cc1cccc(Nc2ncc(F)c(Nc3cccc(OC)c3)n2)c1
3191,8.213773704990771,CNC(=O)Cc1ccc(Nc2ncc(F)c(Nc3ccc(N4CCOCC4)cc3)n2)cc1
3192,7.9886392410327085,CNC(=O)Cc1ccc(Nc2ncc(F)c(Nc3ccc(OCC(=O)N(C)C)cc3)n2)cc1
3193,8.584498266523848,Brc1cccc(Nc2ncnc3ccc(-c4ccco4)cc23)c1
3194,8.081681497209347,C#Cc1cccc(Nc2ncnc3cnc(CC(=O)OCC)cc23)c1
3195,8.152750203056305,Nc1ncnc2c1c(C(=O)Nc1nc3cc(Cl)ccc3o1)nn2[C@H]1CCCN(C(=O)CC2CC2)C1
3196,9.114261820631759,O=C(Nc1cc2c(Nc3ccc(F)c(Cl)c3)ncnc2cc1OCCCN1CCOCC1)C1CCCC1
3197,9.104951119702125,O=C(Nc1cc2c(Nc3ccc(F)c(Cl)c3)ncnc2cc1OCCCN1CCC(O)CC1)C1CCCCC1
3198,8.894188765502566,C#CCNCCOc1cc2ncnc(Nc3ccc(Br)cc3F)c2cc1NC(=O)CNC(C)C
3199,8.398253810310818,C=CC(=O)Nc1cc(Nc2nccc(Nc3cn(C)c4ccccc34)n2)ccc1OC
3200,8.780985885748498,C=CC(=O)Nc1cc(Nc2nccc(Nc3ccnc(C)n3)n2)c(OC)cc1N(C)CCN(C)C
3201,8.560261541533663,C=CC(=O)Nc1cc(Nc2nccc(Nc3ccnc(C)n3)n2)c(OC)cc1N(C)C
3202,7.052448868949489,C=C(C)CN1C(=O)C(=C)S/C1=N\N=c1/scc(C)n1C
3203,7.782150563571804,C=C(C)CN1C(=O)C(=C)S/C1=N\N=c1/scc(O)n1C
3204,7.291508625537306,CC(C)Cn1c(O)c(CN(C)C)sc1=N/N=c1\scc(O)n1C
3205,7.4656904776206545,C=C(C)Cn1c(O)c(CN(C)C)sc1=N/N=c1\scc(O)n1C
3206,7.266346574795565,COc1ccc(Nc2ncc(C(F)(F)F)c(N[C@@H]3CCC[C@H](C(=O)O)C3)n2)cc1
3207,7.415662116084237,COc1ccc(Nc2ncc(C(F)(F)F)c(N[C@@H]3CCC[C@H](C(=O)O)C3)n2)cc1OC
3208,7.867758789991549,CC(C)=CC(=O)c1cccc(Nc2ncc(F)c(Nc3cccc(C(=O)O)c3)n2)c1
3209,7.626714444233047,CC(C)=CC(=O)c1cccc(Nc2nc(Nc3cccc(C(=O)O)c3)ncc2C)c1
3210,7.866786136827862,CC(C)=CC(=O)c1cccc(Nc2nc(Nc3cccc(C(=O)O)c3)ncc2F)c1
3211,7.879153606347328,CC(C)=CC(=O)c1cccc(Nc2ncc(F)c(Nc3ccc(C(=O)O)cc3)n2)c1
3212,7.935834225641347,CC(C)=CC(=O)c1cccc(Nc2nc(Nc3cccc(O)c3)ncc2F)c1
3213,7.933823191611801,CC(C)=CC(=O)c1cccc(Nc2ncc(F)c(Nc3cccc(O)c3)n2)c1
3214,7.69646012894514,CC(C)=CC(=O)c1ccc(Nc2ncc(F)c(Nc3ccc(C(=O)O)cc3)n2)cc1
3215,7.669695094142028,CC(C)=CC(=O)c1ccc(Nc2ncc(F)c(Nc3ccc(C#N)cc3)n2)cc1
3216,7.605442821979713,CC(=O)c1ccc(Nc2ncc(F)c(Nc3ccc(C(=O)O)cc3)n2)cc1
3217,7.839068628142512,CC(C)=CC(=O)c1ccc(Nc2ncc(F)c(Nc3cccc(C(=O)O)c3)n2)cc1
3218,7.941850363745652,CC(C)=CC(=O)Nc1ccc(Nc2ncc(F)c(Nc3ccc(CC#N)cc3)n2)cc1
3219,7.927089267951061,CC(C)=CC(=O)Nc1ccc(Nc2ncc(F)c(Nc3ccc(C(=O)O)cc3)n2)cc1
3220,7.634820385783547,CC(C)(C)OC(=O)N1CCC(n2nc(C(=O)Nc3ccc4c(c3)OCO4)c3c(N)ncnc32)CC1
3221,7.7004763232698945,CC(C)(C)OC(=O)N1CCC(n2nc(C(=O)Nc3cccc(Cl)c3)c3c(N)ncnc32)CC1
3222,8.593264465354311,COc1cc(N2CCN(C(C)=O)CC2)c(F)cc1Nc1nccc(-c2cn(C)c3ccccc23)n1
3223,8.588051803415722,COc1cc(N2CCN(C(=O)CN)CC2)c(F)cc1Nc1nccc(-c2cn(C)c3ccccc23)n1
3224,8.789668670768776,COc1cc(N2CCN(C)CC2)c(N)cc1Nc1nc2c(c(-c3cn(C)c4ccc(F)cc34)n1)CSCC2
3225,8.847231126051444,COc1cc(N2CCN(C)CC2)c(N)cc1Nc1nc2c(c(-c3cn(C)c4ccc(F)cc34)n1)CS(=O)(=O)C2
3226,8.029161793251868,CC(=O)Nc1cc(Nc2nccc(-c3cn(C)c4ccccc34)n2)ccc1C
3227,7.9589321860637625,CC(C)=CC(=O)Nc1cc(Nc2nccc(-c3cn(C)c4ccccc34)n2)ccc1C
3228,7.274384171711461,CC(C)=CCC(O)C1=CC(=O)c2c(O)ccc(O)c2C1=O
3229,6.9480965978269085,COc1ccc(O)c2c1C(=O)C=C([C@H](O)CCc1ccccc1)C2=O
3230,7.462913088985059,CC(C)=CC[C@@H](OC(=O)/C=C/c1ccccc1)C1=CC(=O)c2c(O)ccc(O)c2C1=O
3231,7.447816606951719,CC(C)=CCC(OC(=O)/C=C/c1ccccc1)C1=CC(=O)c2c(O)ccc(O)c2C1=O
3232,8.753714479214198,COc1cc2c(Nc3ccc(Br)cc3F)ncnc2cc1OCC1CNCCO1
3233,8.770367535803482,COc1cc2c(Nc3ccc(Cl)cc3F)ncnc2cc1OCC1CNCCO1
3234,6.293537814223158,CC(C)=NNc1nc(-c2ccccc2)cs1
3235,6.427532174511572,CC(C)=NNc1nc(-c2ccc(Cl)cc2)c(C(=O)O)s1
3236,8.796655299787378,CC(=O)/C=C/c1ccc2ncnc(Nc3ccc(F)c(Cl)c3)c2c1
3237,9.242139776290964,CC(=O)/C=C/c1ccc2ncnc(Nc3cccc(Br)c3)c2c1
3238,8.815868691425107,CC(C)(C)CNc1c(C#N)cnc2c(Cl)cc(N[C@H](C3=CNCCN3)c3cccc4cnccc34)cc12
3239,8.658946735860814,CC(C)(C)CNc1c(C#N)cnc2c(Cl)cc(N[C@H](C3=NNC(=O)C3)c3cccc4cnccc34)cc12
3240,7.905365658631967,CC(=O)c1ccc(Nc2nccc(-c3cn(C)c4ccccc34)n2)cc1
3241,8.554598273604165,CC(=O)c1ccc(Nc2nccc(-c3cn(C)c4ccccc34)n2)cc1OCCN1CCOCC1
3242,7.045177418070573,CC(=O)Nc1c(C(C)=O)c(=O)n(C)c2nc(-c3ccc(Cl)cc3Cl)c(-c3ccc(Cl)cc3)cc12
3243,7.11512443288941,CC(=O)c1c(N(C)C)c2cc(-c3ccc(Cl)cc3)c(-c3ccc(Cl)cc3Cl)nc2n(C)c1=O
3244,6.9758334690355515,COc1cc2ncnc(Nc3cccc(NC(C)=O)c3)c2cc1OC
3245,8.300871479178644,COc1cc2ncnc(Nc3cccc(NC(C)=O)c3)c2cc1NC1CCN(C)CC1
3246,7.887944490093293,COc1cc2ncnc(Nc3cccc(C(C)=O)c3)c2cc1OC
3247,8.471664932784051,COc1cc2ncnc(Nc3cccc(C(C)=O)c3)c2cc1OCCCN1CCOCC1
3248,9.57769577270069,CC(=O)c1cc(N[C@H](C2=CN(C3CC3)NN2)c2cccc3ncsc23)cc2c(NCC(C)(C)C)c(C#N)cnc12
3249,9.441167740940367,CC(=O)c1cc(N[C@H](C2=CN(C(C)C)NN2)c2cccc3ncsc23)cc2c(NCC(C)(C)C)c(C#N)cnc12
3250,8.056439973275777,CC(=O)c1ccc(-n2cc(-c3nn(C4CCN(C(=O)OC(C)(C)C)CC4)c4ncnc(N)c34)nn2)cc1
3251,7.7935087697383745,CC(=O)N1CCC(n2nc(-c3cn(-c4ccc(OC(F)F)cc4)nn3)c3c(N)ncnc32)CC1
3252,6.685578847005191,O=c1c2ccc(Cl)cc2nc(-c2ccccc2)n1-c1ccccc1
3253,6.584922815621297,O=c1c2ccccc2nc(-c2ccccc2)n1-c1ccccc1
3254,8.51067018855252,C=CC(=O)Nc1cc(Nc2ncc(C(=O)O)c(-c3cnc4c(ccn4C)c3)n2)ccc1OC
3255,8.764147554507781,C=CC(=O)Nc1cc(Nc2ncc(C(=O)O)c(-c3cnc4c(ccn4C)c3)n2)c(OC)cc1N1CCOCC1
3256,8.22088629785436,CC(=O)c1cnc(Nc2ccc(N3CCOCC3)cc2)nc1Nc1cccc(NS(C)(=O)=O)c1
3257,8.299274060601057,CC(=O)c1cnc(Nc2ccc(N3CCOCC3)cc2)nc1Nc1cccc(NC(=O)CN(C)C)c1
3258,7.564705665193638,COc1cccc(Nc2nc(Nc3ccc(OC)nc3)ncc2C(C)=O)c1
3259,8.364941795119819,COc1ccc(Nc2ncc(C(C)=O)c(Nc3cccc(NC(=O)CN4CCOCC4)c3)n2)cn1
3260,7.954173860313451,CC(=O)Nc1cccc(Nc2nc(Nc3ccc(N4CCOCC4)cc3)ncc2C(C)=O)c1
3261,8.20865095492854,CC(=O)c1cnc(Nc2ccc(NCCO)nc2)nc1Nc1cccc(NS(C)(=O)=O)c1
3262,8.219269953860529,CC(=O)c1cnc(Nc2ccc(N3CCOCC3)cc2)nc1Nc1ccc2c(c1)OCCN2C
3263,8.717014702177329,CC(=O)c1cnc(Nc2ccc(N3CCOCC3)cc2)nc1Nc1ccc2c(c1)N(C(=O)CN1CCCC1)CCO2
3264,7.846864686715942,CC(=O)c1cnc(Nc2ccc(N3CCOCC3)cc2)nc1Nc1ccc2c(c1)OCCO2
3265,7.664681959769231,COc1ccc(Nc2ncc(C(C)=O)c(Nc3ccc4c(c3)OCCO4)n2)cc1
3266,7.321493292808652,COc1ccc(Nc2ncc(C(C)=O)c(Nc3cccc(OC)c3)n2)cc1
3267,8.122532947100593,CC(=O)c1cnc(Nc2ccc(OCCCN(C)C)cc2)nc1Nc1ccc2c(c1)OCCO2
3268,8.419870778138536,CC(=O)c1cnc(Nc2ccc(OCCCN(C)C)cc2)nc1Nc1ccc2c(c1)N(C(=O)CN(C)C)CCO2
3269,7.651138490924149,CC(=O)c1cnc(Nc2ccc3c(cnn3C)c2)nc1Nc1ccccc1
3270,8.059925516284297,CC(=O)c1cnc(Nc2ccc3c(cnn3C)c2)nc1Nc1cccc(OC(C)C)c1
3271,7.782308586200445,CC(=O)c1cnc(Nc2ccc3c(c2)CC(=O)N3)nc1Nc1ccc2c(c1)C(=O)CC2
3272,8.302094381389677,CC(=O)c1cnc(Nc2ccc3c(c2)CC(=O)N3)nc1Nc1ccc2c(c1)OCCN2C
3273,7.9106475705651205,CC(=O)c1cnc(Nc2ccc3[nH]ncc3c2)nc1Nc1ccc2c(c1)C(=O)CCC2
3274,8.049634887908296,CC(=O)c1cnc(Nc2ccc3[nH]ncc3c2)nc1Nc1ccc2c(c1)OCCO2
3275,7.905061900606755,CC(=O)c1cnc(Nc2ccc(N(C)C(C)=O)nc2)nc1Nc1ccccc1
3276,8.121887531542605,CC(=O)c1cnc(Nc2ccc(N(C)C(C)=O)nc2)nc1Nc1cccc(OC(F)(F)F)c1
3277,8.683536428021473,CC(=O)c1cnc(Nc2ccc(N3CCOCC3)cc2)nc1Nc1ccc2c(c1)N(C(=O)CN1CCC1)CCO2
3278,7.869184723793583,COc1ccc(Nc2ncc(C(C)=O)c(Nc3ccc4c(c3)OCCO4)n2)cn1
3279,8.410095542687799,CC(=O)c1cnc(Nc2ccc(OCCCN(C)C)cc2)nc1Nc1ccc2c(c1)N(C(C)=O)CCO2
3280,7.386849789942488,COc1ccc(Nc2ncc(C(C)=O)c(NC3CCN(S(C)(=O)=O)CC3)n2)cn1
3281,8.104112603833766,COc1ccc(Nc2ncc(C(C)=O)c(NC3CCN(C(=O)c4ccccc4)CC3)n2)cn1
3282,8.128980351170826,COc1ccc(Nc2ncc(C(C)=O)c(Oc3cccc(NC(=O)C4CCCC4)c3)n2)cn1
3283,8.2194197241321,COc1ccc(Nc2ncc(C(C)=O)c(Nc3cccc(NC(=O)C4CC4)c3)n2)cn1
3284,8.364762603047652,CC(C)C(C)Nc1cc(-c2nc(SCCCO)[nH]c2-c2ccc(F)cc2)ccn1
3285,8.890341611863601,CNCCCOc1cc2ncnc(Nc3ccc(Br)cc3F)c2cc1NC(=O)CN(C)C
3286,8.964697389613695,COCCCNCCOc1cc2ncnc(Nc3ccc(Br)cc3F)c2cc1NC(=O)CN(C)C
3287,9.104360033133311,COCCNCCOc1cc2ncnc(Nc3ccc(Br)c(F)c3F)c2cc1NC(=O)[C@@H]1CCCN1
3288,8.91247326078263,COCCNCCOc1cc2ncnc(Nc3ccc(Br)cc3F)c2cc1NC(=O)CN(C)C
3289,8.912841833193827,COCCNCCOc1cc2ncnc(Nc3ccc(Br)cc3F)c2cc1NC(=O)[C@@H](C)N
3290,8.973402167926796,CC(=O)Nc1cc2c(Nc3cc(Cl)c(Cl)cc3F)ncnc2cc1OCCN1CCN(C)CC1
3291,8.978049511691784,COCCNCCOc1cc2ncnc(Nc3cc(Cl)c(Cl)cc3F)c2cc1NC(=O)CN1CCOCC1
3292,8.58923364356076,COc1ccc(-n2c(=O)c(C3CCCCC3)nc3cnc(Nc4ccc(N5CCN(C)CC5)cc4)nc32)cc1
3293,8.298079373787013,COc1ccc(-n2c(=O)c(C3CCCCC3)nc3cnc(Nc4ccc(C(=O)N(C)C)cc4)nc32)cc1
3294,8.211853334361594,COc1cc(NC(C)=O)ccc1Nc1nccc(-c2cn3c4c(cccc24)CCC3)n1
3295,8.21479535715521,COc1cc(NC(C)=O)cc(Nc2nccc(-c3cn4c5c(cccc35)CCC4)n2)c1
3296,8.744451593185481,CN(C)CCOc1cc2ncnc(Nc3ccc(Br)cc3F)c2cc1NC(=O)[C@@H]1C[C@H]1C(N)=O
3297,8.960199971279595,CN(C)CCOc1cc2ncnc(Nc3ccc(Br)cc3F)c2cc1NC(=O)[C@@H]1CCCN1
3298,7.777956014002083,CC(=O)N[C@@H]1CC[C@@H](n2nc(-c3ccc(CNC(=O)c4ccccc4)cc3)c3c(N)ncnc32)C1
3299,7.761597984143656,CC(=O)N[C@@H]1CC[C@@H](n2nc(-c3ccc(CNC(=O)c4cccc(C(F)(F)F)c4)cc3)c3c(N)ncnc32)C1
3300,8.618345036785929,COc1cc2c(Nc3ccc(Cl)c(Cl)c3)ncnc2cc1O[C@@H]1CCO[C@H]1NC(C)=O
3301,8.58876326681218,COc1cc2c(Nc3ccc(Cl)c(Cl)c3)ncnc2cc1O[C@@H]1CCO[C@H]1C
3302,8.78018522381511,COc1cc2c(Nc3ccc(Br)cc3F)ncnc2cc1OCC1CCN(C)CC1
3303,8.841447235122807,COc1cc2c(Nc3ccc(Br)cc3F)ncnc2cc1OCCCN1CCOCC1
3304,8.60827431592524,COc1cc(N2CCN(C)CC2)ccc1Nc1nccc(-c2c[nH]c3ccccc23)n1
3305,8.608993283208585,COc1cc(N2CCN(C)CC2)ccc1Nc1nccc(-c2cn(C)c3ccccc23)n1
3306,8.52831779546869,COc1cc(N2CCN(C(C)=O)CC2)ccc1Nc1ncc(Cl)c(-c2cn(C)c3ccccc23)n1
3307,8.489838469705756,COc1cc(N2CCN(C(=O)CN)CC2)ccc1Nc1ncc(Cl)c(-c2cn(C)c3ccccc23)n1
3308,8.893998589782207,C=CC(=O)Nc1cccc(Nc2nc(Nc3ccc(N4CCN(C)CC4)cc3OC)ncc2C(F)(F)F)c1
3309,8.405938779987078,C=CC(=O)Nc1cccc(Nc2nc(Nc3ccc(N4CCOCC4)cc3)ncc2C(F)(F)F)c1
3310,10.225815616582423,CC(=O)N1CCC(n2cc(-c3ncnc4oc(C#CCN(C)C)cc34)c(-c3ccc(F)cc3)n2)CC1
3311,10.74391485542269,CC(=O)N1CCC(n2cc(-c3ncnc4oc(-c5ccc(C(C)(C)C)cc5)cc34)c(-c3ccc(F)cc3)n2)CC1
3312,9.407297008595291,CC(=O)N1CCC(n2cc(-c3ncnc4oc(-c5ccccc5)cc34)c(-c3ccc(C)cc3)n2)CC1
3313,9.627163179543357,CC(=O)N1CCC(n2cc(-c3ncnc4oc(-c5ccc(C#N)cc5)cc34)c(-c3ccccc3)n2)CC1
3314,8.791472375400348,C=CC(=O)Nc1cccc(Nc2nc(Nc3ccc(NC4CCN(C)CC4)cc3OC)ncc2C(F)(F)F)c1
3315,8.610142003804118,CNC(=O)c1cccc(Nc2nc(Nc3ccc(NC4CCN(C)CC4)cc3OC)ncc2C(F)(F)F)c1
3316,9.531595603251905,CC(=O)N1CC[C@H](n2cc(-c3ncnc4oc(-c5ccccc5)cc34)c(-c3ccccc3)n2)C1
3317,9.756840998665291,CC(=O)N1CC[C@H](n2cc(-c3ncnc4oc(-c5ccc(C#N)cc5)cc34)c(-c3ccccc3)n2)C1
3318,9.230554861470889,CC(=O)N1CCC(n2cc(-c3ncnc4oc(-c5ccccc5)cc34)c(-c3ccccc3)n2)CC1
3319,8.380914542543957,CNC(=O)c1ccc(Nc2ncc(C(F)(F)F)c(Nc3cccc(NC(C)=O)c3)n2)c(OC)c1
3320,8.196492591949342,CNC(=O)c1ccc(Nc2ncc(C(F)(F)F)c(Nc3cccc(NC(=O)CN(C)C)c3)n2)cc1
3321,8.335987990058301,COc1cc(C2=CCN(C(C)=O)CC2)ccc1Nc1ncc(Cl)c(Nc2ccccn2)n1
3322,8.280441515692184,COc1cc(C2=CCN(C(C)=O)CC2)ccc1Nc1ncc(C(F)(F)F)c(Nc2ccccn2)n1
3323,10.158086673503911,CC(=O)N1CCC(n2cc(-c3ncnc4oc(C5=CCCCC5)cc34)c(-c3ccc(F)cc3)n2)CC1
3324,11.519181081723918,CC(=O)N1CCC(n2cc(-c3ncnc4oc(-c5ccc(C)cc5)cc34)c(-c3ccc(F)cc3)n2)CC1
3325,9.992692334319726,CC(C)(O)Cn1cc(-c2ncnc3oc(C4=CCNCC4)cc23)c(-c2ccc(F)cc2)n1
3326,9.669432600037274,CC(=O)N1CC=C(c2nc3ncnc(-c4cn(C5CCCC5)nc4-c4ccc(F)cc4)c3[nH]2)CC1
3327,9.393828701990978,CC(=O)N1CCC(c2nc3ncnc(-c4cn(C5CC(=O)C5)nc4-c4ccc(F)cc4)c3[nH]2)CC1
3328,8.540970314851966,CC(=O)N1CCC(c2ccc3c(c2)nc(NC(=O)c2ccc(-c4ccccc4)s2)n3CC2CC2)CC1
3329,7.84722242791989,CC(=O)N1CCC(c2ccc3c(c2)nc(NC(=O)c2ccc(-c4ccccc4)cc2)n3CC2CC2)CC1
3330,8.789359637488957,COC(=O)N1CCC(Oc2cc3ncnc(Nc4ccc(Br)cc4F)c3cc2NC(=O)[C@@H](C)N(C)C)CC1
3331,8.740623003029514,COC(=O)N1CCC(Oc2cc3ncnc(Nc4ccc(Br)cc4F)c3cc2NC(=O)[C@@H](C)N)CC1
3332,8.224772565630252,CNC(=O)c1cccc(Nc2nc(Nc3ccc(C4CCN(C(C)=O)CC4)cc3OC)ncc2C(F)(F)F)c1
3333,8.311556342279017,CNC(=O)c1cccc(Nc2nc(Nc3ccc(C4CCN(C(C)=O)CC4)cc3OC)ncc2C#N)c1
3334,8.459178500119261,COc1cc(N2CCN(C(C)=O)CC2)ccc1Nc1ncc(Cl)c(Nc2ccccc2NS(C)(=O)=O)n1
3335,8.544429950880854,COc1cc(N2CCN(C(C)=O)CC2)ccc1Nc1ncc(Cl)c(Nc2cccc(NS(C)(=O)=O)c2)n1
3336,8.246323246895267,CNC(=O)c1cccc(Nc2nc(Nc3ccc(C4CCN(C(C)=O)CC4)cc3OC)ncc2C(F)(F)F)n1
3337,8.679087190803159,CNC(=O)c1cccc(Nc2nc(Nc3ccc(N4CCOCC4)cc3OC)ncc2C(F)(F)F)n1
3338,7.837665301586471,CC(C)(C)c1ccc(Nc2nc(N3CCC[C@@H](NC(=O)c4ccccc4)C3)nnc2C(N)=O)cc1
3339,8.752988383019941,Cn1cc(-c2cc(C(=O)Nc3nc4cc(C(=O)N5CCCC5)ccc4n3C3CCCCC3)cc(C(F)(F)F)n2)cn1
3340,8.9245197547328,CN1CCC(c2ccc3c(c2)nc(NC(=O)c2cc(-c4cnn(C)c4)ccc2F)n3C2CCCC2)CC1
3341,8.287596526699879,CC(=O)N1CCC(c2ccc3c(c2)nc(NC(=O)c2ccc(C#N)cc2)n3C2CCCCC2)CC1
3342,8.214992955419223,CN1CCC(c2ccc3c(c2)nc(NC(=O)c2ccc(C#N)cc2)n3C2CCCCC2)CC1
3343,8.292750878304705,CC(=O)N1CCC(c2ccc3c(c2)nc(NC(=O)c2ccc(C#N)cc2)n3C2CCCC2)CC1
3344,8.040017476297963,CN1CCC(c2ccc3c(c2)nc(NC(=O)c2ccc(F)cc2)n3C2CCCC2)CC1
3345,8.037229872508192,CN1CCC(c2ccc3c(c2)nc(NC(=O)c2ccc(Br)cc2)n3C2CCCC2)CC1
3346,8.849462221128585,CC(=O)N1CCC(COc2cc3ncnc(Nc4ccc(F)c(Cl)c4)c3cc2NC(=O)CN(C)C)CC1
3347,8.854004488080564,CC(=O)N1CCC(COc2cc3ncnc(Nc4ccc(F)c(Cl)c4)c3cc2NC(=O)CN2CCOCC2)CC1
3348,8.84001531132721,COC(=O)N1CCC(COc2cc3ncnc(Nc4ccc(Br)cc4F)c3cc2NC(C)=O)CC1
3349,8.812436617213677,COC(=O)N1CCC(COc2cc3ncnc(Nc4ccc(Br)cc4F)c3cc2NC(=O)[C@@H](C)N(C)C)CC1
3350,8.599449884709427,CC(=O)N1CCC(COc2cc3ncnc(Nc4c(F)cc(F)cc4F)c3cc2NC(=O)C2CC2)CC1
3351,8.777814966341063,CC(=O)N1CCC(COc2cc3ncnc(Nc4c(F)cc(F)cc4F)c3cc2NC(=O)CN2CCOCC2)CC1
3352,8.414268949026534,COc1cc(C2CCN(C(C)=O)CC2)ccc1Nc1ncc(Cl)c(Nc2ccccc2NS(C)(=O)=O)n1
3353,8.324295987327162,COc1cc(N2CCN(C(C)=O)CC2)ccc1Nc1ncc(Cl)c(Nc2ccccc2C(=O)O)n1
3354,8.782811541451487,COc1cc(OC2CCN(C(C)=O)CC2)c2c(Nc3ccc(F)c(Cl)c3)ncnc2c1
3355,8.802365152702755,COc1cc(OC2CCN(C)CC2)c2c(Nc3ccc(F)c(Cl)c3)ncnc2c1
3356,8.786695999391652,CN1CCN(CCC#Cc2cc3ncnc(Nc4ccc(OCc5cccc(F)c5)c(Cl)c4)c3s2)CC1
3357,8.738745670569974,CN1CCN(CC#Cc2cc3ncnc(Nc4ccc(OCc5cccc(F)c5)c(Cl)c4)c3s2)CC1
3358,9.91802525727765,CC(=O)N1CCC(n2cc(-c3ncnc4oc(C5=CCNCC5)cc34)c(-c3ccc(F)cc3)n2)CC1
3359,10.125276561887068,CC(=O)N1CCC(c2cc3c(-c4cn(CC(C)(C)O)nc4-c4ccc(F)cc4)ncnc3o2)CC1
3360,8.095979839406874,CNC(=O)c1cccc(Nc2nc(Nc3cccc4c3CC(=O)N4)ncc2C(F)(F)F)c1
3361,7.998867346511699,CNC(=O)c1cccc(Nc2nc(Nc3cccc4c3CC(=O)N4C)ncc2C(F)(F)F)c1
3362,8.539772943107002,COc1cc(N2CCN(C(C)=O)CC2)ccc1Nc1ncc(Cl)c(Nc2cccc3[nH]ccc23)n1
3363,8.405569594878655,COc1cc(N2CCN(C(C)=O)CC2)ccc1Nc1ncc(Cl)c(Nc2cccc3c2N(C)C(=O)C3)n1
3364,8.1592095317914,CN1CCN(c2ccc(Nc3ncc(Cl)c(Nc4ccccc4C(=O)N(C)C)n3)cc2)CC1
3365,8.295412649465009,CN1CCN(c2ccc(Nc3ncc(Cl)c(Nc4cccc(S(=O)(=O)NC(C)(C)C)c4)n3)cc2)CC1
3366,7.897549605179571,COc1cc2c(cc1Nc1ncc(C(F)(F)F)c(Nc3cccc(NC(C)=O)c3)n1)CCC2
3367,8.108275252515169,COc1cc2c(cc1Nc1ncc(C(F)(F)F)c(Nc3cccc(NS(C)(=O)=O)c3)n1)CCC2
3368,11.396165450747882,CC(C)(O)Cn1cc(-c2ncnc3oc(-c4ccc(F)cc4)cc23)c(-c2ccc(F)cc2)n1
3369,8.894197399423403,CC(=O)N1CCCC(Oc2cc3ncnc(Nc4ccc(Br)cc4F)c3cc2NC(=O)[C@@H](C)N(C)C)C1
3370,8.79995016234944,CC(=O)N1CCCC(Oc2cc3ncnc(Nc4ccc(Br)cc4F)c3cc2NC(=O)[C@@H](C)N)C1
3371,8.77128792337355,COC(=O)CNCCOc1cc2ncnc(Nc3ccc(Br)cc3F)c2cc1NC(=O)CN(C)C
3372,8.57008145523529,COc1cc(N2CCN(C(C)=O)CC2)ccc1Nc1ncc(Cl)c(Nc2cccc3c2N(C)C(=O)CC3)n1
3373,9.209302767347461,C=CC(=O)Nc1cccc(Nc2nc(Nc3ccc(N4CCOCC4)cc3OC)ncc2C(F)(F)F)c1
3374,8.320375880272655,COc1cc(N2CCCN(C(C)=O)CC2)ccc1Nc1ncc(SC)c(Oc2cccc(NC(=O)CC#N)c2)n1
3375,8.30263258612077,COc1cc(N2CCCN(C(C)=O)CC2)ccc1Nc1ncc(SC)c(Oc2ccccc2NC(C)=O)n1
3376,8.777838528663022,COC(=O)N1CCN(c2ccc(Nc3ncc(C(F)(F)F)c(Nc4cccc(NC(C)=O)c4)n3)c(OC)c2)CC1
3377,8.634844579724707,CNC(=O)c1cccc(Nc2nc(Nc3ccc(N4CCN(C(C)=O)CC4)cc3OC)ncc2C(F)(F)F)c1
3378,8.84177804332728,CC(=O)N1CCN(CCOc2cc3ncnc(Nc4ccc(Br)cc4F)c3cc2NC(=O)[C@@H](C)N(C)C)CC1
3379,8.587904336407028,CC(=O)Nc1cc2c(Nc3ccc(Br)cc3F)ncnc2cc1OCCNC(=O)N1CCN(C(C)=O)CC1
3380,8.169314101696605,COc1cccc(Nc2ncnc3ccc4c(c23)OCCN4C(=O)CCN2CCOCC2)c1
3381,7.994785865398708,CC(=O)N1CCN(c2ccc(Nc3ncc(Cl)c(Nc4ccccc4C(=O)N(C)C)n3)cc2)CC1
3382,8.034621947024268,CC(=O)N1CCN(c2ccc(Nc3ncc(Cl)c(Nc4ccccc4C(=O)N(C)C)n3)cc2Cl)CC1
3383,8.245183452053078,CNC(=O)c1cccc(Nc2nc(Nc3ccc(N4CCOCC4)cc3)ncc2C(F)(F)F)c1
3384,8.42761446625532,COc1cc(Nc2ncc(C(F)(F)F)c(Nc3cccc(C(=O)N(C)C)c3)n2)ccc1N1CCN(C)CC1
3385,8.476684105264477,COc1cc(N2CCN(C(C)=O)CC2)ccc1Nc1ncc(Cl)c(-c2c[nH]c3ccc(C#N)cc23)n1
3386,8.295209329293298,COc1cc(N2CCN(C(C)=O)CC2)ccc1Nc1ncc(C(F)(F)F)c(Nc2ccccc2)n1
3387,8.416954332664915,COc1cc(N2CCN(C(C)=O)CC2)ccc1Nc1ncc(Cl)c(Nc2cccc(NC(=O)CCN)c2)n1
3388,8.221393607297667,CN1CCN(c2ccc(Nc3ncc(Cl)c(Nc4cccc(NC(=O)C(C)(C)C)c4)n3)c(Cl)c2)CC1
3389,8.177220236658627,CC(=O)N1CCN(c2ccc(Nc3ncc(Cl)c(Nc4cccc(C(=O)NC(C)C)c4)n3)c(Cl)c2)CC1
3390,8.604228621136473,CNC(=O)c1cccc(Nc2nc(Nc3ccc(N4CCN(C)CC4)cc3OC)ncc2C(F)(F)F)c1
3391,8.636548323513452,CN1CCN(c2ccc(Nc3ncc(Cl)c(Nc4cccc(NC(=O)CN)c4)n3)c(OC(F)(F)F)c2)CC1
3392,8.288463560556282,CNC(=O)c1cccc(Nc2nc(Nc3ccc(N4CCN(C(C)=O)CC4)cc3OC)ncc2Cl)c1
3393,7.976387294199832,COc1cc(N2CCN(C(C)=O)CC2)ccc1Nc1ncc(Cl)c(Nc2cccc(NC(C)=O)c2)c1C
3394,8.070347156150888,COc1cc(N2CCN(C(C)=O)CC2)ccc1Nc1cc(Nc2cccc(NC(=O)CCO)c2)c(Cl)cn1
3395,8.00994713058862,COc1cc(N2CCN(C(C)=O)CC2)ccc1Nc1ncc(Cl)c(Nc2cccc(N)c2)n1
3396,8.401977526338008,COc1cc(N2CCN(C(C)=O)CC2)ccc1Nc1ncc(Cl)c(Nc2cccc(NC(=O)CCO)c2)n1
3397,8.97946371484979,CCN1CCN(c2ccc(Nc3ncc(Cl)c(Nc4cccc(NS(C)(=O)=O)c4)n3)c(OC)c2)CC1
3398,8.040545192060707,COc1cc(N2CCN(C(C)=O)CC2)ccc1Nc1ncc(Cl)c(Nc2ccccc2NC(C)=O)n1
3399,8.220571391973696,COc1cc(N2CCN(C(C)=O)CC2)ccc1Nc1ncc(Cl)c(Nc2cccc(NC(=O)CCN)n2)n1
3400,8.380010139384522,C=CC(=O)Nc1cccc(Oc2ccnc(Nc3ccc(N4CCN(C)CC4)cc3)n2)c1
3401,8.370855987042274,C=CC(=O)Nc1cccc(Oc2nc(Nc3ccc(N4CCN(C)CC4)cc3)ncc2C(F)(F)F)c1
3402,8.328825384935103,COc1cc(N2CCN(C(C)=O)CC2)ccc1Nc1ncc(Cl)c(Oc2cccc(NC(=O)CCO)c2)n1
3403,8.325984850095855,COc1cc(N2CCN(C(C)=O)CC2)ccc1Nc1ncc(Cl)c(Oc2cccc(NC(=O)CCC(=O)O)c2)n1
3404,8.32376993372425,COc1cc(N2CCN(C(C)=O)CC2)ccc1Nc1ncc(SC)c(Oc2cccc(NC(=O)CC#N)c2)n1
3405,8.370378810315444,COc1cc(N2CCN(C(C)=O)CC2)ccc1Nc1ncc(SC)c(Nc2cccc(NC(C)=O)c2)n1
3406,8.433683129471321,C=CC(=O)Nc1cccc(Oc2ccnc(Nc3ccc(N4CCN(C)CC4)cc3OC(F)F)n2)c1
3407,8.487604655090175,C=CC(=O)Nc1cccc(Oc2nc(Nc3ccc(N4CCN(C)CC4)cc3OC(F)F)ncc2Cl)c1
3408,7.812216626692293,COc1cc(N2CCN(C(C)=O)CC2)ccc1Nc1ncc2c(=O)n(C)c(=O)n(C)c2n1
3409,8.355753098250206,COc1cc(N2CCN(C(C)=O)CC2)ccc1Nc1ncc2c(=O)n(C)c(=O)n(-c3cccc(C)c3)c2n1
3410,8.037410117916686,COc1cc(N2CCN(C(C)=O)CC2)ccc1Nc1nc(OC2CCCC2)c2sccc2n1
3411,8.096862659113803,COc1cc(N2CCN(C(C)=O)CC2)ccc1Nc1nc(OC2CCN(C(=O)OC(C)C)CC2)c2sccc2n1
3412,8.129190754553909,COc1cc(N2CCN(C(C)=O)CC2)ccc1Nc1nc(OC2CCCC2)c2cc[nH]c2n1
3413,8.167726080216676,COc1cc(N2CCN(C(C)=O)CC2)ccc1Nc1nc(NC2CCCCC2)c2cc[nH]c2n1
3414,7.189585773924357,CC(=O)N1CCN(c2ccc(-c3ccc4c(c3)C(=O)N(C(c3ccccc3)c3ccccc3)C4)cc2)CC1
3415,7.253460833612338,CC(=O)N1CCN(c2ccc(-c3ccc4c(c3)C(=O)N(C(c3ccccc3)c3ccccc3)C4)c(F)c2)CC1
3416,8.568129496910574,C=CCOC(=O)Nc1cccc(Nc2nc(Nc3ccc(N4CCN(C)CC4)cc3)ncc2Cl)c1
3417,8.223362404143353,CN1CCN(c2ccc(Nc3ncc(Cl)c(Nc4cccc(NC(=O)C(C)(C)C)c4)n3)cc2)CC1
3418,8.173439541828039,CC(=O)N1CCN(c2ccc(Nc3ncc(Cl)c(Nc4cccc(C(=O)NC(C)C)c4)n3)cc2)CC1
3419,8.208478416330669,CN1CCN(c2ccc(Nc3ncc(Cl)c(Nc4cccc(NC(=O)C(Cl)Cl)c4)n3)cc2)CC1
3420,8.25045576440263,CC(=O)Nc1cccc(-c2cccc3cnc(Nc4ccc(N5CCN(C)CC5)cc4)nc23)c1F
3421,8.151605320437206,CC(=O)Nc1cccc(-c2cccc3cnc(Nc4ccc(N5CCOCC5)cc4)nc23)c1
3422,8.2004848662671,CC(=O)Nc1cccc(-c2cccc3cnc(Nc4ccc(N5CCN(C)CC5)cc4)nc23)c1
3423,8.904950308852872,CC(=O)N1CCN(c2ccc(Nc3nc(O[C@H]4CC[C@H](O)CC4)c4c(-c5cnccn5)c[nH]c4n3)cc2)CC1
3424,8.694071472160948,CC(=O)N1CCN(c2ccc(Nc3nc(O[C@H]4CCNC4)c4c(-c5cnccn5)c[nH]c4n3)cc2)CC1
3425,8.726457338104593,CNc1cncc(-c2c[nH]c3nc(Nc4ccc(N5CCN(C(C)=O)CC5)cc4)nc(NC4CCCC4)c23)n1
3426,8.842655414911881,CNc1cncc(-c2c[nH]c3nc(Nc4ccc(N5CCN(C(C)=O)CC5)cc4)nc(NC4CCOCC4)c23)n1
3427,8.375200331204024,CC(=O)N1CCN(c2ccc(Nc3nc(Oc4ccccc4)c4c(-c5cncnc5)c[nH]c4n3)cc2)CC1
3428,8.000201349660534,CC(=O)N1CCN(c2ccc(Nc3nc(Oc4ccccc4)c4c(-c5ccccc5)c[nH]c4n3)cc2)CC1
3429,8.589223792484662,CNc1cccc(-c2c[nH]c3nc(Nc4ccc(N5CCN(C(C)=O)CC5)cc4)nc(OC4CCCC4)c23)n1
3430,8.59815633112859,CNc1cccc(-c2c[nH]c3nc(Nc4ccc(N5CCN(C(C)=O)CC5)cc4)nc(OC4CCCCC4)c23)n1
3431,8.78323814024171,CNc1cncc(-c2c[nH]c3nc(Nc4ccc(N5CCN(C(C)=O)CC5)cc4)nc(NC4CCCCC4)c23)n1
3432,8.536978709174758,CNc1cccc(-c2c[nH]c3nc(Nc4ccc(N5CCN(C(C)=O)CC5)cc4)nc(OC4CCOCC4)c23)n1
3433,8.632531432409538,CC(=O)N1CCN(c2ccc(Nc3nc(OC4CCCC4)c4c(-c5cncnc5)c[nH]c4n3)cc2)CC1
3434,11.799836873623793,CC(=O)N1CCC(n2cc(-c3ncnc4oc(-c5ccccc5)cc34)c(-c3ccc(F)cc3)n2)CC1
3435,7.798313309732298,CC(=O)N1CCN(c2cc(Nc3n[nH]c4ccccc34)nc(Oc3ccccc3)n2)CC1
3436,7.966198950631934,CC(=O)Nc1cccc(Oc2nc(Nc3n[nH]c4ccccc34)cc(N3CCOCC3)n2)c1
3437,8.604543772142657,C=CCOC(=O)Nc1cccc(Nc2nc(Nc3ccc(N4CCN(C)CC4)nc3)ncc2Cl)c1
3438,8.402344989920039,CN1CCN(c2ccc(Nc3ncc(Cl)c(Nc4cccc(NC(=O)C(C)(C)C)c4)n3)cn2)CC1
3439,7.573684245159207,CC(=O)N1CCC(n2nc(-c3ccc4nc(N)[nH]c4c3)c3c(N)ncnc32)CC1
3440,8.04773902033154,CC(=O)N1CCC(n2nc(-c3ccc4nc(Cc5ccccc5)[nH]c4c3)c3c(N)ncnc32)CC1
3441,8.166887166179821,COc1cc(N2CCOCC2)ccc1Nc1ncc(Cl)c(Nc2ccccc2NS(C)(=O)=O)n1
3442,8.268260995750605,COc1cc(N2CCC(N3CCN(C)CC3)CC2)ccc1Nc1nccc(-c2c(C)cccc2C(N)=O)c1F
3443,8.630570832199735,CC(=O)N1CCOc2c1ccc1ncnc(Nc3ccc(F)c(Cl)c3)c21
3444,8.151369765603382,CC(=O)c1cccc(Nc2ncnc3ccc4c(c23)OCCN4C(C)=O)c1
3445,8.05598046652592,COC(=O)c1cccc(Nc2ncnc3ccc4c(c23)OCCN4C(C)=O)c1
3446,8.206874943079331,CC(=O)Nc1cccc(Oc2cc(C(=O)Nc3nc4cc(C)c(C)cc4n3CC(C)(C)O)ccn2)c1C
3447,8.744434180690565,CC(=O)Nc1cccc(Oc2cc(C(=O)Nc3nc4ccc(CN5CCN(C)CC5)cc4n3C)ccn2)c1
3448,8.301351640268066,CC(=O)Nc1cc(Nc2ncnc3ccccc23)ccc1C
3449,8.25148677337875,CC(=O)Nc1cccc(Nc2ncnc3ccccc23)c1
3450,8.38153259825501,COc1cc(N2CCN(C)CC2)c(Nc2nccc(-c3cn(C)c4ccccc34)n2)cc1N
3451,8.788061010686153,COc1cc(N2CCN(C)CC2)c(Nc2nccc(-c3cn(C)c4ccccc34)n2)cc1N1CCN(C)CC1
3452,8.267715094748421,COc1cc(N(C)CCN(C)C)c(Nc2nccc(-c3cn(C)c4ccccc34)n2)cc1N
3453,8.550519450100374,COc1cc(N2CCN(C)CC2)c(Nc2nccc(-c3cn(Cc4ccc(C#N)cc4)c4ccccc34)n2)cc1N
3454,8.205065089315688,COc1cc(N2CCN(C)CC2)ccc1Nc1ncc(Cl)c(Oc2cccc(NC(=O)CCO)c2)n1
3455,8.067370320969157,COc1cc(N2CCN(C)CC2)ccc1Nc1ncc(Cl)c(Oc2ccc(NC(=O)CCO)cc2)n1
3456,7.5860115469139675,CC(=O)Nc1cccc(Oc2cc(Nc3ccc(OCc4ccccc4)cc3)ncn2)c1
3457,7.663228468192295,CC(=O)Nc1cccc(Oc2ccnc(Nc3ccc(OCc4ccccc4)c(C)c3)n2)c1
3458,8.043972628076084,CC(=O)Nc1cc(Nc2nccc(-c3cn(C)c4ccccc34)n2)ccc1Cl
3459,8.15315550340647,O=C(O)c1cc2c(Nc3ccc(Oc4cccc(C(F)(F)F)c4)c(Cl)c3)ncnc2s1
3460,7.910725498310817,COc1ccc(CNc2ncc3ncc(=O)n(-c4cccc(NC(C)=O)c4)c3n2)cc1OC
3461,8.21450898616867,COc1cc(N2CCN(C)CC2)ccc1Nc1ncc(Cl)c(Oc2ccccc2NC(=O)CO)n1
3462,8.433252801129612,NC(=O)c1cccc(C#Cc2cncnc2Nc2ccc(OCc3cccc(F)c3)c(Cl)c2)c1
3463,8.14412227453392,CN1CCN(Cc2ccc3nc(NC(=O)c4ccc(C#Cc5ccccc5)cc4)n(CC(C)(C)O)c3c2)CC1
3464,9.120787155568166,CN1CCN(Cc2ccc3nc(NC(=O)c4ccc(C#Cc5ccccn5)cc4)n(CC(C)(C)O)c3c2)CC1
3465,8.700603284457484,CN1CCN(Cc2ccc3nc(NC(=O)c4cc(-n5ccc(-c6ccccc6)n5)ccn4)sc3c2)CC1
3466,8.76728208549046,CN1CCN(Cc2ccc3nc(NC(=O)c4cc(-n5ccc(-c6ccccc6)c5)ncn4)sc3c2)CC1
3467,8.500734433378959,Nc1cc(C#Cc2cncnc2Nc2ccc(OCc3cccc(F)c3)c(Cl)c2)ncn1
3468,8.300539584126183,COc1cc(N2CCOCC2)ccc1Nc1ncc(Cl)c(Nc2ccccc2NC(C)=O)n1
3469,8.183622685765656,COc1cc(N2CCN(C)CC2)ccc1Nc1ncc(Cl)c(Oc2ccccc2NC(=O)CCO)n1
3470,8.189657786643924,CC(=O)Nc1ccc2ncnc(Nc3cccc(C#N)c3)c2c1
3471,8.536243700130619,O=C(NCCO)c1ccc2ncnc(Nc3ccc(OCc4cccc(F)c4)c(Cl)c3)c2c1
3472,8.254560774242266,COC(=O)Nc1ccc2ncnc(Nc3ccc(OCc4cccc(F)c4)c(Cl)c3)c2c1
3473,8.557098303779762,O=C(NCCO)c1ccc2ncnc(Nc3ccc(OCc4ccccn4)c(Cl)c3)c2c1
3474,8.616054046387863,O=C(NCCN1CCOCC1)c1ccc2ncnc(Nc3ccc(OCc4ccccn4)c(Cl)c3)c2c1
3475,8.304133458911,C#Cc1cccc(Nc2ncnc3ccc(NC(=O)NOC)cc23)c1
3476,8.03620865476964,CC(=O)Nc1nc(-c2ccc(F)cc2)c(-c2ccnc(Nc3ccccc3)n2)s1
3477,8.185770127233658,CC(=O)Nc1nc(-c2ccc(F)cc2)c(-c2ccnc(Nc3cccc(O)c3)n2)s1
3478,6.799328556259467,CC(=O)Nc1nc(C(=O)NNC(=O)[C@@H]2CCCN2)cs1
3479,6.705508286467752,CC(=O)Nc1nc(C(=O)NNC(=O)[C@@H](N)Cc2ccccc2)cs1
3480,7.040030407387674,CC(=O)Nc1nc(C(=O)NNC(=O)CN2CCOCC2)cs1
3481,7.124316131359936,CN1CCc2[nH]c(-c3ccncc3)c(Nc3ccccc3)c2C1=O
3482,7.717437672775378,CN1CCc2[nH]c(-c3ccncc3)c(Nc3ccccc3F)c2C1=O
3483,6.848898969183812,O=C1NCCc2[nH]c(-c3ccncc3)c(Nc3ccccc3)c21
3484,6.899345261236315,O=C1NCc2[nH]c(-c3ccncc3)c(Nc3ccccc3)c21
3485,8.55499680745603,CSc1nc(-c2ccc(F)c(NC(=O)c3ccc(Cl)cc3)c2)c(-c2ccnc(NC(C)=O)c2)[nH]1
3486,8.100044427519602,CSc1nc(-c2cccc(NC(=O)c3ccc(Cl)c(Cl)c3)c2)c(-c2ccnc(NC(C)=O)c2)[nH]1
3487,8.485629515769904,CSc1nc(-c2cccc(NC(=O)c3c(F)ccc(O)c3CN3C(=O)c4ccccc4C3=O)c2)c(-c2ccnc(N)c2)[nH]1
3488,8.73935711208343,CSc1nc(-c2cccc(NC(=O)c3c(F)ccc(O)c3C)c2)c(-c2ccnc(NC(C)=O)c2)[nH]1
3489,8.165589048325389,CSc1nc(-c2cccc(NC(=O)c3ccc(Cl)cc3)c2)c(-c2ccnc(NC(C)=O)c2)[nH]1
3490,9.515475943242436,COc1cc(N2CCC(N3CCOCC3)CC2)ccc1Nc1ncc(Cl)c(Nc2cccc(NS(C)(=O)=O)c2)n1
3491,8.599234173389736,NC(=O)C1CCN(Cc2cccc(C#Cc3cncnc3Nc3ccc(OCc4cccc(F)c4)c(Cl)c3)c2)CC1
3492,7.655421724183157,Nc1nccn2c1c(-c1cc3ccccc3[nH]1)nc2[C@H]1CC[C@H](CO)CC1
3493,7.91080124283083,Nc1nccn2c1c(-c1cc3ccccc3[nH]1)nc2[C@H]1CC[C@H](CNC(=O)C2CCC2)CC1
3494,9.725168096287142,O=C(NCCn1cc(-c2ncnc3oc(-c4ccccc4)cc23)c(-c2ccc(F)cc2)n1)c1ccccc1
3495,9.746877245890952,O=C(NCCCn1cc(-c2ncnc3oc(-c4ccccc4)cc23)c(-c2ccc(F)cc2)n1)c1ccccc1
3496,8.860225257327281,C#CCNCCCOc1cc2ncnc(Nc3ccc(Br)cc3F)c2cc1NC(C)=O
3497,11.355866998818062,O=C(NCCn1cc(-c2ncnc3oc(-c4ccccc4)cc23)c(-c2ccc(F)cc2)n1)C1CC1
3498,8.889329963232353,CNC(=O)COc1cc2ncnc(Nc3ccc(Br)c(Cl)c3F)c2cc1NC(=O)CN1CCOCC1
3499,8.764019045901508,CNC(=O)COc1cc2ncnc(Nc3ccc(Br)c(Cl)c3F)c2cc1NC(=O)[C@@H]1CCCN1
3500,8.6834361965248,COCCNC(=O)COc1cc2ncnc(Nc3ccc(F)c(Cl)c3)c2cc1NC(=O)CN(C)C
3501,8.510029249216187,COC(=O)NCCOc1cc2ncnc(Nc3ccc(F)c(F)c3)c2cc1NC(=O)CN(C)C
3502,8.015944594949254,COc1cc2ncnc(Nc3ccc(Br)cc3C(F)(F)F)c2cc1OC
3503,8.783340677391278,COc1cc2ncnc(Nc3ccc(Br)cc3C(F)(F)F)c2cc1NC(=O)CN1CCNCC1
3504,8.393595717989957,COCCOc1cc2ncnc(Nc3ccc(Br)cc3Cl)c2cc1NCCC(=O)OC
3505,8.621841727453932,COC(=O)CCNc1cc2c(Nc3ccc(Br)cc3Cl)ncnc2cc1OCCN(C)C
3506,8.791770702366255,CN(C)CCCN(C)c1cc2c(Nc3ccc(Br)cc3F)ncnc2cc1OCCCN
3507,8.793892460604258,CN(C)CCCN(C)c1cc2c(Nc3ccc(Br)cc3F)ncnc2cc1OCCN
3508,8.938686455143664,COC(=O)Nc1cc2c(Nc3ccc(Br)cc3F)ncnc2cc1OCCN1CCCC1
3509,8.57436851070556,COc1cc2ncnc(Nc3ccc(Cl)cc3Cl)c2cc1NC(=O)CN(C)C
3510,8.662808449307546,COc1cc2ncnc(Nc3ccc(Cl)cc3Cl)c2cc1NC(=O)CN1CCOCC1
3511,8.879740545413135,CNCCOc1cc2ncnc(Nc3ccc(Cl)cc3F)c2cc1NC(=O)CN(C)C
3512,8.669988542051644,COCCNC(=O)COc1cc2ncnc(Nc3ccc(Cl)cc3F)c2cc1NC(=O)CN(C)C
3513,8.635563048088711,COCCNC(=O)COc1cc2ncnc(Nc3c(F)cc(Br)cc3F)c2cc1NC(=O)CN(C)C
3514,8.624232253865312,COC(=O)NCCOc1cc2ncnc(Nc3c(F)cc(Br)cc3F)c2cc1NC(=O)CN(C)C
3515,8.551040083581002,COC(=O)CCNC(=O)Nc1cc2c(Nc3ccc(F)c(Cl)c3)ncnc2cc1OCCN(C)C
3516,8.60923108587714,COC(=O)CCNC(=O)Nc1cc2c(Nc3ccc(F)c(Cl)c3)ncnc2cc1OCCN1CCCC1
3517,8.674510623100025,C=CC(=O)Nc1cc2c(Nc3ccc(OCc4ccccn4)cc3)ncnc2cc1OCCN1CCOCC1
3518,8.530486371603372,C=CCOc1cc2ncnc(Nc3ccc(OCc4cccnc4)c(Cl)c3)c2cc1NC(=O)CNC(C)=O
3519,8.650245475531491,CC(=O)Nc1cc2c(Nc3cc(Cl)c(Cl)cc3Cl)ncnc2cc1OCCN1CCN(C)CC1
3520,8.643697523564818,COC(=O)Nc1cc2c(Nc3cc(Cl)c(Cl)cc3Cl)ncnc2cc1OCCN1CCC(O)CC1
3521,8.13886300745718,COc1cc(Nc2ncnc3cc(OCCCN4CCOCC4)c(OC)cc23)c(Cl)cc1Cl
3522,8.353612014614772,COc1cc(Nc2ncnc3cc(OCCCN4CCOCC4)c(NC(C)=O)cc23)c(Cl)cc1Cl
3523,8.677766261300508,COCCNC(=O)COc1cc2ncnc(Nc3cc(Cl)c(Cl)cc3F)c2cc1NC(=O)CN(C)C
3524,8.850312491954073,COC(=O)CCNc1cc2c(Nc3cc(Cl)c(Cl)cc3F)ncnc2cc1OCCN(C)C
3525,8.634689515265894,COCCNC(=O)COc1cc2ncnc(Nc3cc(F)c(Br)cc3F)c2cc1NC(=O)CN(C)C
3526,8.579218429562049,COC(=O)NCCOc1cc2ncnc(Nc3cc(F)c(Br)cc3F)c2cc1NC(=O)CN(C)C
3527,8.80853590765024,CNCCOc1cc2ncnc(Nc3cc(Cl)c(Cl)cc3F)c2cc1NC(=O)CN(C)C
3528,9.00019607405805,CNCCOc1cc2ncnc(Nc3cc(Cl)c(Cl)cc3F)c2cc1NC(=O)CN1CCOCC1
3529,8.474967257368416,COc1cc(Nc2ncnc3cc(OCCCN4CCOCC4)c(OC)cc23)c(F)cc1Cl
3530,8.647290517962581,COc1cc(Nc2ncnc3cc(OCCCN4CCOCC4)c(NC(C)=O)cc23)c(F)cc1Cl
3531,8.074574754581258,COc1cc(Nc2ncnc3cc(OCCCN4CCN(C)CC4)c(N)cc23)c(OC)cc1Cl
3532,8.257982547686652,COc1cc(Nc2ncnc3cc(OCCCN4CCN(C)CC4)c(NC(C)=O)cc23)c(OC)cc1Cl
3533,8.291354991231323,C#CCNCCOc1cc2ncnc(Nc3ccc(Cl)nc3)c2cc1NC(=O)CCCC
3534,8.14723609574173,C#CCOC(=O)NCCOc1cc2ncnc(Nc3ccc(Cl)nc3)c2cc1NC(=O)CCC
3535,8.736814700924414,COC(=O)CSc1cc2ncnc(Nc3ccc(Br)cc3F)c2cc1NC(=O)CN(C)C
3536,8.776974675745377,COC(=O)CCSc1cc2ncnc(Nc3ccc(Br)cc3F)c2cc1NC(=O)CN(C)C
3537,7.057248589916583,O=C(NNC(=O)c1csc2ncc(-c3ccccc3)n12)c1ccccc1
3538,7.232119827843524,O=C(NNC(=O)c1csc2ncc(-c3ccc(Cl)cc3)n12)c1ccccc1
3539,7.739183451347303,CC(=O)O[C@@H]1CC[C@@H](n2nc(-c3ccc(CNC(=O)c4cccc(C(F)(F)F)c4)cc3)c3c(N)ncnc32)C1
3540,7.724746100989443,CC(=O)O[C@H]1CC[C@H](n2nc(-c3ccc(CNC(=O)c4cccc(C(F)(F)F)c4)cc3)c3c(N)ncnc32)CC1
3541,6.798559773579104,CC(=O)O[C@H]1CC[C@]2(C)[C@H]3CC=C4[C@@H]5CC(C)(C)CC[C@]5(C)CC[C@@]4(C)[C@]3(C)CC[C@H]2C1(C)CO
3542,6.6271800621912496,CC(=O)O[C@H]1CC[C@]2(C)[C@H]3CC=C4[C@H](CC[C@@]3(C)[C@]2(C)C1)[C@@]1(C)CCC(C)(C)C[C@@H]41
3543,8.536670575609714,COc1cc2c(Nc3ccc(Cl)c(Cl)c3)ncnc2cc1O[C@H]1COC[C@@H]1OC(C)=O
3544,8.751788389463814,COc1cc2c(Nc3ccc(Cl)c(Cl)c3)ncnc2cc1O[C@H]1COC[C@@H]1OCCN1CCCC1
3545,7.735121079474241,C#Cc1cccc(Nc2ncnc3cc(OCCOC)c(OCCOC)cc23)c1
3546,8.611459019277198,C#Cc1cccc(Nc2ncnc3cc(OCCOC)c(OCCO)cc23)c1
3547,7.952207777033774,C#Cc1cccc(Nc2ncnc3cc(OCCOC)c(OCCCOC)cc23)c1
3548,8.599281915938993,CN(C)CCN(C)c1ccc2ncnc(Nc3cccc(Cl)c3)c2c1
3549,8.824241002835592,CN(C)CCN(C)C(=O)c1ccc2ncnc(Nc3cccc(Br)c3)c2c1
3550,8.249507994733166,CN(N=Nc1ccc2ncnc(Nc3cccc(Br)c3)c2c1)C(=O)OC(C)(C)C
3551,8.325682470067703,COC(=O)N(C)N=Nc1ccc2ncnc(Nc3cccc(Br)c3)c2c1
3552,7.687652838375864,CC(=O)Nc1ccc2ncc(C#N)c(Nc3ccc(OCc4cccc(F)c4)c(Cl)c3)c2c1
3553,7.429008351810877,CC(=O)Nc1ccc2ncc(C#N)c(Nc3ccc(OCc4ccccc4)c(Cl)c3)c2c1
3554,8.691997444141258,O=C(CO)NCCn1ccc2ncnc(Nc3ccc(Oc4ccccc4)c(Cl)c3)c21
3555,8.565862087514951,CN(C)CC(=O)NCCOc1cc2ncnc(Nc3ccc(Br)cc3F)c2cc1N
3556,8.525207097298136,CN(C)CC(=O)NCCOc1cc2ncnc(Nc3ccc(Br)cc3F)c2cc1NC(=O)CN(C)C
3557,8.815191660868102,N#Cc1cnc2c(Cl)cc(N[C@@H](C(=O)N3CCC3)c3cccnc3)cc2c1Nc1cnc(F)c(F)c1
3558,8.386130627542906,N#Cc1cnc2c(Cl)cc(NC(C3=CNNC(=O)C3)c3cccnc3)cc2c1NCc1ccccc1
3559,8.083029889337102,N#Cc1cnc2c(Cl)cc(NC(C3=CNNC(=O)C3)c3cccnc3)cc2c1NC(c1ccccc1)c1ccccc1
3560,8.224911220370403,N#C/C(=C\c1ccco1)C(=O)N1CCC[C@@H]1Cn1nc(-c2ccc(Oc3ccccc3)cc2)c2c(N)ncnc21
3561,8.246322279459084,CC(C)(C)C(=O)N1CCC[C@@H](n2nc(-c3ccc(Oc4ccccc4)cc3F)c3c(N)ncnc32)C1
3562,8.270341701240609,CC(C)(C)OC(=O)NCC#Cc1c(N)ncnc1N1CCC[C@@H](n2nc(-c3ccc(Oc4ccccc4)cc3F)c3c(N)ncnc32)C1
3563,11.085651687760485,NC(=O)Cn1cc(-c2ncnc3oc(-c4ccccc4)cc23)c(-c2ccc(F)cc2)n1
3564,9.22378124299641,NC(=O)Cn1cc(-c2ncnc3oc(-c4ccccc4)cc23)c(-c2ccccc2)n1
3565,8.601943053396631,O=C1NCc2ccc(Oc3ccc(Nc4ncnc5ccn(CCO)c45)cc3Cl)cc21
3566,8.620904127698655,O=C(CCCn1ccc2ncnc(Nc3ccc(Oc4cccc(C(F)(F)F)c4)c(Cl)c3)c21)N1CCCC1
3567,8.074192490577644,Nc1ncnc2c1c(-c1ccc(Oc3ccccc3)cc1)nn2[C@@H]1CCCN(C(=O)CC2CC2)C1
3568,8.053619576388781,COc1cc(N2CCN(C)CC2)ccc1Nc1ncc(Cl)c(Oc2cccc(NC(=O)C3CC3)c2)n1
3569,8.670731559451903,CCNC(=O)c1cccc(Nc2nc(Nc3ccc(N4CCN(C)CC4)cc3OC)ncc2C(F)(F)F)c1
3570,8.545347649504635,C=CC(=O)Nc1cccc(Oc2ccnc(Nc3ccc(N4CCN(C(=O)CC)CC4)cc3)n2)c1
3571,8.648525206495426,C=CC(=O)Nc1cccc(Oc2nc(Nc3ccc(N4CCN(C(=O)CC)CC4)cc3OC)ncc2Cl)c1
3572,8.78140124490052,COc1cc2c(Nc3ccc(Br)cc3F)ncnc2cc1OCC1CN(C)CCO1
3573,7.867723369414502,C=CC(=O)Nc1cc(Nc2ncc(NC(=O)C(C)(C)C)c(-c3cn(C)c4ccccc34)n2)c(OC)cc1OC
3574,8.343021358019092,C=CC(=O)Nc1cc(Nc2ncc(NC(=O)C(C)(C)C)c(-c3cn(C)c4ccccc34)n2)c(OC)cc1N(C)C
3575,7.007088267806721,C#Cc1cccc(Nc2nc(NC(=O)C(C)(C)C)nc3[nH]c(CCc4ccccn4)cc23)c1
3576,7.375013972904322,CC(C)(C)C(=O)Nc1nc(Nc2ccc(F)c(Cl)c2)c2cc(CCc3ccccn3)[nH]c2n1
3577,7.693192027617898,COc1ccccc1C(=O)NCc1ccc(-c2nn([C@H]3CC[C@H](O)CC3)c3ncnc(N)c23)cc1
3578,7.673867113221741,Nc1ncnc2c1c(-c1ccc(CNC(=O)c3ccccc3)cc1)nn2[C@H]1C=C[C@@H](C(=O)O)C1
3579,8.520624418751916,COc1ccc(N2CCOCC2)cc1Nc1cc(-c2nc(SC)[nH]c2C(C)(C)C)ccn1
3580,8.28889915973405,CSc1nc(-c2ccnc(Nc3cc(N4CCOCC4)ccc3OC(F)(F)F)c2)c(C(C)(C)C)[nH]1
3581,6.8352432350112995,CC(C)(C)c1cc(NC(=O)Nc2ccc(-c3ccccc3)c3ccccc23)cc(NS(C)(=O)=O)c1
3582,7.265685538527422,CC(C)(C)c1cc(NC(=O)Nc2ccc(-c3ccc(CN4CCOCC4)cc3)c3ccccc23)cc(NS(C)(=O)=O)c1
3583,6.735480378931547,COc1ccc(/C=C2\CCC/C(=C\c3cc(C(C)(C)C)c(O)c(C(C)(C)C)c3)C2=O)cc1OC
3584,6.760575764167985,COc1ccc(/C=C2\CCC/C(=C\c3cc(C(C)(C)C)c(O)c(C(C)(C)C)c3)C2=O)cc1O
3585,7.748812411911729,CNS(=O)(=O)c1cccc(Nc2cc(Nc3ccc(OC)cc3)ncn2)c1
3586,7.948603954529751,CNS(=O)(=O)c1cccc(Nc2cc(Nc3cccc4c3C(=O)OC4)ncn2)c1
3587,7.935543824050247,CC(C)(C)c1cc(N=C2NC(=O)CS2)no1
3588,7.330681230770774,CC(C)(C)c1cc(N=C2NCCS2)no1
3589,7.3201753059473536,CC(C)(C)c1cc(NC(=O)CCCl)no1
3590,6.569673923492939,CC(C)(C)c1cc(NC(=O)C2CC2)no1
3591,7.363035813568083,CC(C)(C)c1cc(NC(=O)CN2CCN(c3ccc(C(F)(F)F)cn3)CC2)no1
3592,7.603392337382674,CC(C)(C)c1cc(NC(=O)CN2CCN(c3ccccc3C#N)CC2)no1
3593,7.270241365185632,CC(C)(C)c1cc(NC(=O)CN2CCCCC2)no1
3594,7.269301002362173,CC(C)(C)c1cc(NC(=O)C2CCN(C3CCOCC3)CC2)no1
3595,7.094600064063976,O=C(CCCN1CCC(OC(c2ccccc2)c2ccccc2)CC1)c1ccccc1
3596,7.126346706630862,O=C(CCCN1CCC(OC(c2ccccc2)c2ccccc2)CC1)c1cccc(F)c1
3597,7.7489399635078,CN1CCC(c2ccc(Nc3nc(N4CCC[C@@H](NC(=O)c5ccccc5)C4)cnc3C(N)=O)cc2)CC1
3598,8.148118665942656,NC(=O)c1ncc(N2CCC[C@@H](NC(=O)c3ccccc3)C2)nc1Nc1cccc(F)c1
3599,6.923784735705831,OC(c1ccccc1)(c1ccccc1)C1CCN(Cc2ccc(-n3cccc3)cc2)CC1
3600,6.751001910415717,OC(c1ccccc1)(c1ccccc1)C1CCN(Cc2cccc(C(F)(F)F)c2)CC1
3601,7.073330879282261,Nc1cc(-c2nnc(SCc3ccccc3)o2)ccn1
3602,8.740271892509119,COc1cc2c(Nc3ccc(Cl)c(Cl)c3)ncnc2cc1OCCN1CCOCC1
3603,8.817667605780706,COc1cc2c(Nc3ccc(Cl)c(Cl)c3)ncnc2cc1OCCCN1CCOCC1
3604,7.761795415791525,CC(C)(C)c1ccc(Nc2ncnc3ccc(N)cc23)cc1
3605,7.659957414512114,CC(C)(C)c1ccc(Nc2ncnc3ccc(NC(=O)OCc4ccccc4)cc23)cc1
3606,8.045703606847361,CC(=O)OCCn1c(=O)oc2cc3ncnc(Nc4ccc(OCc5ccccn5)cc4)c3cc21
3607,8.317996366061937,O=C(CBr)OCCn1c(=O)oc2cc3ncnc(Nc4ccc(OCc5ccccn5)cc4)c3cc21
3608,7.627406478923322,COc1cccc(Nc2nc(Nc3ccc(OC)nc3)ncc2C(C)(C)C)c1
3609,8.069295498070172,COc1ccc(Nc2ncc(C(C)(C)C)c(Nc3cccc(C(=O)O)c3)n2)cn1
3610,8.622441936435095,COc1cc2c(Nc3ccc(Cl)c(Cl)c3)ncnc2cc1OCCN1CCN(C)CC1
3611,8.66727314651295,COc1cc2c(Nc3ccc(Cl)c(Cl)c3)ncnc2cc1OCCCN1CCN(C)CC1
3612,8.721674123136717,CCC(=O)Nc1cccc(Oc2nc(Nc3ccc(N4CCN(C(C)=O)CC4)cc3OC)ncc2C(F)(F)F)c1
3613,8.942300397200857,C=CC(=O)Nc1cccc(Oc2nc(Nc3ccc(N4CCN(C(C)=O)CC4)cc3OC)ncc2C(F)(F)F)c1
3614,8.269071080877936,CCC(=O)Nc1cccc(Oc2nc(Nc3ccc(N4CCN(C(=O)COC)CC4)cc3OC)ncc2Cl)c1
3615,9.283961678793718,O=C1NCCc2[nH]c(-c3ccncc3OCc3ccccc3)c(Nc3cccc(F)c3)c21
3616,7.4143890720073315,O=C1NCCc2[nH]c(-c3ccncc3)c(Nc3cccc(F)c3)c21
3617,7.85952189968935,CN(c1cc(Cl)c2ncc(C#N)c(NC3CC3)c2c1)[C@@H](NN)C1=C(F)N(C(C)(F)F)CC1
3618,8.828147447507044,CC(C)(C)CNc1c(C#N)cnc2c(C#N)cc(N[C@H](C3=CN(C4CCCC4)CC3)c3ccccn3)cc12
3619,8.180235328801917,CC(C)(C)CNc1c(C#N)cnc2c(C#N)cc(N[C@H](C3=CN(C4CCCC4)CC3)c3ccccc3)cc12
3620,8.835520794147094,CC(C)(C)CNc1c(C#N)cnc2c(C#N)cc(N[C@H](C3=CN(C4(C)CC4)CC3)c3ccccn3)cc12
3621,8.193503705006378,CC(C)(C)CNc1c(C#N)cnc2c(C#N)cc(N[C@H](C3=CN(C4(C)CC4)CC3)c3ccccc3)cc12
3622,8.981711578975576,CC(C)(C)CNc1c(C#N)cnc2c(C#N)cc(N[C@H](C3=CN(CC(N)=O)CC3)c3cccc4ncsc34)cc12
3623,8.968661940569712,CC(C)(C)CNc1c(C#N)cnc2c(C#N)cc(NC(C3=CNCCN3)c3cccc4ncsc34)cc12
3624,8.874474726998718,CC(C)(C)CNc1c(C#N)cnc2c(C#N)cc3cc1-c1scnc1C=CC=C1CCN(CCO)C=C2[C@H]1N3
3625,8.978700706430997,CC(C)(C)CNc1c(C#N)cnc2c(C#N)cc(N[C@H](C3=CN(CCO)CC3)c3cccc4ncsc34)cc12
3626,8.298231152457465,Cn1nc([C@@H](Nc2cc(C#N)c3ncc(C#N)c(NCC(C)(C)C)c3c2)c2cccc3ccccc23)[nH]1
3627,8.747622673781233,Cn1nc([C@@H](Nc2cc(C#N)c3ncc(C#N)c(NCC(C)(C)C)c3c2)c2cccc3ncsc23)[nH]1
3628,9.046215531472946,CC(C)(C)CNc1c(C#N)cnc2c(C#N)cc3cc1-c1scnc1C=CC=C1C(=O)NN(CCO)C=C2[C@H]1N3
3629,9.003316132812044,CC(C)(C)CNc1c(C#N)cnc2c(C#N)cc3cc1-c1scnc1C=CC=C1NCN(C4CC4)C=C2[C@H]1N3
3630,9.310583322040314,CC(C)(C)CNc1c(C#N)cnc2c(C#N)cc3cc1-c1scnc1C=CC=C1NNN(CCO)C=C2[C@H]1N3
3631,8.632713499546922,CC(C)(C)CNc1c(C#N)cnc2c(C#N)cc3cc1-c1ccccc1[C@H](N3)C2=CN(NC=O)C1CC1
3632,8.737061841752455,CC(C)(C)CNc1c(C#N)cnc2c(C#N)cc3cc1C=CC=CC=C1CC(=O)NN(C4CC4)C=C2[C@H]1N3
3633,8.848230269801626,CC(C)(C)Nc1c(C#N)cnc2c(C#N)cc(N[C@H](C3=CN(CCO)CC3)c3cccc4ncsc34)cc12
3634,9.029203096445393,CC(C)(C)CNc1c(C#N)cnc2c(C#N)cc(N[C@H](C3=CN(CC(F)(F)F)NN3)c3cccc(F)c3)cc12
3635,9.008598244060474,CC(C)(C)CNc1c(C#N)cnc2c(C#N)cc(NC(C3=CN(CC(F)(F)F)NN3)c3cccc(F)c3)cc12
3636,8.529300459514605,CC(C)(C)CNc1c(C#N)cnc2c(C#N)cc(N[C@@H](c3ccccc3)c3cn(C4(C)CC4)[nH]3)cc12
3637,8.529300459514605,CC(C)(C)CNc1c(C#N)cnc2c(C#N)cc(N[C@H](c3ccccc3)c3cn(C4(C)CC4)[nH]3)cc12
3638,7.77352526858471,COc1ccc2c([C@H](Nc3cc(C#N)c4ncccc4c3)C3=CN(C(C)(C)C)CC3)cccc2c1
3639,8.244330480486024,COc1ccc2c([C@H](Nc3cc(C#N)c4ncccc4c3)C3=CN(C(C)(C)C)CC3)c[nH]c2c1
3640,8.027110775969417,Cn1c(=O)ccc2c([C@H](Nc3cc(C#N)c4ncccc4c3)C3=CN(C(C)(C)C)CC3)cccc21
3641,8.0724368202297,Cn1c(=O)ccc2c([C@H](Nc3cc(C#N)c4ncccc4c3)C3=CN(C(C)(C)C)CC3)c[nH]c21
3642,8.043988964521564,Cn1c(=O)ccc2c([C@H](Nc3cc(C#N)c4ncccc4c3)C3=CN(CC(C)(C)C)C3)cccc21
3643,8.140373327255933,Cn1c(=O)ccc2c([C@H](Nc3cc(C#N)c4ncccc4c3)C3=CN(CC(C)(C)C)CC3)cccc21
3644,9.04423091615085,CC(C)(C)CNc1c(C#N)cnc2c(C#N)cc(N[C@H](C3=CN(CCO)CC3)c3ccc(C#N)c4ncccc34)cc12
3645,8.54743240425927,CC(C)(C)CNc1c(C#N)cnc2c(C#N)cc3cc1OCCN(C1CC1)C=C2[C@H](c1ccc(F)cc1)N3
3646,9.079541621244353,CC(C)(C)CNc1c(C#N)cnc2c(C#N)cc3cc1-c1ccccc1C=CC=C1NNN(CC(=O)O)C=C2[C@H]1N3
3647,9.353707435558665,CC(C)(C)CNc1c(C#N)cnc2c(C#N)cc3cc1-c1cccnc1C=CC=C1NNN(CCO)C=C2[C@H]1N3
3648,9.300481471471711,CC(C)(C)CNc1c(C#N)cnc2c(C#N)cc3cc1-c1cccnc1C=CC=C1NNN(CC(=O)O)C=C2[C@H]1N3
3649,9.108226858035511,CC(C)(C)CNc1c(C#N)cnc2c(C#N)cc3cc1-c1ccccc1C=CC=C1NNN(CCO)C=C2[C@H]1N3
3650,8.800999679452918,CC(C)(C)CNc1c(C#N)cnc2c(C#N)cc3cc1C=CC=CC=C1NNN(CCO)C=C2[C@H]1N3
3651,8.988265361847036,CC(C)(C)CNc1c(C#N)cnc2c(C#N)cc3cc1CCN(CC(=O)O)C=C2[C@H](c1cccc2ncccc12)N3
3652,8.99812252713158,CC(C)(C)CNc1c(C#N)cnc2c(C#N)cc(N[C@H](C3=CN(CC(N)=O)CC3)c3cccc4ncccc34)cc12
3653,8.949960830495048,CC(C)(C)CNc1c(C#N)cnc2c(C#N)cc3cc1-c1cccnc1C=CC=C1C(=O)NN(CCO)C=C2[C@H]1N3
3654,8.773926370272903,CC(C)(C)CNc1c(C#N)cnc2c(C#N)cc3cc1-c1cccnc1C=CC=C1CCN(CCO)C=C2[C@H]1N3
3655,8.920169365668421,CC(C)(C)CNc1c(C#N)cnc2c(C#N)cc3cc1-c1cccnc1C=CC=C1CNN(CC(=O)O)C=C2[C@H]1N3
3656,8.742852858438694,CC(C)(C)CNc1c(C#N)cnc2c(C#N)cc3cc1-c1cccnc1C=CC=C1NCCNC=C2[C@H]1N3
3657,9.065440506926313,Cn1cncc1[C@H](Nc1cc(C#N)c2ncc(C#N)c(NCC(C)(C)C)c2c1)C1=CN(C2CCCC2)CC1
3658,8.853066675277171,Cn1cncc1[C@H](Nc1cc(C#N)c2ncc(C#N)c(NCC(C)(C)C)c2c1)C1=CN(C(C)(C)C)CC1
3659,8.828147447507044,CC(C)(C)CNc1c(C#N)cnc2c(C#N)cc(N[C@@H](C3=CN(C4CCCC4)CC3)c3ccccn3)cc12
3660,8.486857831031472,CC(C)(C)CNc1c(C#N)cnc2c(C#N)cc(N[C@H](C3=CN(CCO)CC3)c3ccc(C#N)c(Cl)c3)cc12
3661,8.559020277636463,CC(C)(C)CNc1c(C#N)cnc2c(C#N)cc(N[C@H](C3=CN(CCO)CC3)c3ccc(F)c(Cl)c3)cc12
3662,8.234740933767426,Cn1ncc2c(C(Nc3cc(C#N)c4ncccc4c3)C3=CN(CC(C)(C)C)CC3)cccc21
3663,8.237070450595466,Cn1ncc2c(C(Nc3cc(C#N)c4ncccc4c3)C3=CN(C4CCCC4)CC3)cccc21
3664,8.967486184840787,CC(C)(C)CNc1c(C#N)cnc2c(C#N)cc(N[C@@H](C3=CN(C4CC4)NN3)c3ccccc3)cc12
3665,9.046075976804223,CC(C)(C)CNc1c(C#N)cnc2c(C#N)cc(N[C@@H](C3=CN(C4CCCC4)NN3)c3ccccc3)cc12
3666,8.488305008153391,Cn1ncc2c(C(Nc3cc(C#N)c4ncccc4c3)C3=CN(Cc4ccccc4)NN3)cccc21
3667,8.12666311118599,Cn1ncc2c(C(Nc3cc(C#N)c4ncccc4c3)c3cnn(Cc4ccccc4)c3)cccc21
3668,9.045469299274256,CC(C)(C)CNc1c(C#N)cnc2c(C#N)cc(N[C@H](C3=CN(CCO)CC3)c3cccc4[nH]ncc34)cc12
3669,9.003920263755843,CC(C)(C)CNc1c(C#N)cnc2c(C#N)cc(N[C@H](C3=CN(CC(N)=O)CC3)c3cccc4[nH]ncc34)cc12
3670,9.039147347924267,CC(C)(C)CNc1c(C#N)cnc2c(C#N)cc(NC(C3=CN(CCO)NC3)c3cccc4c3CCN4)cc12
3671,9.012730797898653,CC(C)(C)CNc1c(C#N)cnc2c(C#N)cc(NC(C3=CN(CC(=O)O)NC3)c3cccc4c3CCN4)cc12
3672,8.871444707781288,CN1C=C(C(Nc2cc(C#N)c3ncc(C#N)c(NCC(C)(C)C)c3c2)c2cccc3c2C(=O)N(C)C3)CN1
3673,8.703350108778867,CN1Cc2cccc(C(Nc3cc(C#N)c4ncc(C#N)c(NC5CC5)c4c3)c3cn(C)c(=O)[nH]3)c2C1=O
3674,8.75463752776613,CC(C)(C)CNc1c(C#N)cnc2c(C#N)cc(N[C@H](C3=CN(CC(=O)O)NC3)c3cccc(F)c3)cc12
3675,8.898574209300946,CC(C)(C)CNc1c(C#N)cnc2c(C#N)cc(NC(C3=CN(CC(F)F)CC3)c3cccc4c3C(=O)NC4)cc12
3676,8.944965438969708,CC(C)(C)CNc1c(C#N)cnc2c(C#N)cc(N[C@H](C3=CN(CCO)CC3)c3cccc4cnccc34)cc12
3677,8.523178957389028,CN1C(=O)c2cccc([C@H](Nc3cc(C#N)c4ncc(C#N)c(NCC(C)(C)C)c4c3)C3=CN(CC(N)=O)CC3)c21
3678,7.700977485443923,Cn1ccc2c(C(Nc3cc(C#N)c4ncc(C#N)c(NCC(C)(C)C)c4c3)c3ccccc3)cccc2c1=O
3679,8.924116103219248,Cn1ccc2c(C(Nc3cc(C#N)c4ncc(C#N)c(NCC(C)(C)C)c4c3)C3=CNCCN3)cccc21
3680,8.076530416413593,Cn1ccc2c(C(Nc3cc(C#N)c4ncccc4c3)C3=CN(CC(C)(C)C)CC3)cccc21
3681,8.15282539904793,Cn1ccc2c(C(Nc3cc(C#N)c4ncccc4c3)C3=CN(CC(C)(C)C)CC3)c[nH]c21
3682,8.34815923837141,Cn1ccc2c(C(Nc3cc(C#N)c4ncccc4c3)C3=CN(C4CCCC4)NN3)cccc21
3683,8.239824117594376,Cn1ccc2c(C(Nc3cc(C#N)c4ncccc4c3)C3=CN(CC(C)(C)C)CCN3)cccc21
3684,9.68579042421232,CC(C)(C)CNc1c(C#N)cnc2c(C#N)cc(N[C@@H](C3=CN(C4CCCC4)NN3)c3ccccn3)cc12
3685,9.046075976804223,CC(C)(C)CNc1c(C#N)cnc2c(C#N)cc(N[C@H](C3=CN(C4CCCC4)NN3)c3ccccc3)cc12
3686,8.737064318285146,CN1C(=O)c2cccc([C@H](Nc3cc(C#N)c4ncc(C#N)c(NCC(C)(C)C)c4c3)C3=NNCCN3)c21
3687,8.662857325443465,CN1C(=O)c2cccc([C@H](Nc3cc(C#N)c4ncc(C#N)c(NCC(C)(C)C)c4c3)C3=CN(CCO)CC3)c21
3688,9.373705468969618,CC(C)(C)CNc1c(C#N)cnc2c(C#N)cc3cc1-c1ccncc1C=CC=C1NNN(CCO)C=C2[C@H]1N3
3689,9.140889418912943,CC(C)(C)CNc1c(C#N)cnc2c(C#N)cc(N[C@H](C3=CN(CCO)NC3)c3cccc4cnccc34)cc12
3690,8.977073366130016,CC(C)(C)CNc1c(C#N)cnc2c(C#N)cc(N[C@H](C3=CN(CC(N)=O)CC3)c3cccc4cnccc34)cc12
3691,8.961324328634383,CC(C)(C)CNc1c(C#N)cnc2c(C#N)cc(N[C@H](C3=CN(CC(=O)O)CC3)c3cccc4cnccc34)cc12
3692,8.97212557354335,CC(C)(C)CNc1c(C#N)cnc2c(C#N)cc3cc1-c1ccncc1C=CC=C1C(=O)NN(CCO)C=C2[C@H]1N3
3693,9.349442197455017,CC(C)(C)CNc1c(C#N)cnc2c(C#N)cc3cc1OCCN(C1CC1)C=C2[C@H](c1cccc2cnccc12)N3
3694,9.003001696394392,CC(C)(C)CNc1c(C#N)cnc2c(C#N)cc3cc1-c1ccncc1C=CC=C1C=NCN(C4CC4)C=C2[C@H]1N3
3695,9.086787371475312,CC(C)(C)CNc1c(C#N)cnc2c(C#N)cc(N[C@H](C3=CN(CCO)CC3)c3cccc4c(C#N)nccc34)cc12
3696,8.70436596118378,CC(C)(C)CNc1c(C#N)cnc2c(C#N)cc(N[C@@H](C3=CN(CCO)NN3)c3ccccc3)cc12
3697,8.70436596118378,CC(C)(C)CNc1c(C#N)cnc2c(C#N)cc(N[C@H](C3=CN(CCO)NN3)c3ccccc3)cc12
3698,8.725612892222586,CC(C)(C)Nc1c(C#N)cnc2c(C#N)cc(N[C@@H](C3=CN(CC(F)(F)F)CC3)c3cncc4ccccc34)cc12
3699,8.555039970949181,CC(C)(C)CNc1c(C#N)cnc2c(C#N)cc(N[C@@H](C3=CN(CC(C)(C)C)CC3)c3cncc4ccccc34)cc12
3700,8.694322743900734,CC(C)(C)Nc1c(C#N)cnc2c(C#N)cc(N[C@H](C3=CN(C4CCCC4)CC3)c3ccncc3)cc12
3701,8.15320629521963,CC(C)(C)CNc1c(C#N)cnc2c(C#N)cc(N[C@H](C3=CN(C4CC4)CC3)c3ccccc3)cc12
3702,8.912857389439504,CC(C)(C)CNc1c(C#N)cnc2c(C#N)cc(N[C@@H](c3ccncc3)c3cn(C4CCCC4)[nH]3)cc12
3703,9.704080359518375,CC(C)(C)CNc1c(C#N)cnc2c(C#N)cc(N[C@H](C3=CN(C4CCCC4)NN3)c3ccncc3)cc12
3704,8.967486184840787,CC(C)(C)CNc1c(C#N)cnc2c(C#N)cc(N[C@H](C3=CN(C4CC4)NN3)c3ccccc3)cc12
3705,8.647265967659763,CC(C)(C)CNc1c(C#N)cnc2c(C#N)cc3cc1-c1ccccc1C=CC=C1CNN(CCO)C=C2[C@H]1N3
3706,8.270359514451004,CC(C)(C)CNc1c(C#N)cnc2c(C#N)cc(N[C@H](C3=CN(CCO)CC3)c3cccc4ccccc34)cc12
3707,8.610484023149843,CC(C)(C)CNc1c(C#N)cnc2c(C#N)cc(NC(C3=CNC(=O)C3)c3cccc4c3CNC4=O)cc12
3708,8.805511656084946,CC(C)(C)CNc1c(C#N)cnc2c(C#N)cc(NC(c3c[nH]c(=O)[nH]3)c3cccc4c3CNC4=O)cc12
3709,8.152102677914735,CC(C)(C)CNc1c(C#N)cnc2c(C#N)cc(N[C@H](C3=CN(C4CCC4)CC3)c3ccccc3)cc12
3710,8.648588325028827,CC(C)(C)Nc1c(C#N)cnc2c(C#N)cc(N[C@@H](C3=CN(C4CCCC4)CC3)c3ccccn3)cc12
3711,8.648588325028827,CC(C)(C)Nc1c(C#N)cnc2c(C#N)cc(N[C@H](C3=CN(C4CCCC4)CC3)c3ccccn3)cc12
3712,8.202094716347219,Cn1cc2c([C@H](Nc3cc(C#N)c4ncccc4c3)C3=CN(CC(C)(C)C)CC3)cccc2n1
3713,8.345230134814246,Cn1cc2c([C@H](Nc3cc(C#N)c4ncccc4c3)C3=CN(CC(C)(C)C)CCN3)cccc2n1
3714,7.902942707032709,CC(C)(C)C1=CN(C(C)(C)C)C(=O)NN[C@H]1Nc1cc(C#N)c2ncc(C#N)c(NC3CC3)c2n1
3715,7.902663871984958,CC(C)(C)C1=CN(C(C)(C)C)C(=O)NN[C@H]1Nc1cc(C#N)c2ncc(C#N)c(NC3CCC3)c2n1
3716,8.96114119529135,Cn1cccc(C(Nc2cc(C#N)c3ncc(C#N)c(NCC4CC4)c3c2)C2=CN(C(C)(C)C)CC2)c1=O
3717,8.829977646906835,Cn1cccc(C(Nc2cc(C#N)c3ncc(C#N)c(NCC(C)(C)C)c3c2)C2=CN(CC(F)(F)F)CC2)c1=O
3718,9.03987698514073,CC(C)(C)CNc1c(C#N)cnc2c(C#N)cc(N[C@H](C3=CN(CCO)CC3)c3cccn4nccc34)cc12
3719,8.688843554063412,Cn1cccc1[C@H](Nc1cc(C#N)c2ncc(C#N)c(NCC(C)(C)C)c2c1)C1=CN(CC(N)=O)CC1
3720,8.778172533615024,CC(C)(C)CNc1c(C#N)cnc2c(C#N)cc3cc1-c1ccnn1C=CC=C1CCN(CCO)C=C2[C@H]1N3
3721,9.05756345703321,CC(C)(C)CNc1c(C#N)cnc2c(C#N)cc(N[C@H](C3=CNCCN3)c3cccn4nccc34)cc12
3722,8.845624124798544,Cn1nccc1C(Nc1cc(C#N)c2ncc(C#N)c(NCC(C)(C)C)c2c1)C1=CNCCN1
3723,8.10564968730316,Cn1nccc1C(Nc1cc(C#N)c2ncc(C#N)c(NCC(C)(C)C)c2c1)c1ccccc1
3724,8.982327922412633,CC(C)(C)CNc1c(C#N)cnc2c(C#N)cc3cc1C=c1ncccc1=CC=C1CNN(CCO)C=C2[C@H]1N3
3725,8.935339406653306,CC(C)(C)CNc1c(C#N)cnc2c(C#N)cc(N[C@H](C3=CN(CCO)CC3)c3ccc(C#N)nc3)cc12
3726,7.952263162333196,CC(C)(C)CNc1c(C#N)cnc2c(C#N)cc(N[C@H](c3ccc(C#N)cc3)c3ccc(C#N)nc3)cc12
3727,8.771544718898376,CC(C)(C)CNc1c(C#N)cnc2c(C#N)cc(N[C@H](C3=CN(C4CCCC4)CC3)c3ccncc3)cc12
3728,9.415010816056423,CC(C)(C)CNc1c(C#N)cnc2c(C#N)cc3cc1OCCN(C1CC1)C=C2[C@H](c1ccc2nccn2c1)N3
3729,9.119326549747345,CC(C)(C)CNc1c(C#N)cnc2c(C#N)cc(N[C@H](C3=CN(CCO)CC3)c3csc4cnccc34)cc12
3730,9.125184944345495,CC(C)(C)CNc1c(C#N)cnc2c(C#N)cc(N[C@H](C3=CN(CC(N)=O)CC3)c3csc4cnccc34)cc12
3731,8.556041475716851,CC(C)(C)CNc1c(C#N)cnc2c(C#N)cc3cc1C=CC=CC=C1C(=O)NN(C4CC4)C=C2[C@H]1N3
3732,9.096069492903966,CC(C)(C)CNc1c(C#N)cnc2c(C#N)cc(N[C@H](C3=CN(CCO)NC3)c3csc4c3CCCC4)cc12
3733,8.881269425764955,CC(C)(C)CNc1c(C#N)cnc2c(C#N)cc(N[C@H](C3=CN(C4CC4)NC3)c3csc4c3CCC4)cc12
3734,8.207106389821076,CN1C=C([C@H](Nc2cc(C#N)c3ncc(C#N)c(NCC(C)(C)C)c3c2)c2ccccc2)NCC1
3735,8.742881083376593,CN1C=C([C@H](Nc2cc(C#N)c3ncc(C#N)c(NCC(C)(C)C)c3c2)c2ccccn2)NCC1
3736,8.772927817062248,CC(C)(C)CNc1c(C#N)cnc2c(C#N)cc(NC(C3=CN(CC(N)=O)NC3)c3cccc(F)c3)cc12
3737,8.402476118872737,CC(C)(C)CNc1c(C#N)cnc2c(C#N)cc(NC(C3=CN(C4CC4)NC3)c3ccccc3)cc12
3738,8.872898540975948,CC(C)(C)CNc1c(C#N)cnc2c(C(F)(F)F)cc(N[C@H](C3=CN(CCO)NC3)c3cccc4nc(N)sc34)cc12
3739,8.587123768459788,CC(C)(C)CNc1c(C#N)cnc2c(C(F)(F)F)cc(N[C@H](C3=CN(C(N)=O)CC3)c3cccc4ncsc34)cc12
3740,8.629740816057117,CC(C)(C)CNc1c(C#N)cnc2c(Cl)cc(NC(C3=CN(C(N)=O)CC3)c3cccc4ncsc34)cc12
3741,8.814257828591687,CC(C)(C)CNc1c(C#N)cnc2c(Cl)cc(NC(C3=CNCCO3)c3cccc4ncsc34)cc12
3742,8.86253454800853,CC(C)(C)CNc1c(C#N)cnc2c(Cl)cc(NC(C3=CN(CC(N)=O)CC3)c3cccc4ncsc34)cc12
3743,9.265124112367669,CC(C)(C)CNc1c(C#N)cnc2c(Cl)cc(NC(C3=CN(CC(N)=O)NN3)c3cccc4c3SCCO4)cc12
3744,9.179094717475639,CC(C)(C)CNc1c(C#N)cnc2c(Cl)cc(NC(C3=CN(CC(N)=O)NN3)c3cccc4c3SCO4)cc12
3745,8.988299409908274,CC(C)(C)CNc1c(C#N)cnc2c(Cl)cc(NC(C3=CN(CC(N)=O)NC3)c3cccc4c3CCN4)cc12
3746,9.003035924612671,CC(C)(C)CNc1c(C#N)cnc2c(Cl)cc(NC(C3=CN(CC(N)=O)NC3)c3cccc4c3CCO4)cc12
3747,9.001774858715796,CC(C)(C)CNc1c(C#N)cnc2c(Cl)cc(NC(C3=CN(CC(N)=O)NN3)c3cccc(F)c3)cc12
3748,9.280337456670212,CC(C)(C)CNc1c(C#N)cnc2c(Cl)cc(NC(C3=CN(C4CC4)NN3)c3cccc4c3OCO4)cc12
3749,7.853281228187162,CC(C)(C)CNc1c(C#N)cnc2c(Cl)cc(NC(=O)C3=CN(CC(=O)O)NN3)cc12
3750,8.183011041308584,CC(C)(C)CNc1c(C#N)cnc2c(Cl)cc(NC(=O)c3cnn(CC(=O)O)c3)cc12
3751,8.912317192863533,CC(C)(C)CNc1c(C#N)cnc2c(C#N)cc3cc1C=CC(F)=CC=C1NNN(CCO)C=C2[C@H]1N3
3752,8.525951431698287,CC(C)(C)CNc1c(C#N)cnc2c(Cl)cc(NC(C3=CN(CC(F)F)NC3)c3ccc(F)cc3)cc12
3753,8.663668555462639,CC(C)(C)CNc1c(C#N)cnc2c(Cl)cc(N[C@H](C3=CN(C4CCCC4)CC3)c3ccccn3)cc12
3754,8.626651374283497,CC(C)(C)CNc1c(C#N)cnc2c(Cl)cc(N[C@H](C3=CN(C4CCCC4)CC3)c3cccnc3)cc12
3755,8.86090785697361,Cn1cnc2c(C(Nc3cc(Cl)c4ncc(C#N)c(NCC(C)(C)C)c4c3)C3=CNCCN3)cccc21
3756,8.254683804821086,Cn1cnc2c(C(Nc3cc(Cl)c4ncc(C#N)c(NCC(C)(C)C)c4c3)c3ccccc3)cccc21
3757,8.727161536838173,COc1ccnc2cccc([C@@H](Nc3ccc4ncc(C#N)c(NCC(C)(C)C)c4c3)C3=CN(C(C)(C)C)CC3)c12
3758,8.802264986584031,CC(C)(C)CNc1c(C#N)cnc2c(Cl)cc(N[C@H](C3=CN(CCO)CC3)c3cccc4ncccc34)cc12
3759,8.173074327129353,CC(C)(C)CNc1c(C#N)cnc2c(Cl)cc(NC(C#N)c3cccc4nccnc34)cc12
3760,8.881392925104697,CC(C)(C)CNc1c(C#N)cnc2c(Cl)cc(NC(C3=CNCCN3)c3cccc4nccnc34)cc12
3761,8.652070123856921,CC(C)(C)CNc1c(C#N)cnc2c(Cl)cc(N[C@H](C3=CN(C4(C)CC4)CC3)c3ccccn3)cc12
3762,8.763308132561573,CC(C)(C)CNc1c(C#N)cnc2c(Cl)cc(N[C@@H](c3ccncc3)c3cn(C4CCCC4)[nH]3)cc12
3763,9.357657137757577,Cn1cnc2cc([C@H](Nc3cc(Cl)c4ncc(C#N)c(NCC(C)(C)C)c4c3)C3=CN(CC(F)(F)F)NN3)ccc21
3764,9.483717316368503,Cn1cnc2cc([C@H](Nc3cc(Cl)c4ncc(C#N)c(NCC(C)(C)C)c4c3)C3=CN(C(C)(C)C)NN3)ccc21
3765,8.692284958885262,Cn1nc([C@@H](Nc2cc(Cl)c3ncc(C#N)c(NCC(C)(C)C)c3c2)c2cccc3ncsc23)[nH]1
3766,9.431301628689939,CC(C)(C)CNc1c(C#N)cnc2c(C(F)(F)F)cc(N[C@H](C3=CN(C4CC4)NN3)c3cccc4ncsc34)cc12
3767,8.863969252964779,CC(C)(C)CNc1c(C#N)cnc2c(Cl)cc(NC(C3=CN(S(C)(=O)=O)CC3)c3cccc4ncsc34)cc12
3768,9.052529407449168,CC(C)(C)CNc1c(C#N)cnc2c(Cl)cc(NC(C3=CN(CC(N)=O)NC3)c3cccc4ncsc34)cc12
3769,8.722918101282449,CC(C)(C)CNc1c(C#N)cnc2c(Cl)cc(NC(C3=CN(CC(N)=O)NC3)c3cccc(F)c3)cc12
3770,8.989417488623161,CC(C)(C)CNc1c(C#N)cnc2c(C(F)(F)F)cc(N[C@H](c3cn(C4CC4)[nH]c3=O)c3cccc4ncsc34)cc12
3771,8.868351215442162,CC(C)(C)CNc1c(C#N)cnc2c(Cl)cc(N[C@H](C3=CN(CC(N)=O)CC3)c3cccc4ncsc34)cc12
3772,8.386726157895676,N#Cc1cnc2c(Cl)cc(NC(C3=NNCCN3)c3cccc4[nH]c(C(F)(F)F)cc34)cc2c1
3773,8.365813939499976,CC(C)(C)CNc1c(C#N)cnc2c(Cl)cc(N[C@@H](c3ccccc3)c3cn(C4(C)CC4)[nH]3)cc12
3774,8.633461006511249,CC(C)(C)CNc1c(C#N)cnc2c(Cl)cc(N[C@@H](c3cccc(C#N)c3)c3cn(C4(C)CC4)[nH]3)cc12
3775,8.403721145049866,CC(C)(C)CNc1c(C#N)cnc2c(C(F)(F)F)cc(N[C@H](c3cn(C4CC4)[nH]c3=O)c3cccc4ccccc34)cc12
3776,8.318943694397328,N#Cc1cnc2c(Cl)cc(NC(C3=NNCCN3)c3cccc4ncc(F)cc34)cc2c1
3777,8.274995920126347,COc1ccc2c([C@H](Nc3cc(Cl)c4ncc(C#N)c(NCC(C)(C)C)c4c3)c3ccccc3)cc(=O)[nH]c2c1
3778,8.169536825146794,COc1ccc2c([C@H](Nc3cc(Cl)c4ncc(C#N)c(NCC(C)(C)C)c4c3)C3=CN(C)CC3)cccc2c1
3779,8.151350880032236,Cn1c(=O)ccc2c([C@H](Nc3ccc4ncc(F)cc4c3)C3=CN(C(C)(C)C)CC3)cccc21
3780,8.826468271142998,Cn1cncc1[C@H](Nc1cc(Cl)c2ncc(C#N)c(NCC(C)(C)C)c2c1)C1=CN(CCO)CC1
3781,9.117773091927427,Cn1cncc1[C@H](Nc1cc(Cl)c2ncc(C#N)c(NCC(C)(C)C)c2c1)c1cn(C2CCCC2)c(=O)[nH]1
3782,8.760238402061413,CC(C)(C)CNc1c(C#N)cnc2c(Cl)cc(NC(C3=CN(CC(N)=O)CC3)c3ccc(Cl)c4ncccc34)cc12
3783,8.55801222341045,CC(C)(C)CNc1c(C#N)cnc2c(Cl)cc(NC(C3=CN(C(N)=O)CC3)c3ccc(Cl)c4ncccc34)cc12
3784,8.416060325116968,CC(C)(C)CNc1c(C#N)cnc2c(Cl)cc(NC(C3=CN(CC(N)=O)CC3)c3ccc(F)c(Cl)c3)cc12
3785,8.911321178993818,CC(C)(C)CNc1c(C#N)cnc2c(Cl)cc(NC(C3=CN(CC(N)=O)CC3)c3ccc(F)c4ncccc34)cc12
3786,8.747479497945003,CC(C)(C)CNc1c(C#N)cnc2c(Cl)cc(NC(C3=CNC(=O)C3)c3ccc(F)c4ncccc34)cc12
3787,8.776005933237203,CC(C)(C)CNc1c(C#N)cnc2c(Cl)cc(NC(C3=CN(CC(N)=O)NC3)c3ccc(F)c(Cl)c3)cc12
3788,8.303999260525124,CC(C)(C)CNc1c(C#N)cnc2c(Cl)cc(NC(C3=CN(CC(N)=O)CC3)c3ccc(F)cc3)cc12
3789,8.640385335830414,CC(C)(C)CNc1c(C#N)cnc2c(Cl)cc(NC(C3=CN(CC(N)=O)NN3)c3ccccc3)cc12
3790,9.386523159995946,CC(C)(C)CNc1c(C#N)cnc2c(Cl)cc(NC(C3=CN(CC(N)=O)NN3)c3cccc4ncccc34)cc12
3791,8.964135744862578,CC(C)(C)CNc1c(C#N)cnc2c(Cl)cc(NC(C3=CN(CC(F)F)NC3)c3cccc4ncccc34)cc12
3792,9.057679686546043,CC(C)(C)CNc1c(C#N)cnc2c(Cl)cc(NC(C3=CN(CC(N)=O)NC3)c3cccc4ncccc34)cc12
3793,8.86382192936219,CC(C)(C)CNc1c(C#N)cnc2c(Cl)cc(NC(C3=CN(CC(N)=O)CC3)c3cccc4ncccc34)cc12
3794,8.708997417437084,CC(C)(C)CNc1c(C#N)cnc2c(C#N)cc3cc1-c1cccnc1C=CC=C1CCN(CC(=O)O)C=C2[C@H]1N3
3795,7.968050974649218,CC(C)(C)CNc1c(C#N)cnc2c(Cl)cc(NC(C#N)c3cccc4ncccc34)cc12
3796,8.816396516867368,CC(C)(C)CNc1c(C#N)cnc2c(Cl)cc(NC(C3=CNCCN3)c3cccc4ncccc34)cc12
3797,8.831674787120926,CC(C)(C)CNc1c(C#N)cnc2c(Cl)cc(NC(C3=CN(S(C)(=O)=O)CC3)c3cccc4ncccc34)cc12
3798,8.05618599505753,CC(C)(C)CNc1c(C#N)cnc2c(Cl)cc(NC(CC#N)c3cccc4ncccc34)cc12
3799,8.775244895087317,Cn1ccc2c(C(Nc3cc(Cl)c4ncc(C#N)c(NCC(C)(C)C)c4c3)C3=CNCCN3)cccc21
3800,7.79975555227549,Cn1ccc2c(C(Nc3cc(Cl)c4ncc(C#N)c(NCC(C)(C)C)c4c3)c3ccccc3)cccc21
3801,8.663668555462639,CC(C)(C)CNc1c(C#N)cnc2c(Cl)cc(N[C@@H](C3=CN(C4CCCC4)CC3)c3ccccn3)cc12
3802,8.621084847108978,CC(C)(C)CNc1c(C#N)cnc2c(Cl)cc(N[C@@H](C3=CN(C4CCCC4)CC3)c3ccncc3)cc12
3803,8.996161620330584,Cn1ccc2c(C(Nc3cc(Cl)c4ncc(C#N)c(NCC(C)(C)C)c4c3)C3=CNCCN3)ccnc21
3804,8.579419364268286,Cn1ccc2c(C(Nc3cc(Cl)c4ncc(C#N)c(NCC(C)(C)C)c4c3)c3ccncc3)ccnc21
3805,8.779620206427854,CC(C)(C)CNc1c(C#N)cnc2c(Cl)cc(NC(C3=CN(CC(N)=O)CC3)c3ccc(Cl)c4cnccc34)cc12
3806,8.111586735915928,CC(C)(C)CNc1c(C#N)cnc2c(Cl)cc(NC(C3=CN(CC(N)=O)CC3)c3ccc(Cl)cc3)cc12
3807,8.980352326569301,CC(C)(C)CNc1c(C#N)cnc2c(Cl)cc(NC(C3=CNCCN3)c3ccc(F)c4cnccc34)cc12
3808,8.773712014346385,CC(C)(C)CNc1c(C#N)cnc2c(Cl)cc(NC(C3=CNCCN3)c3cccc4[nH]ccc34)cc12
3809,8.910043654150527,CC(C)(C)CNc1c(C#N)cnc2c(Cl)cc(NC(C3=CN(CC(N)=O)NC3)c3cccc4[nH]ccc34)cc12
3810,8.888736974870648,Cn1ncc2c(C(Nc3cc(Cl)c4ncc(C#N)c(NCC(C)(C)C)c4c3)C3=CNCCN3)cccc21
3811,8.208667690665251,Cn1ncc2c(C(Nc3cc(Cl)c4ncc(C#N)c(NCC(C)(C)C)c4c3)c3ccccc3)cccc21
3812,8.84584968012977,Cn1ncc2c(C(Nc3cc(Cl)c4ncc(C#N)c(NCC(C)(C)C)c4c3)C3=CNCN3)cccc21
3813,8.846456738145466,CC(C)(C)CNc1c(C#N)cnc2c(Cl)cc(NC(C3=CNCCO3)c3cccc4[nH]ncc34)cc12
3814,8.877188857172461,CC(C)(C)CNc1c(C#N)cnc2c(Cl)cc(NC(C3=CNCCN3)c3cccc4[nH]ncc34)cc12
3815,9.077728006114867,CC(C)(C)CNc1c(C#N)cnc2c(C(F)(F)F)cc(N[C@H](c3cn(C4CC4)[nH]c3=O)c3cccc4[nH]ncc34)cc12
3816,9.196967310115904,CC(C)(C)CNc1c(C#N)cnc2c(C(F)(F)F)cc(N[C@H](C3=CN(C4CC4)NC3)c3cccc4[nH]ncc34)cc12
3817,9.530015161720758,CC(C)(C)CNc1c(C#N)cnc2c(Cl)cc(N[C@H](C3=CN(C4CCCC4)NN3)c3ccncc3)cc12
3818,9.475544090894038,CC(C)(C)CNc1c(C#N)cnc2c(Cl)cc(N[C@H](C3=CN(C4CCC4)NN3)c3ccncc3)cc12
3819,8.45720627578632,CN1Cc2cccc([C@H](Nc3ccc4ncc(C#N)c(NCC(C)(C)C)c4c3)C3=CN(C(C)(C)C)CC3)c2C1=O
3820,8.952518158030758,CN1Cc2cccc([C@H](Nc3ccc4ncc(C#N)c(NCC(C)(C)C)c4c3)c3cn(C(C)(C)C)[nH]c3=O)c2C1=O
3821,8.120940025225373,Cn1[nH]c([C@@H](Nc2cc(Cl)c3ncc(C#N)c(NCC(C)(C)C)c3c2)c2ccccc2)c1C#N
3822,9.245828268412572,Cn1ccc2c(C(Nc3cc(Cl)c4ncc(C#N)c(NCC(C)(C)C)c4c3)C3=C(F)N(CC(F)(F)F)NN3)cccc21
3823,8.71837316814679,CN1C=C([C@@H](Nc2cc(Cl)c3ncc(C#N)c(NC4CC4)c3c2)c2cccc3c(=O)n(C)ccc23)NNC1=O
3824,8.972870819118521,CN1C=C([C@@H](Nc2cc(Cl)c3ncc(C#N)c(NCC(C)(C)C)c3c2)c2cccc3c(=O)n(C)ccc23)NC1
3825,9.614015156123395,Cn1ccc2c(C(Nc3ccc4ncc(C#N)c(NCC(C)(C)C)c4c3)C3=CN(C(C)(C)C)NN3)cccc2c1=O
3826,9.041730429705506,Cn1ccc2c(C(Nc3cc(Cl)c4ncc(C#N)c(NCC(C)(C)C)c4c3)C3=CNCCN3)cccc2c1=O
3827,7.87445246209229,Cn1ccc2c(C(Nc3cc(Cl)c4ncc(C#N)c(NCC(C)(C)C)c4c3)c3ccccc3)cccc2c1=O
3828,8.17612408162164,Cn1ccc2c(C(Nc3cc(Cl)c4ncccc4c3)C3=CN(C4CCCC4)NN3)cccc21
3829,9.030180385034573,Cn1ccc2c([C@H](Nc3cc(Cl)c4ncc(C#N)c(NCC(C)(C)C)c4c3)C3=CNCCN3)c[nH]c21
3830,8.794340399229215,Cn1ccc2c([C@H](Nc3cc(Cl)c4ncc(C#N)c(NCC(C)(C)C)c4c3)C3=CNCCN3)cccc21
3831,8.427900805460212,CN1C(=O)c2cccc([C@H](Nc3cc(Cl)c4ncc(C#N)c(NCC(C)(C)C)c4c3)C3=CN(CC(N)=O)CC3)c21
3832,9.128229819595886,CN1C(=O)c2cccc([C@H](Nc3cc(Cl)c4ncc(C#N)c(NCC(C)(C)C)c4c3)C3=CN(C4CC4)NNC3=O)c21
3833,9.388626685629752,CC(C)(C)CNc1c(C#N)cnc2c(Cl)cc(NC(C3=CN(CC(N)=O)NN3)c3cccc4cnccc34)cc12
3834,9.003497303758104,CC(C)(C)CNc1c(C#N)cnc2c(Cl)cc(NC(C3=CN(CC(F)F)NC3)c3cccc4cnccc34)cc12
3835,9.007719097649176,CC(C)(C)CNc1c(C#N)cnc2c(Cl)cc(NC(C3=CN(CC(N)=O)NC3)c3cccc4cnccc34)cc12
3836,7.9285014333998,CC(C)(C)CNc1c(C#N)cnc2c(Cl)cc(NC(C#N)c3cccc4cnccc34)cc12
3837,8.799343521151402,CC(C)(C)CNc1c(C#N)cnc2c(Cl)cc(NC(C3=CNCCN3)c3cccc4cnccc34)cc12
3838,8.8240025259379,CC(C)(C)CNc1c(C#N)cnc2c(Cl)cc(NC(C3=CN(CC(N)=O)CC3)c3cccc4cnccc34)cc12
3839,9.555583361287347,CC(C)(C)CNc1c(C#N)cnc2c(C(F)(F)F)cc(N[C@H](C3=CN(C4CC4)NN3)c3cccc4cnccc34)cc12
3840,8.048877345436017,CC(C)(C)CNc1c(C#N)cnc2c(Cl)cc(NC(CC#N)c3cccc4cnccc34)cc12
3841,8.930931461960782,CC(C)(C)CNc1c(C#N)cnc2c(C(F)(F)F)cc(N[C@H](c3cn(C4CC4)[nH]c3=O)c3cccc4cnccc34)cc12
3842,9.036771616127579,CC(C)(C)CNc1c(C#N)cnc2c(C(F)(F)F)cc(N[C@H](C3=CN(C4CC4)NC3)c3cccc4cnccc34)cc12
3843,8.697787800295155,Cn1nc([C@@H](Nc2cc(Cl)c3ncc(C#N)c(NCC(C)(C)C)c3c2)c2cccc3c(Cl)nccc23)[nH]1
3844,8.686474157441065,CN1N=C([C@@H](Nc2cc(Cl)c3ncc(C#N)c(NCC(C)(C)C)c3c2)c2cccc3c2OCO3)NN1C
3845,8.850478898175911,N#Cc1cnc2c(Cl)cc(N[C@H](C3=C(F)N(C4(C(F)(F)F)CC4)CC3)c3cncc4ccccc34)cc2c1NCCO
3846,9.376585813479432,CC(C)(C)CNc1c(C#N)cnc2c(Cl)cc(N[C@H](C3=CN(CCO)NN3)c3cccc4ncccc34)cc12
3847,9.21225135992417,CC(C)(C)CNc1c(C#N)cnc2c(Cl)cc(N[C@@H](C3=CN(CC(F)(F)F)NN3)c3ccccn3)cc12
3848,8.358442332820287,CC(C)(C)CNc1c(C#N)cnc2c(Cl)cc(N[C@H](c3ccnc(Cl)c3)c3cnccn3)cc12
3849,8.94043822089146,CC(C)(C)CNc1c(C#N)cnc2c(Cl)cc(N[C@@H](C3=CN(C4(C)CC4)CC3)c3cnccn3)cc12
3850,9.498082322685006,CC(C)(C)CNc1c(C#N)cnc2c(Cl)cc(N[C@H](C3=CN(C4CCCC4)NN3)c3ccccn3)cc12
3851,8.621084847108978,CC(C)(C)CNc1c(C#N)cnc2c(Cl)cc(N[C@H](C3=CN(C4CCCC4)CC3)c3ccncc3)cc12
3852,8.577712042182013,CC(C)(C)CNc1c(C#N)cnc2c(Cl)cc(N[C@H](C3=CN(C4CC4)CC3)c3ccncc3)cc12
3853,9.419286144112915,CC(C)(C)CNc1c(C#N)cnc2c(Cl)cc(N[C@H](C3=CN(CC(C)(C)C)NN3)c3ccncc3)cc12
3854,8.872177054188992,CC(C)(C)CNc1c(C#N)cnc2c(Cl)cc(N[C@@H](C3=CN(C4CC4)NN3)c3ccccc3)cc12
3855,9.376585813479432,CC(C)(C)CNc1c(C#N)cnc2c(Cl)cc(N[C@@H](C3=CN(CCO)NN3)c3cccc4ncccc34)cc12
3856,7.928997167592551,CC(C)(C)CNc1c(C#N)cnc2c(Cl)cc(NC(C#N)c3cccc4ccncc34)cc12
3857,8.803609872783424,CC(C)(C)CNc1c(C#N)cnc2c(Cl)cc(NC(C3=CNCCN3)c3cccc4ccncc34)cc12
3858,8.241556578448188,CC(C)(C)CNc1c(C#N)cnc2c(Cl)cc(NC(C3=CNCCN3)c3cccc4ccccc34)cc12
3859,8.607925402865252,CC(C)(C)CNc1c(C#N)cnc2c(Cl)cc(NC(C3=CNCCO3)c3cccc4ccncc34)cc12
3860,8.189277096558527,CC(C)(C)CNc1c(C#N)cnc2c(Cl)cc(NC(C3=CN(S(C)(=O)=O)CC3)c3cccc4ccccc34)cc12
3861,8.555575149529137,CC(C)(C)CNc1c(C#N)cnc2c(Cl)cc(NC(C3=CN(CC(N)=O)NC3)c3cccc4ccccc34)cc12
3862,8.824527857407498,CC(C)(C)CNc1c(C#N)cnc2c(Cl)cc(N[C@H](C3=CNCCN3)c3cccc4c3CNC4=O)cc12
3863,7.722775171941244,CC(C)(C)CNc1c(C#N)cnc2c(Cl)cc(NC(CC#N)c3cccc4c3CNC4)cc12
3864,8.502770573518381,CC(C)(C)CNc1c(C#N)cnc2c(Cl)cc(NC(C3=CNCCO3)c3cccc4c3CNC4)cc12
3865,8.377567593928516,CN1CC([C@@H](Nc2cc(Cl)c3ncc(C#N)c(NCC(C)(C)C)c3c2)c2cccc3c2CNC3)=N1
3866,8.578976724103786,CN1CC([C@@H](Nc2cc(Cl)c3ncc(C#N)c(NCC(C)(C)C)c3c2)c2cccc3c2CNC3=O)=N1
3867,8.049101645191993,CC(C)(C)CNc1c(C#N)cnc2c(Cl)cc(N[C@H](C3=CN(C4CCC4)CC3)c3ccccc3)cc12
3868,9.300485536300695,CC(C)(C)CNc1c(C#N)cnc2c(C#N)cc3cc1-c1ncccc1C=CC=C1NNN(CCO)C=C2[C@H]1N3
3869,8.288193190950155,Cn1cnc2c(C(Nc3cc(Cl)c4ncc(C#N)c(NCC(C)(C)C)c4c3)c3ccccc3)cccc2c1=O
3870,7.598699195123869,CC(C)(C)CNc1c(C#N)cnc2c(Cl)cc(NC(CC#N)c3cccc4c3NCC4)cc12
3871,8.526809903698261,CC(C)(C)CNc1c(C#N)cnc2c(Cl)cc(NC(C3=CN(CC(N)=O)CC3)c3cccc4c3OCO4)cc12
3872,8.684645229779234,Cn1cncc1C(Nc1cc(Cl)c2ncc(C#N)c(NCC(C)(C)C)c2c1)C1=CN(C(C)(C)C)CC1
3873,9.18065084979031,Cn1cncc1C(Nc1cc(Cl)c2ncc(C#N)c(NCC(C)(C)C)c2c1)C1=CN(C2(C(F)(F)F)CC2)CC1
3874,8.605126811595468,Cn1nc([C@@H](Nc2cc(Cl)c3ncc(C#N)c(NCC(C)(C)C)c3c2)c2cccc3cnccc23)[nH]1
3875,8.874021886448125,Cn1cc2c(C(Nc3cc(Cl)c4ncc(C#N)c(NCC(C)(C)C)c4c3)C3=CNCCN3)cccc2n1
3876,8.967661923776069,CC(C)(C)CNc1c(C#N)cnc2c(Cl)cc(N[C@H](C3=CN(C4CCCC4)CC3)c3cnccn3)cc12
3877,8.2147401687017,Cn1cc2c(C(Nc3cc(Cl)c4ncc(C#N)c(NCC(C)(C)C)c4c3)c3ccccc3)cccc2n1
3878,8.224525401202948,Cn1cccc(C(Nc2cc(Cl)c3ncc(C#N)c(NCC(C)(C)C)c3c2)c2ccccn2)c1=O
3879,9.618127281138056,Cn1cccc(C(Nc2cc(Cl)c3ncc(C#N)c(NCC(C)(C)C)c3c2)C2=CN(C(C)(C)C)NN2)c1=O
3880,8.884038305106651,CC(C)(C)CNc1c(C#N)cnc2c(Cl)cc(NC(C3=CNCCN3)c3cccn4nccc34)cc12
3881,8.21243050717614,CC(C)(C)CNc1c(C#N)cnc2c(Cl)cc(NC(CC#N)c3cccn4nccc34)cc12
3882,8.816853881051035,CC(C)(C)CNc1c(C#N)cnc2c(Cl)cc(NC(C3=CN(CC(N)=O)CC3)c3cccn4nccc34)cc12
3883,8.572423925689813,CC(C)(C)CNc1c(C#N)cnc2c(Cl)cc(NC(c3ccccn3)c3cccn4cncc34)cc12
3884,7.603804973531266,Cn1cccc1C(CC#N)Nc1cc(Cl)c2ncc(C#N)c(NCC(C)(C)C)c2c1
3885,9.477176612922761,CC(C)(C)CNc1c(C#N)cnc2c(C(F)(F)F)cc(N[C@H](C3=CN(C(=O)C4CC4)NN3)c3cccn4cncc34)cc12
3886,8.797011210185985,Cn1nccc1[C@H](Nc1cc(Cl)c2ncc(C#N)c(NCC(C)(C)C)c2c1)C1=CN(CCO)CC1
3887,8.680860466089138,Cn1nccc1[C@H](Nc1cc(Cl)c2ncc(C#N)c(NCC(C)(C)C)c2c1)C1=CN(C(C)(C)C)CC1
3888,8.666757170810172,CC(C)(C)CNc1c(C#N)cnc2c(Cl)cc(NC(C3=CNCCO3)c3ccc4cccnc4c3)cc12
3889,8.808417133667767,CC(C)(C)CNc1c(C#N)cnc2c(Cl)cc(NC(C3=CNCCN3)c3ccc4cccnc4c3)cc12
3890,8.877266480647158,CC(C)(C)CNc1c(C#N)cnc2c(Cl)cc(NC(C3=CN(CC(N)=O)CC3)c3ccc4cccnc4c3)cc12
3891,8.80005203995707,CC(C)(C)CNc1c(C#N)cnc2c(Cl)cc(NC(C3=CNCCN3)c3cnc4ccccc4c3)cc12
3892,8.567407800931086,CC(C)(C)CNc1c(C#N)cnc2c(Cl)cc(NC(C3=CNCCO3)c3ccc(Cl)nc3)cc12
3893,8.44530671548897,CC(C)(C)CNc1c(C#N)cnc2c(Cl)cc(NC(C3=CNC(=O)C3)c3ccc(Cl)nc3)cc12
3894,7.819112554122888,CC(C)(C)CNc1c(C#N)cnc2c(Cl)cc(NC(c3cccnc3)c3cccnc3)cc12
3895,8.743400196026522,CC(C)(C)CNc1c(C#N)cnc2c(Cl)cc(NC(C3=CN(CC(F)F)CC3)c3cccnc3)cc12
3896,9.252556894853875,CC(C)(C)CNc1c(C#N)cnc2c(Cl)cc(NC(C3=CN(CC(F)(F)F)NN3)c3cccnc3)cc12
3897,8.486786065260203,CC(C)(C)CNc1c(C#N)cnc2c(Cl)cc(NC(C3=CNC(=O)C3)c3cccnc3)cc12
3898,8.434582145053705,CC(C)(C)CNc1c(C#N)cnc2c(C#N)cc(NC(C3=CNC(=O)C3)c3cccnc3)cc12
3899,7.917347278843501,CC(C)(C)CNc1c(C#N)cnc2c(Cl)cc(NC(C#N)c3cncc4ccccc34)cc12
3900,8.3795254842082,CC(C)(C)CNc1c(C#N)cnc2c(C#N)cc3cc1-c1ccccc1C=NC=C1CCN(CCO)C=C2[C@H]1N3
3901,8.904048439712444,CC(C)(C)CNc1c(C#N)cnc2c(Cl)cc(NC(C3=CNCCN3)c3ccc4nccn4c3)cc12
3902,8.78506827245986,CC(C)(C)CNc1c(C#N)cnc2c(Cl)cc(NC(C3=CN(CC(F)F)CC3)c3cccnc3Cl)cc12
3903,8.63124558182887,CC(C)(C)CNc1c(C#N)cnc2c(Cl)cc(NC(C3=CNC(=O)CN3)c3cccnc3Cl)cc12
3904,8.69226739427871,CC(C)(C)CNc1c(C#N)cnc2c(Cl)cc(NC(C3=CN(CC(N)=O)CC3)c3cccnc3)cc12
3905,8.938215071188399,CC(C)(C)CNc1c(C#N)cnc2c(Cl)cc(NC(C3=CNC(=O)CN3)c3cccnc3F)cc12
3906,8.966927004044466,CC(C)(C)CNc1c(C#N)cnc2c(Cl)cc(NC(C3=CN(CC(F)F)NC3)c3cccnc3)cc12
3907,8.91209731355803,CC(C)(C)CNc1c(C#N)cnc2c(Cl)cc(NC(C3=CNCCN3)c3cnn4ncccc34)cc12
3908,8.928756422187371,CC(C)(C)CNc1c(C#N)cnc2c(Cl)cc(N[C@H](C3=CNCCN3)c3cnn4ncccc34)cc12
3909,8.90378737720857,CC(C)(C)CNc1c(C#N)cnc2c(Cl)cc(NC(C3=CNCCO3)c3csc4cnccc34)cc12
3910,9.015820085279508,CC(C)(C)CNc1c(C#N)cnc2c(Cl)cc(NC(C3=CNCCN3)c3csc4cnccc34)cc12
3911,9.223119526215942,CC(C)(C)CNc1c(C#N)cnc2c(C(F)(F)F)cc(N[C@H](C3=CN(CC(F)F)CN3)c3cncc4cnccc34)cc12
3912,9.143775046899272,CC(C)(C)CNc1c(C#N)cnc2c(C(F)(F)F)cc(N[C@H](c3cn(C4CC4)[nH]c3=O)c3cncc4cnccc34)cc12
3913,9.180958936058763,CC(C)(C)CNc1c(C#N)cnc2c(Cl)cc(N[C@H](C3=CN(CC(=O)O)NC3)c3csc4cnccc34)cc12
3914,9.244673529039748,CC(C)(C)CNc1c(C#N)cnc2c(Cl)cc(NC(C3=CN(CC(N)=O)NC3)c3csc4cnccc34)cc12
3915,8.26837206629986,CC(C)(C)CNc1c(C#N)cnc2c(Cl)cc(NC(C3=CNCCN3)c3ccc(F)cc3)cc12
3916,8.465365153542729,CC(C)(C)CNc1c(C#N)cnc2c(Cl)cc(NC(c3ccc(F)cc3)c3c[nH]c(=O)[nH]3)cc12
3917,8.155758015920155,CC(C)(C)CNc1c(C#N)cnc2c(Cl)cc(NC(C3=CNCCO3)c3ccc(F)cc3)cc12
3918,8.999628531036606,CC(C)(C)CNc1c(C#N)cnc2c(Cl)cc(NC(C3=CN(CC(N)=O)CC3)c3ccc(F)nc3)cc12
3919,8.943117968187998,CC(C)(C)CNc1c(C#N)cnc2c(Cl)cc(NC(C3=CN(CC(=O)O)NN3)c3ccc(F)cc3)cc12
3920,8.574544059013775,CC(C)(C)CNc1c(C#N)cnc2c(C#N)cc(N[C@@H](C3=CN(CC(=O)O)NC3)c3ccc(Cl)cc3)cc12
3921,9.530015161720758,CC(C)(C)CNc1c(C#N)cnc2c(Cl)cc(N[C@@H](C3=CN(C4CCCC4)NN3)c3ccncc3)cc12
3922,9.439927911555895,CC(C)(C)CNc1c(C#N)cnc2c(Cl)cc(N[C@@H](C3=CN(C4CC4)NN3)c3ccncc3)cc12
3923,8.718252488468616,CC(C)(C)Nc1c(C#N)cnc2c(Cl)cc(N[C@H](C3=NN(C4CCCC4)C3)c3cccnc3N)cc12
3924,8.856030172706884,CC(C)(C)CNc1c(C#N)cnc2c(Cl)cc(N[C@H](C3=NN(C4CCCC4)C3)c3cccnc3N)cc12
3925,8.580644809216402,CC(C)(C)CNc1c(C#N)cnc2c(Cl)cc(NC(C3=CN(C4CC4)NC3)c3ccc(F)cc3)cc12
3926,9.014585510314932,CC(C)(C)CNc1c(C#N)cnc2c(Cl)cc(NC(C3=CN(C4CC4)NN3)c3ccc(F)cc3)cc12
3927,9.489461752012566,CC(C)(C)CNc1c(C#N)cnc2c(Cl)cc(NC(C3=CN(CC(N)=O)NN3)c3csc4c3CCCC4)cc12
3928,9.472118232496145,CC(C)(C)CNc1c(C#N)cnc2c(Cl)cc(NC(C3=CN(CC(N)=O)NN3)c3csc4c3CCC4)cc12
3929,8.846440508716762,CC(C)(C)CNc1c(C#N)cnc2c(F)cc(NC(C3=CNCCO3)c3cccc4ncsc34)cc12
3930,8.784237482216826,Cn1nc([C@@H](Nc2cc(F)c3ncc(C#N)c(NCC(C)(C)C)c3c2)c2cccc3ncsc23)[nH]1
3931,8.651236447121809,CC(C)(C)CNc1c(C#N)cnc2c(F)cc(NC(C3=CN(C(N)=O)CC3)c3cccc4ncsc34)cc12
3932,8.661027665261942,COc1cc(N[C@@H](C2=CN(C(C)C)NN2)c2ccccc2)cc2c(NCC(C)(C)C)c(C#N)cnc12
3933,8.830798925991266,COc1cc(N[C@H](c2ccc(F)cc2)c2cn(C3CC3)[nH]c2=O)cc2c(NCC(C)(C)C)c(C#N)cnc12
3934,8.576270261401458,CC(C)(C)CNc1ncnc2c(C#N)cc(N[C@H](c3ccccn3)c3cccc4ncsc34)cc12
3935,8.962753380167012,CC(C)(C)CNc1ncnc2c(C#N)cc(NC(c3ccccc3)c3cn(C4CC4)nn3)cc12
3936,8.35186088475901,Cn1ccc2c(C(Nc3cc(C#N)c4ncnc(NCC(C)(C)C)c4c3)c3ccccc3)cccc2c1=O
3937,8.580973775628813,Cn1ccc2c(C(Nc3cc(C#N)c4ncnc(NCC(C)(C)C)c4c3)c3ccccn3)cccc2c1=O
3938,8.183599497552589,CC(C)(C)CNc1ncnc2c(C#N)cc(NC(CCc3ccccc3)c3ccc(Cl)cc3)cc12
3939,8.290496420643217,CC(C)(C)CNc1ncnc2c(C#N)cc(NC(CCc3ccccc3)c3ccc(F)cc3)cc12
3940,8.757448398103476,N#Cc1cc(NC(c2cn(C3CCCC3)nn2)c2ccccc2Cl)cc2c(NCC3CC3)ncnc12
3941,8.686900638594963,CC(C)(C)Nc1ncnc2c(C#N)cc(NC(c3ccccc3)c3cn(C4CC4)nn3)cc12
3942,8.780457300426264,CC(C)Nc1ncnc2ccc(N[C@@H](c3ccc(F)cc3)c3cn(C4CC4)nn3)cc12
3943,8.88525815061927,CC(C)(C)CNc1ncnc2ccc(N[C@@H](c3ccc(F)cc3)c3cn(CCCO)nn3)cc12
3944,8.779361665005208,CC(C)(C)CNc1ncnc2ccc(NC(c3ccccc3)c3cn(C4CC4)nn3)cc12
3945,8.593357093800263,CC(C)Nc1ncnc2ccc(NC(c3ccccc3)c3cn(C4CC4)nn3)cc12
3946,8.876977758885438,Fc1ccc(C(Nc2ccc3ncnc(NCCN4CCOCC4)c3c2)c2cn(C3CCCC3)nn2)cc1
3947,8.88549119537421,CC(C)(C)CNc1ncnc2ccc(NC(c3ccc(F)cc3)c3cn(CCCO)nn3)cc12
3948,9.061285373849302,CC(C)(C)CNc1ncnc2ccc(NC(c3cccc(C#N)c3)c3cn(C4CC4)nn3)cc12
3949,8.616862305202254,CC(C)(C)CNc1ncnc2c(Cl)cc(N[C@H](c3ccccn3)c3cccc4ncsc34)cc12
3950,8.221579563178048,CC(C)(C)CNc1ncnc2c(C(F)(F)F)cc(N[C@@H](c3ccccc3)c3cccc4ncsc34)cc12
3951,9.1286622622535,CC(C)(C)CNc1ncnc2c(Cl)cc(NC(c3ccc(F)cc3)c3cn(C4CC4)nn3)cc12
3952,8.987760425384492,CC(C)(C)CNc1ncnc2c(Cl)cc(NC(c3ccc(F)cc3)c3cn(CCC(=O)O)nn3)cc12
3953,8.273481441621291,Cn1ccc2c(C(Nc3cc(Cl)c4ncnc(NCC(F)(F)F)c4c3)c3ccccc3)cccc2c1=O
3954,8.44591110397759,Cn1ccc2c(C(Nc3cc(Cl)c4ncnc(NCC(F)(F)F)c4c3)c3ccccn3)cccc2c1=O
3955,8.3374641944978,Cn1ccc2c(C(Nc3cc(Cl)c4ncnc(NCC(C)(C)C)c4c3)c3ccccc3)cccc2c1=O
3956,8.183888868504823,CC(C)(C)CNc1ncnc2c(Cl)cc(NC(c3ccccc3)c3ccc(F)cc3)cc12
3957,8.085377722790989,CC(C)(C)CNc1ncnc2c(Cl)cc(NC(c3ccc(F)cc3)c3ccc(F)cc3)cc12
3958,8.793131976885485,CC(C)(C)CNc1ncnc2c(Cl)cc(NC(c3ccccc3)c3cn(C4CCNCC4)nn3)cc12
3959,8.68985749216406,CC(C)(C)Nc1ncnc2c(Cl)cc(NC(c3ccccc3)c3cn(C4CC4)nn3)cc12
3960,8.815944005553975,CN(C)CCNc1ncnc2c(Cl)cc(NC(c3cn(C4CC4)nn3)c3ccccc3Cl)cc12
3961,8.901496020440478,CN(C)CCn1cc(C(Nc2cc(Cl)c3ncnc(NCC(C)(C)C)c3c2)c2ccccc2Cl)nn1
3962,8.031635215126377,CC(C)(C)CNc1ncnc2c(Cl)cc(NC(c3ccccc3)c3ccccc3Cl)cc12
3963,7.839090701746794,COc1cc(Nc2ncnc3sc4c(c23)CCN(C(C)=O)C4)cc(OC)c1Cl
3964,7.517123750538097,COc1cc(Nc2ncnc3sc4c(c23)CCN(C(C)=O)C4)cc(OC)c1OC
3965,7.771348754818447,CC(C)(C)n1cc(-c2ccc3ccccc3c2)c2c(N)ncnc21
3966,7.222346379991296,CC(C)(C)n1cc(-c2cccc(Cl)c2)c2c(N)ncnc21
3967,8.316718614837825,N#Cc1cnc2c(Cl)cc(N[C@@H](C(=O)O)c3cccnc3)cc2c1Nc1cnc(F)c(F)c1
3968,8.61893702919177,Cn1cncc1C(Nc1cc(Cl)c2ncc(C#N)c(Nc3ccc(F)c(Cl)c3)c2c1)c1ccccn1
3969,8.256075580906838,Cn1cncc1C(Nc1cc(Cl)c2ncc(C#N)c(Nc3ccc(F)c(Cl)c3)c2c1)c1ccccc1
3970,7.427243728058476,Cn1cc(Nc2nc(N3CC[C@@H](N)C3)nc3c2ncn3C(C)(C)C)c(Cl)n1
3971,7.574517574556935,Cn1cc(Nc2nc(N3CCC(C(N)=O)CC3)nc3c2ncn3C(C)(C)C)c(Cl)n1
3972,8.084857351587187,O=C1NC(=O)c2cc(N3CCN(CCOc4ncc5nc(Nc6ccncc6)ccc5n4)CC3)ccc21
3973,7.015261634556263,CC(C)(C)n1nc(-c2ccc3c(c2)OCO3)c2c(N)ncnc21
3974,7.294823262693564,CC(C)(C)n1nc(-c2ccc3c(c2)CCCO3)c2c(N)ncnc21
3975,7.950075572790863,CC(C)NC(=O)c1ccc(C(=O)Nc2ncnc3c2c(-c2ccc(Cl)cc2)nn3C(C)(C)C)cn1
3976,7.5717973710224165,CC(C)NC(=O)c1ccc(C(=O)Nc2ncnc3c2c(-c2ccc(Cl)cc2)nn3C(C)(C)C)cc1
3977,7.460695234055337,CC(C)(C)n1nc(-c2ccc(CNC(=O)c3cccc(C(F)(F)F)c3)cc2)c2c(N)ncnc21
3978,7.886774275705332,CC(C)(C)n1nc(-c2ccc(CNC(=O)c3ccc(F)cc3)cc2)c2c(N)ncnc21
3979,7.622651734636384,CC(C)(C)n1nc(-c2ccc(CNC(=O)Nc3cccc(C(F)(F)F)c3)cc2)c2c(N)ncnc21
3980,8.471672488405147,Fc1ccc(C(Nc2ccc3ncnc(Nc4ccc(F)c(Cl)c4)c3c2)c2cnn[nH]2)cc1
3981,8.720703376846787,Fc1ccc(C(Nc2ccc3ncnc(Nc4ccc(F)c(Cl)c4)c3c2)c2cncn2C2CCNCC2)cc1
3982,9.157179745758773,CN1CCC(n2cc([C@@H](Nc3cc(Cl)c4ncc(C#N)c(NC5CCCCC5)c4c3)c3cccnc3)nn2)CC1
3983,7.925488147263298,N#Cc1cnc2c(Cl)cc(NC(c3cccnc3)c3cccnc3)cc2c1NC1CCCC1
3984,8.46578044503832,N#Cc1cnc2c(Cl)cc(N[C@@H](C(=O)NC3CC3)c3cccnc3)cc2c1Nc1ccc(F)c(Cl)c1
3985,8.581904048918224,N#Cc1cnc2c(Cl)cc(N[C@@H](C(=O)N3CCC3)c3cccnc3)cc2c1Nc1ccc(F)c(Cl)c1
3986,8.54216053620097,Cn1cc([C@@H](Nc2cc(Cl)c3ncc(C#N)c(Nc4ccc(F)c(Cl)c4)c3c2)c2cccnc2N)[nH]1
3987,8.92105284799499,CN1C=C([C@@H](Nc2cc(Cl)c3ncc(C#N)c(Nc4ccc(F)c(Cl)c4)c3c2)c2cccnc2N)N2CCC12
3988,7.865402665797647,N#Cc1cnc2c(Cl)cc(NC3=CSCCN3)cc2c1Nc1ccc(F)c(Cl)c1
3989,8.579325376911832,N#Cc1cnc2c(Cl)cc(NC3=CC(N4CCOCC4)C(N)=N3)cc2c1Nc1ccc(F)c(Cl)c1
3990,8.694417266694357,N#Cc1cnc2c(Cl)cc(NC3=CC(N4CCOCC4)C(=O)NC3)cc2c1Nc1ccc(F)c(Cl)c1
3991,7.831789430394567,N#Cc1cnc2c(Cl)cc(NC3=CC(=O)NCC3)cc2c1Nc1ccc(F)c(Cl)c1
3992,8.532742678377344,N#Cc1cnc2c(Cl)cc(NC3=CC(N4CCCC4)CCN3)cc2c1Nc1ccc(F)c(Cl)c1
3993,8.52065009385856,N#Cc1cnc2c(Cl)cc(NC3=CC(N4CCCC4)CCNC3)cc2c1Nc1ccc(F)c(Cl)c1
3994,8.228661728560256,CN1Cc2cccc([C@H](Nc3ccc4ncc(C#N)c(Nc5ccccc5)c4c3)C3=CN(C4CCCC4)C3=O)c2C1=O
3995,8.421126113226299,CN1Cc2cccc([C@H](Nc3ccc4ncc(C#N)c(Nc5cccc(F)c5)c4c3)C3=CN(C4CCCC4)C3=O)c2C1=O
3996,8.01735513147783,N#Cc1cnc2c(Cl)cc(NC3=CC(=O)NCC3)c(F)c2c1Nc1ccc(F)c(Cl)c1
3997,8.576656681535052,N#Cc1cnc2c(Cl)cc(NC3=CC(N4CCOCC4)CCNC3)cc2c1Nc1ccc(F)c(Cl)c1
3998,8.245766096167467,N#Cc1cnc2c(Cl)cc(NC3=CC(N4CCOCC4)C(N)=C3)cc2c1Nc1ccc(F)c(Cl)c1
3999,8.245754880889635,N#Cc1cnc2c(Cl)cc(NC3=CC(N4CCOCC4)Cc4ccccc43)cc2c1Nc1ccc(F)c(Cl)c1
4000,8.515650655476172,Cn1nccc1C(Nc1cc(Cl)c2ncc(C#N)c(Nc3ccc(F)c(Cl)c3)c2c1)c1ccccn1
4001,8.655989782373709,Cn1nccc1C(Nc1cc(Cl)c2ncc(C#N)c(Nc3ccc(F)c(Cl)c3)c2c1)C1CCNCC1
4002,8.158123384951695,N#Cc1cnc2c(Cl)cc(NC3=CC(=O)NC(CO)C3)cc2c1Nc1ccc(F)c(Cl)c1
4003,8.644297558494513,N#Cc1cnc2c(Cl)cc(NC3=CC(N4CCCC4=O)CCN3)cc2c1Nc1ccc(F)c(Cl)c1
4004,8.79597753479146,CN1C=C([C@@H](Nc2cc(Cl)c3ncc(C#N)c(Nc4ccc(F)c(Cl)c4)c3c2)c2ccc3scnc3c2)CC1
4005,8.646337631428967,N#Cc1cnc2c(Cl)cc(NC3=CC(N4CCCC4=O)CCNC3)cc2c1Nc1ccc(F)c(Cl)c1
4006,8.473938109890828,N#Cc1cnc2c(Cl)cc(NC3=CC(N4CCCC4)CNC3)cc2c1Nc1ccc(F)c(Cl)c1
4007,7.582762119301777,N#Cc1cnc2c(Cl)cc(NC3=CCOCC3)cc2c1Nc1ccc(F)c(Cl)c1
4008,8.631109315216088,Cn1cnc([C@H](Nc2cc(Cl)c3ncc(C#N)c(Nc4ccc(F)c(Cl)c4)c3c2)C2=CNCC2)c1
4009,8.61936185042365,Cn1cnc(C(Nc2cc(Cl)c3ncc(C#N)c(Nc4ccc(F)c(Cl)c4)c3c2)C2=CNCC2)c1
4010,8.649691284524518,N#Cc1cnc2c(Cl)cc(N[C@@H](C(=O)N3CCC3)c3ccc(F)nc3)cc2c1Nc1ccc(F)c(Cl)c1
4011,8.276150391773824,COc1ccc([C@H](Nc2cc(Cl)c3ncc(C#N)c(Nc4ccc(F)c(Cl)c4)c3c2)C2=CNCC2)cc1
4012,8.30052753309869,COc1ccc([C@H](Nc2cc(Cl)c3ncc(C#N)c(Nc4ccc(F)c(Cl)c4)c3c2)C2=CN(C)CC2)cc1
4013,7.865244063102208,N#Cc1cnc2c(Cl)cc(NC3=NCCCN3)cc2c1Nc1ccc(F)c(Cl)c1
4014,8.167557420551564,N#Cc1cnc2c(Cl)cc(NC(=O)c3cnc(Cl)cn3)cc2c1Nc1ccc(F)c(Cl)c1
4015,7.714466258693743,N#Cc1cnc2c(Cl)cc(NC(c3cccnc3)c3cccnc3)cc2c1Nc1ccc(Cl)c(Cl)c1
4016,8.481573782436204,N#Cc1cnc2c(Cl)cc(NC(C3=CNCCN3)c3cccnc3)cc2c1Nc1ccc(Cl)c(Cl)c1
4017,8.097610573284902,N#Cc1cnc2c(Cl)cc(NC(c3cccnc3)c3cccnc3)cc2c1Nc1cccc(Cl)c1F
4018,7.999355603104373,N#Cc1cnc2c(Cl)cc(NC(c3cccnc3)c3cccnc3)cc2c1Nc1ccc(F)c(F)c1
4019,8.712225167941748,N#Cc1cnc2c(Cl)cc(NC(C3=CNCCN3)c3cccnc3)cc2c1Nc1ccc(F)c(F)c1
4020,9.017308726756458,N#Cc1cnc2c(Cl)cc(NC(C3=CNCCN3)c3cccnc3)cc2c1Nc1cnc(F)c(F)c1
4021,8.694284869152913,N#Cc1cnc2c(Cl)cc(N[C@H](C3=CNCCN3)c3cccnc3)cc2c1NC1CCCCC1
4022,8.732381201515171,Cn1cncc1C(Nc1cc(Cl)c2ncc(C#N)c(Nc3ccc(F)c(Cl)c3)c2c1)C1=CCNCC1
4023,8.609964361240683,N#Cc1cnc2c(Cl)cc(N[C@H](c3cnco3)c3cncs3)cc2c1Nc1ccc(F)c(Cl)c1
4024,8.87738890679824,N#Cc1cnc2c(Cl)cc(N[C@H](C3=CNCCN3)c3cncs3)cc2c1Nc1ccc(F)c(Cl)c1
4025,8.865034489933134,N#Cc1cnc2c(Cl)cc(NC(C3=CNCCN3)c3cncs3)cc2c1Nc1ccc(F)c(Cl)c1
4026,8.071854422732546,N#Cc1cnc2c(Cl)cc(NC(c3ccccn3)c3ccccn3)cc2c1Nc1ccc(F)c(Cl)c1
4027,8.686066566039752,N#Cc1cnc2c(Cl)cc(NC(C3=NCCN3)c3ccccn3)cc2c1Nc1ccc(F)c(Cl)c1
4028,8.573446400331239,N#Cc1cnc2c(Cl)cc(N[C@@H](C(=O)N3CCC3)c3csc(N4CCOCC4)c3)cc2c1Nc1ccc(F)c(Cl)c1
4029,8.436913859573439,N#Cc1cnc2c(Cl)cc(N[C@H](C3=CCNCC3)c3cscn3)cc2c1Nc1ccc(Cl)c(Cl)c1
4030,8.491679392060112,N#Cc1cnc2c(Cl)cc(NC(C3=NCCCN3)c3ccccn3)cc2c1Nc1ccc(Cl)c(Cl)c1
4031,8.68329549137195,N#Cc1cnc2c(Cl)cc(N[C@H](C3=CCNCC3)c3cscn3)cc2c1Nc1ccc(F)c(Cl)c1
4032,8.412516841997178,CN1C=C([C@@H](Nc2cc(Cl)c3ncc(C#N)c(Nc4ccc(F)c(Cl)c4)c3c2)c2csc(C(N)=O)c2)C1
4033,8.004396606354314,N#Cc1cnc2c(Cl)cc(NC3=CC(N4CCCCC4)c4ccccc43)cc2c1Nc1ccc(F)c(Cl)c1
4034,8.21358676991812,Cn1ccc(C(Nc2cc(Cl)c3ncc(C#N)c(Nc4ccc(F)c(Cl)c4)c3c2)c2ccccc2)n1
4035,7.739796449155795,N#Cc1cnc2c(Cl)cc(NC3=CCNCC3)cc2c1Nc1ccc(F)c(Cl)c1
4036,8.74090383240079,N#Cc1cnc2c(Cl)cc(N[C@H](C3=CNCCN3)C3CCOCC3)cc2c1Nc1ccc(F)c(Cl)c1
4037,8.647864222616242,Cn1cc(C(Nc2cc(Cl)c3ncc(C#N)c(Nc4ccc(F)c(Cl)c4)c3c2)C2=CNCC2)[nH]1
4038,8.740956711138569,CN1C=C(C(Nc2cc(Cl)c3ncc(C#N)c(Nc4ccc(F)c(Cl)c4)c3c2)c2cn(C)[nH]2)CC1
4039,8.544682450638062,N#Cc1cnc2c(Cl)cc(NC(c3cccnc3)C3CCNCC3)cc2c1Nc1cncc(Cl)c1
4040,8.587478026189725,N#Cc1cnc2c(Cl)cc(NC(c3cccnc3)C3CCCNC3)cc2c1Nc1cncc(Cl)c1
4041,8.4260258181808,COc1ccc(Nc2ncc(C(=O)NCC(C)(C)C)c(Nc3cccc(S(C)(=O)=O)c3)n2)cn1
4042,8.23468936335729,CC(C)(C)NC(=O)c1cnc(Nc2ccc(N3CCOCC3)cc2)nc1Nc1cccc(O)c1
4043,8.689412417282163,COCCNC(=O)N1CCC(COc2cc3ncnc(Nc4ccc(Br)cc4F)c3cc2NC(C)=O)CC1
4044,8.589510692522312,COCCNC(=O)N1CCC(COc2cc3ncnc(Nc4ccc(F)cc4F)c3cc2NC(C)=O)CC1
4045,8.670923720876646,COCCNC(=O)Nc1cc2c(Nc3ccc(Br)c(Cl)c3F)ncnc2cc1OCCN(C)C
4046,7.985244124718396,CN1CCN(c2ccc(Nc3nc(N4CCC[C@@H](NC(=O)Nc5ccccc5)C4)cnc3C(N)=O)cc2)CC1
4047,7.446308060967638,CN1CCN(c2ccc(Nc3nc(N4CCC[C@@H](NC(=O)C5CCC5)C4)cnc3C(N)=O)cc2)CC1
4048,8.236500262204956,CNC(=O)c1cccc(Nc2nc(Nc3ccc4c(cnn4C(C)(C)C)c3)ncc2F)c1
4049,8.044232539341813,CNC(=O)C(=O)Nc1cccc(Nc2ncc(F)c(Nc3ccc4c(cnn4C)c3)n2)c1
4050,10.230420841570494,CN1CC(C#Cc2cc3c(-c4cn(C5CC(=O)C5)nc4-c4ccc(F)cc4)ncnc3o2)C1
4051,10.024860084361983,CN1CC(C#Cc2cc3c(-c4cn(C5CC(O)C5)nc4-c4ccc(F)cc4)ncnc3o2)C1
4052,8.709506943440983,CNC(=O)c1cccc(Nc2nc(Nc3ccc(N4CCOCC4)cc3OC)ncc2C(F)(F)F)c1
4053,8.960169813379842,CN1CCN(c2ccc(Nc3ncc4nc(Nc5ccc(F)cc5)n(C5CCNCC5)c4n3)cc2)CC1
4054,8.93417201130808,CN1CCN(c2ccc(Nc3ncc4nc(Nc5ccc(F)cc5)n([C@H]5CC[C@H](N)CC5)c4n3)cc2)CC1
4055,8.679040894559233,COc1cc2c(Nc3ccc(Cl)c(Cl)c3)ncnc2cc1OCC1CCN(C)CC1
4056,8.346420455729316,COc1cc2c(Nc3ccc(Cl)c(Cl)c3)ncnc2cc1OCc1noc(C)n1
4057,8.20615977000762,COc1cc(NC(C)=O)cc(Nc2ncc(Cl)c(-c3cnn(C4CCN(C(=O)OC(C)(C)C)CC4)c3)n2)c1
4058,8.097661719775555,CNC(=O)c1cc(Nc2ncc(Cl)c(-c3cnn(C4CCN(C(=O)OC(C)(C)C)CC4)c3)n2)c(OC)cc1N
4059,7.058940775825296,CC(C)(C)OC(=O)N[C@@H]1CCCN(c2cnc(C(N)=O)c(Nc3cnn(C4CCNCC4)c3)n2)C1
4060,7.058940775825296,CC(C)(C)OC(=O)N[C@H]1CCCN(c2cnc(C(N)=O)c(Nc3cnn(C4CCNCC4)c3)n2)C1
4061,8.159174982171255,N#Cc1cnc2c(Cl)cc(NC3=CC(N4CCOCC4)CC3)cc2c1Nc1ccc(F)c(Cl)c1
4062,8.196871342182456,N#Cc1cnc2c(Cl)cc(N[C@@H](C(=O)N3CCC3)c3ccc(Cl)cc3)cc2c1Nc1ccc(F)c(Cl)c1
4063,8.720887873435126,N#Cc1cnc2c(Cl)cc(N[C@@H](C(=O)N3CCC3)c3cncs3)cc2c1Nc1ccc(F)c(Cl)c1
4064,8.157360957181442,N#Cc1cnc2c(Cl)cc(NC3=CC(N4CCCC4=O)CC3)cc2c1Nc1ccc(F)c(Cl)c1
4065,8.616921294317251,CN1C=C(C(Nc2cc(Cl)c3ncc(C#N)c(Nc4ccc(F)c(Cl)c4)c3c2)C2=CNCC2)C1=O
4066,8.458244517033231,CN1C=C(C(Nc2cc(Cl)c3ncc(C#N)c(Nc4ccc(F)c(Cl)c4)c3c2)C2=CN(C)C2=O)CC1=O
4067,9.845152546874564,CC(C)(C)OC(=O)N1CCC=C(c2cc3c(-c4cn(C5CCNCC5)nc4-c4ccc(F)cc4)ncnc3o2)C1
4068,10.14922421341388,CC(C)(C)OC(=O)N1CCC=C(c2cc3c(-c4cn(C5CCN(CCO)CC5)nc4-c4ccc(F)cc4)ncnc3o2)C1
4069,9.429575971462434,CC(C)(C)OC(=O)N1CCC(c2cc3c(-c4cn(C5CCNCC5)nc4-c4ccc(F)cc4)ncnc3o2)CC1
4070,8.78880632316676,CNC(=O)CN1CCN(c2ccc(Nc3ncc(C(F)(F)F)c(Nc4cccc(NC(C)=O)c4)n3)c(OC)c2)CC1
4071,8.700726619639317,CCNC(=O)c1cccc(Oc2nc(Nc3ccc(N4CCN(C(C)=O)CC4)cc3OC)ncc2C(F)(F)F)c1
4072,8.637572588427492,C=CC(=O)Nc1cccc(Oc2nc(Nc3ccc(N4CCN(C(=O)OCC)CC4)cc3OC)ncc2Cl)c1
4073,8.53317194838442,C=CC(=O)Nc1cccc(Oc2ccnc(Nc3ccc(N4CCN(C(=O)OCC)CC4)cc3OC)n2)c1
4074,8.25807329864301,CCC(=O)Nc1cccc(Oc2nc(Nc3ccc(N4CCN(C(=O)OC)CC4)cc3OC)ncc2Cl)c1
4075,8.49165120211428,C=CC(=O)Nc1cccc(Oc2ccnc(Nc3ccc(N4CCN(C)CC4)cc3OC(F)(F)F)n2)c1
4076,8.446670628623632,CC(C)(C)OC(=O)N1CCOc2ccc(Nc3ncc(F)c(Nc4cccc(NS(C)(=O)=O)c4)n3)cc21
4077,8.068217393715361,C[C@@H](NC(=O)OC(C)(C)C)C(=O)Nc1ccc2ncnc(Nc3ccc(F)c(Cl)c3)c2c1
4078,8.73420334066145,CC(C)(C)OC(=O)NCC(=O)Nc1ccc2ncnc(Nc3cccc(Br)c3)c2c1
4079,8.454504148901846,CC(C)(C)OC(=O)NCC(=O)Nc1ccc2ncnc(Nc3ccc(F)c(Cl)c3)c2c1
4080,8.54142341263597,CN(C)CCCOc1ccc(Nc2ncc(F)c(Nc3cccc(NC(=O)C4CC4)c3)n2)cc1
4081,8.397905101709693,CNC(=O)COc1cccc(Nc2ncc(F)c(Nc3cccc(NC(=O)C4CC4)c3)n2)c1
4082,8.5455811647468,CN(C)CCOCCOc1ccc(Nc2ncc(F)c(Nc3cccc(NC(=O)C4CC4)c3)n2)cc1F
4083,8.342958483523416,CNC(=O)CN1CCN(CCOc2ccc(Nc3ncc(F)c(Nc4cccc(NC(=O)CN(C)C)c4)n3)cc2F)CC1
4084,7.933513766754875,CN(C)CCOCCOc1ccc(Nc2ncc(F)c(Nc3cccc(N)c3)n2)cc1
4085,8.55212574289198,CN(C)CCOCCOc1ccc(Nc2ncc(F)c(Nc3cccc(NC(=O)C4CC4)c3)n2)cc1
4086,6.431110268017922,COc1cc(C2=C(c3cn(COC(C)(C)C)c4ccccc34)CNC2=O)cc(OC)c1OC
4087,5.936024061846689,COc1cc(C2=C(c3c[nH]c4ccccc34)C(=O)NC2)cc(OC)c1OC
4088,8.365834504142653,CC(C)(C)ONc1c(C#N)cnc2c(C#N)cc3cc1-c1ccccc1[C@H](N3)C2=CN(NC=O)C1CC1
4089,8.482843547777728,CC(C)(C)ONc1c(C#N)cnc2c(C#N)cc3cc1-c1ccccc1C=CC=C1CC(=O)NN(C4CC4)C=C2[C@H]1N3
4090,8.244168327943502,O=C(O)Cn1ccc2ncnc(Nc3ccc(Oc4cccc(C(F)(F)F)c4)c(Cl)c3)c21
4091,8.27552722546802,COc1ccc(CCC(C)(C)N)cc1-c1[nH]nc2nc(Nc3ccc(F)cc3F)cnc12
4092,8.074469432082518,COc1ccc(C#CC(C)(C)N)cc1-c1[nH]nc2nc(Nc3ccc(F)cc3F)cnc12
4093,8.003708066526336,C=CC(=O)Nc1cc(Nc2ncc(Cl)c(-c3cn(C)c4ccccc34)n2)ccc1C
4094,8.20433686674696,C=CC(=O)Nc1cc(Nc2ncc(Cl)c(-c3cnc4ccccn34)n2)ccc1C#CC(C)(C)N
4095,8.136304599247206,COc1cc2ncnc(Nc3cccc(C#CC(C)(C)O)c3)c2cc1OC
4096,7.941640057175176,COc1cc2ncnc(Nc3cccc(C#CCO)c3)c2cc1OC
4097,8.656104245616852,CN1CCN(C(C)(C)C#Cc2ccc3ncnc(Nc4ccc(F)c(Cl)c4)c3c2)CC1
4098,8.523921300052665,CC(C)(C#Cc1cc2ncnc(Nc3ccc(F)c(Cl)c3)c2cc1N)N1CCOCC1
4099,7.960025944531375,COc1cc2ncnc(C#CC(C)(C)Nc3cccc(Cl)c3)c2cc1OC
4100,8.112005035838935,COc1cc2ncnc(C#CC(C)(C)Nc3ccccc3)c2cc1OC
4101,8.618150686949148,O=C1CCc2c(Oc3ccc4c(c3)[C@H]3[C@H](NC(=O)c5cccc(C(F)(F)F)c5)[C@H]3O4)ccnc2N1
4102,8.147647138265771,COc1cc(N(C)CCN(C)C)ccc1Nc1ncnc(Nc2cc(F)c(F)c(F)c2)n1
4103,8.772043152406406,CCC(=O)Nc1cc(Nc2ncnc(Nc3cc(F)c(Cl)cc3C(C)(C)O)n2)ccc1N(C)C
4104,8.560893780005554,CNCCN(C)c1ccc(OC)c(Nc2ncnc(Nc3cc(F)c(C4CC4)cc3OC)n2)c1
4105,8.764146837436954,CNCCN(C)c1ccc(OC)c(Nc2ncnc(Nc3cc(F)c(C4CC4)cc3C(=O)OC)n2)c1
4106,8.837576034698865,COc1cc(N2CC[C@@H](N)C2)ccc1Nc1ncnc(Nc2cc(F)c(C3CC3)cc2C(C)(C)O)n1
4107,8.60764382349367,CC(=O)Nc1cc(Nc2ncnc(Nc3cc(F)c(C4CC4)cc3C)n2)ccc1N1CC[C@@H](N)C1
4108,8.620098553997336,COc1cc(N2CCC[C@@H](N)C2)ccc1Nc1ncnc(Nc2cc(F)c(C3CC3)cc2F)n1
4109,8.948073267994934,CCC(=O)Nc1cc(Nc2ncnc(Nc3cc(F)c(C4CC4)cc3C)n2)ccc1N1CCC[C@@H]1CN(C)C
4110,8.934733958870043,CNCCN(C)c1ccc(OC)c(Nc2ncnc(Nc3cc(C4CC4)c(F)cc3C(C)(C)O)n2)c1
4111,8.73018315628415,CCN(CC)CCN(C)c1ccc(OC)c(Nc2ncnc(Nc3cc(C4CC4)c(F)cc3C)n2)c1
4112,8.711859040166107,C=CC(=O)Nc1cc(Nc2ncnc(Nc3cc4c(cc3OC)OCO4)n2)ccc1N(C)CCN(C)C
4113,8.768852778368467,C=CC(=O)Nc1cc(Nc2ncnc(Nc3cc4c(cc3OC)CCN4C)n2)ccc1N(C)C
4114,8.911261737182356,CCC(=O)Nc1cc(Nc2ncnc(Nc3cc4cc[nH]c4cc3OC)n2)ccc1N(C)CCN(C)C
4115,8.43097110587873,CCC(=O)Nc1cc(Nc2ncnc(Nc3cc4cc[nH]c4cc3OC)n2)ccc1C
4116,7.850393190973413,CN(C)CCN(C)c1ccc(Cl)c(Nc2ncnc(Nc3ccc(C(F)(F)F)cc3)n2)c1
4117,7.925233453852342,CN(C)CCN(C)c1ccc(Cl)c(Nc2ncnc(Nc3cccc(C(F)(F)F)c3)n2)c1
4118,8.284081459153539,COc1cc(N(C)CCN(C)C)ccc1Nc1ncnc(Nc2ccc(Cl)cc2C(C)(C)O)n1
4119,8.526240599825298,CCC(=O)Nc1cc(Nc2ncnc(Nc3ccc(Cl)cc3C(C)(C)O)n2)ccc1N(C)CCN(C)C
4120,8.512714901847145,COc1cc(NCCN(C)C)ccc1Nc1ncnc(Nc2ccc(F)c(F)c2C(C)(C)O)n1
4121,8.494031667142577,COc1cc(N(C)CCN(C)C)ccc1Nc1ncnc(Nc2ccc(F)c(F)c2C(C)(C)O)n1
4122,8.196511707947309,COc1cc(N(C)CCN(C)C)ccc1Nc1ncnc(Nc2cccnc2)n1
4123,7.811397038180436,COc1cc(N(C)CCN(C)C)ccc1Nc1ncnc(Nc2cccnc2OC)n1
4124,8.416597290374131,CCC(=O)Nc1cc(Nc2ncnc(Nc3ccc4[nH]ccc4c3)n2)ccc1N(C)CCN(C)C
4125,8.297682796905463,C=CC(=O)Nc1cc(Nc2ncnc(Nc3ccc4[nH]ccc4c3)n2)ccc1C
4126,8.732853164700481,COc1cc(N(C)CCN(C)C)ccc1Nc1nccc(Nc2cc(Cl)c(F)cc2C(C)(C)O)n1
4127,8.440207725777947,CN(C)CCN(C)c1ccc(Cl)c(Nc2nccc(Nc3cc(Cl)c(F)cc3C(C)(C)O)n2)c1
4128,8.915730810068014,COc1cc(N2C[C@@H](F)[C@@H](N(C)C)C2)ccc1Nc1nccc(Nc2cc(Cl)c(F)cc2C(C)(C)O)n1
4129,8.595968503573985,COc1cc(N2CC(F)(F)C2)ccc1Nc1nccc(Nc2cc(Cl)c(F)cc2C(C)(C)O)n1
4130,8.672587539850221,CN(C)C[C@H]1C[C@@H](F)CN1c1ccc(Nc2nccc(Nc3cc(Cl)c(F)cc3C(C)(C)O)n2)cc1
4131,8.604657505522411,CN(C)C[C@H]1C[C@@H](F)CN1c1ccc(Nc2nccc(Nc3cc(Cl)c(F)cc3C(C)(C)O)n2)cc1N
4132,9.063851295472343,COc1cc(N2C[C@H](C)[C@@H](N(C)C)C2)ccc1Nc1nccc(Nc2cc(Cl)c(F)cc2C(C)(C)O)n1
4133,8.809892028685582,COc1cc(N2C[C@H](C)[C@@H](N(C)C)C2)ccc1Nc1nccc(Nc2cc(F)c(F)cc2C(C)(C)O)n1
4134,9.047644721858887,COc1cc(N2C[C@@H]3CN(C)[C@@H]3C2)ccc1Nc1nccc(Nc2cc(Cl)c(F)cc2C(C)(C)O)n1
4135,8.725997892966552,COc1cc(N2C[C@@H]3CN(C)[C@@H]3C2)ccc1Nc1nccc(Nc2cc(Cl)ccc2C(C)(C)O)n1
4136,9.03951333553776,COc1cc(N2C[C@@H]3CN(C)C[C@@H]32)ccc1Nc1nccc(Nc2cc(Cl)c(F)cc2C(C)(C)O)n1
4137,9.056928108610474,COc1cc(N2C[C@H]3CN(C)C[C@H]3C2)ccc1Nc1nccc(Nc2cc(Cl)c(F)cc2C(C)(C)O)n1
4138,9.017247860909443,COc1cc(N2C[C@H]3CN[C@H]3C2)ccc1Nc1nccc(Nc2cc(Cl)c(F)cc2C(C)(C)O)n1
4139,9.047644721858887,COc1cc(N2C[C@H]3CN(C)[C@H]3C2)ccc1Nc1nccc(Nc2cc(Cl)c(F)cc2C(C)(C)O)n1
4140,8.836164553470697,COc1cc(N2CC(F)(F)C[C@@H]2CN(C)C)ccc1Nc1nccc(Nc2cc(F)c(F)cc2C(C)(C)O)n1
4141,8.973018029029326,COc1cc(N2CC[C@H](N(C)C)C2)ccc1Nc1nccc(Nc2cc(Cl)c(F)cc2C(C)(C)O)n1
4142,8.756948625264304,COc1cc(N2CCN(C(C)=O)CC2)ccc1Nc1nccc(Nc2cc(Cl)c(F)cc2C(C)(C)O)n1
4143,8.39554309374866,COc1cc(N2CCN(C)CC2)ccc1Nc1nccc(Nc2cc(Cl)c(Cl)cc2C(C)(C)O)n1
4144,8.395555894596392,COc1cc(N2CCOCC2)ccc1Nc1nccc(Nc2cc(Cl)c(Cl)cc2C(C)(C)O)n1
4145,8.351604550937806,CC(C)(O)c1cc(F)c(Cl)cc1Nc1ccnc(Nc2ccc(N3CCOCC3)c(C(C)(C)O)c2)n1
4146,8.27479512491086,CC(C)(O)c1cc(F)c(Cl)cc1Nc1ccnc(Nc2ccc(N3CCCC3)c(C(C)(C)O)c2)n1
4147,8.757265598597884,COc1cc(N2CC[C@@H](N)C2)ccc1Nc1nccc(Nc2cc(Cl)c(F)cc2C(C)(C)O)n1
4148,8.881418878995676,COc1cc(N2CCCN(C)CC2)ccc1Nc1nccc(Nc2cc(Cl)c(F)cc2C(C)(C)O)n1
4149,8.760452011978979,COc1cc(N2CCOCC2)c(F)cc1Nc1ncc(C(F)(F)F)c(Nc2cc(Cl)c(F)cc2C(C)(C)O)n1
4150,8.919352400579157,COc1cc(N2CCN(C(C)=O)CC2)c(F)cc1Nc1ncc(C(F)(F)F)c(Nc2cc(Cl)ccc2C(C)(C)O)n1
4151,8.642631031334272,COc1cc(N2CCOCC2)ccc1Nc1ncc(C#N)c(Nc2cc(Cl)c(F)cc2C(C)(C)O)n1
4152,8.808459459687251,COc1cc(N2CCOCC2)c(F)cc1Nc1ncc(C#N)c(Nc2cc(Cl)c(F)cc2C(C)(C)O)n1
4153,8.407759498973284,CN(C)CCN(C)c1ccc(Cl)c(Nc2ncc(Cl)c(Nc3cc(Cl)c(F)cc3C(C)(C)O)n2)c1
4154,8.798329015910925,CNCCN(C)c1ccc(OC)c(Nc2ncc(Cl)c(Nc3cc(Cl)c(F)cc3C(=O)NC)n2)c1
4155,8.689431291717334,COc1cc(N2CCOCC2)ccc1Nc1ncc(Cl)c(Nc2cc(Cl)c(F)cc2C(C)(C)O)n1
4156,8.763167083518486,COc1cc(N2CCOCC2)c(F)cc1Nc1ncc(Cl)c(Nc2cc(Cl)c(F)cc2C(C)(C)O)n1
4157,8.6387486115765,COc1cc(N2CCN(C)CC2)c(Nc2ncnc(Nc3cc(F)c(F)cc3C(C)(C)O)n2)cc1N
4158,9.3351504134633,COc1cc(N2CCN(C)CC2)c(Nc2ncnc(Nc3cc(F)c(F)cc3C(C)(C)O)n2)cc1NC(C)=O
4159,8.831653697781462,CCC(=O)Nc1cc(Nc2ncnc(Nc3cc(C)c(F)cc3C)n2)ccc1N(C)C[C@@H]1CCCN1C
4160,8.94757354520277,CCC(=O)Nc1cc(Nc2ncnc(Nc3cc(Cl)c(F)cc3C)n2)ccc1N(C)C[C@@H]1CCCN1C
4161,8.878828987836878,CCC(=O)Nc1cc(Nc2ncnc(Nc3cc(F)c(F)cc3C)n2)ccc1N(C)C[C@@H]1CCCN1
4162,8.824842672193224,CCC(=O)Nc1cc(Nc2ncnc(Nc3cc(F)c(F)cc3C)n2)ccc1N(C)C[C@@H]1CCCN1C
4163,9.119357101899457,CCC(=O)Nc1cc(Nc2ncnc(Nc3cc(Cl)c(F)cc3C(C)(C)O)n2)ccc1N1CCN(C)CC1
4164,8.07688614940612,CCC(=O)Nc1cc(Nc2ncnc(Nc3cc(Cl)c(Cl)cc3OC)n2)ccc1C
4165,8.059134960121838,COc1cc(N(C)CCN(C)C)ccc1Nc1ncnc(Nc2cc(Cl)c(CO)c(OC)c2)n1
4166,8.817476324844959,COc1cc(NCCN(C)C)ccc1Nc1ncnc(Nc2cc(Cl)c(F)cc2C(C)(C)O)n1
4167,8.420180661263498,COc1cc(N(C)CCN(C)C)ccc1Nc1ncnc(Nc2cc(F)c(F)cc2C(C)(C)O)n1
4168,8.520628191676055,COc1cc(NCCN(C)C)ccc1Nc1ncnc(Nc2cc(F)c(F)cc2C(C)(C)O)n1
4169,8.676077123994867,CCN(CC)CCN(C)c1ccc(OC)c(Nc2ncnc(Nc3cc(Cl)c(F)cc3C(=O)OC)n2)c1
4170,8.872809391298519,CCN(CC)CCN(C)c1ccc(OC)c(Nc2ncnc(Nc3cc(Cl)c(F)cc3C(C)(C)O)n2)c1
4171,8.52753888587387,CCN(CC)CCN(C)c1cc(OC)c(Nc2ncnc(Nc3cc(Cl)c(F)cc3C(=O)OC)n2)cc1OC
4172,8.559250431965893,CCN(CC)CCN(C)c1ccc(OC)c(Nc2ncnc(Nc3cc(F)c(F)cc3C(C)(C)O)n2)c1
4173,8.657191255237356,COc1cc(N2CC(F)(F)C2)ccc1Nc1ncnc(Nc2cc(Cl)c(F)cc2C(C)(C)O)n1
4174,8.959469474930332,COc1cc(N2C[C@@H](F)[C@@H](N(C)C)C2)ccc1Nc1ncnc(Nc2cc(Cl)c(F)cc2C(C)(C)O)n1
4175,9.012831007927046,COc1cc(N2CC(CN(C)C)C2)ccc1Nc1ncnc(Nc2cc(Cl)c(F)cc2C(C)(C)O)n1
4176,8.820050914297903,COc1cc(N2CC(CN(C)C)C2)ccc1Nc1ncnc(Nc2cc(C)c(F)cc2C(C)(C)O)n1
4177,8.6951068736402,COc1cc(N2CC(CN(C)C)C2)ccc1Nc1ncnc(Nc2cc(F)c(F)cc2C(C)(C)O)n1
4178,8.723791356856895,COc1cc(N2CC(CN(C)C)C2)ccc1Nc1ncnc(Nc2ccc(F)cc2C(C)(C)O)n1
4179,9.061332689222453,COc1cc(N2CC[C@H](N(C)C)C2)ccc1Nc1ncnc(Nc2cc(Cl)c(F)cc2C(C)(C)O)n1
4180,8.525067055225403,COc1cc(N2CCOCC2)ccc1Nc1ncnc(Nc2cc(Cl)c(CO)cc2C(C)(C)O)n1
4181,8.64112365518622,CCC(=O)Nc1cc(Nc2ncnc(Nc3cc(Cl)c(Cl)cc3C(C)(C)O)n2)ccc1N1CCOCC1
4182,8.83054674732241,COc1cc(N2CCOCC2)ccc1Nc1ncnc(Nc2cc(Cl)c(F)cc2C(C)(C)O)n1
4183,8.897429653940732,CCNC(=O)c1cc(Nc2ncnc(Nc3cc(Cl)c(F)cc3C(C)(C)O)n2)ccc1N1CC[C@@H](O)C1
4184,8.83485830731098,COc1cc(N2CCOCC2)ccc1Nc1ncnc(Nc2cc(F)c(Cl)cc2C(C)(C)O)n1
4185,9.12158896532017,CCC(=O)Nc1cc(Nc2ncnc(Nc3cc(F)c(Cl)cc3C(C)(C)O)n2)ccc1N1CCN(C)CC1
4186,8.509740988288028,COc1cc(N2CCOCC2)ccc1Nc1ncnc(Nc2cc(F)c(F)cc2C(C)(C)O)n1
4187,8.900325729271739,CCC(=O)Nc1cc(Nc2ncnc(Nc3cc(F)c(F)cc3C(C)(C)O)n2)ccc1N1CCN(C)CC1
4188,8.649415627507093,COc1cc(N2CC[C@H](N)C2)ccc1Nc1ncnc(Nc2cc(F)c(F)cc2C(C)(C)O)n1
4189,9.088677797176148,COc1cc(N2CC[C@H]3CN(C)C[C@H]32)ccc1Nc1ncnc(Nc2cc(F)c(F)cc2C(C)(C)O)n1
4190,8.568565920253011,CCC(=O)Nc1cc(Nc2ncnc(Nc3cc(Cl)c(Cl)cc3C(C)(C)O)n2)ccc1N1CCN(C)CC1
4191,9.053096413577261,COc1cc(N2CC[C@@H](N(C)C)C2)ccc1Nc1ncnc(Nc2cc(F)c(Cl)cc2C(C)(C)O)n1
4192,8.891268541991026,COc1cc(N2CC[C@@H](N(C)C)C2)ccc1Nc1ncnc(Nc2cc(N)c(Cl)cc2C(C)(C)O)n1
4193,8.786076978114345,COc1cc(N2CC[C@@H](N(C)C)C2)ccc1Nc1ncnc(Nc2cc(F)c(F)cc2C(C)(C)O)n1
4194,8.799435481541577,CCC(=O)Nc1cc(Nc2ncnc(Nc3cc(Cl)c(F)cc3C)n2)ccc1N1CC[C@@H](N)C1
4195,9.173940651188415,CCC(=O)Nc1cc(Nc2ncnc(Nc3cc(Cl)c(F)cc3C(C)(C)O)n2)ccc1N1CC[C@@H](N)C1
4196,9.344729584075603,COc1cc(N2CC[C@@H]3CN(C)C[C@@H]32)ccc1Nc1ncnc(Nc2cc(Cl)c(F)cc2C(C)(C)O)n1
4197,9.041614785079707,CCC(=O)Nc1cc(Nc2ncnc(Nc3cc(Cl)c(F)cc3C(C)(C)O)n2)ccc1N1CC[C@@H](O)C1
4198,9.31515540734096,COc1cc(N2CC[C@@H]3CN(C)C[C@@H]32)ccc1Nc1ncnc(Nc2cc(F)c(Cl)cc2C(C)(C)O)n1
4199,9.088677797176148,COc1cc(N2CC[C@@H]3CN(C)C[C@@H]32)ccc1Nc1ncnc(Nc2cc(F)c(F)cc2C(C)(C)O)n1
4200,9.035032697489097,COc1cc(Nc2ncnc(Nc3cc(F)c(F)cc3C(C)(C)O)n2)ccc1N1CC[C@@H]2CN(C)C[C@@H]21
4201,8.739464755523311,COc1cc(N2CCC[C@@H](N)C2)ccc1Nc1ncnc(Nc2cc(F)c(F)cc2C(C)(C)O)n1
4202,9.256075101937855,CCC(=O)Nc1cc(Nc2ncnc(Nc3cc(F)c(Cl)cc3C(C)(C)O)n2)ccc1N1CCC[C@@H]1CN
4203,9.11309130666141,CCC(=O)Nc1cc(Nc2ncnc(Nc3cc(F)c(F)cc3C(C)(C)O)n2)ccc1N1CCC[C@@H]1CN
4204,8.93736609426722,CCC(=O)Nc1cc(Nc2ncnc(Nc3cc(Cl)c(F)cc3C(C)(C)O)n2)ccc1N1CCCC1
4205,8.75456728802531,COc1cc(N2CCOCC2)c(C)cc1Nc1ncnc(Nc2cc(N3CCOCC3)c(Cl)cc2F)n1
4206,8.951544818103088,COc1cc(N2CCOC[C@@H]2CN(C)C)ccc1Nc1ncnc(Nc2cc(F)c(F)cc2C(C)(C)O)n1
4207,7.984608124862598,CC(C)(N)c1cc(C(=O)N[C@@H]2CCc3ccc(Oc4ccnc5c4CCC(=O)N5)cc3C2)cc(C(F)(F)F)c1
4208,7.497715642066284,CNC(=O)c1cc(Oc2ccc3c(c2)C[C@H](NC(=O)c2cc(C(C)(C)N)cc(C(F)(F)F)c2)CC3)ccn1
4209,9.415762898841939,CC(C)(N)c1cc(C(=O)N[C@@H]2[C@H]3Oc4ccc(Oc5ccnc6c5CCC(=O)N6)cc4[C@@H]23)cc(C(F)(F)F)c1
4210,7.778658734060723,CC(C)(N)c1cc(C(=O)N[C@@H]2[C@H]3Oc4ccc(Oc5ccnc(N)c5)cc4[C@@H]23)cc(C(F)(F)F)c1
4211,8.71074929905681,COc1cc(N(C)CCN(C)C)ccc1Nc1ncnc(Nc2cnc(F)cc2C(C)(C)O)n1
4212,8.010112152050977,COc1cc(N(C)CCN(C)C)ccc1Nc1ncnc(Nc2ccc(F)cc2)n1
4213,7.012280671777479,CC(C)(O)c1ccccc1CCC(SCC1(CC(=O)O)CC1)c1cccc(/C=C/c2ccc3ccccc3n2)c1
4214,7.371692506805651,CC(C)(O)c1ccccc1CCC(SCC1(CC(=O)O)CC1)c1cccc(/C=C/c2nc3ccccc3[nH]2)c1
4215,8.650210501147804,COc1cc(N2CCC[C@@H](N(C)C)C2)ccc1Nc1ncnc(Nc2ccccc2C(C)(C)O)n1
4216,8.277619088427262,COc1cc(N2CCC[C@@H](N(C)C)C2)ccc1Nc1ncnc(Nc2ccccc2)n1
4217,8.548151135373859,O=C(CO)NCCc1ccc2ncnc(Nc3ccc(Oc4cccc(C(F)(F)F)c4)c(Cl)c3)c2c1
4218,8.523327570396372,O=C(CO)NCCc1ccc2ncnc(Nc3ccc(Oc4cccc(Cl)c4)c(Cl)c3)c2c1
4219,10.11547305405881,CC(C)Cc1nc(-c2ccc(F)cc2)c(-c2ncnc3oc(-c4ccc([N+](=O)[O-])cc4)nc23)o1
4220,10.385151366724465,CC(C)Cc1nc(-c2ccc(F)cc2)c(-c2ncnc3oc(-c4ccccc4)nc23)o1
4221,8.829370932410235,CC(C)Cc1cc2c(-c3oc(CCCO)nc3-c3ccc(F)cc3)ncnc2o1
4222,10.441384532043978,CC(C)(O)Cc1nc(-c2ccc(F)cc2)c(-c2ncnc3oc(-c4ccc(F)cc4)cc23)o1
4223,9.671683131964281,CC(C)(O)CCc1nc(-c2ccc(F)cc2)c(-c2ncnc3sc(-c4ccc(F)cc4)cc23)o1
4224,9.863606967153432,CC(C)(O)CCc1nc(-c2ccc(F)cc2)c(-c2ncnc3sc(-c4ccccc4O)cc23)o1
4225,10.965356976934729,COCCn1ncc(-c2ncnc3oc(-c4ccc(F)cc4)nc23)c1-c1ccc(F)cc1
4226,10.923326389492948,COCCn1ncc(-c2ncnc3oc(-c4ccccc4)nc23)c1-c1ccc(F)cc1
4227,9.570058393693568,Fc1ccc(-c2n[nH]cc2-c2ncnc3nc(-c4ccccc4)[nH]c23)cc1
4228,10.920373009517405,Fc1ccc(-c2nn(CCN3CCOCC3)cc2-c2ncnc3nc(-c4ccccc4)[nH]c23)cc1
4229,9.285193280235358,O=C(Nc1cccc(-c2nc3c(-c4cn(CCCO)nc4-c4ccc(F)cc4)ncnc3o2)c1)c1ccccc1
4230,9.602006535342428,CC(C)n1cc(-c2ncnc3sc(-c4ccccc4)cc23)c(-c2ccc(F)cc2)n1
4231,10.046571732020265,OCC(O)Cn1cc(-c2ncnc3sc(-c4ccccc4)cc23)c(-c2ccc(F)cc2)n1
4232,7.085631186474113,CC(C)(O)CCn1c(NC(=O)c2ccc(Cl)cc2)nc2ccccc21
4233,7.046490506286917,CC(C)(O)CCn1c(NC(=O)c2ccc(Cl)c(Cl)c2)nc2ccccc21
4234,11.357118127892322,COC(=O)CCCn1nc(-c2ccc(F)cc2)c(-c2ncnc3oc(-c4ccccc4)cc23)n1
4235,10.891981503226077,COC(=O)c1cccc(-c2cc3c(-c4nn(CC(C)(C)O)nc4-c4ccc(F)cc4)ncnc3o2)c1
4236,9.03893155838094,COc1cc2c(cc1Nc1ncc(Cl)c(Nc3ccc4nccnc4c3NS(C)(=O)=O)n1)N(C(C)=O)CC2
4237,9.060085368676472,COc1cc2c(cc1Nc1ncc(Cl)c(Nc3ccc4nccnc4c3NS(C)(=O)=O)n1)N(C(C)=O)CCC2
4238,9.09716545164289,CCn1cc(-c2ncnc3oc(-c4ccccc4)cc23)c(-c2ccccc2)n1
4239,10.495399628168824,Fc1ccc(-c2nn(C3CCNCC3)cc2-c2ncnc3nc(-c4ccccc4)[nH]c23)cc1
4240,12.267334542736036,Cn1cc(-c2cc3c(-c4cn(CC(C)(C)O)nc4-c4ccc(F)cc4)ncnc3o2)cn1
4241,11.10785773685564,COc1ccc(-c2cc3c(-c4cn(CC(C)(C)O)nc4-c4ccc(F)cc4)ncnc3o2)cc1
4242,12.059329437809453,CC(C)(O)Cn1cc(-c2ncnc3oc(-c4ccccc4)cc23)c(-c2ccc(F)cc2)n1
4243,9.63288531326162,CC(C)(Cn1cc(-c2ncnc3oc(-c4ccccc4)cc23)c(-c2ccccc2)n1)C(=O)O
4244,9.87848048947748,COc1ccc(-c2cc3c(-c4cn(CC(C)(C)O)nc4-c4ccccc4)ncnc3o2)cc1
4245,11.559498331826987,O=c1[nH]cccc1-c1cc2c(-c3cn(CC4CCCO4)nc3-c3ccc(F)cc3)ncnc2o1
4246,10.522721011661266,CC(C)(O)Cn1cc(-c2ncnc3oc(-c4ccc(N)cc4)cc23)c(-c2ccc(F)cc2)n1
4247,12.299044259225543,Cn1cnc(-c2cc3c(-c4cn(CC(C)(C)O)nc4-c4ccc(F)cc4)ncnc3o2)c1
4248,11.812401460680034,Cn1cc(-c2cc3c(-c4cn(CCO)nc4-c4ccc(F)cc4)ncnc3o2)cn1
4249,12.106305792280203,CC(C)(O)Cn1cc(-c2ncnc3oc(-c4cccc(F)n4)cc23)c(-c2ccc(F)cc2)n1
4250,9.404611089486128,OCCn1cc(-c2ncnc3oc(-c4ccccc4)cc23)c(-c2ccccc2)n1
4251,9.66299083431511,OCC(O)Cn1cc(-c2ncnc3oc(-c4ccccc4)cc23)c(-c2ccccc2)n1
4252,8.474874475586688,CC(C)(C)OC(=O)Nc1cccc(Nc2nc3c(c(Nc4cnn(CCN5CCOCC5)c4)n2)C(=O)NC3)c1
4253,8.141563101733196,COc1ccc(Nc2nc3c(c(Nc4cnn(CC(C)C)c4)n2)C(=O)NC3)cc1
4254,9.587305326596578,CC(C)(O)Cn1c(NC(=O)c2ccnc(-c3cnn(C4CCNCC4)c3)c2)nc2cc(C3CCCOC3)ccc21
4255,8.419158748308371,CN(C)C(=O)c1ccc2c(c1)nc(NC(=O)c1ccc(-c3cnn(C)c3)cc1)n2CC(C)(C)O
4256,8.347644161482885,CN1CCN(c2ccc3c(c2)nc(NC(=O)c2cccc(-c4cccnc4)c2)n3CC(F)(F)F)CC1
4257,8.78894364654055,CC(C)(O)Cn1c(NC(=O)c2ccnc(-c3cccnc3)c2)nc2cc(C(C)(C)C)ccc21
4258,8.170224118353037,CN1CCC(c2ccc3c(c2)nc(NC(=O)c2ccc(F)cc2)n3CC(C)(C)O)CC1
4259,7.5695872091270875,CN1CCC(c2ccc3c(c2)nc(NC(=O)c2ccc(C(F)(F)F)cc2)n3CC2CC2)CC1=O
4260,8.307100766585098,CN1CCC(c2ccc3c(c2)nc(NC(=O)c2ccc(Br)cc2)n3CC(C)(C)O)CC1
4261,8.438078914474545,CN1CCC(c2ccc3c(c2)nc(NC(=O)c2ccc(-c4ccccc4)s2)n3CC(C)(C)O)CC1
4262,8.693513173019078,CN1CCC(c2ccc3c(c2)nc(NC(=O)c2ccc(-c4cnn(C)c4)cc2)n3CC2CC2)CC1
4263,8.037806361444423,CN1CCC(c2ccc3c(c2)nc(NC(=O)c2ccc(F)cc2)n3CC2CC2)CC1
4264,7.905066388734188,CN1CCC(c2ccc3c(c2)nc(NC(=O)c2ccc(F)cc2)n3CC(N)=O)CC1
4265,8.268034114453744,CC(C)(O)Cn1c(NC(=O)c2ccc(C#N)cc2)nc2cc(C3CCN(C4CC4)CC3)ccc21
4266,8.24873540246017,CN(C)C(=O)Cc1ccc2c(c1)nc(NC(=O)c1cccc(-c3cccnc3)c1)n2CC(N)=O
4267,8.639234282120773,CN(C)C(=O)Cc1ccc2c(c1)nc(NC(=O)c1ccnc(-c3ccc(F)cc3)c1)n2CC(C)(C)O
4268,8.251868253887045,CC(C)(O)Cn1c(NC(=O)c2ccnc(-c3ccc(F)cc3)c2)nc2cc(C(N)=O)ccc21
4269,8.155244934499366,CC(C)(O)Cn1c(NC(=O)c2ccnc(-c3ccc(C#N)cc3)c2)nc2cc(C(N)=O)ccc21
4270,8.363085643509555,CC(C)(O)Cn1c(NC(=O)c2ccnc(-c3ccccc3)c2)nc2cc(C(N)=O)ccc21
4271,7.100756772903661,CC(C)(O)Cn1c(NC(=O)c2ccc(C#N)cc2)nc2cc(CC#N)ccc21
4272,8.833956742951328,CC(C)(O)Cn1c(NC(=O)c2ccnc(-c3cnn(CCO)c3)c2)nc2cc(CC#N)ccc21
4273,8.738782161328809,Cn1cc(-c2cc(C(=O)Nc3nc4cc(CN)ccc4n3CC(C)(C)O)ccn2)cn1
4274,8.80678817526053,Cn1cc(-c2cc(C(=O)Nc3nc4ccccc4n3CCCO)ccn2)cn1
4275,8.631376854855933,CN(C)CCCn1c(NC(=O)c2ccnc(-c3cccnc3)c2)nc2ccccc21
4276,8.897277316071799,CC(C)(O)Cn1c(NC(=O)c2ccnc(-c3cccnc3)c2)nc2ccccc21
4277,8.90595929948636,CN(C)Cc1ccc2c(c1)nc(NC(=O)c1ccc(-c3ccccn3)cc1)n2CC(C)(C)O
4278,8.739545541640496,CN(C)Cc1ccc2c(c1)nc(NC(=O)c1ccnc(-c3ccc(F)cc3)c1)n2CC(C)(C)O
4279,8.100905367778257,CC(C)(O)Cn1c(NC(=O)c2ccc(-c3ccccc3)cc2)nc2cc(CN3CCOCC3)ccc21
4280,8.195618473406057,CC(C)(O)Cn1c(NC(=O)c2ccc(-c3ccccc3)cc2)nc2cc(CN3CCCCC3)ccc21
4281,8.13925643322816,CN1CCN(c2ccc3c(c2)nc(NC(=O)c2ccc(Oc4ccccc4)cc2)n3CC2CC2)CC1
4282,8.765399453327266,CC(C)(O)Cn1c(NC(=O)c2ccnc(Oc3cccc(O)c3)c2)nc2cc(N3CCC(N)CC3)ccc21
4283,8.18215199757045,CN1CCN(c2ccc3c(c2)nc(NC(=O)c2ccc(Br)cc2)n3CC(C)(C)O)CC1
4284,7.993882324573384,CN1CCN(c2ccc3c(c2)nc(NC(=O)c2ccc(F)cc2)n3CC(C)(C)O)CC1
4285,8.15788135660973,CC(C)(O)Cn1c(NC(=O)c2ccncc2)nc2cc(NC(=O)C3CCCCC3)ccc21
4286,8.633751140913619,CC(C)(O)Cn1c(NC(=O)c2ccnc(-c3ccc(C#N)cc3)c2)nc2cc(NCC3CC3)ccc21
4287,7.741173063700459,CN1CCN(C(=O)c2ccc3c(c2)nc(NC(=O)c2ccc(O)c(Oc4cccc(O)c4)c2)n3C)CC1
4288,8.118075133545101,CN1CCN(C(=O)c2ccc3c(c2)nc(NC(=O)c2ccc(F)c(O)c2)n3CC2CC2)CC1
4289,8.967410545588873,CC(C)(O)Cn1c(NC(=O)c2ccnc(Oc3cccc(O)c3C=O)c2)nc2ccccc21
4290,8.506907037006597,CN(C)Cc1ccc2c(c1)nc(NC(=O)c1ccnc(Oc3cccc(O)c3C=O)c1)n2C
4291,9.198412363529114,CN1CCN(Cc2ccc3nc(NC(=O)c4ccnc(Oc5cccc(O)c5C=O)c4F)n(C)c3c2)CC1
4292,8.732478006999438,CN1CCN(Cc2ccc3nc(NC(=O)c4ccnc(Oc5cccc(O)c5)c4F)n(C)c3c2)CC1
4293,8.939320941606052,CN1CCN(Cc2ccc3nc(NC(=O)c4cccc(Oc5cccc(O)c5C=O)c4)n(C)c3c2)CC1
4294,8.830567138646476,CN1CCN(Cc2ccc3nc(NC(=O)c4cccc(Oc5cccc(O)c5C=O)c4)[nH]c3c2)CC1
4295,8.91033507443682,CN1CCN(Cc2ccc3c(c2)nc(NC(=O)c2cc(Oc4cccc(O)c4)c4sccc4c2)n3C)CC1
4296,9.531626237315873,CN1CCN(Cc2ccc3c(c2)nc(NC(=O)c2cc(Oc4cccc(O)c4)c4sccc4c2)n3CC(C)(C)O)CC1
4297,8.651282181811597,CN1CCN(Cc2ccc3nc(NC(=O)c4cc(C#N)cc(Oc5cccc(O)c5)c4)n(C)c3c2)CC1
4298,8.52668234975525,CN1CCN(Cc2ccc3nc(NC(=O)c4cc(C#N)ccc4Oc4ccccc4)n(C)c3c2)CC1
4299,8.279296009336347,CN1CCN(Cc2ccc3nc(NC(=O)c4cccc(Oc5cccc(O)c5)c4)n(C)c3c2)CC1
4300,8.213781937276117,CN1CCN(Cc2ccc3nc(NC(=O)c4cc(C(=O)NCCC(=O)O)ccc4Oc4ccccc4)n(C)c3c2)CC1
4301,8.53713528359761,CN1CCN(Cc2ccc3nc(NC(=O)c4cc(Cc5cccc(O)c5C=O)cc(N)n4)[nH]c3c2)CC1
4302,6.9443531047013884,CC(C)(O)Cn1c(NC(=O)c2cc(Cc3cccc(O)c3C=O)cc(NC(=O)c3ccccc3)c2)nc2ccccc21
4303,9.084851424648733,CN1CCN(Cc2ccc3nc(NC(=O)c4cc(F)cc(Oc5cccc(O)c5C=O)c4)n(C)c3c2)CC1
4304,8.472724099561104,CN1CCN(Cc2ccc3nc(NC(=O)c4cccc(Oc5ccccc5)c4)n(CC(C)(C)O)c3c2)CC1
4305,8.686495289294774,CN1CCN(Cc2ccc3nc(NC(=O)c4cccc(OCc5ccccc5)c4)n(CC(C)(C)O)c3c2)CC1
4306,8.907112820492854,CN1CCN(Cc2ccc3nc(NC(=O)c4cncc(Oc5cccc(O)c5)c4)n(C)c3c2)CC1
4307,8.9195897016286,CN1CCN(Cc2ccc3nc(NC(=O)c4cncc(Oc5ccc(F)c(O)c5)c4)n(C)c3c2)CC1
4308,8.4760909788078,CN1CCN(Cc2ccc3nc(NC(=O)c4cc(Cl)ccc4Cc4cccc(O)c4)n(C)c3c2)CC1
4309,8.649790770346272,CN1CCN(Cc2ccc3c(c2)nc(NC(=O)c2cc(Cl)nc(Cc4cccc(O)c4)c2)n3C)CC1
4310,8.754084498735256,CN1CCN(Cc2ccc3nc(NC(=O)c4cc(F)nc(Oc5cccc(O)c5)c4)n(C)c3c2)CC1
4311,9.16400084438717,CN1CCN(Cc2ccc3c(c2)nc(NC(=O)c2cc(F)nc(Oc4cccc(O)c4C=O)c2)n3C)CC1
4312,8.396802241041343,CN1CCN(Cc2ccc3nc(NC(=O)c4cc(Oc5ccccc5)nc(C(=O)NCCC(=O)O)c4)n(C)c3c2)CC1
4313,8.015176427437297,CN1CCN(Cc2ccc3nc(NC(=O)c4cc(Oc5ccccc5)nc(C(=O)Nc5ccccc5)c4)n(C)c3c2)CC1
4314,8.419949442132449,CN1CCN(Cc2ccc3nc(NC(=O)c4cccc(C#Cc5ccc(F)c(O)c5)c4)n(C)c3c2)CC1
4315,8.997950948170955,CN1CCN(Cc2ccc3nc(NC(=O)c4cccc(C#Cc5ccc(F)c(O)c5)c4)n(CC(C)(C)O)c3c2)CC1
4316,9.249998198268472,CN1CCN(Cc2ccc3nc(NC(=O)c4cccc(C#Cc5cc(O)cc(F)c5)c4)n(CC(C)(C)O)c3c2)CC1
4317,8.636153661062476,CN1CCN(Cc2ccc3nc(NC(=O)c4cccc(C#Cc5cc(O)cc(F)c5)c4)n(C)c3c2)CC1
4318,8.415828903445583,CN1CCN(Cc2ccc3nc(NC(=O)c4cccc(C#Cc5cccc(N)c5)c4)n(CC(C)(C)O)c3c2)CC1
4319,9.035592221473253,CN1CCN(Cc2ccc3nc(NC(=O)c4cccc(C#Cc5ccc(N)nc5)c4)n(CC(C)(C)O)c3c2)CC1
4320,8.525202035620106,CN1CCN(Cc2ccc3nc(NC(=O)c4ccnc(C#Cc5ccccc5)c4)n(C)c3c2)CC1
4321,9.126543718762392,CN1CCN(Cc2ccc3nc(NC(=O)c4ccnc(C#Cc5ccccc5)c4)n(CC(C)(C)O)c3c2)CC1
4322,8.350433303588604,CN1CCN(Cc2ccc3nc(NC(=O)c4ccnc(C#Cc5ccc(NC(=O)C(C)(C)C)cc5)c4)n(C)c3c2)CC1
4323,8.51553094546169,CN1CCN(Cc2ccc3nc(NC(=O)c4ccnc(C#Cc5cccc(N)c5)c4)n(C)c3c2)CC1
4324,8.707315845484858,COC(=O)Nc1cccc(C#Cc2cc(C(=O)Nc3nc4ccc(CN5CCOCC5)cc4n3C)ccn2)c1
4325,8.471848260597078,COC(=O)Nc1cccc(C#Cc2cc(C(=O)Nc3nc4ccc(CN(C)C)cc4n3CC(C)(C)O)ccn2)c1
4326,7.7746776783958556,CN1CCN(Cc2ccc3nc(NC(=O)c4cccc(C#Cc5cccc(N)c5)c4)n(C)c3c2)CC1
4327,8.819077364859714,CN1CCN(Cc2ccc3nc(NC(=O)c4cccc(C#Cc5ccc(O)cc5)c4)n(CC(C)(C)O)c3c2)CC1
4328,8.756604820255625,CN1CCN(Cc2ccc3nc(NC(=O)c4cccc(C#Cc5cccc(O)c5)c4)n(CC(C)(C)O)c3c2)CC1
4329,8.950174093981024,CN1CCN(Cc2ccc3nc(NC(=O)c4ccnc(C#Cc5c(F)ccc(O)c5F)c4)n(C)c3c2)CC1
4330,9.009131279676367,CN1CCN(Cc2ccc3nc(NC(=O)c4cccc(C#Cc5c(F)ccc(O)c5C(=O)O)c4)n(C)c3c2)CC1
4331,9.59894727654278,CN1CCN(Cc2ccc3nc(NC(=O)c4cccc(C#Cc5cncc(O)c5)c4)n(CC(C)(C)O)c3c2)CC1
4332,8.925630052690853,CN1CCN(Cc2ccc3nc(NC(=O)c4ccnc(-c5cnn(C)c5)c4)n(C)c3c2)CC1
4333,8.627966454181541,CN1CCN(Cc2ccc3nc(NC(=O)c4cccc(-c5cnn(C)c5)c4)n(C)c3c2)CC1
4334,8.580010610924905,CN1CCN(Cc2ccc3nc(NC(=O)c4cccc(-c5ccn(C)n5)c4)n(C)c3c2)CC1
4335,8.692443199757918,CN1CCN(Cc2ccc3nc(NC(=O)c4cccc(-c5ccn(-c6cccc(O)c6)n5)c4)n(C)c3c2)CC1
4336,8.395822694480994,CN1CCN(Cc2ccc3nc(NC(=O)c4ccnc(NCc5ccccc5)c4)n(C)c3c2)CC1
4337,8.773602457097574,CN1CCN(Cc2ccc3nc(NC(=O)c4ccnc(NCc5cccc(F)c5)c4)n(C)c3c2)CC1
4338,9.034107420701952,CN1CCN(Cc2ccc3nc(NC(=O)c4ccnc(-n5cc(-c6cccc(O)c6)cn5)c4)n(C)c3c2)CC1
4339,9.114784503946973,O=C(Nc1nc2ccc(CN3CCOCC3)cc2n1C1CC1)c1ccnc(-n2cc(-c3cccc(O)c3)cn2)c1
4340,9.029694854892655,CN1CCN(Cc2ccc3nc(NC(=O)c4ccnc(-n5ccc(-c6cccc(O)c6)n5)c4)n(C)c3c2)CC1
4341,8.699322625316917,CN1CCN(Cc2ccc3nc(NC(=O)c4cccc(-n5ccc(-c6cccc(O)c6)n5)c4)n(C)c3c2)CC1
4342,9.007081746067206,CN1CCN(Cc2ccc3nc(NC(=O)c4ccnc(N5CC(Oc6cccc(O)c6)C5)c4)n(C)c3c2)CC1
4343,8.79718570919338,CN1CCN(Cc2ccc3nc(NC(=O)c4cccc(N5CC(Oc6cccc(O)c6)C5)c4)n(C)c3c2)CC1
4344,8.740174294356372,CN1CCN(Cc2ccc3nc(NC(=O)c4ccnc(Oc5ccc(F)c(O)c5)c4)n(C)c3c2)CC1
4345,8.70203203346376,CN1CCN(Cc2ccc3nc(NC(=O)c4ccnc(Oc5ccc(F)c(O)c5)c4)[nH]c3c2)CC1
4346,8.42268499854889,CN1CCN(Cc2ccc3c(c2)nc(NC(=O)c2ccc(F)c(O)c2)n3CC2CC2)CC1
4347,9.002249728155585,CN1CCN(Cc2ccc3nc(NC(=O)c4ccnc(Oc5cccc(S(C)(=O)=O)c5)c4)n(C)c3c2)CC1
4348,8.749050591807556,CN1CCN(Cc2ccc3nc(NC(=O)c4ccnc(Oc5cccc(O)c5)c4)n(C)c3c2)CC1
4349,8.658042356551766,CN1CCN(Cc2ccc3nc(NC(=O)c4ccnc(Oc5ccc(F)cc5)c4)n(C)c3c2)CC1
4350,7.906986568349176,CN1CCN(Cc2ccc3nc(NC(=O)c4cccc(Oc5ccccc5)c4)n(C)c3c2)CC1
4351,7.821988067789172,CN1CCN(Cc2ccc3nc(NC(=O)c4ccc(Oc5ccccc5)cc4)n(C)c3c2)CC1
4352,8.150084625804089,CN1CCN(Cc2ccc3nc(NC(=O)c4ccc(Oc5ccccc5)cc4)n(CCO)c3c2)CC1
4353,8.346123049959512,CN1CCN(Cc2ccc3nc(NC(=O)c4ccc(Oc5ccccc5)cc4)n(CC(C)(C)O)c3c2)CC1
4354,8.677832868810668,CN1CCN(Cc2ccc3nc(NC(=O)c4cnc(C#N)c(Oc5cccc(O)c5)n4)n(C)c3c2)CC1
4355,9.062672584539856,CC(C)(O)Cn1c(NC(=O)c2cnc(C#N)c(Oc3cccc(O)c3)n2)nc2ccc(CN3CCOCC3)cc21
4356,8.972667088020975,CN1CCN(Cc2ccc3nc(NC(=O)c4cncc(Oc5ccc(F)c(O)c5)n4)n(C)c3c2)CC1
4357,9.079418157689359,CN1CCN(Cc2ccc3nc(NC(=O)c4cncc(Oc5cccc(S(C)(=O)=O)c5)n4)n(C)c3c2)CC1
4358,8.244920798905714,CN1CCN(Cc2ccc3nc(NC(=O)c4cccc(Oc5ccccc5)n4)n(C)c3c2)CC1
4359,8.839039452967803,CN1CCN(Cc2ccc3nc(NC(=O)c4cccc(Oc5ccccc5)n4)n(CC(C)(C)O)c3c2)CC1
4360,9.40098408343073,CC(C)(O)Cn1c(NC(=O)c2ccnc(Oc3cccc(O)c3C#N)c2)nc2ccc(CN3CCOCC3)cc21
4361,9.34373547151006,CC(C)(O)Cn1c(NC(=O)c2ccnc(Oc3cccc(O)c3C#N)c2)nc2cc(CN3CCOCC3)ccc21
4362,8.689552978022155,COc1cccc(C#Cc2cccc(C(=O)Nc3nc4ccc(CN5CCOCC5)cc4n3CC(C)(C)O)c2)c1
4363,8.68190104307346,COc1cccc(C#Cc2cccc(C(=O)Nc3nc4cc(CN5CCOCC5)ccc4n3CC(C)(C)O)c2)c1
4364,9.33608338792246,O=Cc1c(O)cccc1Oc1cc(C(=O)Nc2nc3ccc(CN4CCOCC4)cc3n2CC2CC2)ccn1
4365,8.838709294399825,CN1CCN(c2ccc3nc(NC(=O)c4ccnc(Oc5cccc(O)c5C=O)c4)n(C)c3c2)CC1
4366,7.675136110627567,CN1CCN(c2ccc3nc(NC(=O)c4cccc(Oc5ccccc5)c4)n(C)c3c2)CC1
4367,8.071019179645011,CN1CCN(c2ccc3nc(NC(=O)c4cccc(Oc5ccccc5)c4)n(CC(C)(C)O)c3c2)CC1
4368,8.46372989437946,O=Cc1c(O)cccc1Oc1cc(C(=O)Nc2nc3ccc(F)cc3n2CC2CC2)ccn1
4369,8.811250336541471,O=Cc1c(O)cccc1Oc1cc(C(=O)Nc2nc3ccc(N4CCOCC4)cc3n2CC2CC2)ccn1
4370,8.650455081229383,O=C(Nc1nc2ccccc2n1CC1CCOCC1)c1cc(F)cc(-c2cccnc2)c1
4371,7.918292226531755,O=C(Nc1nc2ccccc2n1CCO)c1ccnc(C#Cc2ccccc2)c1
4372,7.4994642869385055,O=C(Nc1nc2ccccc2[nH]1)c1ccnc(C#Cc2ccccc2)c1
4373,7.692524019354565,O=C(O)c1cccc(C#Cc2cc(C(=O)Nc3nc4ccccc4[nH]3)ccn2)c1
4374,7.733774332031249,O=C(Nc1nc2ccccc2[nH]1)c1ccnc(C#Cc2ccccc2O)c1
4375,8.848932705775146,CC(C)(O)Cn1c(NC(=O)c2cccc(-c3cnccn3)c2)nc2ccccc21
4376,8.866091265368542,CC(C)(O)Cn1c(NC(=O)c2ccnc(-c3ccccc3)c2)nc2ccccc21
4377,8.22713316984598,CC(C)n1c(NC(=O)c2cccc(-c3cnn4ccccc34)c2)nc2ccccc21
4378,8.70617510932119,O=C(Nc1nc2ccccc2n1CCO)c1ccnc(-c2cnn3ccccc23)c1
4379,8.636562191931644,O=C(Nc1nc2ccccc2n1C1CCOCC1)c1cccc(-c2cnn3cccnc23)c1
4380,7.5316247414781685,CC(C)(O)Cn1c(NC(=O)c2cccc(-c3ccc(O)cc3)c2)nc2ccccc21
4381,7.17483413231139,O=C(Nc1nc2ccccc2n1CCO)c1cccc(-c2ccc(-c3ccccc3)cc2)c1
4382,7.36861162803148,O=C(Nc1nc2ccccc2n1CCO)c1cccc(-c2cccc(O)c2)c1
4383,7.954334584126135,CC(C)(O)Cn1c(NC(=O)c2ccnc(-c3ccc(C(F)(F)F)cc3)c2)nc2ccccc21
4384,7.742471968111538,O=C(Nc1nc2ccccc2n1CC1CCCO1)c1cccc(-c2ccccc2)c1
4385,7.382722827512636,CC(C)(O)Cn1c(NC(=O)c2cccc(-c3ccccc3)c2)nc2ccccc21
4386,7.237102618377917,CC(C)(O)Cn1c(NC(=O)c2ccc(-c3ccccc3)cc2)nc2ccccc21
4387,7.3881901242316514,CC(C)(O)Cn1c(NC(=O)c2cccc(-c3ccccc3C(F)(F)F)c2)nc2ccccc21
4388,7.699021621622182,Cn1cc(-c2cc(C(=O)Nc3nc4ccccc4[nH]3)ccn2)cn1
4389,9.130496880350277,Cn1cc(-c2cc(C(=O)Nc3nc4ccccc4n3CCN3CCCC3)ccn2)cn1
4390,9.15449489605585,Cn1cc(-c2cc(C(=O)Nc3nc4ccccc4n3CC(C)(C)O)ccn2)cn1
4391,8.838386527579589,O=C(Nc1nc2ccccc2n1CC1CCOCC1)c1ccnc(-c2cccnc2)c1
4392,7.714519950392125,O=Cc1c(O)cccc1CCc1cccc(C(=O)Nc2nc3ccccc3n2CCO)c1
4393,7.504109168268859,O=Cc1c(O)cccc1CCc1cccc(C(=O)Nc2nc3ccccc3[nH]2)c1
4394,8.311813772601448,O=Cc1c(O)cccc1OCc1cc(C(=O)Nc2nc3ccccc3[nH]2)ccn1
4395,8.476754105972953,O=C(Nc1nc2ccccc2[nH]1)c1ccnc(COc2cccc(O)c2C=C2CCCC2)c1
4396,8.475712050675899,O=C(Nc1nc2ccccc2n1C1CCOCC1)c1ccnc(-n2cnc3ccccc32)c1
4397,8.4767582954425,O=C(Nc1nc2ccccc2n1CC1CC1)c1ccnc(-n2cnc3ccccc32)c1
4398,8.324992529534985,O=C(Nc1nc2ccccc2n1CCO)c1ccnc(N2CCN(c3ccccc3Cl)CC2)c1
4399,8.163162241174428,O=C(Nc1nc2ccccc2n1CCO)c1ccnc(N2CCN(c3ccccc3O)CC2)c1
4400,7.941770618256332,O=C(Nc1nc2ccccc2s1)c1ccnc(Nc2cccc(C(=O)O)c2O)c1
4401,7.596593091796294,O=C(Nc1nc2ccccc2s1)c1ccnc(Nc2cccc(C(=O)c3ccccc3)c2O)c1
4402,8.527456835006054,O=Cc1c(O)cccc1Oc1cc(C(=O)Nc2nc3ccccc3n2CCO)ccn1
4403,8.507506260131004,O=Cc1c(O)cccc1Oc1cc(C(=O)Nc2nc3ccccc3n2C2CC2)ccn1
4404,7.061822486041471,CC(C)n1c(NC(=O)c2cccc(-c3ccccc3)c2)nc2ccccc21
4405,8.570130383941239,COc1cc(-c2cccc3cnc(Nc4ccc(N5CCN(CC(C)(C)O)CC5)cc4)nc23)ccc1C(N)=O
4406,8.434029701993955,COc1ccc(-c2cccc3cnc(Nc4ccc(N5CCN(CC(C)(C)O)CC5)cc4)nc23)cn1
4407,8.524634547144545,O=C(N1CCOCC1)N1CCc2c(sc3ncnc(Nc4ccc(F)c(Cl)c4)c23)C1
4408,8.93845627388204,O=C(CCN1CCOCC1)N1CCc2c(sc3ncnc(Nc4ccc(F)c(Cl)c4)c23)C1
4409,10.905059773616669,CC(C)(O)Cn1nc(-c2ccc(F)cc2)c(-c2ncnc3oc(-c4ccc([N+](=O)[O-])cc4)cc23)n1
4410,8.62259642967689,CC(C)(CNc1c(C#N)cnc2c(C#N)cc(N[C@H](C3=CN(CC(N)=O)NC3)c3ccc(F)c(F)c3)cc12)C(F)F
4411,8.343332344465452,CC(C)(CNc1c(C#N)cnc2c(C#N)cc(N[C@H](C3=CN(CC(N)=O)NC3)c3ccc(F)c(F)c3)cc12)NC(N)=O
4412,8.037629982067617,N#Cc1cnc2c(C#N)cc(N[C@H](C3=CN(CC(=O)O)NC3)c3ccc(F)c(F)c3)cc2c1
4413,7.9099236728099935,N#Cc1cnc2c(C#N)cc(NC(C3=CN(CC(=O)O)CC3)c3ccc(F)c(F)c3)cc2c1
4414,9.042297686089592,CC(C)(CNc1c(C#N)cnc2c(C#N)cc(N[C@H](C3=CN(CCO)NC3)c3cccc4ncccc34)cc12)C(F)(F)F
4415,9.10402493738862,CC(C)(CNc1c(C#N)cnc2c(C#N)cc(N[C@H](C3=CN(CC(N)=O)NC3)c3cccc4ncccc34)cc12)C(F)F
4416,8.865653698572562,CC(C)(CNc1c(C#N)cnc2c(C#N)cc(N[C@H](C3=CNCCN3)c3cccc4ncccc34)cc12)C(=O)O
4417,9.160470497937775,CC(F)C(C)(C)CNc1c(C#N)cnc2c(C#N)cc(N[C@H](C3=CN(CC(N)=O)NC3)c3cccc4ncccc34)cc12
4418,8.806262881506587,Cn1ccc2c([C@H](Nc3cc(C#N)c4ncc(C#N)c(NCC(C)(C)C)c4c3)C3=CN(C(F)(F)F)CC3)cccc21
4419,8.662196202326992,Cn1ccc2c([C@H](Nc3cc(C#N)c4ncc(C#N)c(NCC(C)(C)C)c4c3)C3=CN(C(C)(C)C)CC3)cccc21
4420,8.634961239863577,Cn1ccc2c([C@H](Nc3cc(C#N)c4ncc(C#N)c(NCC(C)(C)C)c4c3)C3=CNCC3)cccc21
4421,9.213981765097067,Cn1ccc2c([C@H](Nc3cc(C#N)c4ncc(C#N)c(NCC(C)(C)C)c4c3)C3=CN(CCO)CC3)ncnc21
4422,8.936876843563699,Cn1ccc2c([C@H](Nc3cc(C#N)c4ncc(C#N)c(NCC(C)(C)C)c4c3)C3=CNCCN3)cccc21
4423,8.949349246660685,CC(C)(C)CNc1c(C#N)cnc2c(C#N)cc(N[C@@H](C3=CN(C(F)(F)F)CC3)c3cncc4ccccc34)cc12
4424,8.801426601939173,CC(C)(C)CNc1c(C#N)cnc2c(C#N)cc(N[C@H](C3=CN(CCO)C3)c3cncc4ccccc34)cc12
4425,8.801426601939173,CC(C)(C)CNc1c(C#N)cnc2c(C#N)cc(N[C@@H](C3=CN(CCO)C3)c3cncc4ccccc34)cc12
4426,9.01787036217083,CC(C)(CNc1c(C#N)cnc2c(Cl)cc(NC(C3=CN(CC(N)=O)NC3)c3ccc(F)c4ncccc34)cc12)C(F)F
4427,8.982578395346792,CC(C)(CNc1c(C#N)cnc2c(Cl)cc(NC(C3=CN(CCO)NC3)c3ccc(F)c4ncccc34)cc12)C(F)(F)F
4428,8.971770188093716,CC(C)(CNc1c(C#N)cnc2c(Cl)cc(NC(C3=CN(C4CC4)NN3)c3ccc(F)c(F)c3)cc12)C(F)(F)F
4429,9.496395069658188,CC(C)(CNc1c(C#N)cnc2c(Cl)cc(NC(C3=CN(C4CC4)NN3)c3ccc(F)c4ncccc34)cc12)C(F)(F)F
4430,8.966265795936279,CC(C)(CNc1c(C#N)cnc2c(Cl)cc(NC(C3=CN(CC(N)=O)NC3)c3cccc4ncccc34)cc12)C(F)(F)F
4431,8.802265015479414,CC(C)(CNc1c(C#N)cnc2c(Cl)cc(NC(C3=CN(CC(N)=O)CC3)c3cccc4ncccc34)cc12)C(F)(F)F
4432,8.531028610529193,CC(C)(CNc1c(C#N)cnc2c(Cl)cc(NC(C3=CN(CC(N)=O)NC3)c3cccc4ccccc34)cc12)C(F)(F)F
4433,8.56008511034977,Cn1ccc2c([C@H](Nc3cc(Cl)c4ncc(C#N)c(NCC(C)(C)C)c4c3)C3=CN(C(C)(C)C)CC3)cccc21
4434,8.685423857360941,Cn1ccc2c([C@H](Nc3cc(Cl)c4ncc(C#N)c(NCC(F)(F)F)c4c3)C3=CNCCN3)cccc21
4435,9.037066544987516,CC(C)(C#N)CNc1c(Cl)cnc2c(Cl)cc(N[C@H](C3=CN(C4(C(F)(F)F)CC4)CC3)c3cnccn3)cc12
4436,9.037066544987516,CC(C)(C#N)CNc1c(Cl)cnc2c(Cl)cc(N[C@@H](C3=CN(C4(C(F)(F)F)CC4)CC3)c3cnccn3)cc12
4437,8.861129880565132,N#Cc1cnc2c(Cl)cc(N[C@H](C3=CN(C4CCCC4)CC3)c3cnccn3)cc2c1NCC1CC1
4438,8.92600432862494,N#Cc1cnc2c(Cl)cc(N[C@H](C3=CN(C4CCCC4)CC3)c3cnccn3)cc2c1NCC(F)(F)F
4439,7.877870116567635,CC(C)(C)OC(=O)Nc1cccc(Nc2ncc(F)c(Nc3cccc(O)c3)n2)c1
4440,7.766094988767856,CC(C)(C)OC(=O)Nc1cccc(Nc2ncc(F)c(Nc3cccc(C(C)(C)C#N)c3)n2)c1
4441,8.519138522003935,CNC(=O)CNc1cccc(Nc2nc(Nc3ccc(N4CCOCC4)cc3)ncc2F)c1
4442,8.073741538787612,CNC(=O)COc1cccc(Nc2ncc(F)c(Nc3cccc(OC(C)C)c3)n2)c1
4443,8.569881430596478,CN(C)CC(=O)NC(C)(C)COc1cc2ncnc(Nc3ccc(Br)cc3F)c2cc1N
4444,8.461312026414298,CN(C)CC(=O)Nc1cc2c(Nc3ccc(Br)cc3F)ncnc2cc1OCC(C)(C)NC(=O)CN(C)C
4445,8.640245164972027,COc1cc(Nc2ncc(F)c(Nc3cccc(NS(C)(=O)=O)c3)n2)ccc1N1CCN(C)CC1
4446,8.181649656478214,COc1ccc(Nc2c(-c3ccncc3)[nH]c3c2C(=O)NCC3)cc1F
4447,9.268160048501256,COc1cccc(Nc2c(-c3ccncc3OCC(C)C)[nH]c3c2C(=O)NCC3)c1
4448,9.149277676777864,COc1ccc(Nc2c(-c3ccncc3OCC(C)C)[nH]c3c2C(=O)NCC3)cc1
4449,7.407471586420603,COCCOc1ccccc1-c1[nH]c2c(c1Nc1ccccc1Cl)C(=O)NCC2
4450,9.957929191815813,COCCOc1cnccc1-c1[nH]c2c(c1Nc1cccc(Cl)c1Cl)C(=O)NCC2
4451,7.730169832180342,O=C1NCCc2[nH]c(-c3ccncc3)c(Nc3cccc(F)c3Cl)c21
4452,7.893521470327357,O=C1NCCc2[nH]c(-c3ccncc3)c(Nc3cccc(F)c3O)c21
4453,8.962310723664988,O=C1NCCc2[nH]c(-c3ccncc3OCc3ccccc3)c(Nc3cccc(F)c3O)c21
4454,8.743511466697653,O=C1NCCc2[nH]c(-c3ccncc3OCC(F)(F)F)c(Nc3cccc(F)c3Cl)c21
4455,7.785778539150301,COc1ccccc1Nc1c(-c2ccncc2)[nH]c2c1C(=O)NCC2
4456,9.720060781206191,COCCOc1cnccc1-c1[nH]c2c(c1Nc1ccccc1Cl)C(=O)NCC2
4457,9.489987358039668,COCCOc1ccccc1Nc1c(-c2ccncc2OC)[nH]c2c1C(=O)NCC2
4458,8.959110125831154,O=C1NCCc2[nH]c(-c3ccncc3OCc3ccccc3)c(Nc3cc(F)cc(F)c3)c21
4459,7.685138235776908,O=C1NCCc2[nH]c(-c3ccncc3)c(Nc3cc(F)cc(F)c3)c21
4460,9.912367258527391,O=C1NCCc2[nH]c(-c3ccncc3OCCN3CCOCC3)c(Nc3cccc(F)c3)c21
4461,9.396000151639612,O=C1NCCc2[nH]c(-c3ccncc3OCCn3ccnc3)c(Nc3cccc(F)c3)c21
4462,7.943504824910323,CNC(=O)C(=O)Nc1cccc(Nc2nc(Nc3ccc(OC)cc3)ncc2F)c1
4463,8.408014923381785,CNC(=O)CN1CCc2ccc(Nc3ncc(F)c(Nc4cccc(NC(=O)CN(C)C)c4)n3)cc21
4464,7.668456756156583,CC(C)(O)C#Cc1cccc(Nc2ncc(F)c(Nc3cccc(C(O)C(F)(F)F)c3)n2)c1
4465,7.777313324250722,N#CC(O)c1cccc(Nc2ncc(F)c(Nc3ccc(OCC(F)(F)F)cc3)n2)c1
4466,8.556984435436062,CC(C)[C@H](CO)Nc1ncnc2oc(-c3ccccc3)c(-c3ccccc3)c12
4467,8.72129073278502,COc1cccc(-c2c(-c3ccccc3)oc3ncnc(N[C@H](CO)C(C)C)c23)c1
4468,8.172869894324952,CC(C)(C)OC(=O)N[C@@H](Cc1c[nH]c2ccccc12)C(=O)Nc1ccc2ncnc(Nc3cccc(C(F)(F)F)c3)c2c1
4469,8.051475249766428,CC(C)(C)OC(=O)N[C@@H](Cc1ccccc1)C(=O)Nc1ccc2ncnc(Nc3cccc(C(F)(F)F)c3)c2c1
4470,8.35550938637094,COc1cc(N2CCN(C)CC2)ccc1Nc1nccc(-c2c(-c3ccc(OC)c(C(=O)NCCO)c3)ccc(O)c2F)n1
4471,7.770231385334838,COc1cc(N2CCN(C)CC2)ccc1Nc1nccc(-c2c(-c3ccc(OC)c(C(=O)NCCO)c3)ccc(O)c2F)c1F
4472,8.671776818863384,COc1cc(N2CCN(C(C)=O)CC2)c(F)cc1Nc1ncc(C#N)c(-c2cn(C)c3ccc(F)cc23)n1
4473,8.527559558400908,COc1cc(N2CCN(C(C)=O)CC2)c(Nc2ncc(C#N)c(-c3cn(C)c4ccc(F)cc34)n2)cc1N
4474,8.533956390175833,COc1cc(N2CCN(C(C)=O)CC2)c(F)cc1Nc1ncc(C#N)c(-c2cn(C)c3ccccc23)n1
4475,8.146945870301156,COc1cc(N2CCN(C(C)=O)CC2)c(Nc2ncc(C#N)c(-c3cn(C)c4ccccc34)n2)cc1N
4476,8.570828311235536,COc1cc(N2CCN(C(C)=O)CC2)c(Nc2nccc(-c3cn(C)c4ccc(F)cc34)n2)cc1N
4477,8.525804129325213,COc1cc(N2CCN(C)CC2)c(Nc2nccc(-c3cn(C)c4ccc(F)cc34)n2)cc1N
4478,8.319277120537222,COc1cc(N2CCN(C(C)=O)CC2)c(Nc2nccc(-c3cn(C)c4ccccc34)n2)cc1N
4479,8.596385436397403,COc1cc(N(C)CCN(C)C)c(NC(=O)CN(C)C)cc1Nc1nc2c(c(-c3cn(C)c4ccccc34)n1)CSC2
4480,8.647349191710706,COc1cc(N2CCN(C)CC2)c(NC(=O)CN(C)C)cc1Nc1nc2c(c(-c3cn(C)c4ccccc34)n1)CSC2
4481,9.020496857938952,COc1cc(N2CCNCC2)c(NC(=O)CN(C)C)cc1Nc1nc2c(c(-c3cn(C)c4ccc(F)cc34)n1)CSC2
4482,8.94646918623517,COc1cc(N2CCN(C)CC2)c(NC(=O)CN(C)C)cc1Nc1nc2c(c(-c3cn(C)c4ccc(F)cc34)n1)CCC2
4483,8.692152570397823,COc1cc(N2CCN(C)CC2)c(NC(=O)CCN2CCN(C)CC2)cc1Nc1nc2c(c(-c3ccccc3)n1)CSCC2
4484,8.804166386653485,COc1cc(N2CCN(C)CC2)c(NC(=O)CCCN2CCN(C)CC2)cc1Nc1nc2c(c(-c3ccccc3)n1)CSCC2
4485,8.375937311944439,C=CC(=O)Nc1cc(Nc2ncc(Cl)c(-c3cn(C)c4ccccc34)n2)c(OC)cc1N(C)C
4486,8.335251040348252,C=CC(=O)Nc1cc(Nc2ncc(Cl)c(-c3cn(C)c4ccccc34)n2)c(OC)cc1N(C)C(C)=O
4487,8.359747867091329,CCC(=O)Nc1cccc(Oc2nc(Nc3ccc(N4CCN(C(C)=O)CC4)cc3OC)ncc2SC)c1
4488,8.701737509266856,C=CC(=O)Nc1cccc(Oc2nc(Nc3ccc(N4CCN(C(=O)CC)CC4)cc3OC)ncc2F)c1
4489,8.373906712266205,CC(C)C(=O)Nc1cc(Nc2nccc(-c3cn(C)c4ccccc34)n2)cc2cnn(CCN(C)C)c12
4490,8.189300782072317,C=CC(=O)Nc1cc(Nc2ncc(NC(=O)CC)c(-c3cn(C)c4ccccc34)n2)c(OC)cc1OC
4491,8.379255180599117,C=CC(=O)Nc1cc(Nc2ncc(NC(=O)CC)c(-c3cn(C)c4ccccc34)n2)ccc1OC
4492,7.6707393992482045,CC(=O)N1CCc2c(sc3ncnc(Nc4cc(O)cc(C(F)(F)F)c4)c23)C1
4493,7.932871652020366,CC(=O)N1CCc2c(sc3ncnc(Nc4cc(O)cc(Cl)c4)c23)C1
4494,7.637598246685801,CC(C)n1cnc2c(Nc3ccc(N4CCNCC4)cc3)nc(Cl)nc21
4495,8.040095398079728,CC(C)n1cnc2c(Nc3ccc(N4CCNCC4)cc3)nc(NC(C)(C)CO)nc21
4496,8.479633865432438,C[C@@H](NC(=O)OC(C)(C)C)C(=O)Nc1ccc2ncnc(Nc3cccc(Br)c3)c2c1
4497,7.763987855416532,CN1CCN(Cc2ccc(NC(=O)c3cccc(NC(=O)c4cnc5[nH]ccc5c4)c3)cc2C(F)(F)F)CC1
4498,7.62574446558985,COc1ccc(C(=O)Nc2ccc(CN3CCN(C)CC3)c(C(F)(F)F)c2)cc1NC(=O)c1cccnc1
4499,8.481130250210498,CC(C)c1nc(C(N)=O)c(Nc2ccc(N3CCN(C)CC3)cc2)nc1Oc1cccc(NC(=O)C2CC2)c1
4500,8.62507482270137,CC(C)c1nc(C(N)=O)c(Nc2ccc(N3CCN(C)CC3)cc2)nc1Oc1cccc(NC(=O)CN(C)C)c1
4501,8.44640291514257,CC(C)c1nc(C(N)=O)c(Nc2cnn(C3CCN(C)CC3)c2)nc1Oc1cccc(NC(=O)C2CC2)c1
4502,7.999972645711653,CC(C)c1nc(C(N)=O)c(Nc2cnn(C)c2)nc1Oc1cccc(NC(=O)C2CC2)c1
4503,8.4936844931529,CC(C)c1ccc(N2CCN(C)CC2)c2cnc(Nc3ccnc(N4CCC(O)CC4)c3)nc12
4504,8.41606172356409,CC(C)c1ccc(N2CCC(O)CC2)c2cnc(Nc3ccnc(N4CCC(O)CC4)c3)nc12
4505,8.681866293864156,CC(=O)Nc1cc(Nc2nccc(-c3cc(F)c4nn(C)c(C)c4c3)n2)ccc1N1CCN(C)CC1
4506,8.875786089733088,CC(=O)Nc1cc(Nc2nccc(-c3cc(F)c4nn(C)c(C(C)C)c4c3)n2)ccc1N1CCN(C)CC1
4507,8.545913255479812,CC(C)c1ccc(N2CC3(CCNC3)C2)c2ccc(Nc3ccnc(N4CCC(O)CC4)n3)cc12
4508,8.536407100596838,CC(C)c1ccc(N2CC3(CCN(C(C)C)C3)C2)c2ccc(Nc3ccnc(N4CCC(O)CC4)n3)cc12
4509,8.394198412319477,COc1cc(N2CCN(C)CC2)ccc1Nc1nccc(-c2ccc3nn(C)c(C)c3c2)n1
4510,8.356519050856901,COc1cc(NCCN(C)C)ccc1Nc1nccc(-c2ccc3nn(C)c(C)c3c2)n1
4511,8.533316284660101,CC(C)c1cc(C#N)c(N2CCOCC2)c2cnc(Nc3ccnc(N4CCC(O)CC4)n3)cc12
4512,8.420701344094368,CC(C)c1cc(C#N)c(N2CCC(O)CC2)c2cnc(Nc3ccnc(N4CCC(O)CC4)n3)cc12
4513,8.53689136752011,CC(=O)N1CC(c2ccc(C(C)C)c3cc(Nc4ccnc(N5CCN(C)CC5)n4)ncc23)C1
4514,8.578885239065078,CC(C)c1ccc(C2CN(C(=O)C3CC3)C2)c2cnc(Nc3ccnc(N4CCC(O)CC4)n3)cc12
4515,8.197027814894664,CC(C)c1ccc(N2CC(C(N)=O)C2)c2cnc(Cc3ccnc(N4CCC(O)CC4)n3)cc12
4516,8.286784794817063,CC(C)c1ccc(N2CC(C)(C)C2)c2cnc(Cc3ccnc(NCC(C)(C)O)n3)cc12
4517,8.765746957713716,Cc1ccc(N2CC(c3ccc[nH]c3=O)C2)c2cnc(Nc3ccnc(N4CCC(O)CC4)n3)cc12
4518,8.812740755578279,Cc1ccc(N2CC(c3ccc[nH]c3=O)C2)c2cnc(Nc3ccnc(N4CCC(N(C)C)CC4)n3)cc12
4519,8.606508635366692,CC(C)c1ccc(N2CC(c3cccnc3)C2)c2cnc(Nc3ccnc(NCCO)n3)cc12
4520,8.721416926109656,CC(C)c1ccc(N2CC(c3cccnc3)C2)c2cnc(Nc3ccnc(NCC(C)(C)O)n3)cc12
4521,8.718092735371815,CC(C)c1ccc(N2CC(c3cscn3)C2)c2cnc(Nc3ccnc(NCCO)n3)cc12
4522,8.57742535530863,CC(C)c1ccc(N2CC(c3ccccn3)C2)c2cnc(Nc3ccnc(NCCO)n3)cc12
4523,8.483293638557726,CC(C)c1ccc(N2CC(C(N)=O)C2)c2cnc(Nc3ccnc(N4CCC(O)CC4)n3)cc12
4524,8.549209403238718,CC(C)c1ccc(N2CC(C(N)=O)C2)c2cnc(Nc3ccnc(N4CCC(N(C)C)CC4)n3)cc12
4525,8.636005475094215,CC(C)c1ccc(N2CC(C(N)=O)C2)c2cnc(Nc3ccnc(-c4cnn(C)c4)n3)cc12
4526,8.481966431118966,COc1ccc(N2CC(CC(N)=O)C2)c2cnc(Nc3ccnc(-c4cnn(C)c4)n3)cc12
4527,8.846435139791199,COc1ccc(C#Cc2nccc(Nc3cc4c(C)ccc(N5CC(CS(C)(=O)=O)C5)c4cn3)n2)cc1
4528,8.905068361182442,COc1ccc(C#Cc2nccc(Nc3cc4c(C)ccc(N5CC(CS(C)(=O)=O)C5)c4cn3)n2)cc1O
4529,9.002130221301595,CC(C)c1ccc(N2CC(CS(C)(=O)=O)C2)c2cnc(Nc3ccnc(-c4ccc(F)cc4)n3)cc12
4530,9.049786649021538,CC(C)c1ccc(N2CC(CS(C)(=O)=O)C2)c2cnc(Nc3ccnc(-c4cccc(F)c4)n3)cc12
4531,7.513693981640251,CS(=O)(=O)Nc1cccc(-c2cccc(-c3nccc(Nc4ccc(C(F)(F)F)cc4)n3)c2)c1
4532,8.784848321528203,Cc1c(O)cccc1-c1nccc(Nc2cc3c(C)ccc(N4CC(CS(C)(=O)=O)C4)c3cn2)n1
4533,8.68228105543192,CC(C)c1ccc(N2CC(C)(C(N)=O)C2)c2cnc(Nc3ccnc(-c4cnn(C)c4)n3)cc12
4534,8.537096215385343,CC(C)c1ccc(N2CC(CN)C2)c2cnc(Nc3ccnc(-c4cnn(C)c4)n3)cc12
4535,8.355348734065755,COc1ccc(N2CC(CO)C2)c2cnc(Nc3ccnc(-c4cnn(C)c4)n3)cc12
4536,9.27504089714605,Cn1cc(-c2cc(Nc3ncc4c(N5CC(CO)C5)ccc(N5CCC(S(C)(=O)=O)CC5)c4n3)ccn2)cn1
4537,9.204492104232195,Cn1cc(-c2cc(Nc3cc4c(N5CCC(S(C)(=O)=O)CC5)ccc(N5CC(CO)C5)c4cn3)ccn2)cn1
4538,8.871703792194307,CS(=O)(=O)C1CCN(c2ccc3cnc(Nc4ccnc(-c5cnn(CCO)c5)n4)cc3c2)CC1
4539,8.779702016168214,CS(=O)(=O)C1CCN(c2ccc(Nc3ccnc(-c4cnn(C5CCC5)c4)n3)c3ccccc23)CC1
4540,8.348466272899614,COc1ccc(N2CC(CN)C2)c2cnc(Nc3ccnc(-c4cnn(C)c4)n3)cc12
4541,8.35207866307408,COc1ccc(N2CC(O)C2)c2cnc(Nc3ccnc(-c4cn[nH]c4)n3)cc12
4542,8.476548672246809,CC(C)c1ccc(N2CC(C)(C)C2)c2cnc(Nc3ccnc(-c4cnn(C)c4)n3)cc12
4543,8.562180709716484,COc1cccc(-c2nccc(Nc3cc4c(C(C)C)ccc(N5CCNCC5)c4cn3)n2)n1
4544,8.572840259061362,COc1cccc(-c2nccc(Nc3cc4c(C(C)C)ccc(N5CCN(C)CC5)c4cn3)n2)n1
4545,8.947569988787002,CC(C)c1ccc(N2CC(CS(C)(=O)=O)C2)c2cnc(Nc3ccnc(COc4ccccc4)n3)cc12
4546,9.163795019872683,CC(C)c1ccc(N2CC(CS(C)(=O)=O)C2)c2cnc(Nc3ccnc(COc4cccnc4)n3)cc12
4547,8.972250267326837,CC(C)c1ccc(N2CC(CN)C2)c2cnc(Nc3ccnc(N(C)Cc4cccc(F)c4O)n3)cc12
4548,8.936715730313196,CC(C)c1ccc(N2CC(CN)C2)c2cnc(Nc3ccnc(N(C)Cc4cccc(C(=O)O)c4O)n3)cc12
4549,8.62481546747725,CC(C)c1ccc(N2CC(CN)C2)c2cnc(Nc3ccnc(N(C)Cc4cccc(O)c4)n3)cc12
4550,9.162080890084937,CC(C)c1ccc(N2CC(CS(C)(=O)=O)C2)c2cnc(Nc3ccnc(NCc4cccc(O)c4)n3)cc12
4551,8.682733558565662,CC(C)c1ccc(N2CC(CN)C2)c2cnc(Nc3ccnc(N(C)CCc4cccc(O)c4)n3)cc12
4552,8.560962226202212,CN(CCc1cccc(O)c1C(F)(F)F)c1nccc(Nc2cc3c(cn2)N(C)CC3CC(F)(F)F)n1
4553,8.315645783325941,Cc1ccc(N2CC(CO)C2)cc1Nc1ccnc(-n2cc(-c3cccc(O)c3)cn2)n1
4554,8.323114436285474,CS(=O)(=O)N1CCN(c2ccc(Nc3ccnc(-n4cc(-c5cccc(O)c5)cn4)n3)cc2)CC1
4555,9.408324578306404,CC(C)c1ccc(N2CC(CS(C)(=O)=O)C2)c2cnc(Nc3ccnc(N4CCC(O)CC4)n3)cc12
4556,9.373461781141271,CC(C)c1ccc(N2CC(CS(C)(=O)=O)C2)c2cnc(Nc3ccnc(N4CC[C@H](O)C4)n3)cc12
4557,8.751592882489367,CC(C)c1ccc(N2CC(CS(C)(=O)=O)C2)c2cnc(Nc3ccnc(Oc4ccccc4)n3)cc12
4558,8.955151737680444,CC(C)c1ccc(N2CC(CS(C)(=O)=O)C2)c2cnc(Nc3ccnc(Oc4cccc(F)c4)n3)cc12
4559,8.581123104163012,CC(C)c1ccc(N2CC(C(C)(C)O)C2)c2cnc(Nc3ccnc(NCC(C)(C)O)n3)cc12
4560,8.667407087081457,CC(C)c1ccc(N2CC(C(C)(C)O)C2)c2cnc(Nc3ccnc(N4CCC(O)CC4)n3)cc12
4561,9.372525895916384,CC(C)c1ccc(N2CC(N(C)S(C)(=O)=O)C2)c2cnc(Nc3ccnc(N4CCC(O)CC4)n3)cc12
4562,8.59956727317567,CC(C)c1ccc(N2CC(N(C)C)C2)c2cnc(Nc3ccnc(N4CCC(O)CC4)n3)cc12
4563,9.231060998140197,CC(C)c1ccc(N2CC(NS(C)(=O)=O)C2)c2cnc(Nc3ccnc(N4CCC(O)CC4)n3)cc12
4564,8.994098862474466,CC(C)c1ccc(N2CC(NS(C)(=O)=O)C2)c2cnc(Nc3ccnc(N4CCC(N)CC4)n3)cc12
4565,9.22983574003293,CC(C)c1ccc(N2CC(NS(C)(=O)=O)C2)c2cnc(Nc3ccnc(NCCN4CCCC4)n3)cc12
4566,8.381199867863987,COC1CCN(c2nccc(Nc3cc4c(C(C)C)ccc(N5CCCNC5=O)c4cn3)n2)CC1
4567,8.201685545788926,CC(C)c1ccc(N2CC(N)C2)c2cnc(Nc3ccnc(N4CCN(C)CC4)n3)cc12
4568,9.360871361717454,CC(C)c1ccc(N2CC3(CCN(S(C)(=O)=O)CC3)C2)c2cnc(Nc3ccnc(-c4cnn(C)c4)c3)nc12
4569,9.20048044212898,Cc1ccc(N2CC3(CCN(S(C)(=O)=O)CC3)C2)c2cnc(Nc3ccnc(N4CCC(O)CC4)n3)cc12
4570,8.655285268699314,CC(C)c1ccc(N2CC3(CCNC3)C2)c2cnc(Nc3ccnc(N4CCC(O)CC4)n3)cc12
4571,8.364023180635343,COc1ccc(N2CC3(CCNCC3)C2)c2cnc(Nc3ccnc(N4CCC(O)CC4)n3)cc12
4572,8.664139065391595,CC(C)c1ccc(N2CC3(CNC3)C2)c2cnc(Nc3ccnc(N4CCC(O)CC4)n3)cc12
4573,8.788999737547567,CS(=O)(=O)N1CCN(c2ccc(F)c3cc(Nc4ccnc(N5CCC(O)CC5)n4)ncc23)CC1
4574,8.807061023315635,C[C@@H]1CN(c2nccc3c(N4CC(O)C4)c(C(F)(F)F)cc(Cl)c23)CCN1c1ccnc(N2CCC(O)CC2)n1
4575,8.22239894624164,C[C@@H]1CN(c2nccc3c(N4CC(O)C4)c(C(F)(F)F)cc(C(F)(F)F)c23)C[C@@H](C)N1c1nccc(N)n1
4576,5.337486014645614,CC(C)c1cc(/C=C(\C#N)C(N)=O)cc(C(C)C)c1O
4577,6.439371695467117,CC(C)c1cc(/C=C(\C#N)C(N)=O)cc(C(C)C)c1OCc1ccccc1
4578,6.462765931370696,CC(C)c1cc(/C=C2\C(=O)Nc3ccc(F)cc32)cc(C(C)C)c1O
4579,6.12325373218186,CC(C)c1cc(/C=C2\C(=O)Nc3ccc(N)cc32)cc(C(C)C)c1O
4580,7.531790393776028,CNS(=O)(=O)c1cccc(Nc2cc(Nc3ccc(OC)cc3OC)ncn2)c1
4581,8.415201717530067,COc1cc(N2CCN(C)CC2)ccc1Nc1ncc2c(C(C)C)cc(=O)n(-c3ccccc3)c2n1
4582,8.607853973332729,COc1cc(N2CCN(C)CC2)ccc1Nc1ncc2c(C(C)C)cc(=O)n(-c3cc(N)ncn3)c2n1
4583,7.498934375155731,NC(=O)C1=NC(c2ccc(F)cc2)Nc2c1ncn2-c1ccc(F)cc1
4584,7.59087980443365,COc1ccc(C2N=C(C(N)=O)c3ncn(-c4ccc(F)cc4)c3N2)cc1
4585,7.706462449493567,COc1ccc(-c2cc(-c3cn(Cc4ccccc4)c4ccccc34)nc(N)n2)cc1
4586,8.607887517335202,COc1cc(N2CCN(C)CC2)ccc1Nc1ncc2ncn(-c3ccc(C(C)C)cc3)c2n1
4587,8.54433560546458,COc1cc(N2CCOCC2)ccc1Nc1ncc2ncn(-c3ccc(C(C)C)cc3)c2n1
4588,6.909787959385576,CC(C)c1ccc(NC(=O)c2ccc(N(CCCl)CCCl)cc2)cc1
4589,6.855900346847283,O=C(Nc1ccc(OC(F)(F)F)cc1)c1ccc(N(CCCl)CCCl)cc1
4590,8.583609020417065,CC(C)c1cnc(N2CC(C(=O)N(C)C)C2)c2cnc(Nc3ccnc(N4CCC(O)CC4)n3)cc12
4591,8.585389806914337,CC(C)c1cnc(N2CC(C(=O)N(C)C)C2)c2cnc(Nc3ccnc(NCC(C)(C)O)n3)cc12
4592,8.26110526534977,Cc1cnc(N2CC(C(=O)NC3CC3)C2)c2cnc(Nc3ccnc(N4CCC(O)CC4)n3)cc12
4593,8.470541499670157,CC(C)c1cnc(N2CCN(C)CC2)c2cnc(Nc3ccnc(N4CCC(O)CC4)n3)cc12
4594,8.417783721936653,COC1CCN(c2nccc(Nc3cc4c(C(C)C)cnc(N5CC(C#N)C5)c4cn3)n2)CC1
4595,8.335480343712229,CC(C)c1cnc(N2CC(C#N)C2)c2cnc(Nc3ccnc(N4CCC(O)CC4)n3)cc12
4596,8.45512111772299,CC(C)c1cnc(N2CCOCC2)c2cnc(Nc3ccnc(N4CCC(O)CC4)n3)cc12
4597,8.574039006115468,COCC1CN(c2ncc(C(C)C)c3cc(Nc4ccnc(N5CCC(OC)CC5)n4)ncc23)C1
4598,9.169372238134473,CC(C)c1cnc(N2CC(CS(C)(=O)=O)C2)c2cnc(Nc3ccnc(N4CCC(O)CC4)n3)cc12
4599,8.321226630686834,CC(C)c1cnc(N2CC(CN)C2)c2cnc(Nc3ccnc(N4CCC(O)CC4)n3)cc12
4600,8.354496030323405,CC(C)c1cnc(N2CC(O)C2)c2cnc(Nc3ccnc(N4CCC(O)CC4)n3)cc12
4601,8.41955895092302,CC(C)c1cnc(N2CC(O)C2)c2cnc(Nc3ccnc(N4CCOCC4)n3)cc12
4602,8.43034990888304,COC1CCN(c2nccc(Nc3cc4c(C(C)C)cnc(N5CC(OC)C5)c4cn3)n2)CC1
4603,8.479350997257793,CO[C@H]1CCN(c2nccc(Nc3cc4c(C(C)C)cnc(N5CCOCC5)c4cn3)n2)C1
4604,8.018199060745786,Cc1cnc(N2CCC2)c2cnc(Nc3ccnc(N4CCC(O)CC4)n3)cc12
4605,8.490844436014926,Cc1cnc(N2CCC2)c2cnc(Nc3ccnc(N4CC[C@H](O)[C@H](F)C4)n3)cc12
4606,8.041125272473131,CC(C)c1cnc(N2CCCC2)c2cnc(Nc3ccnc(N4CCC(N)CC4)n3)cc12
4607,8.178849891287257,CC(C)c1cnc(N2CCCC2)c2cnc(Nc3ccnc(N4CCC(O)CC4)n3)cc12
4608,8.090772804841926,CNc1ncc(C(C)C)c2cc(Nc3ccnc(N4CCC(O)CC4)n3)ncc12
4609,8.202829497887773,CNc1ncc(C(C)C)c2cc(Nc3ccnc(N4CCC(C)(O)CC4)n3)ncc12
4610,8.141262299011137,CNc1ncc(C(C)C)c2cc(Nc3ccnc(N4CCN(C(C)=O)CC4)n3)ncc12
4611,8.202454461384157,CC(C)c1nc(-c2ccc(F)cc2)c(-c2ccnc(Nc3cccc(O)c3)n2)s1
4612,8.084270703064263,CC(C)c1nc(-c2ccc(F)cc2)c(-c2ccnc(Nc3cccc([N+](=O)[O-])c3)n2)s1
4613,7.816209978610418,COc1ccc(Nc2ncc3nc(C)c(=O)n(-c4cccc(NC(C)=O)c4)c3n2)cc1
4614,8.16111525986595,COCCOc1ccc(Nc2ncc3nc(C)c(=O)n(-c4cccc(NC(C)=O)c4)c3n2)cc1
4615,8.068321052260503,CC(C)c1nn(C(C)C)c2cc(Nc3ccnc(-c4cnn(C)c4)n3)ncc12
4616,8.462748128908016,CC(C)c1nn(C(C)C)c2cc(Nc3ccnc(-c4cnn(CC(C)(C)O)c4)n3)ncc12
4617,7.961244136877021,Cc1nsc(C(=O)Nc2ccc3ncnc(Nc4cccc(C(F)(F)F)c4)c3c2)n1
4618,8.211387753696354,Cc1nsc(C(=O)Nc2ccc3ncnc(Nc4ccc(F)cc4)c3c2)n1
4619,8.325110535150463,COc1cc(N2CCN(C)CC2)ccc1Nc1ncc2c(n1)N(c1cccc(N)c1)C(=O)C2(C)C
4620,8.495486161967062,COc1cc(N2CCN(C)CC2)ccc1Nc1ncc2c(n1)N(c1cccc(Cl)c1)C(=O)C2(C)C
4621,8.656737658527916,CC(C)Cc1cc(N2CCC(N3CCCC3)CC2)ccc1Nc1nccc(-c2c(F)cccc2-c2cccc(C(N)=O)c2)n1
4622,8.750585957347452,C#Cc1cccc(Nc2ncnc3cc(OC)c(OCCN4CCOCC4)cc23)c1
4623,8.585770627413948,COc1cc2c(Nc3ccc(Cl)c(C(F)(F)F)c3)ncnc2cc1OCC1CNCCO1
4624,8.56244300802819,COc1cc2c(Nc3ccc(Cl)c(Cl)c3)ncnc2cc1OCC1CCNCC1
4625,8.711929799404055,COc1cc2c(Nc3ccc(Br)cc3F)ncnc2cc1OCC1CCNCC1
4626,8.308246342955758,CC(C)Cn1c(NC(=O)c2ccnc(Oc3cccc(O)c3C=O)c2)nc2ccccc21
4627,9.082242702659109,CN1CCN(Cc2ccc3nc(NC(=O)c4ccnc(Oc5cccc(O)c5C=O)c4)[nH]c3c2)CC1
4628,8.60932692007408,Cn1cc(-c2cc(C(=O)Nc3nc4ccccc4n3Cc3ccccc3)ccn2)cn1
4629,9.120440192239816,Cn1cc(-c2cc(C(=O)Nc3nc4ccccc4n3CCN3CCOCC3)ccn2)cn1
4630,7.502572843221423,CC(C)Cn1nc(-c2ccc(CNC(=O)c3cccc(C(F)(F)F)c3)cc2)c2c(N)ncnc21
4631,7.7583914268257566,CC(C)Cn1nc(-c2ccc(CNC(=O)c3ccc(F)c(F)c3)cc2)c2c(N)ncnc21
4632,8.440260248708448,COc1ccc(-c2c(-c3ccnc(Nc4ccc(C5CCN(CC(C)C)CC5)cc4)c3)c(C)nn2C)c(OC)c1
4633,8.694185422809827,COc1ccc(-c2c(-c3ccnc(Nc4ccc(C5CCN(CC(C)C)CC5)cc4F)n3)c(C)nn2C)c(OC)c1
4634,8.433135410864148,COc1cc(C2CCN(CC(C)C)CC2)ccc1Nc1nccc(-c2c(C)cccc2C(=O)Nc2ccccc2)n1
4635,8.273115633731129,COc1cc(C2CCN(CC(C)C)CC2)ccc1Nc1nccc(-c2c(C#N)cccc2-c2cccc(N)c2)n1
4636,8.254142956844097,Nc1ncnc(Nc2ccc3c(cnn3Cc3cccc(F)c3)c2)c1C1CC1
4637,8.44187808257409,C=CCOC(=O)c1cnc(Nc2cc(NC(C)=O)ccc2OC)nc1-c1cn(C)c2ccccc12
4638,8.44046752666509,C=CCOC(=O)c1cnc(Nc2cc(NC(=O)CC)ccc2OC)nc1-c1cn(C)c2ccccc12
4639,8.647762785005417,CC(C)COc1cc(N2CCC(N3CCCC3)CC2)ccc1Nc1nccc(-c2c(F)cccc2-c2cccc(C(N)=O)c2)n1
4640,8.30987358387521,CC(C)COc1cc(N2CCC(N3CCCC3)CC2)ccc1Nc1nccc(-c2cccc(C(N)=O)c2)c1F
4641,8.770342632870413,CN1CCN(c2ccc(-c3[nH]c4ncnc(NCC5CC5)c4c3-c3cccc(O)c3)cc2)CC1
4642,8.165778528388687,CN1CCN(c2ccc(-c3oc4ncnc(OCC(C)(C)C)c4c3-c3cccc(N)c3)cc2)CC1
4643,7.4910247571325845,CC(C)CS(=O)(=O)Nc1ccc(F)c(C(=O)c2c[nH]c3ncc(Cl)cc23)c1F
4644,7.551957381970232,CC(C)CS(=O)(=O)Nc1ccc(F)c(C(=O)c2c[nH]c3nccc(Cl)c23)c1F
4645,8.262085983234414,Nc1ncnc2c1c(C(=O)Nc1nc3ccccc3o1)cn2[C@H]1CCN(C(=O)C2CC2)C1
4646,8.294339371166126,Nc1ncnc2c1c(C(=O)Nc1nc3ccccc3o1)cn2[C@H]1CCN(C(=O)CC2CC2)C1
4647,8.086876759707707,Nc1ncnc2c1c(C(=O)Nc1nc3cc(Cl)ccc3o1)cn2[C@H]1CCN(C(=O)C2CC2)C1
4648,8.131400427571847,Nc1ncnc2c1c(C(=O)Nc1nc3cc(Cl)ccc3o1)nn2[C@@H]1CCN(C(=O)C2CC2)C1
4649,7.998193006701071,Nc1ncnc2c1c(C(=O)Nc1nc3cc(Cl)ccc3o1)nn2[C@@H]1CCN(C(=O)[C@H](N)CO)C1
4650,8.056808984048601,CC(=O)N1CCc2c(sc3ncnc(Nc4ccc(Cl)c(Cl)c4)c23)C1
4651,8.033996074312928,CC(=O)N1Cc2sc3ncnc(Nc4ccc(Cl)c(Cl)c4)c3c2C1
4652,8.176109910599925,CC(=O)N1CCc2sc3ncnc(Nc4ccc(F)c(Cl)c4)c3c2C1
4653,8.06590868537983,CC(=O)N1CCc2sc3ncnc(Nc4ccc(Cl)c(Cl)c4)c3c2C1
4654,8.094480783555175,CC(=O)N1CCc2c(oc3ncnc(Nc4ccc(F)c(Cl)c4)c23)C1
4655,8.172126202410658,N#Cc1cnc2sc3c(c2c1Nc1ccc2c(cnn2Cc2ccccc2)c1)CCNC3
4656,8.446556569112055,CC(=O)N1CCOc2c1ccc1ncnc(Nc3ccc(Oc4ccncc4)c(Cl)c3)c21
4657,8.19787787922336,CC(=O)N1CCOc2c1ccc1ncnc(Nc3ccc(Oc4ccnc(N)c4)c(Cl)c3)c21
4658,8.15543019693496,COc1ccc(Nc2ncnc3ccc4c(c23)OCCN4C(=O)CCN(C)C)cc1Cl
4659,8.388392506596519,COc1ccc(Nc2ncnc3ccc4c(c23)OCCN4C(=O)CCCN2CCOCC2)cc1Cl
4660,8.624377395958549,COc1cc(NCCN(C)C)ccc1Nc1nccc(-c2cnc3c(ccn3C)c2)n1
4661,8.608021109714873,CCN(CC)CCN(C)c1cc(OC)c(Nc2nccc(-c3cnc4c(ccn4C)c3)n2)cc1N
4662,8.527647143055487,COc1cc2ncnc(Nc3ccc(F)c(Cl)c3)c2cc1NC(=O)/C=C/c1cccc(N(C)C)c1
4663,8.679708375386861,COc1cc2ncnc(Nc3ccc(F)c(Cl)c3)c2cc1NC(=O)/C=C/c1ccc(N2CCOCC2)cc1
4664,8.771307989345654,COc1cc2c(cc1Nc1ncc(Cl)c(Nc3ccc4nccnc4c3)n1)N(C(C)C)CCC2
4665,8.95394633641454,COc1cc2c(cc1Nc1ncc(Cl)c(Nc3ccc4nccnc4c3N(C)C)n1)N(C(C)=O)CCC2
4666,9.477780080545585,COc1cc2c(cc1Nc1ncc(Cl)c(Nc3ccc4nccnc4c3N(C(C)C)S(C)(=O)=O)n1)N(C)CC2
4667,9.300544468565878,COc1cc2c(cc1Nc1ncc(Cl)c(Nc3ccccc3N(C)S(C)(=O)=O)n1)-c1cnn(C)c1CCN2
4668,8.753544968950386,COc1cc2c(cc1Nc1ncc(Cl)c(Nc3ccccc3N(C)S(C)(=O)=O)n1)-c1cnn(C)c1CC2
4669,8.462343739625677,C#Cc1cccc(Nc2ncnc3ccc(NC(=O)C#CCN(C)C)cc23)c1
4670,8.535806057914899,C#Cc1cccc(Nc2ncnc3ccc(NC(=O)C#CCN4CCC(C)CC4)cc23)c1
4671,8.955706391741336,CN(C)CCCCC(=O)Nc1cc2c(Nc3ccc(F)c(Cl)c3)ncnc2cn1
4672,8.975267052353933,CN(C)CCC#CC(=O)Nc1cc2c(Nc3ccc(F)c(Cl)c3)ncnc2cn1
4673,8.726730749759366,COc1ccc(-c2cc3c(N(C)Cc4ccccc4)ncnc3[nH]2)cc1
4674,8.63935916501784,CN(Cc1ccccc1)c1ncnc2[nH]c(-c3ccc(CN4CCOCC4)cc3)cc12
4675,8.073814564756518,COc1cc(N(C)CCN(C)C)ccc1Nc1ncc2c(=O)n(C)c(=O)n(-c3ccccc3OC)c2n1
4676,8.426491884580635,COc1cc(N(C)CCN(C)C)ccc1Nc1ncc2c(=O)n(C)c(=O)n(-c3cccc(NC(C)=O)c3)c2n1
4677,8.608422829619492,COc1cc(N2CCC(N(C)C)CC2)ccc1Nc1ncc2c(=O)n(C)c(=O)n(-c3ccccc3OC)c2n1
4678,8.536373264565606,COc1cc(N2CCC(N(C)C)CC2)ccc1Nc1ncc2c(=O)n(C)c(=O)n(-c3cccc(N)c3)c2n1
4679,8.113218445386199,CC(C)n1c(=O)n(-c2ccccc2)c(=O)c2cnc(Nc3ccc(N4CCN(C)CC4)cc3)cc21
4680,8.336706970311855,CC(C)n1c(=O)n(-c2cccc(O)c2)c(=O)c2cnc(Nc3ccc(N4CCN(C)CC4)cc3)cc21
4681,8.171099046005727,COc1cc(N2CCN(C)CC2)ccc1Nc1ncc2c(=O)n(C)c(=O)n(-c3cccc(N)c3)c2n1
4682,8.042358659496738,COc1cc(N2CCN(C)CC2)ccc1Nc1ncc2c(=O)n(C)c(=O)n(-c3ccccc3OC)c2n1
4683,8.602962691157035,COc1cc(Nc2ncc3c(=O)n(C(C)C)c(=O)n(-c4ccccc4)c3n2)ccc1OCCN1CCCC1
4684,8.302970330718772,COc1cc(Nc2ncc3c(=O)n(C(C)C)c(=O)n(-c4cccc(C#N)c4)c3n2)ccc1OCCN(C)C
4685,8.223382637704054,COc1cc(Nc2ncc3c(=O)n(C)c(=O)n(-c4ccccc4)c3n2)ccc1N1CCN(C)CC1
4686,8.578437253401075,COc1cc(Nc2ncc3c(=O)n(C(C)C)c(=O)n(-c4ccccc4)c3n2)ccc1N1CCN(C)CC1
4687,8.404136374217984,CC(=O)Nc1cc(Nc2ncc(-c3cnn(C(C)C)c3)c(-c3cn4c5c(cccc35)CCC4)n2)ccc1N
4688,8.440441544977476,CC(=O)Nc1cc(Nc2ncc(-c3cnn(C(C)C)c3)c(-c3cn4c5c(cccc35)CCC4)n2)c(C)cc1N
4689,8.295462200332233,N#Cc1cnc2c(Cl)cc(NC(CCO)c3ccc(Cl)nc3Cl)cc2c1Nc1ccc(F)c(Cl)c1
4690,7.89278672386496,N#Cc1cnc2c(Cl)cc(NCc3cnc(Cl)[nH]3)cc2c1Nc1ccc(F)c(Cl)c1
4691,8.338940305911894,N#Cc1cnc2c(Cl)cc(NC(CCO)c3cc(Br)cnc3Cl)cc2c1Nc1ccc(F)c(Cl)c1
4692,7.9240938783650074,N#Cc1cnc2c(Cl)cc(NC(=O)c3cccnc3Cl)cc2c1Nc1ccc(F)c(Cl)c1
4693,8.52504150561369,N#Cc1cnc2c(Cl)cc(NC(CCO)c3cccc4[nH]cnc34)cc2c1Nc1ccc(F)c(Cl)c1
4694,7.549390822153668,N#Cc1cnc2c(Cl)cc(NCc3cccc[n+]3[O-])cc2c1Nc1ccc(F)c(Cl)c1
4695,7.935655569495877,N#Cc1cnc2c(Cl)cc(NCc3cccc[n+]3[O-])cc2c1Nc1cnc(F)c(F)c1
4696,8.132542953995456,N#Cc1cnc2c(Cl)cc(NCc3cncc4ccccc34)cc2c1Nc1cnc(F)c(F)c1
4697,8.318496734753742,CN1CC([C@@H](Nc2cc(Cl)c3ncc(C#N)c(Nc4ccc(F)c(Cl)c4)c3c2)c2ccccc2)NC1=O
4698,8.17304662107756,N#Cc1cnc2c(Cl)cc(NC3=CC(=O)N(CC(N)=O)CC3)cc2c1Nc1ccc(F)c(Cl)c1
4699,8.313527168895623,N#Cc1cnc2c(Cl)cc(NC3=CC(=O)N(CC(=O)O)CC3)cc2c1Nc1ccc(F)c(Cl)c1
4700,8.554791965391146,N#Cc1cnc2c(Cl)cc(NC(CCO)c3cccn4nccc34)cc2c1Nc1ccc(F)c(Cl)c1
4701,8.787341961778388,N#Cc1cnc2c(Cl)cc(N[C@H](C(=O)NCCN)c3cccn4nccc34)cc2c1Nc1ccc(F)c(Cl)c1
4702,8.196321672192363,Cn1nccc1C(Nc1cc(Cl)c2ncc(C#N)c(Nc3ccc(F)c(Cl)c3)c2c1)c1ccccc1
4703,8.349300335587529,N#Cc1cnc2c(Cl)cc(NC(CCO)c3ccc4ncsc4c3)cc2c1Nc1ccc(F)c(Cl)c1
4704,7.846229398150194,N#Cc1cnc2c(Cl)cc(NCc3cnc4ccccc4c3)cc2c1Nc1ccc(F)c(Cl)c1
4705,8.345202059582991,N#Cc1cnc2c(Cl)cc(NCc3cnc4[nH]ccc4c3)cc2c1Nc1ccc(F)c(Cl)c1
4706,7.89485263125465,N#Cc1cnc2c(Cl)cc(NCC3CCCCN3)cc2c1Nc1ccc(F)c(Cl)c1
4707,7.88979392755778,N#Cc1cnc2c(Cl)cc(NCc3cnc(Cl)cc3Cl)cc2c1Nc1ccc(F)c(Cl)c1
4708,7.8342581831444615,N#Cc1cnc2c(Cl)cc(NC(CCO)C(=O)O)cc2c1Nc1ccc(F)c(Cl)c1
4709,8.606367072035152,CC(C)n1cc([C@@H](Nc2cc(Cl)c3ncc(C#N)c(N[C@@H](c4ccccc4)C(C)(C)O)c3c2)c2cccnc2)[nH]1
4710,8.598791597805471,CC(C)n1cc([C@@H](Nc2cc(Cl)c3ncc(C#N)c(N[C@@H](c4ccccc4)C(C)(C)O)c3c2)c2ccccn2)[nH]1
4711,8.791891420016277,CC(C)N1C=C([C@@H](Nc2cc(Cl)c3ncc(C#N)c(N[C@H](CCO)c4ccccc4)c3c2)c2cccnc2)NC1
4712,8.75333647444921,CC(C)N1C=C([C@@H](Nc2cc(Cl)c3ncc(C#N)c(N[C@@H](CO)c4ccccc4)c3c2)c2cccnc2)NC1
4713,8.791891420016277,CC(C)N1C=C([C@@H](Nc2cc(Cl)c3ncc(C#N)c(N[C@@H](CCO)c4ccccc4)c3c2)c2cccnc2)NC1
4714,8.870810281192929,CC(C)N1C=C(C(Nc2cc(Cl)c3ncc(C#N)c(NCc4ccccc4)c3c2)c2cccnc2)NN(C(C)C)C1
4715,9.060411806337697,CC(C)N1C=C([C@@H](Nc2cc(Cl)c3ncc(C#N)c(NC4CCCC4)c3c2)c2cccnc2)NN(C(C)C)C1
4716,7.978047078748697,N#Cc1cnc2c(Cl)cc(NCc3cnccn3)cc2c1Nc1cnc(F)c(F)c1
4717,7.9726853649517695,N#Cc1cnc2c(Cl)cc(NCc3cnco3)cc2c1Nc1ccc(F)c(Cl)c1
4718,7.953313372089328,N#Cc1cnc2c(Cl)cc(NC(=O)c3cnco3)cc2c1Nc1ccc(F)c(Cl)c1
4719,7.746577816825349,N#Cc1cnc2c(Cl)cc(NCc3cncs3)cc2c1Nc1ccc(F)c(Cl)c1
4720,8.139227129946647,N#Cc1cnc2c(Cl)cc(NC(CCO)c3cncs3)cc2c1Nc1ccc(F)c(Cl)c1
4721,8.930140644048493,CC(C)n1cc([C@@H](Nc2ccc3ncc(C#N)c(Nc4ccc(F)c(Cl)c4)c3c2)c2csc(N(C)C)n2)[nH]1
4722,8.74843265190553,CC(C)n1cc([C@@H](Nc2cc(Cl)c3ncc(C#N)c(Nc4ccc(F)c(Cl)c4)c3c2)c2csc(N)n2)[nH]1
4723,8.47627912652814,CC(C)n1cc([C@@H](Nc2cc(Cl)c3nccc(Nc4ccc(F)c(Cl)c4)c3c2)c2csc(CN)c2)[nH]1
4724,8.65887533095689,CC(C)n1cc([C@@H](Nc2cc(Cl)c3ncc(C#N)c(Nc4ccc(F)c(Cl)c4)c3c2)c2csc(CN)c2)[nH]1
4725,9.299099097054242,CC(C)(C)Nc1c(C#N)cnc2c(Cl)cc(N[C@H](C3=CN(C4CCCC4)NN3)c3ccccn3)cc12
4726,9.00491560282998,CC(C)(C)Nc1c(C#N)cnc2c(Cl)cc(N[C@H](C3=CN(CCO)NN3)c3cccc4cccnc34)cc12
4727,9.498082322685006,CC(C)(C)CNc1c(C#N)cnc2c(Cl)cc(N[C@@H](C3=CN(C4CCCC4)NN3)c3ccccn3)cc12
4728,8.910924090149631,CC(C)(C)CNc1c(C#N)cnc2c(Cl)cc(N[C@H](C3=CN(C4CCCC4)CN3)c3ccccn3)cc12
4729,8.649044676756649,COc1cc(N2CCN(C)CC2)ccc1Nc1nccc(-c2cnc3c(ccn3C(C)C)c2)n1
4730,8.662241670119538,COc1cc(NCCN(C)C)ccc1Nc1nccc(-c2cnc3c(ccn3C(C)C)c2)n1
4731,8.472486947558409,C=CC(=O)Nc1cc(Nc2ncc(Cl)c(-c3cnc4ccccn34)n2)ccc1N(C)C
4732,8.938791912809174,CCN(CC)CCN(C)c1cc(OC)c(Nc2ncc(Cl)c(-c3cnc4c(ccn4C(C)C)c3)n2)cc1OC
4733,8.162322003133646,CC(C)n1cnc2c(Nc3ccc(N4CCNCC4)cc3)nc(NC3CCOCC3)nc21
4734,7.9777213604776005,CC(C)n1cnc2c(Nc3ccc(N4CCN(C(=O)CO)CC4)cc3)nc(N[C@H]3CC[C@H](N)CC3)nc21
4735,8.109466547237702,CC(C)n1cnc2c(Nc3ccc(N4CCNCC4)cc3)nc(N[C@H]3CC[C@H](N)CC3)nc21
4736,7.349243388818426,CC(C)n1cnc2c(Nc3cnn(C)c3)nc(N3CCC(C(N)=O)CC3)nc21
4737,7.233746381930791,CC(C)n1cnc2c(Nc3cnn(C)c3)nc(N3CC[C@@H](N)C3)nc21
4738,8.399834635327192,CC(C)n1cnc2c(Nc3ccc(N4CCNCC4)cc3)nc(N3CCN(C(=O)c4ccccc4)CC3)nc21
4739,8.475654974475406,CC(C)n1cnc2c(Nc3ccc(N4CCN(C)CC4)cc3)nc(N3CCN(C(=O)c4ccccc4)CC3)nc21
4740,7.289682668796513,CC(C)n1cnc2c(Nc3cnn(C)c3)nc(N3CCC(N)CC3)nc21
4741,7.234043240801023,CC(C)n1cnc2c(Nc3cnn(C)c3)nc(N3CCC(N)C3)nc21
4742,7.379246377726754,CC(C)n1cnc2c(Nc3cn(C)nc3OC(C)(C)C)nc(Cl)nc21
4743,8.098028156846363,CC(C)n1cnc2c(Nc3cn(C)nc3OC(C)(C)C)nc(N3CCC(C)(F)C3)nc21
4744,7.9545326364469435,CC(C)n1cnc2c(Nc3cn(C4CCN(C)CC4)nc3OCC3CC3)nc(Cl)nc21
4745,8.232760576327085,CC(C)n1cnc2c(Nc3cn(C4CCN(C)CC4)nc3OCC3CC3)nc(N3CCC3)nc21
4746,8.11893810289837,CC(C)n1cnc2c(Nc3ccc(N4CCNCC4)cc3)nc(NC3CCCCC3)nc21
4747,8.515032590296949,COc1cc(NCCN(C)C)ccc1Nc1nccc(-c2ccc3ncn(C)c3c2)n1
4748,8.327163663607967,COc1cc(NCCN(C)C)ccc1Nc1nccc(-c2ccc3c(c2)CCO3)n1
4749,8.759734212821346,COc1cc(N2CCN(C)CC2)ccc1Nc1nccc(-c2cc(F)c3nc(C(F)F)n(C(C)C)c3c2)n1
4750,8.727695470432757,COc1cc(N2CCN(C)CC2)ccc1Nc1nccc(-c2cc(F)c3nc(C(F)(F)F)n(C(C)C)c3c2)n1
4751,8.813116450584591,CCN(CC)CCN(C)c1cc(OC)c(Nc2nccc(-c3cc(F)c4nc(C)n(C(C)C)c4c3)n2)cc1OC
4752,8.590348501105009,C=CC(=O)Nc1cc(Nc2nccc(-c3cc(C)c4nc(C)n(C(C)C)c4c3)n2)ccc1N(C)C
4753,8.819377676297986,COCc1nc2c(F)cc(-c3ccnc(Nc4cc(NC(=O)CN(C)C)ccc4OC)n3)cc2n1C(C)C
4754,8.756884028803068,COCc1nc2c(F)cc(-c3ccnc(Nc4cc(NC(=O)C5CC5)ccc4OC)n3)cc2n1C(C)C
4755,8.60698542244655,COc1cc(N(C)CCN(C)C)ccc1Nc1nccc(-c2cc(F)c3nc(OC)n(C(C)C)c3c2)n1
4756,8.373964250311547,COc1cc(N(C)CCN(C)C)ccc1Nc1nccc(-c2ccc3nc(OC)n(C(C)C)c3c2)n1
4757,8.619067556269556,COc1cc(NCCN(C)C)ccc1Nc1nccc(-c2cc(F)c3nc(OC(C)C)n(C)c3c2)n1
4758,8.6874985325691,CCN(CC)CCNc1cc(Nc2nccc(-c3cc(F)c4nc(OC(C)C)n(C(C)C)c4c3)n2)ccc1C
4759,8.498288331218413,COc1cc(NCCN(C)C)ccc1Nc1nccc(-c2cc(F)c3nc(OC)n(C(C)C)c3c2)n1
4760,8.456716522324657,COc1cc(NC(C)=O)c(F)cc1Nc1nccc(-c2cc(F)c3nc(OC)n(C(C)C)c3c2)n1
4761,8.88083594969043,CSc1nc2c(F)cc(-c3ccnc(Nc4ccc(N5CCN(C(C)=O)CC5)c(Cl)c4)n3)cc2n1C(C)C
4762,8.941558818698221,COc1cc(N2CCN(C(C)=O)CC2)ccc1Nc1nccc(-c2cc(F)c3nc(SC)n(C(C)C)c3c2)n1
4763,7.748020105699342,COc1cc(Nc2nccc(-c3cc(F)c4nc(OC)n(C(C)C)c4c3)n2)cc(OC)c1OC
4764,8.234448712088353,COc1cc(Nc2nccc(-c3cc(F)c4nc(OC)n(C(C)C)c4c3)n2)cc(OC)c1OCCN(C)C
4765,8.495862347256855,COc1cc(NCCN(C)C)ccc1Nc1nccc(-c2ccc3cn[nH]c3c2)n1
4766,8.494930600983874,COc1cc(NCCN(C)C)ccc1Nc1nccc(-c2ccc3cnn(C)c3c2)n1
4767,8.548365404382446,C=CC(=O)Nc1cc(Nc2nccc(-c3ccc4c(c3)c(C)c(C)n4C(C)C)n2)c(OC)cc1N(C)C
4768,8.726994068433738,C=CC(=O)Nc1cc(Nc2nccc(-c3ccc4nc(C)n(C(C)C)c4c3)n2)c(OC)cc1N(C)C
4769,8.237652663339462,COc1cc(NCCN(C)C)ccc1Nc1nccc(-c2ccc3nc(OC)n(C)c3c2)n1
4770,8.642051299246297,COc1cc(NCCN(C)C)ccc1Nc1nccc(-c2cc(F)c3cnn(C)c3c2)n1
4771,8.830579301851964,CCN(CC)CCN(C)c1cc(OC)c(Nc2nccc(-c3cc(F)c4cnn(C)c4c3)n2)cc1N
4772,8.667997284030385,CC(C)n1c(=O)cc(N2CCN(C)CC2)c2cnc(Cc3ccnc(-c4cnn(C)c4)c3)n21
4773,8.903414030385184,CC(C)n1c(=O)cc(N2CCC(F)(F)CC2)c2cnc(Cc3ccnc(-c4cnn(C)c4)c3)n21
4774,9.04545050493648,CC(C)n1c(=O)nc(N2CCC(O)CC2)c2cnc(Cc3ccnc(N4CC[C@H](O)[C@H](F)C4)n3)cc21
4775,8.928183037127312,CC(C)n1c(=O)nc(N2CCC(O)CC2)c2ncc(Cc3ccnc(N4CC[C@H](O)[C@H](F)C4)n3)cc21
4776,8.183026245217311,CC(C)n1c(=O)nc(N2CCC(O)CC2)c2cnc(Cc3ccnc(N4CCC(O)CC4)n3)cc21
4777,8.143549332112839,CC(C)n1c(=O)nc(N2CCC(O)CC2)c2ncc(Cc3ccnc(N4CCC(O)CC4)n3)cc21
4778,8.161277886996832,CCn1c(=O)cc(N2CCC(O)CC2)c2cnc(Cc3ccnc(N4CCC(O)CC4)n3)cc21
4779,8.695204597354834,CC(C)n1c(=O)cc(N2CCC(F)(F)CC2)c2cnc(Cc3ccnc(N4CCC(O)CC4)n3)cc21
4780,9.073246723280123,COC1CCN(c2nccc(Cc3cc4c(cn3)c(N3CC(C)OC(C)(C)C3)cc(=O)n4C(C)C)n2)CC1
4781,9.102438285939067,COC1CCN(c2nccc(Cc3cc4c(cn3)c(N3CC(C)(C)OC(C)(C)C3)cc(=O)n4C(C)C)n2)CC1
4782,7.672104193473601,COc1cc(Nc2nccc(-c3cnc4nc(OC)n(C(C)C)c4c3)n2)cc(OC)c1OC
4783,8.03568240829449,COc1cc(Nc2nccc(-c3cnc4nc(OC)n(C(C)C)c4c3)n2)cc(OC)c1OCCN(C)C
4784,8.832866407092176,COc1cc(N2CCN(C)CC2)ccc1Nc1nccc(-c2cc3c4c(c2)n(C(C)C)c(=O)n4CCC3)n1
4785,7.225696355140075,CCn1nc(N)c2cnc(Nc3ccnc(-c4cnn(C)c4)n3)cc21
4786,7.711744544300421,CC(C)n1nc(N)c2cnc(Nc3ccnc(-c4cnn(CC(C)(C)O)c4)n3)cc21
4787,8.30429533647992,CC(C)n1nc(N2CC(C(C)(C)O)C2)c2cnc(Nc3ccnc(-c4cnn(C)c4)n3)cc21
4788,8.149370576751089,CC(C)n1nc(N2CC(C(C)(C)O)C2)c2cnc(Nc3ccnc(-c4cnc(N)nc4)n3)cc21
4789,8.053109446449625,CC(C)n1nc(N2CC(CO)C2)c2cnc(Nc3ccnc(-c4cnn(C)c4)n3)cc21
4790,8.66926558637509,CC(C)n1nc(N2CC(CO)C2)c2cnc(Nc3ccnc(-c4cncc(F)c4)n3)cc21
4791,8.073172784309193,CCn1nc(N2CCC(O)CC2)c2cnc(Nc3ccnc(-c4cnn(C)c4)n3)cc21
4792,8.053834686965377,CC(C)n1nc(N2CCC(O)CC2)c2cnc(Nc3ccnc(-c4cnc(N)nc4)n3)cc21
4793,8.025930998389109,CCn1nc(N2CCOCC2)c2cnc(Nc3ccnc(-c4cnn(C)c4)n3)cc21
4794,8.166724030896559,CC(C)n1nc(N2CCOCC2)c2cnc(Nc3ccnc(-c4cnn(C)c4)n3)cc21
4795,7.931795999091226,COC1CCN(c2nccc(Nc3cc4c(cn3)nc(C)n4C(C)C)n2)CC1
4796,8.023923588259779,CO[C@H]1CCN(c2nccc(Nc3cc4c(cn3)nc(CO)n4C(C)C)n2)C[C@@H]1F
4797,8.211588487131904,Cc1nc2cnc(Nc3ccnc(N4CCC(S(C)(=O)=O)CC4)n3)cc2n1C(C)C
4798,7.797988463425376,COC1CCN(c2nccc(Nc3cc4c(cn3)ncn4C3CCCC3)n2)CC1
4799,8.68239366518201,COc1cc(Nc2ncc3c(n2)n(-c2cccc(O)c2)c(=O)n3C(C)C)ccc1N1CCN(C)CC1
4800,8.427566079225151,COc1cc(Nc2ncc3c(n2)n(-c2ccccc2)c(=O)c(=O)n3C(C)C)ccc1N1CCN(C)CC1
4801,7.9975210549354445,CC(C)n1c(=O)c(=O)n(-c2ccccc2)c2cc(Nc3ccc(N4CCN(C)CC4)cc3)ncc21
4802,7.930785136278867,CC(C)n1c(=O)c(=O)n(-c2ccccc2)c2cc(Nc3ccc(N4CCNCC4)cc3)ncc21
4803,8.707379978913082,COc1cc(N2CCN(C)CC2)ccc1Nc1ncc2c(n1)n(-c1cccc(O)c1)c(=O)n2C(C)C
4804,8.392590333454644,COc1cc(N2CCN(C)CC2)ccc1Nc1ncc2c(n1)n(-c1cccc(O)c1)c(=O)n2C
4805,8.1370174142568,COc1cc(Nc2ncc3c(n2)n(-c2ccccc2)c(=O)c(=O)n3C)ccc1N1CCN(C)CC1
4806,8.406561668720684,COc1cc(Nc2ncc3c(n2)n(-c2cccc(O)c2)c(=O)n3C)ccc1N1CCN(C)CC1
4807,8.671753395063293,CN1CCN(C(=O)c2ccc(Nc3ncc4nc(Nc5ccc(F)c(Cl)c5)n(C)c4n3)c(F)c2)CC1
4808,8.552758368729314,CN1CCN(C(=O)c2ccc(Nc3ncc4nc(Nc5ccc(F)c(Cl)c5)n(C)c4n3)cc2)CC1
4809,8.731987199752554,CC(C)n1c(Nc2ccc(F)c(Cl)c2)nc2cnc(Nc3ccc(C(=O)N4CCN(C)CC4)cc3)nc21
4810,8.769875938012078,CN1CCN(c2ccc(Nc3ncc4nc(Nc5ccc(F)c(Cl)c5)n(C)c4n3)cc2)CC1
4811,8.610517813310636,CN1CCN(c2ccc(Nc3ncc4nc(Nc5cccc(Br)c5)n(C)c4n3)cc2)CC1
4812,8.738878995343272,CN1CCN(c2ccc(Nc3nc4cnc(Nc5ccc(OCc6ccccn6)cc5)nc4n3C)cc2)CC1
4813,8.746958858714729,CN1CCN(c2ccc(Nc3ncc4nc(Nc5ccc(OCc6ccccn6)cc5)n(C)c4n3)cc2)CC1
4814,8.732455053353716,CN1CCN(c2ccc(Nc3ncc4nc(Nc5cccc(Br)c5)n(CCO)c4n3)cc2)CC1
4815,8.511014705408076,CC(=O)Nc1cccc(Nc2nc3cnc(Nc4ccc(C(=O)NC5CCN(C)CC5)cc4)nc3n2C(C)C)c1
4816,8.496575526629224,CC(=O)Nc1cccc(Nc2nc3cnc(Nc4ccc(C(=O)N5CCN(C)CC5)cc4)nc3n2C(C)C)c1
4817,8.81318593800896,COc1ccccc1Nc1nc2cnc(Nc3ccc(N4CCN(C)CC4)cc3)nc2n1C(C)C
4818,8.691808561188864,COc1ccc(Nc2nc3cnc(Nc4ccc(N5CCN(C)CC5)cc4)nc3n2C(C)C)cc1
4819,8.662569031483198,CN1CCN(c2ccc(Nc3ncc4nc(Nc5ccccc5)n(C)c4n3)cc2)CC1
4820,8.51300750955724,CN1CCN(c2ccc(Nc3ncc4nc(Nc5ccc(F)cc5)n(C)c4n3)cc2)CC1
4821,8.654882327109188,CN1CCN(c2ccc(Nc3ncc4nc(Nc5cccc(F)c5)n(C)c4n3)cc2)CC1
4822,8.77221864655984,CN1CCN(c2ccc(Nc3ncc4nc(Nc5ccc(C(=O)NC6CCCC6)cc5)n(C)c4n3)cc2)CC1
4823,8.610265005886768,CN1CCN(c2ccc(Nc3ncc4nc(Nc5ccc(NC(=O)Nc6ccccc6)cc5)n(C)c4n3)cc2)CC1
4824,8.630829090859319,CN1CCN(c2ccc(Nc3nc4cnc(Nc5cccc(Br)c5)nc4n3C)cc2)CC1
4825,8.617352821902728,COc1ccc(Nc2nc3cnc(Nc4ccc(N5CCNCC5)cc4)nc3n2C(C)C)cc1
4826,8.452781695068637,CN1CCN(c2ccc(Nc3ncc4nc(Nc5cccc(C(F)(F)F)c5)n(C)c4n3)cc2)CC1
4827,8.267964610171838,CN1CCN(c2ccc(Nc3ncc4nc(Nc5cccc(S(N)(=O)=O)c5)n(C)c4n3)cc2)CC1
4828,8.731592389552139,CC(C)n1c(Nc2cccc3ncccc23)nc2cnc(Nc3ccc(N4CCN(C)CC4)cc3)nc21
4829,8.753645780682165,CC(C)n1c(Nc2cccc(S(C)(=O)=O)c2)nc2cnc(Nc3ccc(N4CCN(C)CC4)cc3)nc21
4830,8.591968236694195,COc1cc(N2CCN(C)CC2)ccc1Nc1ncc2nc(Nc3ccccc3)n(C)c2n1
4831,8.322238626065674,COc1cc(N2CCOCC2)ccc1Nc1ncc2nc(Nc3ccccc3)n(C)c2n1
4832,8.63038546523057,CN1CCN(CCCn2c(Nc3ccccc3)nc3cnc(Nc4ccc(C(=O)N5CCN(C)CC5)cc4)nc32)CC1
4833,8.324145341352345,CCn1c(Nc2ccccc2)nc2cnc(Nc3ccc(C(=O)N4CCN(C)CC4)cc3)nc21
4834,8.339539924443855,COc1cc(C(=O)NC2CCN(C)CC2)ccc1Nc1ncc2nc(NC3CCCCC3)n(C(C)C)c2n1
4835,8.696879983636808,COc1cc(C(=O)NC2CCN(C)CC2)ccc1Nc1ncc2c(n1)c(C)c(Nc1ccccc1)n2C(C)C
4836,7.869694577810905,CC(C)n1c(Nc2ccccc2)nc2cnc(Nc3cccc(O)c3)nc21
4837,8.453344713430633,CC(C)n1c(Nc2ccccc2)nc2cnc(Nc3ccc(C(=O)N4CCN(C)CC4)cc3)nc21
4838,8.394393277729579,CCn1c(Nc2ccccc2)nc2cnc(Nc3ccc(C(=O)NC4CCN(C)CC4)cc3)nc21
4839,8.565358423207309,CN1CCN(CCCn2c(Nc3ccccc3)nc3cnc(Nc4ccc(C(=O)N5CCCC5)cc4)nc32)CC1
4840,8.754223593115789,CC(C)n1c(Nc2ccccc2)nc2cnc(Nc3ccc(N4CCN(C)CC4)cc3)nc21
4841,8.507760449759648,CN1CCN(c2ccc(Nc3ncc4nc(Nc5cccnc5)n(C)c4n3)cc2)CC1
4842,8.810915323333752,CC(C)n1c(Nc2cccnc2)nc2cnc(Nc3ccc(N4CCN(C)CC4)cc3)nc21
4843,8.175640029336225,CN1CCN(c2ccc(Nc3ncc4nc(NC5CCCCC5)n(C)c4n3)cc2)CC1
4844,8.55629198642681,CC(C)n1c(NC2CCCCC2)nc2cnc(Nc3ccc(N4CCN(C)CC4)cc3)nc21
4845,7.827964833741481,CC(C)n1nc(-c2ccc3c(c2)sc2ccccc23)c2c(N)ncnc21
4846,6.954926779192814,CC(C)n1nc(-c2ccc3c(c2)OCO3)c2c(N)ncnc21
4847,6.971241690118479,CC(C)n1nc(-c2cccc(Cl)c2)c2c(N)ncnc21
4848,7.792729553480998,CC(C)n1nc(-c2cccc(Cc3ccccc3)c2)c2c(N)ncnc21
4849,7.310719853616654,CC(C)n1nc(-c2ccc3c(c2)CCCO3)c2c(N)ncnc21
4850,6.573394813819343,COc1cc(-c2nn(C(C)C)c3ncnc(N)c23)cc(OC)c1OC
4851,7.001769913561562,CC(C)n1nc(-c2ccc3c(c2)OCCO3)c2c(N)ncnc21
4852,7.7402630092530975,CC(C)n1nc(-c2cccc(-c3ccccc3)c2)c2c(N)ncnc21
4853,7.984148949907939,COc1cc(-c2nn(C(C)C)c3ncnc(N)c23)ccc1NC(=O)Nc1ccc(F)cc1F
4854,7.319456182711262,COc1cc(-c2nn(C(C)C)c3ncnc(N)c23)ccc1NC(=O)CC(C)(C)C
4855,8.064056567378156,COc1cc(-c2nn(C(C)C)c3ncnc(N)c23)ccc1NC(=O)Nc1ccc(F)c(Cl)c1
4856,7.5313924815176865,CC(C)n1nc(-c2cccc(C(=O)Nc3cccc(C(F)(F)F)c3)c2)c2c(N)ncnc21
4857,7.337153194219957,CC(C)n1nc(-c2cc(-c3ccccc3)co2)c2c(N)ncnc21
4858,7.0522849209029985,CC(C)n1nc(-c2cc(C3CC3)co2)c2c(N)ncnc21
4859,7.670652807061637,CC(C)n1nc(-c2ccc(CNC(=O)c3ccc(F)c(F)c3)cc2)c2c(N)ncnc21
4860,7.206731080016714,CC(C)n1nc(-c2ccc3c(c2)CCC3)c2c(N)ncnc21
4861,7.5836753070714265,CC(C)n1nc(-c2ccc3ccccc3c2)c2c(N)ncnc21
4862,8.488961318436152,O=C1OCCN1c1ccc2ncnc(Nc3cccc(Br)c3)c2c1
4863,8.740944314575618,O=C1OC2(CCN(c3ccc4ncnc(Nc5cccc(Br)c5)c4c3)CC2)CN1CCO
4864,8.090967635451994,COc1cc(N2CCN(C)CC2)ccc1Nc1ncc2c(n1)n([C@H]1CCN(C(C)=O)C1)c(=O)n2C
4865,8.336844557018392,COc1cc(N2CCN(C)CC2)ccc1Nc1ncc2c(n1)n([C@H]1CCN(C(=O)C3CC3)C1)c(=O)n2C
4866,8.562083237512203,COc1cc(N2CCN(C)CC2)ccc1Nc1ncc2c(n1)n(-c1cccc(N)c1)c(=O)n2C(C)C
4867,8.198348771929009,COc1cc(N2CCN(C)CC2)ccc1Nc1ncc2c(n1)n(-c1cccc(N)c1)c(=O)n2C
4868,8.84857366917488,COc1cc2ncnc(Nc3cccc(Cl)c3F)c2cc1CN(C)[C@@H](CN(C)C)C(N)=O
4869,7.420718473584526,CC(C)(C)c1ccc(Nc2nc(N3CCC[C@@H](N4CCCC4=O)C3)cnc2C(N)=O)cc1
4870,7.5769233261318165,CN1CCN([C@H]2CCCN(c3cnc(C(N)=O)c(Nc4ccc(C5CCN(C(C)(C)C)CC5)cc4)n3)C2)C1=O
4871,7.536763380339737,CC(C)N1CCC(c2ccc(Nc3nc(N4CCOCC4)cnc3C(N)=O)cc2)CC1
4872,7.556977532012843,CC(C)N1CCC(c2ccc(Nc3nc(N4CCC[C@@H](NC(=O)C5CCC5)C4)cnc3C(N)=O)cc2)CC1
4873,8.068218102116527,Nc1ncnc2c1c(-c1ccc(Nc3nc4ccccc4o3)cc1)nn2C1CCNCC1
4874,8.449837182832328,Nc1ncnc2c1c(-c1ccc(Nc3nc4ccccc4o3)cc1)nn2C1CCN(C2CCOCC2)CC1
4875,9.657355540839527,COc1cc2c(cc1Nc1ncc(Cl)c(Nc3ccc4nccnc4c3NS(C)(=O)=O)n1)-c1cccnc1CCN2C
4876,8.947690825766706,COc1cc2c(cc1Nc1ncc(Cl)c(Nc3ccc4nccnc4c3NS(C)(=O)=O)n1)-c1cccnc1CC2
4877,9.026369530709355,COc1cc2c(cc1Nc1ncc(Cl)c(Nc3ccc(F)cc3NS(C)(=O)=O)n1)-c1cnn(C)c1CC2
4878,9.610325731236586,COc1cc2c(cc1Nc1ncc(Cl)c(Nc3ccc(F)cc3NS(C)(=O)=O)n1)-c1cnn(C)c1CCN2C
4879,8.563397494131207,COc1cc2c(cc1Nc1ncc(Cl)c(Nc3ccc4nccnc4c3C(N)=O)n1)N(C(C)=O)CCC2
4880,8.832964443575623,COc1cc2c(cc1Nc1ncc(Cl)c(Nc3ccc4nccnc4c3C(=O)N(C)C)n1)N(C(C)=O)CCC2
4881,8.891195779926278,COc1cc2c(cc1Nc1ncc(Cl)c(Nc3ccc4nccnc4c3C(N)=O)n1)-c1cnn(C)c1CC2
4882,8.53629579764143,COc1cc2c(cc1Nc1ncc(Cl)c(Nc3ccc4nccnc4c3)n1)N(C(C)=O)CC2
4883,8.55772316568796,COc1cc2c(cc1Nc1ncc(Cl)c(Nc3ccc4nccnc4c3)n1)N(C(C)=O)CCC2
4884,8.781406677056552,COc1cc2c(cc1Nc1ncc(Cl)c(Nc3ccc4nccnc4c3)n1)N(C(=O)CN(C)C)CCC2
4885,9.342277949911939,COc1cc2c(cc1Nc1ncc(Cl)c(Nc3ccc4nccnc4c3N(C)S(C)(=O)=O)n1)N(C)CC2
4886,9.139988450980121,COc1cc2c(cc1Nc1ncc(Cl)c(Nc3ccc4nccnc4c3N(C)S(C)(=O)=O)n1)N(C(C)=O)CC2
4887,8.771243411220082,COc1cc2c(cc1Nc1ncc(Cl)c(Nc3ccc4nccnc4c3NC(C)=O)n1)N(C(C)=O)CCC2
4888,9.290684606452439,COc1cc2c(cc1Nc1ncc(Cl)c(Nc3ccc4nccnc4c3NC(C)=O)n1)-c1cnn(C)c1CC2
4889,8.937233239628034,COc1cc2c(cc1Nc1ncc(Cl)c(Nc3ccn4ccnc4c3NS(C)(=O)=O)n1)N(C(C)=O)CC2
4890,8.984954029418224,COc1cc2c(cc1Nc1ncc(Cl)c(Nc3ccn4ccnc4c3NS(C)(=O)=O)n1)N(C(C)=O)CCC2
4891,9.239582879665615,COc1cc2c(cc1Nc1ncc(Cl)c(Nc3ccccc3S(=O)(=O)N(C)C)n1)-c1cnn(C)c1CCN2C
4892,9.197362669903367,COc1cc2c(cc1Nc1ncc(Cl)c(Nc3ccccc3S(=O)(=O)N(C)C)n1)-c1cnn(C)c1CCN2
4893,8.430479522325271,COc1cc2c(cc1Nc1ncc(Cl)c(Nc3cccc4c3NS(=O)(=O)C4)n1)N(C(C)=O)CCC2
4894,9.448632437951073,COc1cc2c(cc1Nc1ncc(Cl)c(Nc3cccc4c3NS(=O)(=O)C4)n1)-c1cnn(C)c1CCN2C
4895,8.183892027801393,COc1cccc(-c2c(-c3ccnc(Nc4ccc(N5CCN(C(C)C)CC5)cc4)n3)c(C)nc3ccccc23)c1
4896,8.5936573525173,COc1cc(N2CCN(C(C)C)CC2)ccc1Nc1nccc(-c2c(C#N)cccc2-c2ccc(F)cc2F)n1
4897,8.318786921478914,COc1cc(N2CCN(C(C)C)CC2)ccc1Nc1nccc(-c2c(-c3ccccc3)cnc3ccccc23)n1
4898,8.733465624462587,COc1cc(N2CCN(C(C)C)CC2)ccc1Nc1nccc(-c2c(-c3cccc(C(=O)O)c3)cnc3ccccc23)n1
4899,7.804274782917167,CC(C)(O)Cn1c(NC(=O)c2ccc(C#N)cc2)nc2cc(N3CCNCC3)ccc21
4900,7.786136140723973,CC(C)(O)Cn1c(NC(=O)c2ccc(C#N)cc2)nc2cc(N3CCCCC3)ccc21
4901,7.7982683167917575,Nc1ncnc2c1c(-c1ccc(Nc3nc4ccccc4o3)cc1)nn2C1CCCC1
4902,8.204096281353285,Nc1ncnc2c1c(-c1ccc(Nc3nc4ccccc4o3)cc1)nn2C1CCC(N2CCCC2)CC1
4903,6.625133849502026,CC(C)NC(=O)c1ccc(S(=O)(=O)Oc2ccc(/C=C/C(=O)O)cc2)cc1
4904,6.433226093660022,CC(C)NC(=O)c1ccc(S(=O)(=O)Nc2ccc(/C=C/C(=O)O)cc2)cc1
4905,8.588827765310329,CNC(=O)CN(C)c1cc2ncnc(Nc3ccc(Br)cc3F)c2cc1NC(=O)CN(C)C
4906,8.596486234576993,Fc1cccc(COc2ccc(Nc3ncnc4ccc(-c5cccc(CN6CCOCC6)c5)cc34)cc2Cl)c1
4907,8.803371633866695,Fc1cccc(COc2ccc(Nc3ncnc4ccc(-c5csc(CNCC6CCOCC6)n5)cc34)cc2Cl)c1
4908,8.678749764674675,C#Cc1cccc(Nc2ncnc3cc(OCCN4CCOCC4)c(NC(=O)COC)cc23)c1
4909,8.6650878770623,C#Cc1cccc(Nc2ncnc3cc(OCCN4CCOCC4)c(NC(=O)C4CC4)cc23)c1
4910,8.415097048986581,c1ccc(-c2c(-c3ccc(OCCN4CCCC4)cc3)oc3ncnc(NCCC4CCNCC4)c23)cc1
4911,7.931468586719277,CN(C)CCN(C)c1ccc(-c2c(-c3ccccc3)oc3ncnc(N)c23)cc1
4912,7.833111829592693,CC(C)Nc1ncnc2oc(-c3ccccc3)c(-c3ccc(NC(=O)OC(C)(C)C)cc3)c12
4913,8.28589158900074,CC(C)Nc1ncnc2oc(-c3ccccc3)c(-c3ccccc3)c12
4914,8.059388373190087,CC(C)Nc1ncnc2oc(-c3ccccc3)c(-c3cccc(N)c3)c12
4915,8.309340001148348,COc1cc(Nc2ncc(C(F)(F)F)c(Nc3cccc(NC(=O)C4CCNCC4)c3)n2)ccc1N
4916,8.117165736660946,CNC(=O)c1cccc(Nc2nc(Nc3ccc(NC(C)=O)cc3OC)ncc2Cl)c1
4917,8.14287095725212,CC(C)Nc1ccc(Nc2ncc(Cl)c(Nc3cccc(NC(=O)C4CC4)c3)n2)cc1
4918,7.981416847944341,CC(C)(O)C1CN(C(=O)c2ccc(Nc3ccnc(-c4cnn(C5CC5)c4)n3)cc2)C1
4919,8.550397850131072,CC(C)(O)C1CN(C(=O)c2ccc(Nc3ccnc(-c4cnn(C5CC5)c4)n3)cc2NC2CC2)C1
4920,7.565190690064642,CNC(=O)c1cnc(Nc2ccnc(N3CCC(OC)CC3)n2)cc1NC(C)C
4921,7.44968096726568,CNC(=O)c1cnc(Nc2ccnc(N3CCOCC3)n2)cc1NC1CCCC1
4922,7.32514028605307,CNC(=O)c1cnc(Nc2ccnc(N3CCC(OC)CC3)n2)cc1NC1CCCC1
4923,8.979524208341946,O=C(c1c(F)ccc(NS(=O)(=O)c2ccc(C(F)(F)F)cc2)c1F)c1c[nH]c2ncnc(N3CCOCC3)c12
4924,8.937262623237029,O=C(c1c(F)ccc(NS(=O)(=O)c2ccc(C(F)(F)F)cc2)c1F)c1c[nH]c2ncnc(N3CCCC3)c12
4925,8.48830802497326,C=CCOC(=O)c1c(-c2ccnc(Nc3cc(NC(C)=O)ccc3OC)n2)c2ccccc2n1C
4926,8.485997503557346,C=CCOC(=O)c1c(-c2ccnc(Nc3cc(NC(C)=O)c(N(C)C)cc3OC)n2)c2ccccc2n1C
4927,8.54507518319791,C=CCOC(=O)c1cccc2c(-c3ccnc(Nc4cc(NC(=O)C5CC5)ccc4OC)n3)cn(C)c12
4928,8.447330253197062,C=CCOC(=O)c1cccc2c(-c3ccnc(Nc4cc(NC(C)=O)ccc4OC)n3)cn(C)c12
4929,8.232383710594737,C=CCOC(=O)Nc1cc(Nc2nccc(-c3cn(C)c4cc(C(=O)OC)ccc34)n2)ccc1OC
4930,8.325971446586715,C=CCOC(=O)Nc1cc(Nc2nccc(-c3cn(C)c4cc(C(=O)OC)ccc34)n2)c(OC)cc1Cl
4931,8.580827808743619,COc1cc(N2CCN(C(C)=O)CC2)ccc1Nc1ncc(C(=O)O)c(-c2cnn3ccccc23)n1
4932,8.569206074650872,COc1cc(NCCN(C)C)ccc1Nc1ncc(C(=O)O)c(-c2cnn3ccccc23)n1
4933,8.039898161068226,COc1ccc(NC(C)=O)cc1Nc1ncc(C(N)=O)c(-c2cn(C)c3c(OC)cccc23)n1
4934,8.346391107393568,C=CC(=O)Nc1cc(Nc2ncc(C(=O)OC)c(-c3cn(C)c4c(OC)cccc34)n2)ccc1N(C)C
4935,8.304514513560155,COC(=O)c1cnc(Nc2cc(NC(C)=O)ccc2OC)nc1-c1cn(C)c2ncccc12
4936,8.375017277241435,COC(=O)c1cnc(Nc2cc(NC(C)=O)ccc2Cl)nc1-c1cn(C)c2ncccc12
4937,8.677521771493877,COC(=O)c1cnc(Nc2cc(NC(=O)CN3CCCC3)ccc2Cl)nc1-c1cn(C)c2ncccc12
4938,8.314217668515562,COC(=O)c1cnc(Nc2cc(NC(=O)CN3CCCC3)ccc2OC)c2cccnc12
4939,8.251829418730146,C=CC(=O)Nc1cc(Nc2ncc(C(=O)OC)c(-c3cn(C(C)=O)c4ccccc34)n2)c(OC)cc1Cl
4940,8.333008550054824,C=CC(=O)Nc1cc(Nc2ncc(C(=O)OC)c(-c3cn(C(C)=O)c4ccccc34)n2)c(OC)cc1N(C)C
4941,8.789998612840787,COc1cc(N2CCC(N(C)C)CC2)ccc1Nc1ncc(C(=O)O)c(-c2cccc3[nH]ccc23)n1
4942,8.724872656523825,COc1cc(N2CCC(N(C)C)CC2)ccc1Nc1ncc(Cl)c(-c2cn(C(C)=O)c3ccccc23)n1
4943,8.361832624373223,C=CC(=O)Nc1cc(Nc2ncc(C(=O)OC)c(-c3cn(C)c4ccccc34)n2)ccc1N(C)C
4944,8.645848203717243,C=CC(=O)Nc1cc(Nc2ncc(C(=O)OC)c(-c3cn(C)c4ccccc34)n2)c(OC)cc1N1CCN(C)CC1
4945,8.542958763010724,C=CC(=O)Nc1cc(Nc2ncc(C(=O)OC)c(-c3cn(C)c4ccccc34)n2)c(OC)cc1N1CCCC1
4946,8.531032986296731,C=CC(=O)Nc1cc(Nc2ncc(C(=O)OC)c(-c3cn(C)c4ccccc34)n2)ccc1N1CCCC1
4947,8.228462679845006,C=CC(=O)Nc1cc(Nc2ncc(C(=O)OC)c(-c3cn(C)c4ccccc34)n2)c(OC)cc1OC
4948,8.312642805202735,C=CC(=O)Nc1cc(Nc2ncc(C(=O)OC)c(-c3cn(C)c4ccccc34)n2)c(OC)cc1N(C)C
4949,8.673952062952653,COc1cc(N2CCC(N(C)C)CC2)ccc1Nc1ncc(Cl)c(-c2cn(C)c3ccccc23)n1
4950,8.368807990524507,COc1cc(N2CCC(N(C)C)CC2)ccc1Nc1ncc(C(=O)O)c(-c2ccccc2OC)n1
4951,8.545866812673188,COc1cc(N2CCC(N)CC2)ccc1Nc1ncc(C(=O)O)c(-c2cn(C)c3ccccc23)n1
4952,8.639259444499876,COc1cc(N2CCN(C(C)=O)CC2)ccc1Nc1ncc(C(=O)O)c(-c2cn(C)c3ccccc23)n1
4953,8.698281808532682,COc1cc(N2CCN(C)CC2)ccc1Nc1ncc(C(=O)O)c(-c2cn(C)c3ccccc23)n1
4954,8.698913726057079,COc1cc(N2CCN(C)CC2)ccc1Nc1ncc(C(=O)O)c(-c2c[nH]c3ccccc23)n1
4955,8.113171746023882,C=CCOc1cc(Nc2ncc(C(=O)OC)c(-c3cn(C)c4ccccc34)n2)cc(OC)c1OC
4956,8.144476668948466,C=CCOc1cc(Nc2ncc(C(=O)OCC)c(-c3cn(C)c4ccccc34)n2)cc(OC)c1OC
4957,8.614403469749798,C=CCOC(=O)c1cnc(Nc2cc(NC(C)=O)ccc2OC)nc1-c1cn(C2CC2)c2ccccc12
4958,8.431873290622118,C=CC(=O)Nc1cc(Nc2ncc(C(=O)OC)c(-c3cn(C4CC4)c4ccccc34)n2)c(OC)cc1Cl
4959,8.627273383373193,COc1cc(N2CCN(C(C)=O)CC2)ccc1Nc1ncc(C(=O)O)c(-c2cnc3ccccn23)n1
4960,8.671872513316393,CN(C)CCN(C)c1ccc(Cl)c(Nc2ncc(C(=O)O)c(-c3cnc4ccccn34)n2)c1
4961,8.327536900938453,COC(=O)c1cnc(Nc2cc(NC(C)=O)ccc2OC)nc1-c1cn2c3c(cccc13)CCC2
4962,8.56008871221495,CCOC(=O)c1cnc(Nc2cc(NC(C)=O)ccc2OC)nc1-c1cn2c3c(cccc13)CCC2
4963,8.367735397574107,CN(C)CCNC(=O)c1ccc(Nc2ncc(Cl)c(-c3c[nH]c4ncccc34)n2)cc1
4964,8.536020222031697,CN(C)CCNC(=O)c1cc(Nc2ncc(Cl)c(-c3c[nH]c4ncccc34)n2)ccc1N(C)C
4965,8.456140453875719,C=CC(=O)Nc1cc(Nc2ncc(C(=O)OC)c(-c3c[nH]c4ccccc34)n2)ccc1N(C)C
4966,8.583819789809054,C=CC(=O)Nc1cc(Nc2ncc(C(=O)OC)c(-c3c[nH]c4ccccc34)n2)ccc1N1CCCC1
4967,8.39301793121927,C=CC(=O)Nc1cc(Nc2ncc(C(=O)O)c(-c3c[nH]c4ccccc34)n2)ccc1N(C)C
4968,8.793194624503366,C=CC(=O)Nc1cc(Nc2ncc(C(=O)O)c(-c3c[nH]c4ccccc34)n2)c(OC)cc1N1CCN(C)CC1
4969,8.737900961682959,COc1cc(N2CCC(N(C)C)CC2)ccc1Nc1ncc(Cl)c(-c2c[nH]c3ccccc23)n1
4970,8.567064349817178,C=CC(=O)Nc1cc(Nc2ncc(C(=O)OC)c(-c3coc4ccccc34)n2)ccc1N1CCCC1
4971,8.54216675012555,C=CC(=O)Nc1cc(Nc2ncc(C(=O)OC)c(-c3coc4ccccc34)n2)c(OC)cc1N1CCCC1
4972,8.043792170526679,COC(=O)c1cnc(Nc2cc(NC(C)=O)ccc2OC)nc1-c1nn(C)c2ccccc12
4973,8.325276133115658,C=CCOC(=O)c1cnc(Nc2ccc([N+](=O)[O-])cc2OC)nc1-c1nn(C)c2ccccc12
4974,8.351622905847886,C=CC(=O)Nc1cc(Nc2ncc(C(=O)OC)c(-n3ccc4ccccc43)n2)ccc1N(C)C
4975,8.51559341021356,C=CC(=O)Nc1cc(Nc2ncc(C(=O)OC)c(-n3ccc4ccccc43)n2)ccc1N1CCCC1
4976,8.455084257469839,C=CCOC(=O)c1cnc(Nc2ccc(N(C)CC=C)cc2OC)nc1-n1ccc2ccccc21
4977,8.594935157509635,COc1cc(N2CCN(C)CC2)ccc1Nc1ncc(C(=O)O)c(-n2ccc3ccccc32)n1
4978,7.931811563097948,COc1cc(N2CCN(C)CC2)ccc1Nc1ncc(C(=O)O)c(Nc2cccc3ccccc23)c1C
4979,8.322132331378516,COc1cc(N2CCN(C)CC2)ccc1Nc1ncc(C(=O)O)c(Nc2cccc3c2N(C)C(=O)C3)c1C
4980,6.704715402920481,COc1cc2ncnc(Nc3ccc(NC(=O)OC(C)C)cc3)c2cc1OC
4981,6.597497634725512,COc1cc2ncnc(Oc3ccc(NC(=O)Nc4ccc(F)c(Cl)c4)c(C)c3)c2cc1OC
4982,7.744581967976352,COc1cc(Nc2nccc(-c3c(-c4ccc(OC(C)C)c(C(=O)Nc5c(F)cccc5F)c4)ccnc3OC)c2OC)ccn1
4983,7.8041953527366115,COc1cc(Nc2nccc(-c3c(-c4ccc(OC(C)C)c(C(=O)Nc5c(F)cccc5F)c4)ccnc3OC)c2C)ccn1
4984,8.246271524214333,COc1cc(N2CCC(N3CCN(C)CC3)CC2)ccc1Nc1nccc(-c2c(C)cccc2OC)c1C(=O)O
4985,8.018127916748249,COc1cc(N2CCN(C)CC2)ccc1Nc1nccc(-c2c(OC)cccc2OC)c1C(=O)NCCN(C)C
4986,8.910039927795971,CN1CCOC(COc2cc3ncnc(Nc4ccc(F)c(Cl)c4)c3cc2OC2CCOCC2)C1
4987,8.548406681805607,COc1cc2c(Nc3ccc(F)c(C(F)(F)F)c3)ncnc2cc1OCC1CNCCO1
4988,7.696855130038006,COc1ccc(Nc2ncnc3ccc(-c4ccc(C(=O)N5CCNCC5)cc4)nc23)cc1OC
4989,8.121790744502828,COc1ccc(Nc2ncnc3ccc(-c4ccc(C(=O)N5CCNCC5)cc4)nc23)cc1
4990,8.564378739192533,CC(C)Oc1cc(N2CCC(N3CCCC3)CC2)ccc1Nc1nccc(-c2c(F)cccc2-c2cccc(C(N)=O)c2)n1
4991,8.693277704875372,CC(C)Oc1cc(N2CCC(N3CCCC3)CC2)ccc1Nc1nccc(-c2c(F)cccc2-c2cccc(C#N)c2)n1
4992,8.478638694283333,CN1CCN(c2ccc(Nc3ncc4c(n3)N(c3cccc(NS(C)(=O)=O)c3)C(=O)N(C)C4)cc2)CC1
4993,8.004738027862755,CN1CCN(c2ccc(Nc3ncc4c(n3)N(c3ccccc3)C(=O)N(C)C4)cc2)CC1
4994,8.394007548051695,CC(C)Oc1ncccc1C(Nc1cc(Cl)c2ncc(C#N)c(Nc3ccc(F)c(Cl)c3)c2c1)c1ccccn1
4995,8.812027954926053,COc1ncccc1[C@H](Nc1cc(Cl)c2ncc(C#N)c(Nc3ccc(F)c(Cl)c3)c2c1)C1=NCCN1C
4996,8.007495233242102,CCOC(C)Oc1cc2ncnc(Nc3ccc(F)c(C#N)c3)c2c2c1OCCO2
4997,8.76316775947361,C#Cc1cccc(Nc2ncnc3cc(OCC)c4c(c23)OCCO4)c1
4998,8.269756200472214,CCOC(C)Oc1cc2ncnc(Nc3ccc(F)c([N+](=O)[O-])c3)c2c2c1OCCO2
4999,8.233106385639127,COCCOc1cc2ncnc(Nc3ccc(F)c(Cl)c3)c2c2c1OCCO2
5000,8.62553938212428,CC(C)Oc1ccccc1Nc1nccc(-c2cc3c([nH]2)C2(CCNCC2)CNC3=O)n1
5001,8.65359691625079,CC(C)Oc1ccccc1Nc1nccc(-c2cc3c([nH]2)C2(CCN(C(=O)CO)CC2)CNC3=O)n1
5002,8.320265644060377,CC(C)Oc1ccc([C@H](Nc2cc(Cl)c3ncc(C#N)c(Nc4ccc(F)c(Cl)c4)c3c2)C2=CN(C)CC2)cc1
5003,8.5105097883881,COc1ccc([C@H](Nc2cc(Cl)c3ncc(C#N)c(Nc4ccc(F)c(Cl)c4)c3c2)c2cn(C(C)C)c(=O)[nH]2)cc1
5004,8.261015796713878,CC(C)Oc1ccc(Nc2ncc(F)c(Nc3cccc(NS(C)(=O)=O)c3)n2)cn1
5005,7.57670945551038,CC(C)Oc1ccc(Nc2ncc(F)c(Nc3ccc(C#N)cc3)n2)cn1
5006,8.146023389718335,CC(C)Oc1ccc(Nc2ncc(F)c(Nc3cccc(NC(=O)C4CC4)c3)n2)cn1
5007,7.759333508494809,CC(C)Oc1ccc(Nc2ncc(F)c(Nc3cccc(C(N)=O)c3)n2)cn1
5008,8.130058989718549,CN1CCN(c2ccc(-c3oc4ncnc(OC(C)(C)C)c4c3-c3cccc(N)c3)cc2)CC1
5009,8.344317401596783,COc1cc(N(C)CCN(C)C)ccc1Nc1nccc(Nc2ccccc2S(=O)(=O)C(C)C)n1
5010,8.226318899189888,CC(C)S(=O)(=O)c1ccccc1Nc1ccnc(Nc2cc(N(C)CCN(C)C)ccc2Cl)n1
5011,7.866939347239358,CC(C)S(=O)(=O)c1ccccc1Nc1nc(N/N=C/c2ccc(O)cc2)ncc1Cl
5012,7.784984275616034,CC(C)S(=O)(=O)c1ccccc1Nc1nc(N/N=C/c2ccc(F)cc2)ncc1Cl
5013,7.528153826617815,CC(C)S(=O)(=O)c1ccccc1Nc1nc(NC(=O)c2ccccc2)ncc1Cl
5014,7.3588666073744555,CC(C)S(=O)(=O)c1ccccc1Nc1nc(N/C=N/C(C)(C)C)ncc1Cl
5015,7.585454917017631,CC(C)S(=O)(=O)c1ccccc1Nc1nc(NC(=O)c2ccc(F)cc2)ncc1Cl
5016,8.800392182874036,CNCCN(C)c1cc(OC)c(Nc2ncc(Cl)c(Nc3ccccc3S(=O)(=O)C(C)C)n2)cc1F
5017,8.329650783161796,CNC(=O)c1cc(Nc2ncc(Cl)c(Nc3ccccc3S(=O)(=O)C(C)C)n2)c(OC)cc1N(C)C
5018,8.579638485890062,CNC(=O)c1cc(Nc2ncc(Cl)c(Nc3ccccc3S(=O)(=O)C(C)C)n2)c(OC)cc1N1CCOCC1
5019,8.816629571079075,CNC(=O)c1cc(Nc2ncc(Cl)c(Nc3ccccc3S(=O)(=O)C(C)C)n2)c(OC)cc1N1CCN(C)CC1
5020,8.304126988220421,COc1cc(N2CCOCC2)ccc1Nc1ncc(Cl)c(Nc2ccccc2S(=O)(=O)C(C)C)n1
5021,8.461083970785282,COc1cc(N2CCN(C(C)=O)CC2)ccc1Nc1ncc(Cl)c(Nc2ccccc2S(=O)(=O)C(C)C)n1
5022,8.506432016283874,COc1cc(N(C)CCN(C)C)ccc1Nc1ncc(F)c(Nc2ccccc2S(=O)(=O)C(C)C)n1
5023,8.46608283478969,CNC(=O)c1cc(Nc2ncc(F)c(Nc3ccccc3S(=O)(=O)C(C)C)n2)c(OC)cc1N(C)C
5024,9.081076392054415,CNCCN(C)c1cc(OC)c(Nc2ncc(I)c(Nc3ccccc3S(=O)(=O)C(C)C)n2)cc1F
5025,8.773119579091702,COc1cc(N(C)CCN(C)C)ccc1Nc1ncc(I)c(Nc2ccccc2S(=O)(=O)C(C)C)n1
5026,8.514883636579613,CC(C)(C)C(=O)NCCn1ccc2ncnc(Nc3ccc(Oc4cccc(C(F)(F)F)c4)c(Cl)c3)c21
5027,8.589884392336012,CN(C)Cc1ccc(-c2ccc3ncnc(Nc4ccc(OCc5ccccn5)c(Cl)c4)c3c2)o1
5028,8.686761839601184,CN(C)CCc1ccc(-c2ccc3ncnc(Nc4ccc(OCc5ccccn5)c(Cl)c4)c3c2)o1
5029,8.477305073227319,COc1cc(N2CCN(C(C)=O)CC2)ccc1Nc1ncc(Cl)c(-c2c[nH]c3ccccc23)n1
5030,8.211618894705312,CC(C)S(=O)(=O)Nc1nc(-c2ccc(F)cc2)c(-c2ccnc(Nc3ccccc3)n2)s1
5031,8.66736602388961,COc1cc(N2CCN(C)CC2)ccc1Nc1nccc(Nc2cc(Cl)c(F)cc2C(C)(O)C(F)(F)F)n1
5032,8.833361592126915,COc1cc(N2CCN(C(C)=O)CC2)ccc1Nc1nccc(Nc2cc(Cl)c(F)cc2C(C)(O)C(F)(F)F)n1
5033,8.359281508994403,COc1cc(NCCN(C)C)c(C)cc1Nc1ncc(OC)c(Nc2cc(Cl)ccc2C(=O)O)n1
5034,8.664342139422834,COc1cc(NCCN(C)C)c(C)cc1Nc1ncc(OC)c(Nc2cc(Cl)c(F)cc2C(=O)O)n1
5035,8.540346684899964,CC(C)(O)C#Cc1cc2ncnc(Nc3ccc4c(cnn4Cc4cccc(F)c4)c3)c2s1
5036,8.121036696994112,CC(C)(O)COc1ccc(Nc2ncnc3cc(C#C[C@@H]4C[C@@H](O)CN4)sc23)cc1
5037,8.794530836396351,CN(C)C/C=C/C(=O)N1CCOc2c1ccc1ncnc(Nc3ccc(F)c(Cl)c3)c21
5038,8.668833297710886,CN(C)C/C=C/C(=O)N1CCOc2c(ccc3ncnc(Nc4cccc(Cl)c4)c23)C1
5039,7.982886474022386,CC(NC(=O)c1ccc(F)cc1)c1ccc(-c2nn(C3CCCC3)c3ncnc(N)c23)cc1
5040,7.967151668284186,CC(NC(=O)c1ccc(F)cc1F)c1ccc(-c2nn(C3CCCC3)c3ncnc(N)c23)cc1
5041,8.159413718915893,Cn1cc(CC(F)(F)F)c2[nH]c(-c3ccnc(NC(=O)C4CC4)c3)c(-c3ccccc3)c2c1=O
5042,8.051682473650358,Cn1cc(CC(F)(F)F)c2[nH]c(-c3ccnc(NC(=O)c4ccccc4)c3)c(-c3ccccc3)c2c1=O
5043,8.404952683146941,Cn1ccc2[nH]c(-c3ccnc(NC(=O)C4CCCC4)c3)c(-c3ccc(F)cc3)c2c1=O
5044,8.230100264355608,Cn1ccc2[nH]c(-c3ccnc(NC(=O)c4ccccc4)c3)c(-c3ccc(F)cc3)c2c1=O
5045,8.00891437516259,Cn1ccc2[nH]c(-c3ccnc(NC(=O)C4CCCC4)c3)c(-c3ccccc3)c2c1=O
5046,7.744599580075214,Cn1ccc2[nH]c(-c3ccnc(NC(=O)c4ccccc4)c3)c(-c3ccccc3)c2c1=O
5047,7.97411217823007,CC(=O)Nc1cc(-c2[nH]c3c(c2Nc2ccccc2)C(=O)NC(C)(C)C3)ccn1
5048,7.9112027044103455,CC(C)(C)C(=O)Nc1cc(-c2[nH]c3c(c2Nc2ccccc2)C(=O)NC3(C)C)ccn1
5049,8.491819423455661,O=C(Nc1cc(-c2[nH]c3c(c2Nc2ccccc2)C(=O)NCC3)ccn1)c1ccc(F)cc1F
5050,8.017275165532046,Nc1ncc(-c2ccc3ncnc(Nc4cccc(F)c4)c3c2)cn1
5051,8.206197197072793,C[C@@H](Nc1ncnc2ccc(-c3ccc(S(C)(=O)=O)cc3)cc12)c1ccc(Cl)cc1
5052,8.491930167988786,COc1cc2ncnc(Nc3cccc(C(F)(F)F)c3)c2cc1OC
5053,7.973305112871449,COc1cc2ncnc(Nc3ccc(C)c(C(F)(F)F)c3)c2cc1OC
5054,8.08934350522328,N#Cc1cnc2ccc(-c3cncc(-c4nn[nH]n4)c3)cc2c1NC1CCCC1
5055,8.182586749057378,N#Cc1cnc2ccc(-c3cncc(-c4n[nH]c(=O)[nH]4)c3)cc2c1NC1CCCC1
5056,7.127405750655991,N#Cc1cnc2ccc(-c3cnc(N)nc3)cc2c1NC1CCCC1
5057,7.187692553962097,N#Cc1cnc2ccc(-c3cnc(N)nc3)cc2c1NC1CCCCC1
5058,7.588237892717248,N#Cc1cnc2ccc(-c3cnc4[nH]ncc4c3)cc2c1NC1CCCC1
5059,7.645865111865534,N#Cc1cnc2ccc(-c3cnc4[nH]ncc4c3)cc2c1NCC1CC1
5060,8.45559474877651,COc1ncc(-c2ccc3ncnc(NC(C)c4ccccc4)c3c2)cc1C#N
5061,8.217524320260173,COc1ncc(-c2ccc3ncnc(NC(C)c4ccccc4)c3c2)cc1N
5062,8.17899034668899,CN(C)CCN(C)c1ccc(Cl)c(Nc2ncnc(Nc3ccccc3C(C)(O)C(F)(F)F)n2)c1
5063,8.21096595941181,COc1cc(N(C)CCN(C)C)ccc1Nc1ncnc(Nc2ccccc2C(C)(C)O)n1
5064,8.817722984141325,CN(C)C/C=C/C(=O)N1CCOc2c(ccc3ncnc(Nc4ccc(F)c(Cl)c4)c23)C1
5065,8.230342911998772,CN1CCc2[nH]c(-c3ccnc(NC(=O)c4ccccc4)c3)c(Nc3ccccc3)c2C1=O
5066,8.265001743464175,CN1CCc2[nH]c(-c3ccnc(NC(=O)C(C)(C)C)c3)c(Nc3ccccc3)c2C1=O
5067,7.848323770549979,COc1ccc2cc(C(C)C(=O)OCCOc3cc4ncnc(Nc5cccc(C#N)c5)c4cc3OC)ccc2c1
5068,7.803803056450472,COc1ccc2cc(C(C)C(=O)OCCOc3cc4ncnc(Nc5ccc(C)c(N)c5)c4cc3OC)ccc2c1
5069,8.530445418695665,C#Cc1cccc(Nc2ncnc3cc(OCCN4CCN(C)CC4)c(OCCOC)cc23)c1
5070,8.079725214892084,CN(C)CC(=O)N(C)Cc1ccc(-c2ccc3ncnc(Nc4ccc(Cl)c(Cl)c4)c3c2Cl)c(Cl)c1
5071,8.43099769395347,CC(C)(C)OC(=O)NCC(=O)N(CCO)Cc1ccc(-c2ccc3ncnc(Nc4ccc(F)c(Cl)c4)c3c2)c(Cl)c1
5072,8.671456907105924,CC(C(=O)/C=C/c1ccccc1)c1cc2c(Nc3cccc(Br)c3)ncnc2cn1
5073,8.65844052746388,CC(C(=O)/C=C/c1ccc(O)cc1)c1cc2c(Nc3cccc(Br)c3)ncnc2cn1
5074,8.906418090340129,COC(=O)c1cc2c(Nc3cccc(Br)c3)ncnc2cn1
5075,8.792445350825567,COC(=O)C(C)(C)c1cc2c(Nc3cccc(Br)c3)ncnc2cn1
5076,9.030940199881352,CN(C)CCCN(C)CCOc1cc2ncnc(Nc3ccc(Br)cc3F)c2cc1NC(=O)[C@@H]1CCCN1
5077,8.372638508815538,CC(C)CC(C(=O)Nc1cc(-c2[nH]c3c(c2Nc2ccccc2)C(=O)NC(C)(C)C3)ccn1)c1ccccc1
5078,8.28608085458536,CC(=O)c1ccc(C(CC(N)=O)C(=O)Nc2cc(-c3[nH]c4c(c3Nc3ccccc3)C(=O)NC(C)(C)C4)ccn2)cc1
5079,6.287427184674884,Oc1ccc(CCCNCCc2ccc(O)cc2)cc1
5080,8.13903447403199,COc1ccc(Nc2ncnc3ccc(NCCN(CCO)c4ccccc4)cc23)cc1
5081,8.09004924937897,COc1ccc(Nc2ncnc3ccc(NCCN(CCO)c4ccc(Cl)cc4)cc23)cc1
5082,8.110071692619051,O=C(CCl)Nc1cccc(Nn2cc3c(c2F)NCC(=O)C3Nc2ccc(C3CCNCC3)cc2)c1
5083,7.969523511008287,O=C(CCl)Nc1cccc(Nn2cc3c(c2F)NCC(=O)C3Nc2ccc(CN3CCCCC3)cc2)c1
5084,8.912771196284579,CC(C)Oc1cc2ncnc(Nc3ccc(Br)cc3F)c2cc1NC(=O)[C@@H]1CCCN1
5085,8.62500362759791,COC(=O)NCCNc1cc2ncnc(Nc3ccc(Br)cc3F)c2cc1NC(=O)CN(C)C
5086,8.299515746287637,CC(=O)Nc1cccc(Oc2nc(Nc3ccc(N4CCN(CC(=O)NCC(C)O)CC4)cc3)nc3ccccc23)c1
5087,8.538092739160954,CC(=O)Nc1cccc(Oc2nc(Nc3ccc(N4CCN(CC(=O)NCC(C)O)CC4)c(C)c3)nc3ccccc23)c1
5088,8.111751930181562,CNC(=O)CNc1cccc(Nc2nc(Nc3ccc(OC)cc3)ncc2F)c1
5089,9.015826523080397,Cn1ccc2c(C(Nc3ccc4ncc(C#N)c(NCC(C)(C)C)c4c3)C3=CNCCN3)cc(Cl)cc2c1=O
5090,8.607230210389778,COCCNC(=O)Nc1cc2c(Nc3ccc(Br)cc3F)ncnc2cc1OCCN(C)C
5091,8.656448493150465,COCCNC(=O)Nc1cc2c(Nc3ccc(Br)cc3F)ncnc2cc1OCCN1CCOCC1
5092,8.709185534758658,COC(=O)NCCN(C)CCOc1cc2ncnc(Nc3ccc(Br)cc3F)c2cc1NC(=O)CN(C)C
5093,8.668936545062673,COCCNC(=O)COc1cc2ncnc(Nc3ccc(Br)cc3F)c2cc1NC(=O)CN(C)C
5094,8.991080560056911,CCOc1cc(N2CCOCC2)ccc1Nc1ncnc(Nc2cc(Cl)c(F)cc2[C@](C)(O)CC)n1
5095,9.180349391705892,CCC(=O)Nc1cc(Nc2ncnc(Nc3cc(Cl)c(F)cc3[C@](C)(O)CC)n2)ccc1N1CCOCC1
5096,9.180349391705892,CCC(=O)Nc1cc(Nc2ncnc(Nc3cc(Cl)c(F)cc3[C@@](C)(O)CC)n2)ccc1N1CCOCC1
5097,9.199691357567167,CCC(=O)Nc1cc(Nc2ncnc(Nc3cc(Cl)c(F)cc3[C@@](C)(O)CC)n2)ccc1N1CCN(C)CC1
5098,9.492593431970871,CC(C)c1ccc(N2C[C@H](CS(C)(=O)=O)[C@H](C)C2)c2cnc(Nc3ccnc(N4CC[C@H](O)C4)n3)cc12
5099,9.496563540236647,CC(C)c1ccc(N2C[C@H](CS(C)(=O)=O)[C@H](C)C2)c2cnc(Nc3ccnc(N4CCC(O)C4)n3)cc12
5100,8.212297736547558,COc1cc2c(Nc3ccc(C#N)cc3)ncnc2cc1OCC1CCN(C)CC1
5101,8.749297230854634,CCC(=O)N1CCC(Oc2cc3c(Nc4ccc(Cl)c(Cl)c4)ncnc3cc2OCCN(C)C)CC1
5102,8.996843103262679,CCC(=O)N1CCC(Oc2cc3c(Nc4ccc(Cl)c(Cl)c4F)ncnc3cc2OCCN(C)C)CC1
5103,8.637421382906888,C[C@H](Nc1c(C#N)cnc2c(Cl)cc(N[C@@H](c3ccc(F)nc3)c3cn(C)nn3)cc12)c1ccccc1
5104,8.77247906383776,CC(C)Nc1c(C#N)cnc2c(Cl)cc(N[C@@H](c3ccc(F)nc3)c3cn(C4CC4)nn3)cc12
5105,7.445636882669689,CC[C@@H]1[C@H](NC(=O)N(C)C)CCCN1c1cnc(C(N)=O)c(Nc2ccc(N3CCN(C)CC3)cc2)n1
5106,7.511778283908772,CC[C@@H]1[C@H](NC(=O)N(C)C)CCCN1c1cnc(C(N)=O)c(Nc2ccc(C3CCN(C4CCC4)CC3)cc2)n1
5107,6.798297852387756,CCOC(=O)[C@H](CCSC)NC(=O)[C@H](Cc1ccccc1)OC[C@@H](NC(=O)OCc1ccccc1)[C@@H](C)CC
5108,6.478337191444733,CC[C@H](C)[C@@H](CO[C@@H](Cc1ccccc1)C(=O)N[C@@H](CCCCN)C(=O)OC(C)C)NC(=O)OC(C)(C)C
5109,8.213873581331544,CC(C)(C)OC(=O)N[C@@H](Cc1ccccc1)C(=O)Nc1ccc2ncnc(Nc3cccc(Br)c3)c2c1
5110,7.575719247455792,CCC(=O)c1cnc(Nc2ccnc(-c3cnn(C)c3)n2)cc1NC(C)C
5111,7.808190269485579,CCC(=O)c1cnc(Nc2ccnc(-c3cnn(C)c3)n2)cc1N[C@H](C)CO
5112,7.624402259819889,CC(C)Nc1cc(Nc2ccnc(-c3cnn(C)c3)n2)ncc1C(=O)N(C)C
5113,7.771847460326724,CN(C)C(=O)c1cnc(Nc2ccnc(-c3cnn(C)c3)n2)cc1NC1CC1
5114,8.146919485659232,CNC(=O)c1cnc(Nc2ccnc(-c3cnn(C)c3)n2)cc1N[C@H](C)C1CCCCC1
5115,7.825455051546096,CNC(=O)c1cnc(Nc2ccnc(-c3cnn(C)c3)n2)cc1N[C@H](C)CO
5116,8.18923126812791,CC(C)Nc1cc(Nc2ccnc(-c3cnn(C)c3)n2)ncc1C(=O)NC1CCOCC1
5117,8.637082187752661,CC(C)Nc1cc(Nc2ccnc(-c3cccc(F)c3)n2)ncc1C(=O)NC1CCOCC1
5118,8.051369212251405,CCNC(=O)c1cnc(Nc2ccnc(-c3ccccc3)n2)cc1N[C@H](C)CO
5119,8.044528796852596,CCNC(=O)c1cnc(Nc2ccnc(-c3ccc(F)cc3)n2)cc1NC(C)C
5120,8.083995856824641,CC(C)Nc1cc(Nc2ccnc(-c3cnn(C)c3)n2)ncc1C(=O)NCCC(F)(F)F
5121,8.26740940322649,CC[C@H](C)Nc1cc(Nc2ccnc(-c3cnn(C)c3)n2)ncc1C(=O)NCCC(F)(F)F
5122,8.446875241525031,CC(C)Nc1cc(Nc2ccnc(-c3cnn(C)c3)n2)ncc1C(=O)NCCCN1CCCC1
5123,8.20095941240816,CC(C)Nc1cc(Nc2ccnc(-c3cnn(C)c3)n2)ncc1C(=O)NCCCF
5124,8.12224324677697,CC(C)Nc1cc(Nc2ccnc(-c3cnn(C)c3)n2)ncc1C(=O)NCCN(C)C
5125,8.335075173002005,CC[C@H](C)Nc1cc(Nc2ccnc(-c3cnn(C)c3)n2)ncc1C(=O)NCCN(C)C
5126,7.788043830240234,CCNS(=O)(=O)c1cnc(Nc2ccnc(-c3cnn(C)c3)n2)cc1NC(C)C
5127,7.878428543691772,CCNS(=O)(=O)c1cnc(Nc2ccnc(-c3cnn(C)c3)n2)cc1N(C)C1CC1
5128,8.653997522301887,CCC(=O)N1CCC(Oc2cc3c(Nc4ccc(Cl)c(Cl)c4)ncnc3cc2OC(C)C)CC1
5129,9.196236544426826,Cc1ncccc1C(Nc1cc(C#N)c2ncc(C#N)c(N[C@@H](C)c3ccccc3)c2c1)C1=CN(C(C)C)NN1
5130,9.59251118711532,Cc1nc(F)ccc1C(Nc1cc(C#N)c2ncc(C#N)c(N[C@@H](C)c3ccccc3)c2c1)C1=CN(C(C)C)NN1
5131,8.80185273683963,C[C@H](Nc1c(C#N)cnc2c(C#N)cc(N[C@H](C3=CN(CCO)CC3)c3cccc4ncsc34)cc12)c1ccccc1
5132,9.161404610478279,C[C@H](Nc1c(C#N)cnc2c(C#N)cc(N[C@H](C3=CNN(C)N3)c3cccc4ncsc34)cc12)c1ccccc1
5133,8.720899022516113,C[C@H](Nc1c(C#N)cnc2c(C#N)cc(N[C@H](C3=CN(C)CC3)c3cccc4ncsc34)cc12)c1ccccc1
5134,8.824394063475799,C[C@H](Nc1c(C#N)cnc2c(C#N)cc(N[C@H](C3=CN(C)CN3)c3cccc4ncsc34)cc12)c1ccccc1
5135,7.933066967095507,C[C@H](Nc1c(C#N)cnc2c(C#N)cc(N[C@H](C3=CN(C)CN3)c3ccccc3)cc12)c1ccccc1
5136,7.933066967095507,C[C@@H](Nc1c(C#N)cnc2c(C#N)cc(N[C@H](C3=CN(C)CN3)c3ccccc3)cc12)c1ccccc1
5137,9.149033232099598,Cc1nc(N)ccc1[C@@H](Nc1cc(Cl)c2ncc(C#N)c(N[C@@H](C)c3ccccc3)c2c1)C1=C(F)N(C(C)C)NN1
5138,9.268883901773062,Cc1nc(F)ccc1C(Nc1cc(Cl)c2ncc(C#N)c(N[C@@H](C)c3ccccc3)c2c1)C1=C(F)N(C(C)C)NN1
5139,8.822565915173332,Cc1nc(F)ccc1C(Nc1cc(Cl)c2ncc(C#N)c(N[C@@H](C)c3ccccc3)c2c1)C1=CN(C(C)C)CC1
5140,9.443607938430137,Cc1nc(F)ccc1C(Nc1cc(Cl)c2ncc(C#N)c(N[C@@H](C)c3ccccc3)c2c1)C1=CN(C(C)C)NN1
5141,9.3883540636434,CC(C)Nc1c(C#N)cnc2c(Cl)cc(N[C@H](C3=CN(C4CC4)NN3)c3ccc(F)nc3F)cc12
5142,9.386254177817172,N#Cc1cnc2c(Cl)cc(N[C@H](C3=CN(C4CC4)NN3)c3ccc(F)nc3F)cc2c1NC1CC1
5143,9.34686229695143,Cc1ncccc1C(Nc1cc(Cl)c2ncc(C#N)c(N[C@@H](C)c3ccccc3)c2c1)C1=CN(C(C)C)NN1
5144,9.075492069123127,Cc1ncccc1C(Nc1cc(Cl)c2ncc(C#N)c(N[C@@H](C)c3ccccc3)c2c1)C1=CN(C(C)C)CNN1
5145,8.750315002780354,Cc1ncccc1C(Nc1cc(Cl)c2ncc(C#N)c(N[C@@H](C)c3ccccc3)c2c1)C1=CN(C(C)C)CCN1
5146,7.871614084320072,Cc1ncccc1C(Nc1cc(Cl)c2ncc(C#N)c(N[C@@H](C)c3ccccc3)c2c1)c1cccnc1C
5147,8.398124496440335,Cc1ncccc1C(Nc1cc(Cl)c2ncc(C#N)c(N[C@@H](C)c3ccccc3)c2c1)C1=CCNCC1
5148,8.669973440448993,Cc1ncccc1C(Nc1cc(Cl)c2ncc(C#N)c(N[C@@H](C)c3ccccc3)c2c1)C1=CNNC1
5149,9.077412844784725,CC(C)(C)n1cc([C@@H](Nc2cc(Cl)c3ncc(C#N)c(N[C@H](CC4CC4)c4ccccc4)c3c2)N2CCCC2)[nH]c1=O
5150,8.779797599092133,CC(C)(C)n1cc([C@@H](Nc2cc(Cl)c3ncc(C#N)c(N[C@@H](CCO)c4ccccc4)c3c2)N2CCCC2)[nH]c1=O
5151,8.035497954237945,CC(C)N1CC=C([C@@H](Nc2cc(Cl)c3ncc(C#N)c(N[C@@H](C)c4ccccc4)c3c2)c2ccccc2)NC1
5152,8.035497954237945,CC(C)N1CC=C([C@@H](Nc2cc(Cl)c3ncc(C#N)c(N[C@H](C)c4ccccc4)c3c2)c2ccccc2)NC1
5153,7.620160687375795,C[C@H](Nc1c(C#N)cnc2c(Cl)cc(N[C@H](C)c3cccnc3)cc12)c1ccccc1
5154,8.81786246734349,CC(C)(C)N1C=C([C@@H](Nc2cc(Cl)c3ncc(C#N)c(N[C@@H](CO)c4ccccc4)c3c2)c2cccnc2)NC1
5155,8.855527389907024,CC(C)(C)N1C=C([C@@H](Nc2cc(Cl)c3ncc(C#N)c(N[C@@H](CCO)c4ccccc4)c3c2)c2cccnc2)NC1
5156,8.964382519670545,CC(C)N1C=C(C(Nc2cc(Cl)c3ncc(C#N)c(N[C@@H](C)c4ccccc4)c3c2)c2cccnc2)NNC1
5157,8.827767638069156,CC(C)N1C=C(C(Nc2cc(Cl)c3ncc(C#N)c(N[C@@H](C)c4ccccc4)c3c2)c2cccnc2)NN(C)C1
5158,8.523336391384806,CC(=O)N1CC=C([C@@H](Nc2cc(Cl)c3ncc(C#N)c(N[C@@H](C)c4ccccc4)c3c2)c2cccnc2)NC1
5159,8.478408903844961,CC(C)Nc1c(C#N)cnc2c(Cl)cc(N[C@H](C3=CN(C)CCN3)c3cccnc3)cc12
5160,8.30924858773082,N#Cc1cnc2c(Cl)cc(NC(c3cccnc3)c3cccnc3)cc2c1NC1CCNCC1
5161,9.240496339508473,N#Cc1cnc2c(Cl)cc(N[C@H](C3=CN(C4CCCC4)NN3)c3cccnc3)cc2c1NC1CC1
5162,9.094955931420873,CC(C)Nc1c(C#N)cnc2c(Cl)cc(N[C@H](C3=CN(C4CC4)NN3)c3cccnc3)cc12
5163,8.694168165564513,N#Cc1cnc2c(Cl)cc(N[C@H](C3=CN(C4CC4)NC3)c3cccnc3)cc2c1NCc1ccccc1
5164,8.82755807758247,N#Cc1cnc2c(Cl)cc(N[C@H](C3=CN(C4CCCC4)NC3)c3cccnc3)cc2c1NCc1ccccc1
5165,8.755346366291182,CC(C)N1CC=C([C@@H](Nc2cc(Cl)c3ncc(C#N)c(N[C@@H](C)c4ccccc4)c3c2)c2cccnc2)NC1
5166,8.755346366291182,CC(C)N1CC=C([C@@H](Nc2cc(Cl)c3ncc(C#N)c(N[C@H](C)c4ccccc4)c3c2)c2cccnc2)NC1
5167,8.7451128949193,N#Cc1cnc2c(Cl)cc(N[C@H](C3=CN(C4COC4)NC3)c3cccnc3)cc2c1NCc1ccccc1
5168,8.820402305628779,CC(C)Nc1c(C#N)cnc2c(Cl)cc(N[C@H](C3=CN(CCO)NN3)c3cccnc3)cc12
5169,8.725563921034308,CCN1CC=C([C@@H](Nc2cc(Cl)c3ncc(C#N)c(N[C@@H](C)c4ccccc4)c3c2)c2cccnc2)NC1
5170,9.087905928961844,CC[C@H](Nc1c(C#N)cnc2c(Cl)cc(N[C@H](C3=CCN(CC)CNN3)c3cccnc3)cc12)c1ccccc1
5171,9.017883205828365,CC(C)Nc1c(C#N)cnc2c(Cl)cc(N[C@H](C3=CN(CC#N)NN3)c3cccnc3)cc12
5172,8.774375997324551,N#CCN1C=C([C@@H](Nc2cc(Cl)c3ncc(C#N)c(NC4CCCC4)c3c2)c2cccnc2)NNC1=O
5173,8.402146673808687,N#Cc1cnc2c(Cl)cc(NC(c3cccnc3)c3cccnc3)cc2c1NCC1(O)CCCC1
5174,8.60342482687073,N#Cc1cnc2c(Cl)cc(N[C@H](C3=CN(CC(=O)O)CC3)c3cccnc3)cc2c1NC1CC1
5175,9.399974133695334,N#Cc1cnc2c(Cl)cc(N[C@@H](C3=CN(C4CC4)NN3)c3cccnc3F)cc2c1NCc1ccccc1
5176,9.259641586677008,N#Cc1cnc2c(Cl)cc(N[C@@H](C3=CN(C4CC4)NN3)c3cccnc3F)cc2c1NC1CC1
5177,8.713532107160562,CC(C)Nc1c(C#N)cnc2c(Cl)cc(N[C@@H](C3=CN(C4CC4)NN3)c3ccc(F)cc3)cc12
5178,8.904590937390529,Cc1cc(N[C@@H](C2=CN(C3CC3)NN2)c2ccc(F)cc2)cc2c(NC(C)c3ccccc3)c(C#N)cnc12
5179,9.094955931420873,CC(C)Nc1c(C#N)cnc2c(Cl)cc(N[C@@H](C3=CN(C4CC4)NN3)c3cccnc3)cc12
5180,8.694168165564513,N#Cc1cnc2c(Cl)cc(N[C@@H](C3=CN(C4CC4)NC3)c3cccnc3)cc2c1NCc1ccccc1
5181,8.618229334807085,Cc1ncsc1C(Nc1cc(Cl)c2ncc(C#N)c(N[C@@H](C)c3ccccc3)c2c1)C1=CCN(C)CC1
5182,9.328703230463587,Cc1ncsc1C(Nc1cc(Cl)c2ncc(C#N)c(N[C@@H](C)c3ccccc3)c2c1)C1=CCN(C(C)C)NN1
5183,9.035857145201943,COc1cc(N[C@@H](C2=CN(C3CC3)NN2)c2ccc(F)cc2)cc2c(NC(C)c3ccccc3)c(C#N)cnc12
5184,8.80113535877502,COc1cc(N[C@@H](C2=CN(C3CC3)NN2)c2ccccc2)cc2c(NC(C)c3ccccc3)c(C#N)cnc12
5185,8.45003991984286,C[C@@H](Nc1ncnc2sc3c(c12)CCN(C(=O)CCN1CCOCC1)C3)c1ccccc1
5186,6.7765987946400745,CCNc1ncnc2sc3c(c12)CCN(C(C)=O)C3
5187,8.08311291261564,CCC(Nc1ncnc2sc3c(c12)CCN(C(=O)OC)C3)c1ccccc1
5188,8.373715482383231,C[C@@H](Nc1ncnc2ccc(NC(c3ccc(Cl)cc3)c3cn(C)nn3)cc12)c1ccccc1
5189,7.806516823031831,CCc1ccccc1-c1ccnc(NC2=C/C(=N/C=O)C(OC)=CC2OC)n1
5190,7.787130260937078,CCc1ccccc1-c1ccnc(NC2=C/C(=N\C(C)=O)C(OC)=CC2OC)n1
5191,6.922672185341507,CC/C(=C(/c1ccc(O)cc1)c1ccc(OCCN(C)C)cc1)c1ccccc1
5192,6.678810708679407,CC/C(=C(/c1ccccc1)c1ccc(OCCN)cc1)c1ccccc1
5193,7.988082007909493,COc1cc2ncnc(N3CCc4ccccc43)c2cc1OC
5194,8.14802181568458,COc1cc2ncnc(N3CCc4ccccc43)c2cc1NC(=O)c1ccc(C#N)cc1
5195,8.741942778383178,C#CCNC(=O)COc1cc2ncnc(Nc3ccc(Br)cc3F)c2cc1NC(=O)CNCC
5196,8.667388286559286,COc1cc(NCCN(C)C)ccc1Nc1nc(C)cc(-c2c[nH]c3ccc(F)cc23)n1
5197,8.764954240156042,CCN(CC)CCNc1cc(OC)c(Nc2nc(C)cc(-c3cn(C)c4ccc(F)cc34)n2)cc1Cl
5198,8.4385322887872,CCN(CC)CCN(C)c1ccc(OC)c(Nc2nc(C)cc(-c3cn(C)c4ccccc34)n2)c1
5199,8.47320077476941,CCN(CC)CCN(C)c1cc(OC)c(Nc2nc(C)cc(-c3cn(C)c4ccccc34)n2)cc1Cl
5200,8.412563995763353,COc1cc(N2CCN(C(C)=O)CC2)ccc1Nc1ncc(C#N)c(-c2cn(C)c3ccccc23)n1
5201,8.459253495240148,COc1cc(N2CCN(C(C)=O)CC2)ccc1Nc1ncc(C#N)c(-c2c[nH]c3ccccc23)n1
5202,8.743725118897675,COc1cc(N2CCN(C)CC2)ccc1Nc1nccc(-c2c[nH]c3ccc(F)cc23)n1
5203,8.59487809251862,COc1cc(NCCN(C)C)ccc1Nc1nccc(-c2cn(C)c3ccc(F)cc23)n1
5204,8.370178288966496,COc1cc(NCCN(C)C)cc(OC)c1Nc1nccc(-c2cn(C)c3ccccc23)n1
5205,8.83346058130915,COc1cc(N2CCN(C)CC2)ccc1Nc1nc2c(c(-c3cn(C)c4ccc(F)cc34)n1)CSCC2
5206,8.70358393859601,CCNC(=O)c1cc(Nc2nc3c(c(-c4cn(C)c5ccc(F)cc45)n2)CSCC3)c(OC)cc1F
5207,8.561885652468261,COc1cc(N2CCN(C)CC2)ccc1Nc1nc2c(c(-c3cn(C)c4ccccc34)n1)CSCC2
5208,8.784966432572027,CCN(CC)CCNC(=O)c1cc(Nc2nc3c(c(-c4cn(C)c5ccccc45)n2)CSCC3)c(OC)cc1OC
5209,8.23534210067275,C#Cc1cccc(Nc2ncnc3cc(OCCOC(=O)CC4=C(C)/C(=C\c5ccc(OC)cc5)c5ccccc54)ccc23)c1
5210,6.1627978541743405,CC1=C(CC(=O)O)c2cc(Cl)ccc2/C1=C\c1ccccn1
5211,6.242365794180601,CC1=C(CC(=O)O)c2cc(Cl)ccc2/C1=C\c1ccc(C#N)cc1
5212,8.016877216467748,COc1cccc(Oc2ccc(-c3nc(C4CCCNC4)n4ccnc(C)c34)cc2)c1
5213,7.857630084376663,COc1cccc(Oc2ccc(-c3nc(C4(C(N)=O)CC4)n4ccnc(C)c34)cc2)c1
5214,7.951815697438119,CC(NC(=O)OC(C)(C)C)c1nc(-c2ccc(C(=O)Nc3ccccn3)cc2)c2c(N)nccn12
5215,8.135794427281933,C[C@@H](NC(=O)C1CCCC1)c1nc(-c2ccc(C(=O)Nc3ccccn3)cc2)c2c(N)nccn12
5216,7.584040654680026,Cc1ccc(NC(=O)c2ccc(-c3nc(C(C)(C)N)n4ccnc(N)c34)cc2)nc1
5217,7.710429467131463,Cc1ccc(NC(=O)c2ccc(-c3nc(C(C)(C)C)n4ccnc(N)c34)cc2)nc1
5218,8.656818686362579,CCC(=O)Nc1cc(Nc2nccc(Nc3cn(C)c4ccccc34)n2)ccc1N(C)CCN(C)C
5219,8.102915938193483,C[C@H](NC(=O)C1CC1)c1nc(-c2ccc(C(=O)Nc3cc(C(F)(F)F)ccn3)cc2)c2c(N)nccn12
5220,7.836596447114127,C[C@H](NC(=O)c1ccccc1)c1nc(-c2ccc(C(=O)Nc3cc(C(F)(F)F)ccn3)cc2)c2c(N)nccn12
5221,7.705910684838422,Cc1[nH]c2c(C(N)=O)cc(F)c(N3CCC[C@@H](NC(=O)[C@@H]4COc5ccccc5O4)C3)c2c1C
5222,6.621949165388745,Cc1[nH]c2c(C(N)=O)cc(F)c(N3CCC[C@@H](NC(=O)C4CCCC4)C3)c2c1C
5223,7.019619758144953,CC(C)(C)C(=O)N1CC[C@@H](Nc2nnc(C(N)=O)c(Nc3ccc(C(=O)N4CCCC4)cc3)n2)C1
5224,6.92892180544134,CN(C)C(=O)c1ccc(Nc2nc(N[C@H]3CCNC3)nnc2C(N)=O)cc1
5225,8.15922584052694,CC(C)C[C@@H](N)C(=O)N1CCC[C@@H](Cn2nc(-c3ccc(Oc4ccccc4)cc3)c3c(N)ncnc32)C1
5226,7.021628271912852,CN(c1cnc(C(N)=O)c(Nc2ccc(C(=O)N3CCOCC3)cc2)n1)C1CCCCC1
5227,7.067277349002125,CN(c1cnc(C(N)=O)c(Nc2ccc(C(=O)N3CCOCC3)cc2)n1)C1CCN(C(=O)OC(C)(C)C)CC1
5228,7.027996664496386,CS(=O)(=O)c1ccc(Nc2nc(NC3CCCCC3)nnc2C(N)=O)cc1
5229,6.979862549767064,CS(=O)(=O)c1ccc(Nc2nc(NC3CCCC3)nnc2C(N)=O)cc1
5230,7.861471370250316,Nc1nccn2c(C3CCC3)nc(-c3ccc(NC(=O)Nc4ccccn4)cc3)c12
5231,7.893305371283184,Nc1nccn2c(C3CCC3)nc(-c3ccc(NC(=O)Nc4ccccc4)cc3)c12
5232,7.552810966138893,Cc1nccn2c(C3CCC3)nc(-c3ccc(Oc4cccc(O)c4)cc3)c12
5233,7.81314652953554,Cc1nccn2c(C3CCC3)nc(-c3ccc(Oc4cccc(OC(F)(F)F)c4)cc3)c12
5234,8.749456260705697,CC(=O)N1CCN2C[C@H]1COc1cc3ncnc(Nc4ccc(OCc5ccccn5)c(Cl)c4)c3nc12
5235,7.899875133142747,CC(=O)Nc1ccc(Nc2nccc(-c3cn(C)c4ccccc34)n2)cc1
5236,8.032732294660475,CCOC(=O)Nc1ccc(Nc2nccc(-c3cn(CC)c4ccccc34)n2)cc1
5237,7.9707038299191435,O=C1NCC2(CCNCC2)c2[nH]c(-c3ccnc(-c4ccc5c(c4)OCO5)n3)cc21
5238,7.9444194269480395,O=C1NCC2(CCNCC2)c2[nH]c(-c3ccnc(-c4cccc(C(F)(F)F)c4)n3)cc21
5239,7.723861420391707,CC#CC(=O)Nc1ccc2nccc(Oc3ccc(C(=O)Nc4ccccn4)cc3)c2c1
5240,8.452822380109572,CC#CC(=O)Nc1cc2c(Oc3ccc(C(=O)Nc4ccccn4)cc3)ccnc2cc1OCCN1CCOCC1
5241,8.742822122171013,CC#CCN(C)c1cc2c(Nc3ccc(F)c(Cl)c3)ncnc2cn1
5242,9.23125029397956,CC#CC(=O)Nc1cc2c(Nc3ccc(F)c(Cl)c3)ncnc2cn1
5243,8.017973780639828,CC(C)(C)C(=O)NC1CCC(n2nc(-c3ccc(Oc4ccccc4)cc3)c3c(N)ncnc32)CC1
5244,8.769165375123912,COc1cc2c(Nc3ccc(F)c(Cl)c3)ncnc2cc1OCC1CNC(=O)C(C)(C)O1
5245,8.894244296040354,COc1cc2c(Nc3ccc(F)c(Cl)c3)ncnc2cc1OCC1CN(C)C(=O)O1
5246,9.818470836557925,O=C(c1ccccc1)c1cc2c(-c3cn([C@H]4C[C@@H](O)C4)nc3-c3ccc(F)cc3)ncnc2o1
5247,9.698279143061308,CC1(C)CC(Cn2cc(-c3ncnc4oc(-c5ccccc5)cc34)c(-c3ccccc3)n2)O1
5248,9.404252634165596,CC1(C)CC(Cn2cc(-c3ncnc4oc(-c5ccc(N)cc5)cc34)c(-c3ccccc3)n2)O1
5249,9.330488472999502,O=C(c1ccc(-c2cc3c(-c4cn(C5CCOCC5)nc4-c4ccccc4)ncnc3o2)cc1)N1CCOCC1
5250,8.768979901603387,O=C(c1ccccc1)c1cc2c(-c3cn(C[C@@H]4C[C@@H](O)CO4)nc3-c3ccccc3)ncnc2o1
5251,9.719604669031805,O=C(c1ccccc1)c1cc2c(-c3cn(C[C@@H]4C[C@@H](O)CO4)nc3-c3ccc(F)cc3)ncnc2o1
5252,7.76795761317251,CC1(C)NC(=O)c2c(Nc3ccc(F)cc3)nc(Nc3ccc(N4CCOCC4)cc3)c(F)c21
5253,7.875456876169788,CC1(C)NC(=O)c2c1cc(Nc1ccc(N3CCOCC3)cc1)nc2Nc1ccc(F)cc1
5254,7.234787188845469,CC1(C)c2cc(N3CCN(C4COC4)CC3)ccc2C(=O)c2c1[nH]c1cc(C#N)ccc21
5255,7.797265472271496,CCc1cc2c(cc1N1CCN(C(=O)C3CNC3)CC1)C(C)(C)c1[nH]c3cc(C#N)ccc3c1C2=O
5256,8.299763184288427,CC1(C)OCc2c(Nc3n[nH]c4ccc(F)cc34)nc(-c3cn[nH]c3)nc21
5257,8.012408514322942,CC1(C)OCc2c(Nc3n[nH]c4ccccc34)nc(-c3cn[nH]c3)nc21
5258,8.149956800831069,CC1(C)OCc2c(Nc3n[nH]c4cc(C(F)(F)F)ccc34)nc(-c3cn[nH]c3)nc21
5259,7.968138311673752,CC1(C)OCc2c(Nc3n[nH]c4cc(C(F)(F)F)ccc34)nc(-c3ccncc3)nc21
5260,8.195530353559153,CC1(C)OCc2c(Nc3n[nH]c4c(Cl)cccc34)nc(-c3cn[nH]c3)nc21
5261,7.993189321193207,CC1(C)OCc2c(Nc3n[nH]c4ccccc34)nc(-c3cc[nH]n3)nc21
5262,7.866377057152276,CC1(C)C(=O)N([C@H]2CCc3c(O)cccc32)c2nc(Nc3ccccc3)ncc21
5263,7.056563087186056,CC1(C)C(=O)N(C2CCCCC2)c2nc(Nc3ccccc3)ncc21
5264,9.381063283545547,O=C(c1ccccc1)c1cc2c(-c3cn(CC4CCNCC4)nc3-c3ccc(F)cc3)ncnc2o1
5265,8.805746611234044,N#Cc1cnc2c(Cl)cc(N[C@H](C3=CNCCN3)c3cccnc3)cc2c1Nc1ccc(F)c(Cl)c1
5266,8.796882273409395,N#Cc1cnc2c(Cl)cc(NC(C3=CNCCN3)c3cccnc3)cc2c1Nc1ccc(F)c(Cl)c1
5267,8.096266533202774,CC1(C)CC(C(=O)Nc2ccc3ncnc(Nc4ccccc4)c3c2)CC(C)(C)N1[O]
5268,8.21563192562578,CC1(C)CC(C(=O)Nc2ccc3ncnc(Nc4ccc(F)cc4)c3c2)CC(C)(C)N1[O]
5269,8.656405818711196,CC1(C)CC(C(=O)Nc2ccc3ncnc(Nc4cccc(Br)c4)c3c2)CC(C)(C)N1[O]
5270,8.772254259186475,CC1(C)CC(C(=O)Nc2ccc3ncnc(Nc4ccc(F)c(Cl)c4)c3c2)CC(C)(C)N1[O]
5271,8.194958604002915,COc1cc2ncc(C(=O)NC3CCN(C)CC3)c(Nc3ccc(F)c(Cl)c3)c2cc1OC
5272,8.324949894641984,COc1cc2ncc(C(=O)NC3CN(C)C(C)(C)C3)c(Nc3ccc(F)c(Cl)c3)c2cc1OC
5273,7.960929611757598,COc1cc2ncc(C(=O)NC3CCN(C)CC3)c(Nc3ccc(C)c(Cl)c3)c2cc1OC
5274,7.907888462571586,COc1cc2ncc(C(=O)NC3CN(C)C(C)(C)C3)c(Nc3ccc(C)cc3)c2cc1OC
5275,9.822412277852871,O=C(c1ccccc1)c1cc2c(-c3cn(CC4CCCO4)nc3-c3ccc(F)cc3)ncnc2o1
5276,9.728703295082822,O=C(c1ccc(-c2cc3c(-c4cn(CC5CCCO5)nc4-c4ccccc4)ncnc3o2)cc1)N1CCOCC1
5277,9.197555695193962,CC(C)(C)CNc1c(C#N)cnc2c(C#N)cc3cc1-c1scnc1C=CC=C1CN(CCO)CN(C4CC4)C=C2[C@H]1N3
5278,8.01003922226486,CC1(n2cc([C@@H](Nc3cc(Cl)c4ncc(F)cc4c3)c3ccccc3)[nH]c2=O)CC1
5279,8.01691477459267,CC1(n2cc([C@@H](Nc3cc(Cl)c4ncc(F)cc4c3)c3ccccc3)[nH]c2=O)CCCC1
5280,7.154316375912095,CC(C)(C)CNc1c(C#N)cnc2c(C#N)cc(NC3(C)CCN3)cc12
5281,7.524842058959845,CC(C)(C)CNc1c(C#N)cnc2c(C#N)cc(NC3(C)CCN(C4CCCC4)C3)cc12
5282,8.889163802214776,CC(C)(C)CNc1c(C#N)cnc2c(C#N)cc3cc1-c1ccccc1C=CC=C1CN(CCO)CN(C4CC4)C=C2[C@H]1N3
5283,7.344368191601796,CC1(Nc2cc(Cl)c3ncc(C#N)c(NCC(F)(F)F)c3c2)CCNC1
5284,7.711803066609305,CC1(Nc2cc(Cl)c3ncc(C#N)c(N[C@H](c4ccccc4)C4CC4)c3c2)COC1
5285,9.183807697737771,Cn1ccc2c(C(Nc3cc(C#N)c4ncc(C#N)c(NCC(C)(C)C)c4c3)C3=CNCCN3)cncc21
5286,8.5999390527018,Cn1ccc2c(C(Nc3cc(C#N)c4ncccc4c3)C3=CN(CC(C)(C)C)NN3)cccc2c1=O
5287,8.465256476951538,Cn1ccc2c(C(Nc3cc(C#N)c4ncccc4c3)C3=CN(C(C)(C)C)NN3)cccc2c1=O
5288,8.946651868096954,CC(C)(C)CNc1c(C#N)cnc2c(C(F)(F)F)cc(N[C@H](C3=CN(CC(F)F)NC3)c3cccc4cnccc34)cc12
5289,8.995169192162345,COc1cccc2c([C@H](Nc3cc(C#N)c4ncc(C#N)c(NC5CC5)c4c3)C3=CN(C(C)(C)C)CC3)c[nH]c12
5290,8.817023690872077,CC(C)(C)Nc1c(C#N)cnc2c(C#N)cc(N[C@@H](C3=CN(C4CCCC4)NN3)c3ccccc3)cc12
5291,8.817023690872077,CC(C)(C)Nc1c(C#N)cnc2c(C#N)cc(N[C@H](C3=CN(C4CCCC4)NN3)c3ccccc3)cc12
5292,9.01439828333493,COc1nccc2c([C@H](Nc3cc(Cl)c4ncc(C#N)c(NCC(C)(C)C)c4c3)C3=CNCCN3)cccc12
5293,9.429275396652432,COc1nccc2c([C@H](Nc3cc(Cl)c4ncc(C#N)c(NCC(C)(C)C)c4c3)C3=CN(C(C)(C)C)NN3)cccc12
5294,8.793043805067189,COc1ncccc1[C@H](Nc1cc(Cl)c2ncc(C#N)c(NCC(C)(C)C)c2c1)C1=CN(C(C)(C)C)CC1
5295,9.129288994353107,COc1ncccc1[C@H](Nc1cc(Cl)c2ncc(C#N)c(NCC(C)(C)C)c2c1)C1=CN(C2(C)CC2)NC1
5296,9.69321544893992,COc1c(Cl)cccc1Nc1c(-c2ccncc2OCCN2CCN(C)CC2)[nH]c2c1C(=O)NC(C)(C)C2
5297,9.864865169790852,COc1c(Cl)cccc1Nc1c(-c2ccncc2OCCN2CCCC2)[nH]c2c1C(=O)NC(C)(C)C2
5298,8.819203261896865,CC1(C)Cc2[nH]c(-c3ccnc(NC(=O)C4CC4)c3)c(Nc3cccc(F)c3Cl)c2C(=O)N1
5299,8.531966962809717,CC1(C)Cc2[nH]c(-c3ccnc(NCc4ccccc4)c3)c(Nc3cccc(F)c3)c2C(=O)N1
5300,8.234997867603647,CC1(C)Cc2[nH]c(-c3ccnc(NC(=O)C4CC4)c3)c(Nc3ccccc3)c2C(=O)N1
5301,7.462252524704988,CC1(C)Cc2[nH]c(-c3ccnc(N)c3)c(Nc3ccc(F)cc3)c2C(=O)N1
5302,6.992421512958787,CC1(C)Cc2[nH]c(-c3ccncc3)c(Nc3ccccc3)c2C(=O)N1
5303,7.683568565051972,CC1(C)Cc2[nH]c(-c3ccncc3)c(Nc3cccc(S(N)(=O)=O)c3)c2C(=O)N1
5304,8.440717979635638,CC1(C)Cc2[nH]c(-c3ccncc3)c(Nc3ccc(N4CCOCC4)cc3)c2C(=O)N1
5305,7.399635021837362,CC1(C)Cc2[nH]c(-c3ccncc3)c(Nc3cccc(O)c3)c2C(=O)N1
5306,8.531466452865756,CN1C(=O)c2c([nH]c(-c3ccnc(NC(=O)C4CC4)c3)c2Nc2ccccc2)CC1(C)C
5307,8.18125745517576,CN1C(=O)c2c([nH]c(-c3ccnc(NC(=O)c4ccccc4)c3)c2Nc2ccccc2)CC1(C)C
5308,8.180924969772843,CNC(=O)c1nn(C)c2c1C(C)(C)Cc1cnc(Nc3ccc(N4CCN(C)CC4)cc3)nc1-2
5309,8.270860677783153,CNC(=O)c1nn(C)c2c1C(C)(C)Cc1cnc(Nc3cccc(CN4CCOCC4)c3)nc1-2
5310,7.643741251038198,C#Cc1cccc(Nc2ncnc3cc(OCCCNC(=O)c4ccc(C(=O)Nc5ccccc5)cc4)ccc23)c1
5311,7.598012366446973,C#Cc1cccc(Nc2ncnc3cc(OCCCCNC(=O)c4ccc(C(=O)Nc5ccccc5)cc4)ccc23)c1
5312,7.569866866932553,COc1ccc(C(=O)NCc2ccc(-c3nn(C4CCCC4)c4ncnc(N)c34)cc2)cc1
5313,7.764833610278122,CC(C)(C)n1nc(-c2ccc(CNC(=O)c3ccccc3)cc2)c2c(N)ncnc21
5314,7.926702252132143,CC1(C)CCc2c(cc(F)cc2C(C(=O)Nc2nccs2)N2Cc3c(cc(C#Cc4ccccc4)cc3C(F)F)C2=O)C1
5315,7.8974618132771575,CC1(C)CCc2c(cc(C#N)cc2C(C(=O)Nc2nccs2)N2Cc3c(cc(C#Cc4ccccc4)cc3C(F)F)C2=O)C1
5316,8.794043886596985,COc1cc(NC(C)=O)c(F)cc1Nc1nccc(-c2cc(F)c3nc4n(c3c2)C(C)(C)CC4)n1
5317,8.69906536976549,COc1cc(NC(C)=O)cc(Nc2nccc(-c3cc(F)c4nc5n(c4c3)C(C)(C)CC5)n2)c1
5318,6.478848970212525,O=C1NC(=O)C(Cc2ccc(OCC3CCCCC3)cc2)S1
5319,6.462794709741778,O=C1NC(=O)C(Cc2ccc(OCC3CCCC3)cc2)S1
5320,7.355005529751526,CC1(c2ccc(Nc3nc(N4CCC[C@@H](N)C4)cnc3C(N)=O)cc2)CCN(C(=O)C2CC2)CC1
5321,7.450972471307086,CC1(c2ccc(Nc3nc(N4CCC[C@@H](N5CCCC5)C4)cnc3C(N)=O)cc2)CCN(C(=O)C2CC2)CC1
5322,7.548391987452137,CC(C)(C)OC(=O)N[C@@H]1CCCN(c2cnc(C#N)c(Nc3ccc(C4CCNCC4)cc3)n2)C1
5323,7.575310013477265,CC(C)(C)OC(=O)N[C@@H]1CCCN(c2cnc(C#N)c(Nc3ccc(C4CCN(C(=O)OC(C)(C)C)CC4)cc3)n2)C1
5324,7.193687686037738,CC(C)(C)c1ccc(Nc2nc(N3CCC[C@@H](N)C3)cnc2C(N)=O)cc1
5325,7.564453807920409,CC1(c2ccc(Nc3nc(N4CCC[C@@H](N5CCCC5)C4)cnc3C(N)=O)cc2)CCNCC1
5326,7.382480521172316,CC1(c2ccc(Nc3nc(N4CCC[C@@H](N)C4)cnc3C(N)=O)cc2)CCN(C2CCCC2)CC1
5327,7.561668651645601,CC1(c2ccc(Nc3nc(N4CCC[C@@H](N5CCCC5)C4)cnc3C(N)=O)cc2)CCN(C2CCCC2)CC1
5328,7.231581970616469,CC1(c2ccc(Nc3nc(N4CCC[C@@H](N)C4)cnc3C(N)=O)cc2)CCNCC1
5329,7.545769384613228,CC1(c2ccc(Nc3nc(N4CCC[C@@H](N5CCCC5)C4)cnc3C(N)=O)cc2)CCN(C2CCC2)CC1
5330,7.593288064492408,CC1(c2ccc(Nc3nc(N4CCC[C@@H](N)C4)cnc3C(N)=O)cc2)CCN(C2COC2)CC1
5331,7.86977047781543,CC1(c2ccc(Nc3nc(N4CCC[C@@H](N5CCCC5)C4)cnc3C(N)=O)cc2)CCN(C2COC2)CC1
5332,9.378898608369227,COc1ccccc1Nc1c(-c2ccncc2OCCN2CCCC2)[nH]c2c1C(=O)NCC2
5333,9.30053488380593,COc1cccc(Nc2c(-c3ccncc3OCCN3CCCC3)[nH]c3c2C(=O)NCC3)c1
5334,9.332166125953018,COc1ccccc1Nc1c(-c2ccncc2OCC2CCC2)[nH]c2c1C(=O)NCC2
5335,9.603188035702782,COc1ccc(Cl)cc1Nc1c(-c2ccncc2OCCN2CCN(C)CC2)[nH]c2c1C(=O)NCC2
5336,9.806648877876734,COc1ccc(Cl)cc1Nc1c(-c2ccncc2OCCN2CCCC2)[nH]c2c1C(=O)NCC2
5337,8.294808265518803,COc1ccccc1Nc1c(-c2ccncc2OC)[nH]c2c1C(=O)NCC2
5338,8.944829350469,O=C1NCCc2[nH]c(-c3ccncc3OCC3CC3)c(Nc3cccc(Cl)c3Cl)c21
5339,8.270822810579121,CC(C)(C)COc1cnccc1-c1[nH]c2c(c1Nc1ccccc1)C(=O)NCC2
5340,11.031246129289094,C[C@@H](O)Cn1cc(-c2ncnc3oc(-c4cnn5c4OCCO5)cc23)c(-c2ccc(F)cc2)n1
5341,11.13229597177857,CC(C)(O)Cn1cc(-c2ncnc3oc(-c4cnn5c4OCCO5)cc23)c(-c2ccc(F)cc2)n1
5342,8.603009235479728,Fc1ccc(C(Nc2ccc3ncnc(NC4CCCCC4)c3c2)c2cn(C3CCCC3)nn2)cc1
5343,7.9522612702220385,CC(=O)N1CCC(CNc2cncc(-c3cnc(Oc4cccc(Cl)c4)nc3)c2)CC1
5344,7.9152824606186405,CC(=O)N1CCC(CNc2cncc(-c3cnc(Oc4cccc(F)c4)nc3)c2)CC1
5345,7.913973154798483,CC(=O)N1CCC(CNc2cncc(-c3cnc(Oc4cccc(Cl)c4)nc3)n2)CC1
5346,7.838792416815444,CC(=O)N1CCC(Nc2cncc(-c3cnc(Oc4cccc(Cl)c4)nc3)n2)CC1
5347,8.913193122686868,COc1cc2c(Nc3ccc(Br)cc3F)ncnc2cc1OCCC1CNCC(C)(C)O1
5348,8.86209913384255,COc1cc2c(Nc3ccc(Br)cc3F)ncnc2cc1OCCC1CNCCO1
5349,8.795612127224793,COc1cc2c(Nc3ccc(Br)cc3F)ncnc2cc1OCC1CNCC(C)(C)O1
5350,7.463536724496029,CC(=O)N1CCCC(Nc2nc(Nc3ccc(N4CCOCC4)cn3)c3c(c2F)CNC3=O)C1
5351,8.517091562594711,COc1cc(NC(C)=O)cc(Nc2nccc(-c3cc(F)c4nc5n(c4c3)CC(C)(C)O5)n2)c1
5352,8.6571034679641,COc1cc(NC(=O)CN(C)C)ccc1Nc1nccc(-c2cc(F)c3nc4n(c3c2)CC(C)(C)O4)n1
5353,6.356410102220649,CC1(C)CNC(=O)c2c1[nH]c(-c1ccncc1)c2-c1ccccc1
5354,7.400661101134683,O=C(Nc1cc(-c2[nH]c3c(c2-c2ccccc2)CNC3=O)ccn1)c1ccccc1
5355,8.838380376055289,COc1cc2c(Nc3ccc(F)c(Cl)c3)ncnc2cc1OCCC1CNCCO1
5356,8.89097696708411,COc1cc2c(Nc3ccc(Br)cc3F)ncnc2cc1OCCC1CN(C)CCO1
5357,8.839044629440664,COc1cc2c(Nc3ccc(Cl)cc3F)ncnc2cc1OCCC1CNCCO1
5358,8.788144772963209,COc1cc2c(Nc3ccc(Cl)cc3F)ncnc2cc1OCC1CCN(C)CC1
5359,8.780844281814398,COc1cc2c(Nc3ccc(F)c(Cl)c3)ncnc2cc1OCC1CCN(C)CC1
5360,8.69514926834676,COc1cc2c(Nc3ccc(F)c(Cl)c3)ncnc2cc1OCC1CCNCC1
5361,9.597088441498594,O=C(c1ccc(-c2cc3c(-c4cn(CC5CC5)nc4-c4ccccc4)ncnc3o2)cc1)N1CCOCC1
5362,8.544452864113772,Cn1ccc2c(C(Nc3cc(C#N)c4ncccc4c3)C3=CN(C4CCCC4)NN3)cccc2c1=O
5363,9.473079813832856,COc1ccc(OC)c(Nc2c(-c3ccncc3OCC3CCNCC3)[nH]c3c2C(=O)NCC3)c1
5364,8.233700461590432,CC(C)(C)COc1ccncc1-c1[nH]c2c(c1Nc1ccccc1)C(=O)NCC2
5365,10.02390502829314,COCCOc1cnccc1-c1[nH]c2c(c1Nc1cccc(OC)c1Cl)C(=O)NCC2
5366,7.005770651717417,COc1cc(-c2nn3c(c2C(N)=O)CCNC3)cc2c1OCC2(C)C
5367,6.896797869692085,COc1cc(-c2nn3c(c2C(N)=O)CCNC3)cc2c1NCCC2
5368,9.245834491919453,CC1(C)COCCC1Nc1ccnc2c(Cl)cc(NC(C3=CN(C4CC4)NN3)c3ccc(F)nc3)cc12
5369,9.361246058279715,CC1(C)COCCC1Nc1c(C#N)cnc2c(Cl)cc(NC(C3=CN(C4CC4)NC3)c3ccc(F)nc3)cc12
5370,8.586626785287786,COc1cc2c(Nc3ccc(Cl)c(Cl)c3)ncnc2cc1O[C@H]1CO[C@@H]2OC(C)(C)O[C@H]21
5371,8.612277495089696,COc1cc2c(Nc3ccc(F)c(Cl)c3)ncnc2cc1O[C@H]1CO[C@@H]2OC(C)(C)O[C@H]2O1
5372,8.776443282835421,COc1cc2c(Nc3ccc(F)c(Cl)c3)ncnc2cc1OC1=CO[C@H]2COC[C@@]2(C)O1
5373,8.777283860249405,COc1cc2c(Nc3ccc(F)c(Cl)c3)ncnc2cc1OC1=CO[C@@H]2[C@H](C)CO[C@@H]12
5374,8.50101599859248,O=C(Nc1ccc2ncnc(Nc3cccc(Cl)c3)c2c1)C1CCNCC1
5375,6.878507256321625,CCOC(=O)c1nn(-c2ccccc2)cc1C(=O)c1c(C)[nH]c(-c2ccccc2)c1-c1ccccc1
5376,7.045832117972852,CC(=O)c1nn(-c2ccccc2)cc1C(=O)c1c(C)[nH]c(-c2ccccc2)c1-c1ccccc1
5377,7.080915757654344,CCC(=O)c1nn(-c2ccccc2)cc1C(=O)c1c(C)[nH]c(-c2ccccc2)c1-c1ccccc1
5378,7.225081655104591,CCC(=O)c1nn(-c2ccccc2)cc1C(=O)c1c(C)[nH]c(-c2ccccc2)c1-c1ccc([N+](=O)[O-])cc1
5379,7.204920173935784,Cc1[nH]c(-c2ccccc2)c(-c2ccccc2)c1C(=O)c1cn(-c2ccccc2)nc1C(=O)NC(C)C
5380,7.417145296651784,Cc1[nH]c(-c2ccccc2)c(-c2ccccc2)c1C(=O)c1cn(-c2ccccc2)nc1C(=O)Nc1ccccc1
5381,7.1131748553121215,Cc1[nH]c(-c2ccccc2)c(-c2ccccc2)c1C(=O)c1cn(-c2ccccc2)nc1-c1ccccc1
5382,7.334492479345545,Cc1[nH]c(-c2ccccc2)c(-c2ccccc2)c1C(=O)c1cn(-c2ccccc2)nc1-c1ccc([N+](=O)[O-])cc1
5383,6.4576676618938755,Cc1[nH]c(-c2ccccc2)c(-c2ccccc2)c1-c1ccc(O)cc1
5384,6.393067518734775,Cc1[nH]c(-c2ccccc2)c(-c2ccccc2)c1-c1ccc(N)c(=O)o1
5385,7.518996097456782,Cc1[nH]c(-c2ccccc2)c(-c2ccccc2)c1-c1nnc(N)c2nn(-c3ccccc3)cc12
5386,7.476091069360882,Cc1[nH]c(-c2ccccc2)c(-c2ccccc2)c1-c1nncc2nn(-c3ccccc3)cc12
5387,7.581392807849611,Cc1cccc(C(=O)NCc2ccc(-c3nn(C4CCCC4)c4ncnc(N)c34)cc2)c1C
5388,7.0617885362157855,Cc1cccc(C)c1-c1cc(C)c2nc(Nc3ccccc3)nnc2c1
5389,8.313169938262,Cc1cccc(C)c1-c1cc(C)c2nc(Nc3cccc(S(=O)(=O)NCCN4CCCC4)c3)nnc2c1
5390,8.454956908186931,O=C(Nc1nc2ccccc2n1C1CCOCC1)c1cc(-c2ccccc2)ncn1
5391,7.71681102566498,Cc1cc(Nc2ncc(C(=O)Nc3c(C)cccc3Cl)s2)nc(C)n1
5392,8.502135351037618,Cc1cccc(Cl)c1NC(=O)c1cnc(Nc2cccc(NCCCN3CCOCC3)n2)s1
5393,7.205141824239437,Oc1c(Cl)cc(Cl)cc1CN(Cc1ccc(F)cc1)C(=S)Nc1ccccc1
5394,7.540528491405193,Oc1ccc(CN(Cc2cccc(Br)c2O)C(=S)Nc2ccccc2)cc1
5395,8.032139962070648,Cc1cc(C(=O)N[C@@H]2[C@H]3Oc4ccc(Oc5ccnc6c5CCC(=O)N6)cc4[C@@H]23)no1
5396,8.211966267019815,Cc1cc(C(=O)N[C@@H]2[C@H]3Oc4ccc(Oc5ccnc6c5CCC(=O)N6)cc4[C@@H]23)ccc1F
5397,7.375848810822461,Cc1cccc(Nc2c(-c3ccncc3)[nH]c3c2C(=O)NCC3)c1Cl
5398,7.334002610874151,Cc1cccc(Nc2c(-c3ccncc3)[nH]c3c2C(=O)NC3)c1Cl
5399,7.422908368292165,Cc1cccc(Nc2c(-c3cccnc3)[nH]c3c2C(=O)NCC3)c1Cl
5400,7.568611799821612,COc1ccc(Nc2ncnc3sc4c(c23)CCN(C(C)=O)C4)cc1OC
5401,7.6919499873601875,Cc1cccc(Nc2ncnc3ccc(NC(=O)OC(C)(C)C)cc23)c1
5402,7.970129709835192,Cc1cccc(Nc2ncnc3ccccc23)c1N
5403,8.899974892415019,CN(C)CCCCNc1ccc(Cl)cc1Nc1ncnc2ccncc12
5404,8.765675298955633,CN(C)CCCCNc1cccc(F)c1Nc1ncnc2ccncc12
5405,8.691072639447054,Fc1ccc(Nc2ncnc3ccncc23)c(NCCCn2ccnc2)c1
5406,8.800750240152473,Fc1ccc(Nc2ncnc3ccncc23)c(NCCCN2CCOCC2)c1
5407,8.826790430728694,CN1CCN(CCCNc2ccc(Cl)cc2Nc2ncnc3ccncc23)CC1
5408,8.969758149819146,CN1CCN(CCCNc2ccccc2Nc2ncnc3ccncc23)CC1
5409,9.13480594473682,Cc1ccc(Nc2ncnc3ccncc23)c(NCCCN2CCOCC2)c1
5410,8.880134487153875,c1ccc(Nc2ncnc3ccncc23)c(NCCCN2CCOCC2)c1
5411,8.842516748817424,Cc1ncnc(Nc2ccc(OCc3cccc(F)c3)c(Cl)c2)c1/C=C/C(=O)NCCN1CCOCC1
5412,8.722097758891685,Cc1ncnc(Nc2ccc(OCc3cccc(F)c3)c(Cl)c2)c1/C=C/C(=O)N1CCN(C)CC1
5413,8.45552991443224,Cc1ncnc(Nc2ccc(OCc3cccc(F)c3)c(Cl)c2)c1/C=C/C(=O)NC1CC1
5414,8.799684613254328,Cc1ncnc(Nc2ccc(OCc3cccc(F)c3)c(Cl)c2)c1/C=C/C(=O)NCCN1CCCC1
5415,8.68012452585478,Cc1ncnc(Nc2ccc(OCc3cccc(F)c3)c(Cl)c2)c1/C=C/C(=O)N1CCC(O)CC1
5416,8.411064852781486,Cc1ncnc(Nc2ccc(OCc3cccc(F)c3)c(Cl)c2)c1C#Cc1cccnc1
5417,8.739234165753274,Cc1ncnc(Nc2ccc(OCc3cccc(F)c3)c(Cl)c2)c1/C=C/c1ccc(CN2CCOCC2)cc1
5418,8.361272494147684,Cc1ncnc(Nc2ccc(OCc3cccc(F)c3)c(Cl)c2)c1C#Cc1cccc(N)c1
5419,8.427477598686574,Cc1ncnc(Nc2ccc(OCc3cccc(F)c3)c(Cl)c2)c1/C=C/c1ccc(CNC(=O)CO)cc1
5420,8.484291658008413,Cc1ncnc(Nc2ccc(OCc3cccc(F)c3)c(Cl)c2)c1/C=C/c1ccc(C(=O)N(C)C)cc1
5421,8.308836870885182,Cc1ncnc(Nc2ccc(OCc3cccc(F)c3)c(Cl)c2)c1/C=C/c1ccc(N)cc1
5422,8.437815391812792,Cc1ncnc(Nc2ccc(OCc3cccc(F)c3)c(Cl)c2)c1/C=C/c1cccc(NC(=O)C(C)(C)N)c1
5423,8.452997044241426,Cc1ncnc(Nc2ccc(OCc3cccc(F)c3)c(Cl)c2)c1C#Cc1ccccn1
5424,8.623251626377431,Cc1ncnc(Nc2ccc(OCc3cccc(F)c3)c(Cl)c2)c1/C=C/c1ccc(CNC(=O)CO)o1
5425,8.551949364876547,Cc1ncnc(Nc2ccc(OCc3cccc(F)c3)c(Cl)c2)c1C#CCN1CCN(C)CC1
5426,8.698333418897302,Cc1ncnc(Nc2ccc(OCc3cccc(F)c3)c(Cl)c2)c1/C=C/C(=O)NCCN(C)C
5427,8.30763155626083,Cc1ncnc(Nc2ccc(OCc3cccc(F)c3)c(Cl)c2)c1C#CCO
5428,8.35166121594176,Cc1ncnc(Nc2ccc(OCc3cccc(F)c3)c(Cl)c2)c1C#Cc1cccc(CN)c1
5429,8.61513191639863,Cc1ncnc(Nc2ccc(OCc3cccc(F)c3)c(Cl)c2)c1C#CCCN1CCN(C)CC1
5430,8.38012439515691,Cc1ncnc(Nc2ccc(OCc3cccc(F)c3)c(Cl)c2)c1C#CCOc1ccc(CN)cc1
5431,8.17778465836328,Cc1ncnc(Nc2ccc(OCc3cccc(F)c3)c(Cl)c2)c1-c1cccc(N)c1
5432,8.133190740634403,Cc1ncnc(Nc2ccc(OCc3cccc(F)c3)c(Cl)c2)c1-c1cccc(NC(=O)CC#N)c1
5433,7.976862029332307,COc1cc(N(C)CCN(C)C)ccc1Nc1ncc(Cl)c(-c2cnn(C)c2)n1
5434,7.988259424093993,COc1cc(N(C)CCN(C)C)ccc1Nc1ncc(Cl)c(-c2c(C)nn(C)c2C)n1
5435,8.7763500144764,COc1cc2c(Nc3ccc(Cl)cc3F)ncnc2cc1OCC1CN(C(=O)c2ccccn2)CCO1
5436,8.703570775949377,COc1cc2c(Nc3ccc(Cl)cc3F)ncnc2cc1OCC1CN(C(=O)c2ccccc2)CCO1
5437,8.349537940371029,COc1cc2c(Nc3ccc(F)c(Cl)c3)ncnc2cc1OCc1noc(C)n1
5438,8.620824599446017,COc1cc2c(Nc3ccc(F)c(Cl)c3)ncnc2cc1OCc1noc(-c2ccncc2)n1
5439,8.57427492984167,COc1cc2c(Nc3ccc(F)c(Cl)c3)ncnc2cc1OCc1c(-c2ccccc2)noc1C
5440,8.246696192173461,COc1cc2c(Nc3ccc(C)cc3)ncnc2cc1OCc1c(-c2ccccc2)noc1C
5441,8.087652840861622,COc1cc(Nc2ncc3c(C)c(-c4ccccc4)c(=O)n(-c4cccc(NC(C)=O)c4)c3n2)ccc1N
5442,8.266892071553745,COc1cc(Nc2ncc3c(C)c(-c4ccccc4)c(=O)n(-c4cccc(NS(C)(=O)=O)c4)c3n2)ccc1N
5443,7.781347895886348,COc1cc2nccc(Oc3ccc(NC(=O)c4c(C)n(C)n(-c5ccccc5)c4=O)nc3)c2cc1OC
5444,7.242143992899691,COc1cc2nccc(Oc3ccc(NC(=O)c4c(C)n(C)n(-c5ccccc5)c4=O)cc3F)c2cc1OC
5445,7.132816747018297,Cc1c(NC(=S)Nc2ccc(C#N)cc2)c(=O)n(-c2ccccc2)n1C
5446,7.078144893647844,Cc1c(NC(=S)Nc2cccc(Cl)c2)c(=O)n(-c2ccccc2)n1C
5447,7.462913088985059,CC(C)=CC[C@@H](OC(=O)/C=C\c1ccccc1)C1=CC(=O)c2c(O)ccc(O)c2C1=O
5448,7.585123893743066,Cc1ccc(C(=O)Nc2ccc(CN3CCN(C)CC3)c(C(F)(F)F)c2)cc1NC(=O)c1cnccn1
5449,6.4721962878026105,Cc1ccc(C(=O)Nc2ccc(CN3CCN(C)CC3)c(C(F)(F)F)c2)cc1NC(=O)c1ccccc1
5450,7.286967951323042,Cc1ccc(C(=O)Nc2ccc(CN3CCN(C)CC3)c(C(F)(F)F)c2)cc1NC(=O)c1cccnc1
5451,7.380648012401746,Cc1ccc(C(=O)Nc2ccc(CN3CCN(C)CC3)c(C(F)(F)F)c2)cc1NC(=O)c1ccccn1
5452,8.034698643269575,Cc1ccc(C(=O)Nc2ccc(CN3CCN(C)CC3)c(C(F)(F)F)c2)cc1NC(=O)c1cnc(N)nc1
5453,6.94287335683307,Cc1ccc(C(=O)Nc2ccc(CN3CCN(C)CC3)c(C(F)(F)F)c2)cc1NC(=O)c1ccc2cc[nH]c2c1
5454,7.285340405876692,Cc1ccc(C(=O)Nc2ccc(CN3CCN(C)CC3)c(C(F)(F)F)c2)cc1NC(=O)c1ccc2cccnc2c1
5455,7.6966285610979925,CNC(=O)c1ncc(C#Cc2cc(C(=O)Nc3ccc(CN4CCN(C)CC4)cc3)ccc2C)n1C
5456,7.926157046265123,CNC(=O)c1ncc(C#Cc2cc(C(=O)Nc3ccc(CN4CCN(C)CC4)c(C(F)(F)F)c3)ccc2C)n1C
5457,8.38626345192896,Cc1ccc(C(=O)Nc2nc3ccc(CN4CCN(C)CC4)cc3n2CC(C)(C)O)cc1F
5458,8.903303135665952,Cc1ccc(C(=O)Nc2nc3ccc(CN4CCN(C)CC4)cc3n2CC2CC2)cc1Oc1ccccc1C(=O)N(C)C
5459,8.262181547525644,COc1cc2ncnc(Nc3cc(C(=O)NC45CC6CC(CC(C6)C4)C5)c(F)cc3F)c2cc1OC
5460,8.03625831782712,COc1cc2ncnc(Nc3cc(C(=O)NC45CC6CC(CC(C6)C4)C5)ccc3C)c2cc1OC
5461,7.156790255647796,Cc1ccc(C2=NN(C(N)=S)C(c3ccc(Cl)cc3)C2)cc1C
5462,7.286315257479028,Cc1ccc(C2=NN(c3nc(-c4ccc(Cl)cc4)cs3)C(c3ccc(O)cc3)C2)cc1C
5463,7.193811817475962,Cc1ccc(C2=NN(c3nc(-c4ccc(Cl)cc4)cs3)C(c3ccccc3)C2)cc1C
5464,7.244656507744156,Cc1ccc(C2=NN(c3nc(-c4ccccc4)cs3)C(c3ccc(Cl)cc3)C2)cc1C
5465,7.070867953026721,Cc1ccc(C2=NN(c3nc(-c4ccccc4)cs3)C(c3ccccc3)C2)cc1C
5466,6.627612002446243,NC(=S)N1N=C(c2ccc(Cl)c(Cl)c2)CC1c1ccccc1Cl
5467,6.590077855854138,Cc1ccc(C2=NN(c3nc(-c4ccccc4)cs3)C(c3ccc(Cl)cc3)C2)cc1
5468,6.842894947051805,Cc1ccc(C2=NN(c3nc(-c4ccccc4)cs3)C(c3ccccc3)C2)cc1
5469,7.085424216089809,Cc1ccc(C2=NN(c3nc(-c4ccccc4)cs3)C(c3ccc(O)cc3)C2)cc1C
5470,6.4056408063572885,Oc1ccc(C2CC(c3ccccc3)=NN2c2nc(-c3ccc(Cl)cc3)cs2)cc1
5471,7.0858996643784975,Cc1ccc(C2=NN(c3nc(-c4ccc(Cl)cc4)cs3)C(c3ccccc3O)C2)cc1C
5472,7.088999183643709,Cc1ccc(C2=NN(c3nc(-c4ccccc4)cs3)C(c3ccccc3Cl)C2)cc1C
5473,5.469149932339187,CC(=O)N1N=C(c2ccc(C)c(C)c2)CC1c1ccc(Br)cc1
5474,6.523783380167194,Cc1ccc(C2=NN(c3nc(-c4ccc(Cl)cc4)cs3)C(c3ccc(O)cc3)C2)cc1
5475,6.6861326901088605,Cc1ccc(C2=NN(c3nc(-c4ccccc4)cs3)C(c3ccc(O)cc3)C2)cc1
5476,6.7351536616514425,NC(=S)N1N=C(c2ccc(Br)c(Br)c2)CC1c1ccc(F)cc1
5477,6.250077657822881,NC(=S)N1N=C(c2ccc(Br)c(Br)c2)CC1c1ccccc1Br
5478,6.399930614277406,NC(=S)N1N=C(c2ccc(Br)c(Br)c2)CC1c1ccccc1F
5479,7.444811096688458,Cc1ccc(C2=NN(C3=NC(=O)CS3)C(c3cccc4ccccc34)C2)cc1C
5480,6.983200816971045,O=C1CSC(N2N=C(c3ccc(F)cc3)CC2c2cccc3ccccc23)=N1
5481,7.1157705086823615,COc1ccc(C2=NN(C3=NC(c4ccccc4)CS3)C(c3cccc4ccccc34)C2)cc1
5482,7.140299173988215,Cc1ccc(C2=NN(C3=NC(c4ccccc4)CS3)C(c3cccc4ccccc34)C2)cc1
5483,7.136219650287751,COc1ccc(C2=NN(C3=NC(c4ccccc4)CS3)C(c3ccc4ccccc4c3)C2)cc1
5484,7.541066252263673,CC(C)=CC[C@@H](OC(=O)/C=C\c1ccc(O)cc1)C1=CC(=O)c2c(O)ccc(O)c2C1=O
5485,8.517066306330364,Cc1ccc(F)cc1Nc1nc2ccc(N3CCN[C@@H](CO)C3)cc2n2cncc12
5486,8.438835245755136,Cc1ccc(F)cc1Nc1nc2ccc(N3CCN[C@@H](C)C3)cc2n2cncc12
5487,6.949936990862949,O=C1NN(c2ccc(Cl)c(Cl)c2)C(=O)/C1=C\c1ccc(OCc2ccccc2)cc1
5488,6.192999130832634,O=C1NN(c2ccc(Cl)c(Cl)c2)C(=O)/C1=C\c1ccccc1
5489,8.211402624117317,COc1cc(N2CCN(C)CC2)ccc1Nc1ncc2c(C)cc(=O)n(-c3ccc(C)c(N)c3)c2n1
5490,8.136616374317649,COc1cc(N2CCN(C)CC2)ccc1Nc1ncc2c(C)cc(=O)n(-c3ccc(C)cc3)c2n1
5491,7.6524545979014995,Cc1ccc(-n2c(=O)ccc3cnc4ccc(-c5cnn(C)c5)cc4c32)cc1N
5492,8.019608530916793,Cc1ccc(-n2c(=O)ccc3cnc4ccc(-c5ccncc5)cc4c32)cc1NC(=O)C1CC1
5493,7.3166632614464495,Cc1ccc(NC(=O)c2cccc(N3CCOCC3)c2)cc1C(=O)Nc1ccc(OCc2ccccn2)c(Cl)c1
5494,7.100882521672444,Cc1ccc(NC(=O)c2cccc(N3CCOCC3)c2)cc1C(=O)Nc1ccc(OCC(C)C)c(Cl)c1
5495,7.102579009797234,Cc1ccc(NC(=O)c2cccc(C(F)(F)F)c2)cc1C(=O)Nc1nccc(-c2cccnc2)n1
5496,8.265856928962888,Cc1ccc(NC(=O)c2ccc(CN3CCN(C)CC3)c(Cl)c2)cc1C(=O)Nc1nccc(-c2cccnc2)n1
5497,7.701158291709248,Cc1ccc(NC(=O)Nc2cccc(N(C)C)c2)cc1Nc1nccc(-c2cccnc2)n1
5498,8.350859295908199,Cc1ccc(NC(=O)c2ccc(CN3CCN(C)CC3)c(Cl)c2)cc1Nc1nccc(-c2cccnc2)n1
5499,7.589582475675747,Cc1ccc(NC(=O)c2ccc(C)c(C(F)(F)F)c2)cc1C#Cc1nn(C)c2ncnc(N)c12
5500,7.560668339396186,Cc1ccc(NC(=O)c2cccc(C(F)(F)F)c2)cc1C#Cc1nn(C)c2ncnc(N)c12
5501,8.303061372337707,COC(=O)c1cc2cc(NCc3cc(NC(=O)c4ccc5c(c4)OCC5)ccc3C)cnc2[nH]1
5502,7.821507313851517,COC(=O)c1cc2cc(NCc3cc(NC(=O)c4cccc(C(F)(F)F)c4)ccc3C)cnc2[nH]1
5503,7.973306420365981,C=CC(=O)Nc1cccc(Nc2ncc(NC(=O)c3cccc(C)c3)cn2)c1
5504,7.895653427917125,C=CC(=O)Nc1cccc(Nc2ncc(NC(=O)c3cccc(C#N)c3)cn2)c1
5505,7.807225430413129,Cc1ccc(NC(=O)c2cccc(C(F)(F)F)c2)cc1C(=O)Nc1cnc(Nc2cccc(N)c2)nc1
5506,8.099216031633048,Cc1ccc(NC(=O)c2cccc(C(F)(F)F)c2)cc1C(=O)Nc1cnc(Nc2cccc(NC(=O)CCN)c2)nc1
5507,6.667487186030116,Cc1ccc(NC(=O)c2ccc(CN3CCN(C)CC3)cc2)cc1C(=O)Nc1ccc(C#N)cc1
5508,6.877254861639103,Cc1ccc(NC(=O)c2ccc(CN3CCN(C)CC3)cc2)cc1C(=O)Nc1ccc(Cl)c(C(F)(F)F)c1
5509,7.860311306409952,Cc1ccc(NC(=O)c2ccc(CN3CCN(C)CC3)cc2)cc1C(=O)Nc1nccc(-c2cccnc2)n1
5510,7.4335250488992815,Cc1ccc(NC(=O)c2ccc(CN3CCN(C)CC3)cc2)cc1C(=O)Nc1nccc(-c2ccccc2)n1
5511,6.906385867970512,Cc1ccc(NC(=O)c2ccc(CN3CCN(C)CC3)cc2)cc1-c1ccc2c(N)noc2c1
5512,7.794521532371358,Cc1ccc(NC(=O)c2ccc(CN3CCN(C)CC3)cc2)cc1-c1ccc2ccncc2c1
5513,8.039305372930619,Cc1ccc(NC(=O)c2ccc(CN3CCN(C)CC3)cc2)cc1Nc1nccc(-c2cccnc2)n1
5514,7.701360813779747,Cc1ccc(NC(=O)CSc2nc3ccccc3c(=O)n2-c2ccc(S(N)(=O)=O)cc2)cc1
5515,7.832208024963429,COc1cc2c(Nc3ccc(NC(=O)Nc4ccccc4)cc3)ncnc2cc1OCCCN1CCCCC1
5516,8.186026772177467,COc1cc2c(Nc3ccc(NC(=O)Nc4cccc(C#N)c4)cc3)ncnc2cc1OCCCN1CCCCC1
5517,7.957506320154819,COc1cc2c(Nc3ccc(NC(=O)Nc4ccccc4)cc3)ncnc2cc1OCCCN1CCOCC1
5518,8.199094064310183,COc1cc2c(Nc3ccc(NC(=O)Nc4cccc(C#N)c4)cc3)ncnc2cc1OCCCN1CCOCC1
5519,8.183354703972023,COc1cc2c(Nc3ccc(NC(=O)Nc4cccc(C#N)c4)cc3)ncnc2cc1OCCN1CCCCC1
5520,8.188696659563625,COc1cc2c(Nc3ccc(NC(=O)Nc4cccc(C#N)c4)cc3)ncnc2cc1OCCN1CCCC1
5521,7.947483287368023,COc1ccc(Cn2ncc(NC(=O)c3ccc(NC(=O)c4cc5ccccc5s4)cc3C)c2N)cc1
5522,7.895618283672818,COc1ccc(Cn2ncc(NC(=O)c3cc(NC(=O)c4ccc(Cl)c(C(F)(F)F)c4)ccc3C)c2N)cc1
5523,8.6221663516604,Cc1ccc(Nc2nccc(-c3cn(C)c4ccccc34)n2)cc1OCCN1CCOCC1
5524,8.653715309004989,Cc1ccc(Nc2nccc(-c3cn(C)c4ccccc34)n2)cc1OCCN1CCN(C)CC1
5525,8.589494401843293,COc1cc2c(Nc3ccc(C)c(Cl)c3)ncnc2cc1O[C@@H]1CO[C@@H]2[C@H]1OCC2(C)C
5526,8.793197791338006,COc1cc2c(Nc3ccc(F)c(Cl)c3)ncnc2cc1O[C@@H]1CO[C@@H]2[C@H]1OCC2(C)C
5527,6.945998134623349,CCCOC(=O)Nc1ccc(Nc2ncnc3cc(OC)c(OC)cc23)cc1C
5528,7.434072732885579,CCCOC(=O)Nc1ccc(Nc2ncnc3cc(OC)c(OC)cc23)cc1Cl
5529,8.623375653822169,COc1cc2c(Nc3ccc(C)c(Cl)c3)ncnc2cc1OCC1CNCCO1
5530,9.102770401855325,COc1cc2c(Nc3ccc(F)c(Cl)c3)ncnc2cc1OCCCNC(=O)Cn1cnc([N+](=O)[O-])n1
5531,8.992831295219375,COc1cc2c(Nc3ccc(F)c(Cl)c3)ncnc2cc1OCCNC(=O)Cn1cnc([N+](=O)[O-])n1
5532,9.133500387770253,COc1cc2c(Nc3ccc(F)c(Cl)c3)ncnc2cc1OCCCCNC(=O)Cn1cnc([N+](=O)[O-])n1
5533,9.150045915698875,COc1cc2c(Nc3ccc(F)c(Cl)c3)ncnc2cc1OCCCCCNC(=O)Cn1cnc([N+](=O)[O-])n1
5534,8.518107227929592,O=C1COc2cc3ncnc(Nc4cccc(Cl)c4)c3cc2N1CCCN1CCOCC1
5535,6.95810366732366,Nc1ncnc2c1c1c(c(=O)n2-c2ccccc2)CCCC1
5536,7.106317175850882,Nc1ncnc2c1c1c(c(=O)n2-c2ccc(F)cc2)CCCC1
5537,8.114370763549651,Cc1ccc(Nc2nccc(-c3c(-c4cccc(C(=O)Nc5c(F)cccc5F)c4)nc4ccccn34)n2)cc1
5538,8.024761978592048,O=C(Nc1c(F)cccc1F)c1cccc(-c2nc3ccccn3c2-c2ccnc(Nc3ccccc3)n2)c1
5539,8.653531470815157,Cc1ccc(OCCN2CCN(C)CC2)cc1Nc1nccc(-c2cn(C)c3ccccc23)n1
5540,7.684677559194539,Cn1cc(-c2ccnc(Nc3cccc(O)c3)n2)c2ccccc21
5541,7.717506107919996,Cc1c(F)cc(F)cc1Nc1c(-c2ccncc2)[nH]c2c1C(=O)NCC2
5542,7.467183476273298,Cc1c(F)cccc1Nc1c(-c2ccncc2)[nH]c2c1C(=O)NCC2
5543,6.384936553618259,COc1cc(-c2nn3c(c2C(N)=O)CCCC3)cc(OC)c1C
5544,7.259641255440341,COc1cc(-c2nn3c(c2C(N)=O)CC[C@@H]3C2CCN(C(=O)OC(C)(C)C)CC2)cc(OC)c1C
5545,7.089018353147265,COc1cc(-c2nn3c(c2C(N)=O)CCNc2ccccc2-3)cc(OC)c1OC
5546,7.304728240363978,COc1cccc(C2CCCc3c(C(N)=O)c(-c4cc(OC)c(OC)c(OC)c4)nn32)c1
5547,6.583182432684993,COc1cc(-c2nn3c(c2C(N)=O)CCNC3)cc(OC)c1C
5548,6.8087202684609744,COc1cc(-c2nn3c(c2C(N)=O)CCN(C(C)C)C3)cc(OC)c1C
5549,8.848890903089746,O=C(Nc1nccs1)[C@H](c1nc2c(F)c(-c3ccc(N4CCOCC4)cc3)cc(F)c2[nH]1)C1CC1
5550,8.904993619020154,O=C(Nc1nccs1)[C@H](c1nc2c(F)c(-c3ccc(N4CCOCC4)nc3)cc(F)c2[nH]1)C1CC1
5551,8.769481799623517,Cc1cc(Br)ccc1Nc1ncnc2ccc(N)cc12
5552,8.982816441871845,Cc1cc(Br)ccc1Nc1ncnc2ccc(NC(=O)CN3CCN(C)CC3)cc12
5553,9.635405040435673,CN1CCN(Cc2ccc(C(=O)N[C@@H]3[C@H]4Oc5ccc(Oc6ccnc7c6CCC(=O)N7)cc5[C@@H]34)cc2)CC1
5554,8.574342897614104,Cc1cc(C(=O)N[C@@H]2[C@H]3Oc4ccc(Oc5ccnc6c5CCC(=O)N6)cc4[C@@H]23)ccc1CO
5555,8.164766177793364,COc1cc2ncnc(Nc3ccc(-c4csc(C)n4)cc3)c2cc1OC
5556,7.853082770812449,COc1cc2ncnc(Nc3ccc(-c4nc5ccccc5s4)cc3)c2cc1OC
5557,8.406166872950697,COc1cc2c(Nc3ccc(-c4nc5ccccc5s4)cc3)ncnc2cc1OCCCN1CCC(O)CC1
5558,8.440362710858446,COc1cc2c(Nc3ccc(-c4nc5ccccc5s4)cc3F)ncnc2cc1OCCCN1CCC(O)CC1
5559,8.375828889398393,COc1cc(-c2nn(C3CCN(C)CC3)c3ncnc(N)c23)ccc1Nc1nc2cccc(Cl)c2o1
5560,8.065010382207372,Cc1cc(-c2nn(C3CCN(C)CC3)c3ncnc(N)c23)ccc1NC(=O)c1ccccc1
5561,7.5358779948414405,COc1ccccc1C(=O)NCc1ccc(-c2nn(C3CCCC3)c3ncnc(N)c23)cc1
5562,8.467947809203585,CN1CCc2[nH]c(-c3ccnc(NC(=O)c4ccc(F)cc4)c3)c(Nc3ccccc3)c2C1=O
5563,8.402039283345943,COc1cc2c(Nc3ccc(Cl)cc3C)ncnc2cc1O[C@@H]1CCO[C@H]1C
5564,8.420108424773193,COc1cc2c(Nc3ccc(Cl)cc3C)ncnc2cc1OC1CCOC1
5565,8.723647934696087,COc1cc2ncnc(N(C)c3ccc(F)c(Cl)c3)c2cc1OCCCN1CCOCC1
5566,8.647930314418577,COc1cc2ncnc(N(C)c3ccc(F)c(Cl)c3)c2cc1OCCCN1CCCC1
5567,8.025626212983447,Cc1cc(N2CCC(N3CCCC3)CC2)ccc1Nc1nccc(-c2c(C)cccc2C#N)n1
5568,8.368899226445338,Cc1cc(N2CCC(N3CCCC3)CC2)ccc1Nc1nccc(-c2c(F)cccc2-c2cccc(N)c2)n1
5569,8.181837086865658,Cc1cc(N2CCN(C)CC2)ccc1Nc1ncc2c(n1)n(-c1cccc(N)c1)c(=O)n2C
5570,7.322349648733718,COc1cc2ncnc(Nc3ccc(NC(=O)C4CCCCC4)cc3)c2cc1OC
5571,7.747056843728671,COCCOc1cc2ncnc(Nc3ccc(NC(=O)C4CCCCC4)cc3)c2cc1OCCOC
5572,7.993475840058289,Cc1cc(Oc2ccc(Nc3c(C#N)cnc4ccc(CN5CCN(C)CC5)cc34)cc2C)ccc1O
5573,8.84090957470612,Cc1cc(Nc2c(C#N)cnc3ccc(/C=C/CN4CCN(C)CC4)cc23)ccc1Oc1cc2nncn2cn1
5574,8.718997728987164,Cc1cc(Nc2c(C#N)cnc3ccc(NC(=O)CN4CCCC4)cc23)ccc1Oc1cc2nccn2cn1
5575,8.703885785802145,Cc1cc(Nc2c(C#N)cnc3ccc(NC(=O)CN4CCCC4)cc23)ccc1Oc1cc2ncn(C)c(=O)c2cn1
5576,8.667043500469463,Cc1cc(Nc2c(C#N)cnc3ccc(NC(=O)CN4CCOCC4)cc23)ccc1Oc1cc2ncn(C)c(=O)c2cn1
5577,8.072657339374933,CC(=O)NC1CCC(n2c(=O)c(-c3ccccc3Cl)cc3ccc(Nc4ccccn4)cc32)CC1
5578,7.087808756508704,CC(=O)NC1CCC(n2c(=O)c(-c3ccccc3Cl)cc3ccc(NC(=O)C4CC4)cc32)CC1
5579,8.465380711504181,CNC(=O)CN1CCN(c2ccc(Nc3ncc(Cl)c(Nc4cccc(NC(=O)C(C)C)c4)n3)cc2)CC1
5580,8.365894915820967,CC(=O)N1CCN(c2ccc(Nc3ncc(Cl)c(Nc4cccc(C(=O)NC(C)C)c4)n3)cc2C)CC1
5581,8.584469373842571,CNC(=O)c1ccccc1Nc1nc(Nc2ccc(NC(=O)CN3CCN(C)CC3)c(F)c2)ncc1Cl
5582,8.20929155067176,CNC(=O)c1ccccc1Nc1nc(Nc2ccc(NC(=O)CN3CCN(C)CC3)cc2)ncc1Cl
5583,8.397244554149433,Cc1cc(Nc2ncc3c(n2)n(-c2ccccc2)c(=O)c(=O)n3C(C)C)ccc1N1CCN(C)CC1
5584,8.246238475997083,Cc1cc(Nc2ncc3c(n2)n(-c2ccccc2)c(=O)c(=O)n3C(C)C)ccc1N1CCCCC1
5585,8.40669239127909,CC(C)n1c(=O)c2cnc(Nc3ccc(N4CCN(C)CC4)cc3)nc2n(-c2cccc(O)c2)c1=O
5586,8.281207441125899,CC(C)n1c(=O)c2cnc(Nc3ccc(N4CCN(C)CC4)cc3)nc2n(-c2ccccc2)c1=O
5587,8.165892059823097,Cn1c(=O)c(-c2c(Cl)cccc2Cl)cc2cnc(Nc3ccc(N4CCOCC4)cc3)nc21
5588,8.079190295607102,Cn1c(=O)c(-c2c(Cl)cccc2Cl)cc2cnc(Nc3ccc(N4CCCC4)cc3)nc21
5589,8.83000893826834,CN1CCN(c2ccc(Nc3ncc4c(n3)N([C@H]3CCN(C)C3)C(=O)N(c3ccccc3Cl)C4)cc2)CC1
5590,8.727815755220174,CN1CCC(N2C(=O)N(c3ccccc3Cl)Cc3cnc(Nc4ccc(N5CCN(C)CC5)cc4)nc32)CC1
5591,8.708187458938164,CN1CCN(c2ccc(Nc3ncc4c(n3)n(C3CCCCC3)c(=O)n4-c3ccccc3Cl)cc2)CC1
5592,8.60634490459926,Cc1ccccc1N1Cc2cnc(Nc3ccc(N4CCN(C)CC4)cc3)nc2N([C@H]2CCN(C)C2)C1=O
5593,8.467203950351745,Cc1cc(Nc2ncc3c(n2)n([C@H]2CCN(C(=O)[C@H](C)O)C2)c(=O)n3-c2ccccc2)ccc1F
5594,8.347710985298596,Cc1cc(Nc2ncc3c(n2)N([C@H]2CCN(C(=O)[C@H](C)O)C2)C(=O)N(c2ccccc2)C3)ccc1F
5595,8.594358460157716,Cc1cc(Nc2ncc3c(n2)n([C@H]2CCN(C(=O)[C@H](C)O)C2)c(=O)n3-c2ccccc2Cl)ccc1F
5596,8.229001269901174,CN1CCN(CCCNc2ncc3c(n2)N([C@H]2CCN(C(=O)C4CC4)C2)C(=O)N(c2ccccc2Cl)C3)CC1
5597,8.298853675132277,CN1CCN(CCCNc2ncc3c(n2)N([C@H]2CCN(C(=O)C4CCCC4)C2)C(=O)N(c2ccccc2Cl)C3)CC1
5598,9.030636613240521,CCN1CCN(c2ccc(Nc3ncc4c(n3)N([C@H]3CCN(C)C3)C(=O)N(c3ccccc3Cl)C4)cc2)CC1
5599,8.053276442518165,CN1CCN(CCCNc2ncc3c(n2)N([C@H]2CCN(C)C2)C(=O)N(c2ccccc2Cl)C3)CC1
5600,8.029158007496411,CN1CCN(CCCNc2ncc3c(n2)N([C@H]2CCN(C(=O)CO)C2)C(=O)N(c2ccccc2Cl)C3)CC1
5601,8.870335056584564,Cc1cc(Nc2ncc3c(n2)N(C2CCCC2)C(=O)N(c2ccccc2Cl)C3)ccc1N1CCN(C)CC1
5602,8.560635385287593,Cc1cc(Nc2ncc3c(n2)N(C2CCN(C)CC2)C(=O)N(c2ccccc2)C3)ccc1N1CCN(C)CC1
5603,8.106248630283382,Cc1cc(Nc2ncc3c(n2)N(C2CCN(C)CC2)C(=O)N(c2ccccc2)C3)ccc1N
5604,8.635799167948646,Cn1cc(-c2ccnc(Nc3ccc(OCCN4CCOCC4)cc3)n2)c2ccccc21
5605,8.655306166612014,Cc1cc(Nc2nccc(-c3cn(C)c4ccccc34)n2)ccc1OCCN1CCN(C)CC1
5606,8.500344387426578,Cc1cc(Oc2ccc(Nc3ncnc4ccc(F)c(N5C[C@@H](C)N[C@@H](C)C5)c34)cc2F)ccn1
5607,8.431528044700357,Cc1cc(Oc2ccc(Nc3ncnc4ccc(F)c(N5CCN(C(C)C)CC5)c34)cc2F)ccn1
5608,8.369417730293303,Cc1cc(Oc2ccc(Nc3ncnc4ccc(F)c(N5CCN(C)CC5)c34)cc2F)ccn1
5609,8.511782423948883,COc1ccc2ncnc(Nc3ccc(Oc4cccc(C(F)(F)F)c4)c(Cl)c3)c2c1N1CC(N(C)C)C1
5610,8.642691433902122,CN(C)C1CCN(c2cccc3ncnc(Nc4ccc(Oc5ccc(C(N)=O)cc5)c(Cl)c4)c23)CC1
5611,8.674158351555041,CN(C)[C@H]1CCN(c2c(Br)ccc3ncnc(Nc4ccc(Oc5cc6c(cn5)CCO6)cc4)c23)C1
5612,8.796902205227504,CN(C)[C@H]1CCN(c2c(Br)ccc3ncnc(Nc4ccc(Oc5cc6ncnn6cn5)cc4)c23)C1
5613,8.187500082422488,COc1ccc2ncnc(Nc3ccc(Oc4ccc(F)c(F)c4)c(C)c3)c2c1N1CCN(C)CC1
5614,8.261268796921817,COc1ccc2ncnc(Nc3ccc(Oc4ccc(F)c(F)c4)c(C)c3)c2c1N1CCC(N)CC1
5615,8.32010702907259,COc1ccc2ncnc(Nc3ccc(Oc4ccc(F)c(F)c4)c(Cl)c3)c2c1N1CCN(C)CC1
5616,8.079170741874055,COc1ccc2ncnc(Nc3ccc(Oc4ccc(F)cc4)c(C)c3)c2c1N1CCN(C)CC1
5617,8.493150637380234,COc1ccc2ncnc(Nc3ccc(Oc4ccc(F)c(F)c4)c(Cl)c3)c2c1N1CCC(N)CC1
5618,8.18620066269905,COc1ccc2ncnc(Nc3ccc(Oc4ccc(F)cc4)c(Cl)c3)c2c1N1CCN(C)CC1
5619,8.472714159409302,COc1ccc2ncnc(Nc3ccc(Oc4ccc(F)c(Cl)c4)c(C)c3)c2c1N1CCN(C)CC1
5620,8.392079282121783,Cc1cc(Oc2ccc(Nc3ncnc4ccc(F)c(N5CCN(C)CC5)c34)cc2F)cc2ncnn12
5621,8.431937595373398,Cc1cc(Oc2ccc(Nc3ncnc4ccc(F)c(N5CC(N)C5)c34)cc2F)cc2ncnn12
5622,8.501462685034207,COc1ccc2ncnc(Nc3ccc(Cc4cc5c(cn4)OCCO5)c(F)c3)c2c1O[C@H]1CCN(C)C[C@@H]1F
5623,8.451308445332348,COc1ccc2ncnc(Nc3ccc(Cc4cc5ncnn5cn4)c(F)c3)c2c1O[C@H]1CCN(C)C[C@@H]1F
5624,8.428650016797652,COc1ccc2ncnc(Nc3ccc(Oc4cccc(C(C)C)n4)c(C)c3)c2c1O[C@H]1CCN(C)C[C@@H]1F
5625,8.363186649584149,COc1ccc2ncnc(Nc3ccc(Oc4cccc(C(F)(F)F)c4)c(C)c3)c2c1O[C@H]1CCN(C)C[C@@H]1C
5626,8.461127675020727,COc1ccc2ncnc(Nc3ccc(Oc4cccc(C(C)C)c4)c(Cl)c3)c2c1OC1CCN(C)CC1
5627,8.39172264689801,COc1ccc2ncnc(Nc3ccc(Oc4ccccc4)c(Cl)c3)c2c1OC1CCN(C)CC1
5628,8.672530643904441,Cc1cc(Nc2ncnc3ccc(OCCF)c(N4CCN(C)CC4)c23)ccc1Oc1cc2ncnn2cn1
5629,8.816966942305255,Cc1cc(Nc2ncnc3ccc(OCCF)c(N4CCC(N(C)C)CC4)c23)ccc1Oc1cc2ncnn2cn1
5630,8.270990076327411,COc1cc(OC2CCN(C)CC2)c2c(Nc3ccc(Oc4cc5ncnn5cn4)cc3)ncnc2c1
5631,8.363657920242682,COc1cc(OC2CCN(C)CC2)c2c(Nc3ccc(Oc4cc5ncnn5cn4)c(F)c3)ncnc2c1
5632,8.062169711357567,COc1cc(OC2CCN(C)CC2)c2c(Nc3ccc(Oc4ccn5ncnc5c4)cc3)ncnc2c1
5633,8.083625802408138,COc1cc(OC2CCN(C)CC2)c2c(Nc3ccc(Oc4ccn5ncnc5c4)c(F)c3)ncnc2c1
5634,8.175141737700208,COc1cc(O[C@H]2CCNC[C@@H]2F)c2c(Nc3ccc(Oc4ccn5ncnc5c4)cc3)ncnc2c1
5635,8.067312195023748,COc1cc(OC2CCN(C)CC2)c2c(Nc3ccc(Oc4ccn5ccnc5c4)cc3)ncnc2c1
5636,8.185808649790253,COc1cc(OC2CCN(C)CC2)c2c(Nc3ccc(Oc4ccn5ccnc5c4)c(F)c3)ncnc2c1
5637,8.336510708014773,COc1cc(OC2CCN(C)CC2)c2c(Nc3ccc(Oc4cc5ncnn5cc4Cl)c(F)c3)ncnc2c1
5638,8.392591253193425,Cc1cc(Nc2ncnc3cc(OC4CCN(C)CC4)cc(OC4CCOCC4)c23)ccc1Oc1ccn2ncnc2c1
5639,8.23176452933737,Cc1cc(Nc2ncnc3cc(OC4CCN(C)CC4)cc(OC(C)C)c23)ccc1Oc1ccn2ncnc2c1
5640,8.186028413471025,Cc1cc(Nc2ncnc3cccc(OC4CCN(C)CC4)c23)ccc1Oc1ccc2ccnn2c1
5641,8.24300994498956,Cc1cc(Nc2ncnc3cccc(OCC4CCN(C)CC4)c23)ccc1Oc1ccc2ccnn2c1
5642,8.917934235364845,Cc1cc(Nc2ncnc3[nH]nc(OCCN4CCC(O)CC4)c23)ccc1OCc1cccc(F)c1
5643,8.467267948923338,Cc1cc(Oc2ccc(Nc3ncnc4ccc(/C=C/CN(C)C)cc34)cc2C)ccc1O
5644,8.597622317173714,Cc1cc(Oc2ccc(Nc3ncnc4ccc(/C=C/CN5CCOCC5)cc34)cc2C)ccc1F
5645,8.645597438430315,Cc1cc(Nc2ncnc3ccc(NC(=O)CN4CCCC4)cc23)ccc1Oc1cc2nncn2cn1
5646,8.156729435388701,Cc1cc(Nc2ncnc3ccc(NC(=O)OC(C)C)cc23)ccc1Oc1cc2ncn(C)c(=O)c2cn1
5647,8.28793332574526,Cc1cc(Nc2ncnc3ccc(NC(=O)OC(C)C)cc23)ccc1Oc1cc2nncn2cn1
5648,6.898804963606283,COc1ccc(Nc2ncnc3ccc(NC(=O)OC(C)(C)C)cc23)cc1OC
5649,8.326567615770886,Cc1cc(Nc2ncnc3ccc(NC4=NCCS4)cc23)ccc1Oc1ccn2ncnc2c1
5650,8.200096962301664,Cc1cc(Nc2ncnc3ccc(NC4=NC(C)(C)CO4)cc23)ccc1Oc1ccn2ncnc2c1
5651,8.441702544099655,Cc1cc(Nc2ncnc3ccc4c(c23)OCCN4C(=O)/C=C/CN2CCOCC2)ccc1Oc1ccccc1
5652,8.612827578112759,Cc1cc(Nc2ncnc3ccc4c(c23)OCCN4C(=O)/C=C/CN(C)C)ccc1Oc1ccccc1F
5653,8.477344715336596,Cc1cc(Nc2ncnc3ccc4c(c23)OCCN4C(=O)/C=C/CN2CCOCC2)ccc1Oc1ccc(F)cc1
5654,8.566798514528946,Cc1cc(Nc2ncnc3ccc4c(c23)OCCN4C(=O)/C=C/CN(C)C)ccc1Oc1ccc(F)cc1
5655,8.54253887658768,Cc1cc(Nc2ncnc3ccc4c(c23)OCCN4C(=O)/C=C/CN(C)C)ccc1Oc1ccccc1
5656,8.44183458997045,Cc1cc(Oc2ccc(Nc3ncnc4ccc5c(c34)OCCN5C(=O)CO)cc2F)ccc1Cl
5657,8.60636360159867,Cc1cc(Oc2ccc(Nc3ncnc4ccc5c(c34)OCCN5C(=O)CN(C)C)cc2F)ccc1Cl
5658,8.423705278780414,Cc1cc(Nc2ncnc3ccc4c(c23)OCCN4C(=O)/C=C/CN2CCCCC2)ccc1Oc1ccccc1
5659,8.589343928105482,Cc1cc(Nc2ncnc3ccc4c(c23)OCCN4C(=O)/C=C/CN2CCCCC2)ccc1OCC(C)C
5660,8.761384170473317,Cc1cc(Nc2ncnc3ccc4c(c23)OCCN4C(=O)/C=C/CN2CCN(C)CC2)ccc1OCC(C)C
5661,8.767269807960789,Cc1cc(Nc2ncnc3ccc4c(c23)OCCN4C(=O)/C=C/CN2CCN(C)CC2)ccc1OC(F)F
5662,8.750218246640847,Cc1cc(Nc2ncnc3cc(O)c(NC(=O)CN4CCCC4)cc23)ccc1Oc1ccn2ccnc2c1
5663,8.798341488503063,Cc1cc(Nc2ncnc3cc(O)c(NC(=O)CN4CCCCC4)cc23)ccc1Oc1ccn2ccnc2c1
5664,8.83823914571408,Cc1cc(Nc2ncnc3cc(O)c(NC(=O)CN4CCCC4)cc23)ccc1Oc1cc2nccn2cn1
5665,8.902051010395654,Cc1cc(Nc2ncnc3cc(O)c(NC(=O)CN4CCCCC4)cc23)ccc1Oc1cc2nccn2cn1
5666,8.715381872839277,Cc1cc(Nc2ncnc3cc(O)c(NC(=O)CN4CCCC4)cc23)ccc1Oc1ccn2ncnc2c1
5667,8.736582731023432,Cc1cc(Nc2ncnc3cc(O)c(NC(=O)CN4CCCCC4)cc23)ccc1Oc1ccn2ncnc2c1
5668,8.775597323681902,Cc1cc(Nc2ncnc3cc(O)c(NC(=O)CN4CCCC4)cc23)ccc1Oc1ccn2cnnc2c1
5669,8.855454179314908,Cc1cc(Nc2ncnc3cc(O)c(NC(=O)CCCN4CCCC4)cc23)ccc1Oc1ccn2cnnc2c1
5670,8.373637068689375,Cc1cc(Nc2ncnc3cc(O)c(NC(=O)CC#N)cc23)ccc1Oc1cnn2cnnc2c1
5671,8.74506356992412,Cc1cc(Nc2ncnc3cc(O)c(NC(=O)CN4CCCC4)cc23)ccc1Oc1cnn2cnnc2c1
5672,8.683132402497172,Cc1cc(Nc2ncnc3cc(O)c(NC(=O)CN4CCCC4)cc23)ccc1Oc1cnc2ccnn2c1
5673,8.31831504491203,Cc1cc(Nc2ncnc3cc(O)c(NC(=O)c4ccccn4)cc23)ccc1Oc1cnc2ccnn2c1
5674,8.682234457010148,Cc1cc(Nc2ncnc3cc(O)c(NC(=O)CN4CCCC4)cc23)ccc1Oc1ccc2nccn2c1
5675,8.737150246155846,Cc1cc(Nc2ncnc3cc(O)c(NC(=O)CN4CCCCC4)cc23)ccc1Oc1ccc2nccn2c1
5676,6.1756001692356195,COc1cc2ncnc(Oc3ccc(NC(=O)Nc4cccc(Br)c4)c(C)c3)c2cc1OC
5677,7.048100046575673,CCCCOC(=O)Nc1ccc(Nc2ncnc3cc(OC)c(OC)cc23)cc1C
5678,8.427026931198801,COc1cc2ncnc(Nc3ccc(F)c(Cl)c3)c2cc1OC
5679,8.321990342701087,COc1cc2c(Nc3ccc(Oc4ccccc4)cc3)ncnc2cc1OCC1CCN(C)CC1
5680,8.083039680984447,COc1cc2c(Nc3ccc(Oc4ccccc4)cc3)ncnc2cc1OCC1CCNCC1
5681,8.53097680030773,COc1cc2c(Nc3ccc(C#N)c(C(F)(F)F)c3)ncnc2cc1OCC1CN(C(C)=O)CCO1
5682,8.485509326746815,COc1cc2c(Nc3ccc(C#N)c(C(F)(F)F)c3)ncnc2cc1OCC1CN(C(=N)N)CCO1
5683,8.10106135802094,COc1cc2c(Nc3ccc(-c4nc5ccccc5s4)c(OC)c3)ncnc2cc1OCCCN1CCCC1
5684,8.762689884382974,COc1cc2ncnc(Nc3ccc(F)c(Cl)c3)c2cc1OC1CCN(C)CC1
5685,8.784814735945593,COc1cc2ncnc(Nc3ccc(F)c(Cl)c3)c2cc1OC1CCN(C(C)=O)CC1
5686,7.367513124013973,COc1cc2ncnc(Nc3ccc(NC(=O)C4CCCCC4)c(C)c3)c2cc1OC
5687,7.773921002101368,COCCOc1cc2ncnc(Nc3ccc(NC(=O)C4CCCCC4)c(C)c3)c2cc1OCCOC
5688,8.223476228665483,Cc1cc(Oc2ccc(Nc3ncnc4cc5c(cc34)N(C)CCO5)cc2C)ccc1Cl
5689,8.192680729885383,Cc1cc(Nc2ncnc3cc4c(nc23)N(C)CCO4)ccc1Oc1ccc(Oc2ccn3ncnc3c2)c(C)c1
5690,8.477248373949244,Cc1cc(Oc2ccc(Nc3ncnc4cc5c(nc34)N(C)CCO5)cc2F)ccc1C(=O)N1CCN(C)CC1
5691,8.38043040244693,Cc1cc(Oc2ccc(Nc3ncnc4cc5c(nc34)N(C)CCO5)cc2F)ccc1C(=O)N(C)C
5692,8.423998115193248,CC(=O)N1CCN2C[C@H]1COc1cc3ncnc(Nc4ccc(Oc5ccccc5)c(C)c4)c3nc12
5693,8.18744094953358,Cc1cc(Oc2ccc(Nc3ncnc4cc5c(nc34)N(C)CCO5)cc2F)ccc1Oc1ccn2ncnc2c1
5694,8.163377542891084,Cc1cc(Oc2ccc(Nc3ncnc4cc5c(nc34)N(C)CCO5)cc2C)ccc1Cl
5695,8.162343557159032,Cc1cc(Oc2ccc(Nc3ncnc4cc5c(nc34)N(C)CCO5)cc2F)ccc1Oc1ccn2ccnc2c1
5696,8.130521841103043,Cc1cc(Oc2ccc(Oc3ccc(Nc4ncnc5cc6c(nc45)N(C)CCO6)cc3F)cc2C)ccn1
5697,8.590404903164071,Cc1cc(Nc2ncnn3ccc(CN4CCC(O)CC4)c23)ccc1Oc1ccn2ncnc2c1
5698,8.468705372258142,Cc1cc(Nc2ncnn3ccc(CN4CCC(O)CC4)c23)ccc1Oc1ccnc(Cl)c1
5699,8.590387422599106,Cc1cc(Nc2ncnn3ccc(CN4CCC(O)C4)c23)ccc1Oc1ccn2ncnc2c1
5700,8.662139774273085,Cc1cc(Nc2ncnn3ccc(CN4CCN(C)CC4)c23)ccc1Oc1ccn2ncnc2c1
5701,8.381852435508918,Cc1cc(Oc2ccc(Nc3ncnn4ccc(CN5CCC(N)CC5)c34)cc2C)ccn1
5702,8.516001070872854,Cc1cc(Oc2ccc(Nc3ncnn4ccc(CN5CCC(N(C)C)CC5)c34)cc2C)ccn1
5703,8.457745995273166,Cc1cc(Nc2ncnn3ccc(CN4CCC(C)(N)CC4)c23)ccc1Oc1cc(C(N)=O)ccn1
5704,8.3745922087574,Cc1cc(Nc2ncnn3ccc(CN4CCC(C)(N)CC4)c23)ccc1Oc1ccc(C(=O)N(C)C)cc1
5705,8.341309507059703,Cc1cc(Oc2ccc(Nc3ncnn4ccc(CN5CCC(N)CC5)c34)cc2Cl)ccc1Oc1ccn2nccc2c1
5706,8.23096223132481,Cc1cc(Nc2ncnn3ccc(CN4CCC(N)CC4)c23)ccc1Oc1ccc(Oc2ccn3nccc3c2)c(C)c1
5707,8.608399965619698,Cc1cc(Nc2ncnn3ccc(CN4CCC(N)CC4)c23)ccc1Oc1ccc(CO)c(F)c1
5708,8.61790874930004,Cc1cc(Nc2ncnn3ccc(CN4CCC(O)CC4)c23)ccc1Oc1ccc(CO)c(F)c1
5709,8.703432861359703,Cc1cc(Oc2ccc(Nc3ncnn4ccc(CN5CCC(N(C)C)CC5)c34)cc2F)ccn1
5710,8.448843492505654,Nc1ncnc2c1c(-c1ccc(Nc3nc4cccc(Cl)c4o3)cc1)nn2C1CCC(N2CCCC2)CC1
5711,8.193319270834598,Nc1ncnc2c1c(-c1ccc(Nc3nc4cccc(Cl)c4o3)cc1)nn2C1CCNCC1
5712,7.885146599821091,O=C(Nc1cccc(F)c1)Nc1cccc(Oc2ncnc3sc4c(c23)CCCC4)c1
5713,8.007480881643287,Cc1cc(Oc2ccccc2)ccc1-c1nn(C2CCCN(C(=O)C3CC3)C2)c2ncnc(N)c12
5714,8.071773099482318,Cc1cc(Oc2ccccc2)ccc1-c1nn(C2CCCN(C(=O)C3CCC3)C2)c2ncnc(N)c12
5715,8.398870781502167,COc1cc2c(Nc3ccc(Oc4ccccc4)c(Cl)c3)ncnc2cc1OCC1CCN(C)CC1
5716,8.601183599213588,CN1CCN(Cc2ccc(Nc3nccc(-c4c(-c5cccc(C(N)=O)c5)nc5ccccn45)n3)cc2)CC1
5717,8.342899801598785,Cc1ccc(NC(=O)c2cccc(-c3nc4ccccn4c3-c3ccnc(Nc4ccc(N5CCN(C)CC5)cc4)n3)c2)cc1
5718,8.088536742372815,Cc1cc(OC2CCN(C)CC2)ccc1Nc1nccc(-c2c(F)cccc2-c2cccc(C(N)=O)c2)c1C#N
5719,8.162141275318636,Cc1cc(OC2CCN(C)CC2)ccc1Nc1nccc(-c2c(F)cccc2-c2cccc(C(=O)N(C)C)c2)c1C#N
5720,8.189284215792167,O=C(Nc1c(F)cccc1F)c1cccc(-c2ccnc(Nc3ccc(N4CCNCC4)cc3)n2)c1
5721,8.148151418610952,Cc1c(Cl)cccc1C(=O)c1nn([C@H]2CCC[C@@H](NC(=O)N3CCOCC3)C2)c2ncnc(N)c12
5722,7.835766740202709,Cc1c(Cl)cccc1C(=O)c1nn([C@H]2CCC[C@@H](NC(=O)C3CC3)C2)c2ncnc(N)c12
5723,8.729475459763348,COc1cc2c(Nc3ccc(Cl)cc3Cl)ncnc2cc1OCC1CNCCO1
5724,8.298242857358424,COc1cc2c(Nc3ccc(C#N)cc3F)ncnc2cc1OCC1CNCCO1
5725,8.531160002673476,COc1cc2c(Nc3ccc(Cl)cc3C)ncnc2cc1OCC1CCN(C)CC1
5726,8.769207078589803,Cc1c(Oc2ccn3ncnc3c2)ccc(Nc2ncnn3ccc(CN4CCC(N)CC4)c23)c1F
5727,8.705691576070352,NC1CCN(Cc2ccn3ncnc(Nc4ccc(Oc5ccn6ncnc6c5)c(F)c4)c23)CC1
5728,8.582144280949834,COc1ccc(-c2nc3ccccn3c2-c2ccnc(Nc3ccc(N4CCN(C)CC4)cc3)n2)cc1C(=O)N(C)C
5729,8.513543233721071,COc1ccc(-c2nc3ccccn3c2-c2ccnc(Nc3ccc(N4CCN(C)CC4)cc3)n2)cc1C(N)=O
5730,7.760822402221501,COc1cc(Nc2nccc(-c3c(-c4cccc(C(=O)Nc5c(F)cccc5F)c4)nc4ccccn34)n2)cc(OC)c1OC
5731,7.919233564679912,COc1cc(Nc2nccc(-c3c(-c4cccc(C(=O)Nc5c(F)cccc5F)c4)nc4ccccn34)n2)cc(OC)c1
5732,8.634135909512164,CC(C)(C)CNc1c(C#N)cnc2c(C#N)cc(N[C@H](C3=CN(C(C)(C)C)CC3)c3ccccn3)cc12
5733,7.852111585376358,CC(C)(C)CNc1c(C#N)cnc2c(C#N)cc(N[C@H](C3=CN(C(C)(C)C)CC3)c3ccccc3)cc12
5734,8.485086977736323,CC(C)(C)CNc1c(C#N)cnc2c(Cl)cc(N[C@H](C3=CCN(C(C)(C)C)CC3)c3ccccn3)cc12
5735,8.775594664205073,CC(C)(C)CNc1c(C#N)cnc2c(Cl)cc(N[C@H](C3=CCN(C(C)(C)C)N3)c3ccccn3)cc12
5736,8.245309568594992,Cc1nc(Cl)ccc1C(Nc1cc(Cl)c2ncc(C#N)c(NCC(C)(C)C)c2c1)c1cccnc1
5737,8.59841310852408,Cc1nc(Cl)ccc1C(Nc1cc(Cl)c2ncc(C#N)c(NCC(C)(C)C)c2c1)C1=CN(C(C)C)CC1
5738,8.77525783033849,Cc1nc(Cl)ccc1[C@@H](Nc1cc(Cl)c2ncc(C#N)c(Nc3ccc(F)c(Cl)c3)c2c1)C1=NCCN1
5739,8.773183160939698,Cc1nc(Cl)ccc1C(Nc1cc(Cl)c2ncc(C#N)c(Nc3ccc(F)c(Cl)c3)c2c1)C1=NCCN1
5740,8.040914102766527,N#Cc1cnc2c(Cl)cc(N[C@@H](C(=O)NC3CC3)c3ccc(Cl)cc3)cc2c1Nc1ccc(F)c(Cl)c1
5741,8.890953805446745,Cc1nc(C)c([C@H](Nc2cc(Cl)c3ncc(C#N)c(Nc4ccc(F)c(Cl)c4)c3c2)C2=CN(C)NC2)o1
5742,8.870136938510278,Cc1nc(C)c([C@H](Nc2cc(Cl)c3ncc(C#N)c(Nc4ccc(F)c(Cl)c4)c3c2)C2=CN(C)NC2)s1
5743,8.804143529356491,N#Cc1cnc2c(Cl)cc(N[C@@H](C(=O)NC3CC3)c3ccc(Cl)nc3)cc2c1Nc1cnc(F)c(F)c1
5744,8.814521064800248,N#Cc1cnc2c(Cl)cc(N[C@@H](C(=O)NC3CC3)c3ccc(Cl)cn3)cc2c1Nc1cnc(F)c(F)c1
5745,7.4342108041912,N#CCC[C@@H](Nc1c(C#N)cnc2c(Cl)cc(NC(c3ccccc3)C3CC3)cc12)c1ccccc1
5746,7.758985161396177,N#CCC[C@@H](Nc1c(C#N)cnc2c(Cl)cc(NC(C3CC3)S(=O)(=O)c3ccccc3)cc12)c1ccccc1
5747,7.812824795895696,C[C@H](Nc1cc(C#N)c2ncc(C#N)c(NCC(C)(C)C(F)(F)F)c2c1)c1ccccn1
5748,8.317397090820611,Cc1ccccc1C(Nc1cc(C#N)c2ncc(C#N)c(NCC(C)(C)C(F)(F)F)c2c1)N1CC(O)C1
5749,8.309526590119274,Cc1ccccc1C(Nc1cc(C#N)c2ncc(C#N)c(NCC(C)(C)C)c2c1)c1[nH]n(C(C)C)c1F
5750,9.60859108363847,Cc1ncccc1[C@H](Nc1cc(Cl)c2ncc(C#N)c(NCC(C)(C)C)c2c1)C1=C(F)N(C(C)C)NN1
5751,8.658659371416183,Cc1ccccc1[C@H](Nc1cc(Cl)c2ncc(C#N)c(NCC(C)(C)C)c2c1)C1=C(F)N(C(C)C)NN1
5752,8.857591786429305,Cc1nc(F)ccc1C(Nc1cc(Cl)c2ncc(C#N)c(NCC(C)(C)C)c2c1)c1[nH]n(C(C)C)c1F
5753,8.858532750670845,Cc1nc(F)ccc1[C@H](Nc1cc(Cl)c2ncc(C#N)c(NCC(C)(C)C)c2c1)c1[nH]n(C(C)C)c1F
5754,8.691950957584462,CN1NNC([C@@H](Nc2cc(C#N)c3ncc(C#N)c(NCC(C)(C)C)c3c2)c2ccccc2)=C1Br
5755,8.288622292410045,Cn1[nH]c(=O)c([C@@H](Nc2cc(C#N)c3ncc(C#N)c(NCC(C)(C)C)c3c2)c2ccccc2)c1F
5756,8.596925141748104,CN1NNC([C@@H](Nc2cc(Cl)c3ncc(C#N)c(NCC(C)(C)C)c3c2)c2ccccc2)=C1C#N
5757,8.509895599807153,CN1NNC([C@@H](Nc2cc(Cl)c3ncc(C#N)c(NCC(C)(C)C)c3c2)c2ccccc2)=C1Br
5758,8.04457449505814,Cc1ncccc1C(Nc1cc(Cl)c2ncc(C#N)c(NCC(C)(C)C)c2c1)c1cccnc1
5759,8.366167117302039,Cc1ncc(F)cc1C(Nc1cc(Cl)c2ncc(C#N)c(NCC(C)(C)C)c2c1)c1ccccn1
5760,8.549810992227464,Cc1ncccc1C(Nc1cc(Cl)c2ncc(C#N)c(NCC(C)(C)C)c2c1)C1=C(C#N)NCC1
5761,8.749030560055115,Cc1ncccc1C(Nc1cc(Cl)c2ncc(C#N)c(NCC(C)(C)C)c2c1)C1=C(C#N)N(C(C)(C)C)CC1
5762,8.790691195945206,CC(C)(C)CNc1c(C#N)cnc2c(Cl)cc(N[C@H](C3=C(F)N(CC(F)(F)F)CC3)c3ccccn3)cc12
5763,8.827037825124226,CC(C)(C)CNc1c(C#N)cnc2c(Cl)cc(N[C@H](C3=C(F)N(C4CCC4)CC3)c3ccccn3)c(Cl)c12
5764,8.565205851069917,Cc1ncccc1[C@H](Nc1cc(Cl)c2ncc(C#N)c(Nc3cnc(F)c(F)c3)c2c1)C1=C(F)CCC1
5765,8.390090362435668,Cc1nc(F)ccc1C(Nc1ccc2ncc(C#N)c(Nc3cnc(F)c(F)c3)c2c1)C1=C(F)CCC1
5766,8.671262877379984,CC(C)(C)CNc1c(C#N)cnc2c(Cl)cc(N[C@H](C3=NN(CC(C)(C)C)CC3)c3ccccn3)cc12
5767,7.973806780233303,CC(C)(C)CNc1c(C#N)cnc2c(Cl)cc(N[C@H](C3=NN(CC(C)(C)C)CC3)c3ccccc3)cc12
5768,8.77567369797199,Cc1nc(F)ccc1C(Nc1cc(Cl)c2ncc(C#N)c(NCC(C)(C)C)c2c1)C1=C(F)CNC1
5769,8.997285419298972,Cc1nc(F)ccc1C(Nc1cc(Cl)c2ncc(C#N)c(NCC(C)(C)C)c2c1)C1=C(F)CN(C(C)C)C1
5770,8.359408582091886,Cc1ncccc1[C@H](Nc1cc(Cl)c2ncc(C#N)c(NCC(C)(C)C)c2c1)C1=C(Cl)NCC1
5771,8.652859037625287,Cc1nc(F)ccc1C(Nc1cc(Cl)c2ncc(C#N)c(NCC(C)(C)C)c2c1)C1=C(Cl)NCC1
5772,8.570039664928112,Cc1nc(F)ccc1C(Nc1cc(C#N)c2ncc(C#N)c(NCC(C)(C)C)c2c1)c1ccccn1
5773,8.569910438153913,Cc1ncccc1C(Nc1cc(C#N)c2ncc(C#N)c(NCC(C)(C)C)c2c1)c1ccc(F)nc1
5774,8.386642454358809,Cc1nc(F)ccc1C(Nc1cc(Cl)c2ncc(C#N)c(NCC(C)(C)C)c2c1)c1cccnc1
5775,8.380491433017962,Cc1nc(F)ccc1C(Nc1cc(Cl)c2ncc(C#N)c(NCC(C)(C)C)c2c1)c1ccccn1
5776,8.753343711589482,CC1=C(C(Nc2cc(C#N)c3ncc(C#N)c(NCC(C)(C)C(F)(F)F)c3c2)c2cccnc2C)CCN1
5777,8.818481828785972,CC1=C(C(Nc2cc(C#N)c3ncc(C#N)c(NCC(C)(C)C(F)(F)F)c3c2)c2cccnc2C)CCN1C
5778,8.29086993175404,Cc1nc(F)ccc1C(Nc1cc(Cl)c2ncc(C#N)c(NCC(C)(C)C)c2c1)C1=C(F)CCC1
5779,8.185924089288845,Cc1nc(F)ccc1C(Nc1cc(Cl)c2ncc(C#N)c(NCC(C)(C)C)c2c1)C1=C(Cl)CCC1
5780,8.381283885143661,Cc1cccnc1C(Nc1cc(C#N)c2ncc(C#N)c(NCC(C)(C)C(F)(F)F)c2c1)C1=C(F)CCC1
5781,8.313562321533873,Cc1cccnc1C(Nc1cc(C#N)c2ncc(C#N)c(NCC(C)(C)C(F)(F)F)c2c1)C1=C(F)CCCC1
5782,7.979099413416566,Cc1ccccc1C(Nc1cc(C#N)c2ncc(C#N)c(NCC(C)(C)C)c2c1)C1=C(F)NCC1
5783,8.098006750109517,Cc1ccccc1C(Nc1cc(C#N)c2ncc(C#N)c(NCC(C)(C)C)c2c1)C1=C(F)N(C(C)C)CC1
5784,8.595596207759721,Cc1ncccc1[C@H](Nc1cc(Cl)c2ncc(C#N)c(NCC(C)(C)C)c2c1)C1=C(F)N(C)CC1
5785,8.881169083666656,Cc1nc(F)ccc1C(Nc1cc(Cl)c2ncc(C#N)c(NCC(C)(C)C)c2c1)C1=C(F)N(C(C)C)CC1
5786,7.970263320291319,Cc1ccccc1C(Nc1cc(C#N)c2ncc(C#N)c(NCC(C)(C)C)c2c1)C1=C(F)NC(C)(C)C1
5787,8.013661366050622,Cc1ccccc1C(Nc1cc(C#N)c2ncc(C#N)c(NCC(C)(C)C)c2c1)C1=C(F)N(C(C)C)C1
5788,8.106916663176499,Cc1ccccc1C(Nc1cc(Cl)c2ncc(C#N)c(NCC(C)(C)C)c2c1)c1[nH]n(C(C)C)c1F
5789,8.189544143696532,Cc1ncccc1C(Nc1cc(C#N)c2ncc(C#N)c(NCC(C)(C)C)c2c1)c1cccnc1
5790,8.187871710100739,Cc1ccc(C(Nc2cc(Cl)c3ncc(C#N)c(NCC(C)(C)C)c3c2)c2cccnc2C)nc1
5791,8.611655227698318,Cc1ncccc1[C@H](Nc1cc(Cl)c2ncc(C#N)c(NCC(C)(C)C)c2c1)c1[nH]n(C)c1C#N
5792,8.604197077954629,Cc1ncccc1C(Nc1cc(Cl)c2ncc(C#N)c(NCC(C)(C)C)c2c1)c1[nH]n(C)c1C#N
5793,8.530733959153364,CC(C)(C)CNc1c(C#N)cnc2c(C#N)cc(N[C@@H](c3ccccc3)c3[nH][nH]c3C3CC3)cc12
5794,8.313853182461342,Cc1ccccc1C(Nc1cc(C#N)c2ncc(C#N)c(NCC(C)(C)C)c2c1)c1[nH]n(C)c1Cl
5795,8.911211476489582,Cc1ccccc1C(Nc1cc(C#N)c2ncc(C#N)c(NCC(C)(C)C)c2c1)C1=C(Cl)N(C(C)C)NN1
5796,8.724352517880218,Cc1nc(F)ccc1C(Nc1cc(Cl)c2ncc(C#N)c(NCC(C)(C)C)c2c1)c1[nH]n(C)c1Cl
5797,8.726806727333187,Cc1nc(F)ccc1[C@H](Nc1cc(Cl)c2ncc(C#N)c(NCC(C)(C)C)c2c1)c1[nH]n(C)c1Cl
5798,8.346036809482257,Cc1ccccc1C(Nc1cc(C#N)c2ncc(C#N)c(NCC(C)(C)C(F)(F)F)c2c1)C1=NCCN1
5799,8.157713287218682,CC1=C(C(Nc2cc(C#N)c3ncc(C#N)c(NCC(C)(C)C(F)(F)F)c3c2)c2ccccc2C)CC(C)(C)N1
5800,8.915291912223024,Cc1ccccc1C(Nc1cc(C#N)c2ncc(C#N)c(NCC(C)(C)C)c2c1)C1=C(F)N(C(C)C)NN1
5801,8.810550719425327,Cc1ccccc1C(Nc1cc(C#N)c2ncc(C#N)c(NCC(C)(C)C)c2c1)C1=C(F)N(C)NN1
5802,9.696912578242138,Cc1nc(F)ccc1C(Nc1cc(Cl)c2ncc(C#N)c(NCC(C)(C)C)c2c1)C1=C(F)N(C(C)C)NN1
5803,8.74444612712539,Cc1nc(F)ccc1C(Nc1cc(Cl)c2ncc(C#N)c(NCC(C)(C)C)c2c1)c1[nH]n(C)c1F
5804,8.892325604418373,Cc1nc(F)ccc1C(Nc1cc(Cl)c2ncc(C#N)c(NCC(C)(C)C)c2c1)C1=C(Cl)NCN1
5805,8.254340559620454,Cc1ncccc1C(Nc1cc(C#N)c2ncc(C#N)c(NCC(C)(C)C)c2c1)c1ccc(F)cc1
5806,8.76414072885828,Cc1ncccc1[C@H](Nc1cc(Cl)c2ncc(C#N)c(NCC(C)(C)C)c2c1)c1[nH]n2c1CCC2
5807,9.48798601356267,Cc1ncccc1[C@H](Nc1cc(Cl)c2ncc(C#N)c(NCC(C)(C)C)c2c1)C1=C2CCCN2NN1
5808,8.376884102078305,Cc1nc(F)ccc1C(Nc1cc(C#N)c2ncnc(NCC(C)(C)C)c2c1)c1ccccc1
5809,8.54796442453702,Cc1nc(F)ccc1C(Nc1cc(C#N)c2ncnc(NCC(C)(C)C)c2c1)c1ccccn1
5810,8.521223001563326,Cc1nc(F)ccc1C(Nc1cc(Cl)c2ncnc(NCC(C)(C)C)c2c1)c1ccccn1
5811,9.004248560087118,Cc1nc(F)ccc1C(Nc1cc(Cl)c2ncnc(NCC(C)(C)C)c2c1)c1cn(C)nn1
5812,8.855157025937945,Cc1ccccc1C(Nc1cc(C#N)c2ncc(C#N)c(NCC(C)(C)C)c2c1)C1=CN(C(C)C)NN1
5813,8.437723993711808,CC(C)N1C=C([C@@H](Nc2cc(C#N)c3ncc(C#N)c(NCC(C)(C)C)c3c2)c2ccccc2)NN(C)C1=O
5814,8.750120184540782,Cc1ccccc1C(Nc1cc(Cl)c2ncc(C#N)c(NCC(C)(C)C)c2c1)C1=CN(C(C)C)NN1
5815,9.475908557154291,Cc1ncccc1[C@H](Nc1cc(Cl)c2ncc(C#N)c(NCC(C)(C)C)c2c1)C1=CN(C(C)C)NN1
5816,9.316840254843642,Cc1ccccc1C(Nc1cc(C#N)c2ncc(C#N)c(NCC(C)(C)C)c2c1)C1=CN([C@@H]2C[C@@H]2F)NN1
5817,8.694664498711177,Cc1ccccc1C(Nc1cc(C#N)c2ncc(C#N)c(NCC(C)(C)C)c2c1)C1=CN(C)NN1
5818,9.772709102071548,Cc1nc(F)ccc1C(Nc1cc(Cl)c2ncc(C#N)c(NCC(C)(C)C)c2c1)C1=CN(C(C)C)NN1
5819,8.937828189192235,Cc1nc(F)ccc1C(Nc1cc(Cl)c2ncc(C#N)c(NCC(C)(C)C)c2c1)C1=CN(C)NC1
5820,8.171393038931688,Cc1ccccc1C(Nc1cc(C#N)c2ncc(C#N)c(NCC(C)(C)C)c2c1)c1cn(C)[nH]1
5821,8.302602051405655,Cc1ccccc1C(Nc1cc(C#N)c2ncc(C#N)c(NCC(C)(C)C)c2c1)c1cn(C(C)C)[nH]1
5822,8.669212053178894,Cc1nc(F)ccc1C(Nc1cc(Cl)c2ncc(C#N)c(NCC(C)(C)C)c2c1)c1cn(C)[nH]1
5823,7.900629805640651,CC(C)(C)Nc1c(C#N)cnc2c(C#N)cc(N[C@@H](c3ccccc3)c3cn(C(C)(C)C)[nH]3)cc12
5824,8.255544204665851,CC(C)(C)Nc1c(C#N)cnc2c(C#N)cc(N[C@@H](c3ccccn3)c3cn(C(C)(C)C)[nH]3)cc12
5825,8.523895178069736,CC(C)(C)CNc1c(C#N)cnc2c(Cl)cc(NC(c3ccccn3)c3cn(C(C)(C)C)[nH]3)cc12
5826,8.181322491888352,CC(C)(C)CNc1c(C#N)cnc2c(Cl)cc(NC(c3cn(C(C)(C)C)[nH]3)c3ccccc3N)cc12
5827,8.554828320879722,CC(C)(C)Nc1c(C#N)cnc2c(Cl)cc(NC(c3cccnc3)c3cn(C(C)(C)C(F)(F)F)[nH]3)cc12
5828,8.468688213838817,CC(C)(C)Nc1c(C#N)cnc2c(Cl)cc(NC(c3ccccn3)c3cn(C(C)(C)C(F)(F)F)[nH]3)cc12
5829,8.322616571745968,CC(C)(C)Nc1c(C#N)cnc2c(C#N)cc(N[C@H](C3=CN(C(C)(C)C)C3)c3ccccn3)cc12
5830,8.344763443337452,CC(C)(C)Nc1c(C#N)cnc2c(C#N)cc(N[C@H](C3=CN(C(C)(C)C)NN3)c3ccccc3)cc12
5831,8.322609517266361,CC(C)(C)Nc1c(C#N)cnc2c(C#N)cc(NC(C3=CN(C(C)(C)C)NN3)c3ccccc3)cc12
5832,9.020529126184808,CC(C)(C)Nc1c(C#N)cnc2c(Cl)cc(N[C@H](C3=CN(C(C)(C)C)NN3)c3ccccn3)cc12
5833,8.97281364796799,CC(C)(C)Nc1c(C#N)cnc2c(Cl)cc(NC(C3=CN(C(C)(C)C)NN3)c3ccccn3)cc12
5834,8.68815432273376,CC(C)(C)n1cc([C@@H](Nc2cc(Cl)c3ncc(C#N)c(NCC4CC4)c3c2)c2ccccn2)[nH]c1=O
5835,8.37011199701651,CC(C)(C)CNc1c(C#N)cnc2c(Cl)cc(N[C@H](c3cn(C(C)(C)C)c(=O)[nH]3)c3ccccc3N)cc12
5836,8.454759162222743,CC(C)(C)Nc1c(C#N)cnc2c(C#N)cc(N[C@H](C3=CN(CC4CC4)NC3)c3ccccc3)cc12
5837,8.637347431099418,CC(C)(C)CNc1c(C#N)cnc2c(C#N)cc(N[C@H](C3=CN(CC(C)(C)C)NN3)c3ccccc3)cc12
5838,9.419546425702721,CC(C)(C)CNc1c(C#N)cnc2c(Cl)cc(N[C@H](C3=CN(C(C)(C)C)NN3)c3ccccn3)cc12
5839,8.113311984057455,CC(C)(C)CNc1c(C#N)cnc2c(C#N)cc(N[C@@H](c3ccccc3)c3cn(C(C)(C)C)[nH]3)cc12
5840,8.58346725285099,CC(C)(C)CNc1c(C#N)cnc2c(C#N)cc(N[C@@H](c3ccccn3)c3cn(C(C)(C)C)[nH]3)cc12
5841,8.675572932816626,CC(C)(C)CNc1c(C#N)cnc2c(C#N)cc(N[C@H](C3=CN(C(C)(C)C)NN3)c3ccccc3)cc12
5842,9.43525176344291,CC(C)(C)CNc1c(C#N)cnc2c(C#N)cc(N[C@H](C3=CN(C(C)(C)C)NN3)c3ccccn3)cc12
5843,9.374979390278945,CC(C)(C)CNc1c(C#N)cnc2c(Cl)cc(NC(C3=CN(C(C)(C)C)NN3)c3ccccn3)cc12
5844,8.833955335578077,Cc1ccccc1C(Nc1cc(C#N)c2ncc(C#N)c(NCC(C)(C)C)c2c1)C1=CN(C(C)(C)C)NN1
5845,9.183976872339374,CC(C)(C)CNc1c(C#N)cnc2c(Cl)cc(N[C@H](C3=CN(C(F)(F)F)NN3)c3ccccn3)cc12
5846,9.153966332699294,CC(C)(C)CNc1c(C#N)cnc2c(Cl)cc(NC(C3=CN(C(F)(F)F)NN3)c3ccccn3)cc12
5847,8.602521772826986,Cc1nc(F)ccc1C(Nc1cc(Cl)c2ncc(C#N)c(NCC(C)(C)C)c2c1)C1=CNCC1
5848,9.04145698814215,Cc1nc(F)ccc1C(Nc1cc(Cl)c2ncc(C#N)c(NCC(C)(C)C)c2c1)C1=CN(C(C)(C)C)CC(F)(F)C1
5849,8.575458998007253,CN(C)C(=O)C1(N2CC=C([C@@H](Nc3cc(Cl)c4ncc(C#N)c(NCC(C)(C)C)c4c3)c3ccccc3)CC2)CC1
5850,8.42263600309505,CN(C)C(=O)C1(N2CC=C([C@@H](Nc3ccc4ncc(C#N)c(NCC(C)(C)C)c4c3)c3ccccc3)CC2)CC1
5851,9.193552979798248,CC(C)(C)CNc1c(C#N)cnc2c(C#N)cc(N[C@H](C3=CN(C4(C(N)=O)CC4)CC3)c3ccccn3)cc12
5852,9.293886510382686,CC(C)(C)CNc1c(C#N)cnc2c(Cl)cc(N[C@H](C3=CN(C4(C(N)=O)CC4)NC3)c3ccccn3)cc12
5853,8.490438315599501,CC(C)(C)CNc1c(C#N)cnc2c(Cl)cc(N[C@H](C3=CN(C(N)=O)CC3)c3ccccn3)cc12
5854,9.352797291865052,CC(C)(C)CNc1c(C#N)cnc2c(F)cc(N[C@H](C3=CN(C4(C(N)=O)CC4)NC3)c3ccccn3)cc12
5855,8.948938711103121,CC(C)(C)CNc1c(C#N)cnc2c(F)cc(N[C@H](C3=CN(C(C)(C)C(N)=O)CC3)c3ccccn3)cc12
5856,8.171590300847479,Cc1ccccc1C(Nc1cc(Cl)c2ncc(C#N)c(NCC(C)(C)C)c2c1)C1=CN(C(=O)CO)CC1
5857,9.076736884508229,Cc1nc([C@H](Nc2cc(Cl)c3ncc(C#N)c(NCC(C)(C)C)c3c2)C2=CN(C(C)(C)C(=O)N(C)C)CC2)cs1
5858,8.689312269917917,Cc1ncccc1C(Nc1cc(Cl)c2ncc(C#N)c(NCC(C)(C)C)c2c1)C1=CN(C(=O)CO)CC1
5859,9.153034816600382,CC(C)(C)CNc1c(C#N)cnc2c(Cl)cc(N[C@H](C3=CN(C4(C(=O)O)CC4)NC3)c3ccccn3)cc12
5860,8.66586088636004,CC(C)(C)CNc1c(C#N)cnc2c(Cl)cc(N[C@H](C3=CN(C(=O)CO)CC3)c3ccccn3)cc12
5861,8.077222158057292,CC(C)(C)CNc1c(C#N)cnc2c(Cl)cc(N[C@H](C3=CN(C4CCCC4)CC3)c3ccccc3)cc12
5862,8.539853359016611,C[C@H](Nc1c(C#N)cnc2c(C#N)cc(N[C@H](C3=CN(C(C)(C)C)CC3)c3ccccn3)cc12)C(C)(C)C
5863,8.860045630450173,C[C@H](Nc1c(C#N)cnc2c(C#N)cc(N[C@H](C3=CN(C4CCC4)CC3)c3ccccn3)cc12)C(C)(C)C
5864,8.434334471517605,N#Cc1cnc2c(C#N)cc(N[C@H](C3=CN(C4CCCC4)C(=O)C3)c3ccccn3)cc2c1NC(c1ccccc1)C1CC1
5865,8.165366901415346,Cc1ccccc1C(Nc1cc(C#N)c2ncc(C#N)c(NC3CCCCC3)c2c1)C1=CN(C(C)(C)C)CC1
5866,8.02568497627766,Cc1ccccc1C(Nc1cc(C#N)c2ncc(C#N)c(NC3CCCCC3)c2c1)C1=CN(C2CCCCC2)CC1
5867,8.22451913157179,Cc1ccccc1C(Nc1cc(C#N)c2ncc(C#N)c(NCC(C)(C)C(F)(F)F)c2c1)C1=CN(C)CC1
5868,9.146760818658423,Cc1nc(F)ccc1[C@H](Nc1cc(C#CC(C)(C)S(C)(=O)=O)c2ncc(C#N)c(NCC(C)(C)C)c2c1)C1=NCC1
5869,8.70725108634068,Cc1nc(F)ccc1[C@H](Nc1cc(C#CC(C)(C)S(C)(=O)=O)c2ncc(C#N)c(NCC(C)(C)C)c2c1)C1=CCC1
5870,8.860630789690868,CC(C)(C#N)CNc1c(C#N)cnc2c(C#N)cc(N[C@H](C3=CN(C(F)(F)F)CC3)c3ccccn3)cc12
5871,8.966427109704771,CC(C)(C#N)CCNc1c(C#N)cnc2c(C#N)cc(N[C@H](C3=CN(C(F)(F)F)CC3)c3ccccn3)cc12
5872,9.069219128487093,Cc1nc(F)ccc1C(Nc1cc(C#N)c2ncc(C#N)c(NCC(C)(C)c3ccccn3)c2c1)C1=CN(C)C1
5873,8.804498309459435,CC(C)(C)CNc1c(C#N)cnc2c(C#N)cc(N[C@H](C3=CN(C4CCC4)CC3)c3ccccn3)cc12
5874,8.622449300420671,Cc1ccccc1C(Nc1cc(C#N)c2ncc(C#N)c(NCC3(C(F)(F)F)CC3)c2c1)C1=CNCCN1
5875,9.009625907043807,N#Cc1cnc2c(C#N)cc(N[C@H](C3=CN(C4(C(F)(F)F)CC4)CC3)c3ccccn3)cc2c1NCC1CC1
5876,8.238838463832948,Cc1ccccc1C(Nc1cc(C#N)c2ncc(C#N)c(NCC3CC3)c2c1)C1=CN(C(C)(C)C)CC1
5877,8.482775446683203,C[C@@H](Nc1c(C#N)cnc2c(Cl)cc(N[C@H](C3=CN(C(C)(C)C)CC3)c3ccccn3)cc12)C(C)(C)C
5878,8.64291797915378,C[C@@H](Nc1c(C#N)cnc2c(Cl)cc(N[C@H](C3=CN(C(C)(C)C)CC3)c3ccccn3)cc12)C(C)(C)O
5879,8.76103612540997,Cc1nc([C@H](Nc2cc(Cl)c3ncc(C#N)c(NC4CCCC4)c3c2)C2=CN(C(C)(C)C)CC2)cs1
5880,8.048104216028102,Cc1ccccc1[C@H](Nc1cc(Cl)c2ncc(C#N)c(NC3CCCC3)c2c1)C1=CN(C(C)(C)C)CC1
5881,8.943450347741564,Cc1nc([C@H](Nc2cc(Cl)c3ncc(C#N)c(NC4CCOCC4)c3c2)C2=CN(C(C)(C)C)CC2)cs1
5882,9.023231637553863,Cc1nc([C@H](Nc2cc(Cl)c3ncc(C#N)c(NC4CCOCC4)c3c2)C2=CN(C3CCCC3)CC2)cs1
5883,8.819818744812613,Cc1nc([C@H](Nc2cc(Cl)c3ncc(C#N)c(NC4CCCCC4)c3c2)C2=CN(C(C)(C)C)CC2)cs1
5884,8.749738471350044,Cc1nc([C@H](Nc2cc(Cl)c3ncc(C#N)c(NC4CCCCC4)c3c2)C2=CN(C(C)C)CC2)cs1
5885,8.610325186967632,CC(C)(C)Nc1c(C#N)cnc2c(Cl)cc(N[C@H](C3=CN(C4CCCC4)CC3)c3ccccn3)cc12
5886,8.05487046573217,CC(C)(C)Nc1c(C#N)cnc2c(Cl)cc(N[C@H](C3=CN(C4CCCC4)CC3)c3ccccc3)cc12
5887,8.882445356583085,Cc1nc(F)ccc1C(Nc1cc(Cl)c2ncc(C#N)c(NCC(C)(C)C)c2c1)C1=CN(C(C)(C)C)CC1
5888,8.95040619607462,Cc1nc(F)ccc1C(Nc1cc(Cl)c2ncc(C#N)c(NCC(C)(C)C)c2c1)C1=CN(C(C)(C)C)C(=O)C1
5889,9.031852102316146,Cc1nc(F)ccc1C(Nc1cc(Cl)c2ncc(C#N)c(NCC(C)(C)C)c2c1)C1=CN(C2CCC2)CC1
5890,8.617042524267928,CC(C)(C)CNc1c(C#N)cnc2c(Cl)cc(N[C@H](C3=CN(C4CCC4)CC3)c3ccccn3)cc12
5891,8.782692857027893,CC(C)(CO)CNc1c(C#N)cnc2c(Cl)cc(N[C@H](C3=CN(C4CCCC4)CC3)c3ccccn3)cc12
5892,9.034722493249708,Cc1nc(F)ccc1[C@H](Nc1cc(Cl)c2ncc(C#N)c(NCC(C)(C)S(C)(=O)=O)c2c1)C1=CN(C)C1
5893,8.905584249433144,CC1(C)CC(Nc2c(C#N)cnc3c(Cl)cc(N[C@H](C4=CN(C5(C(F)(F)F)CC5)CC4)c4ccccn4)cc23)C1
5894,8.9955840891944,Cc1nc(F)ccc1C(Nc1cc(Cl)c2ncc(C#N)c(NCC3CC3)c2c1)C1=CN(C(C)(C)C)CC1
5895,9.158322480580093,Cc1nc(F)ccc1C(Nc1cc(Cl)c2ncc(C#N)c(NCC3CC3)c2c1)c1cn(C2(C(F)(F)F)CC2)[nH]1
5896,8.126421736780175,Cc1ccccc1[C@H](Nc1cc(Cl)c2ncc(C#N)c(NCC3CC3)c2c1)C1=CN(C(C)(C)C)CC1
5897,8.7573552311414,Cc1nc([C@H](Nc2cc(Cl)c3ncc(C#N)c(NCC4CC4)c3c2)C2=CN(C(C)(C)C)CC2)cs1
5898,8.867761704658314,CC(C)(C)CNc1c(C#N)cnc2c(F)cc(N[C@H](C3=CCN(C(C)(C)C)N3)c3ccccn3)cc12
5899,8.044538313480123,CC(C)(C)CNc1c(C#N)cnc2ccc(N[C@H](C3=CN(C(C)(C)C)CC(C)(C)N3)c3ccccc3)cc12
5900,9.089422168460032,COc1cc(NC(C2=CNNC2)c2ccc(F)nc2C)cc2c(NCC(C)(C)C)c(C#N)cnc12
5901,8.630890057169795,COc1cc(NC(C2=CN(C(C)(C)C)NN2)c2ccccc2)cc2c(NCC(C)(C)C)c(C#N)cnc12
5902,8.819854913410428,CC(C)(C#N)CNc1c(C#N)cnc2c(C#N)cc(N[C@H](C3=CN(C(C)(C)C)CC3)c3ccccn3)cc12
5903,9.060099642062438,N#Cc1cnc2c(C#N)cc(N[C@H](C3=CN(CC(F)(F)F)CC3)c3ccccn3)cc2c1NCC1(C(F)(F)F)CC1
5904,9.066561851647808,N#Cc1cnc2c(C#N)cc(N[C@H](C3=CN(C4CCCC4)CC3)c3ccccn3)cc2c1NCC1(C(F)(F)F)CCC1
5905,8.616077234407719,Cc1ccccc1C(Nc1cc(C#N)c2ncc(C#N)c(NCC3CC3)c2c1)C1=CN(C2(C(F)F)CC2)CC1
5906,8.983434492484234,CC1(C)CCC(CNc2c(C#N)cnc3c(C#N)cc(N[C@H](C4=CN(C5CC5)CC4)c4ccccn4)cc23)C1
5907,8.997801153305673,CC1(C)CCC(CNc2c(C#N)cnc3c(C#N)cc(N[C@H](C4=CN(C5CC5)CC4)c4ccccn4)cc23)CC1
5908,8.949597616927816,CC(C)(C)CNc1c(C#N)cnc2c(Cl)cc(N[C@H](C3=CN(C4CCCC4)CC3)c3ccccn3)c(F)c12
5909,8.935211996547736,CC(C)(C)CNc1c(C#N)cnc2c(Cl)cc(NC(C3=CN(C4CCCC4)CC3)c3ccccn3)c(F)c12
5910,9.103282100608467,CC(=O)c1cc(N[C@@H](C2=CN(C(=O)C3CC3)CC2)c2ccc(F)nc2C)cc2c(NCC(C)(C)C)c(C#N)cnc12
5911,8.361011021445895,CC(=O)c1cc(N[C@@H](C2=CN(C(=O)C3CC3)CC2)c2ccc(F)cc2)cc2c(NCC(C)(C)C)c(C#N)cnc12
5912,9.298598083192442,Cc1nc(F)ccc1C(Nc1cc(-c2cncnc2)c2ncc(C#N)c(NCC(C)(C)C)c2c1)C1=NCCN1
5913,9.311148574603653,Cc1nc(F)ccc1[C@H](Nc1cc(-c2cncnc2)c2ncc(C#N)c(NCC(C)(C)C)c2c1)C1=NCCN1
5914,8.40611111247642,Cc1ccccc1C(Nc1cc(Cl)c2ncc(C#N)c(N[C@@H]3CCOC3(C)C)c2c1)C1=CN(C(C)C)CC1
5915,8.13885356716992,CC1(C)CCC(Nc2c(C#N)cnc3c(Cl)cc(N[C@H](C4=CN(C5CC5)CC4)c4ccccc4)cc23)CC1
5916,8.707431256691004,CC1(C)CCC(Nc2c(C#N)cnc3c(Cl)cc(N[C@H](C4=CN(C5CC5)CC4)c4ccccn4)cc23)CC1
5917,8.113023408790315,CC(C)C(Nc1cc(Cl)c2ncc(C#N)c(Nc3cnc(F)c(F)c3)c2c1)c1ccccn1
5918,8.877176847091592,Cc1nc([C@H](Nc2cc(Cl)c3ncc(C#N)c(Nc4cnc(F)c(F)c4)c3c2)C2=CNCC2)cs1
5919,8.918162937401338,CC(C)(C)CNc1c(C#N)cnc2c(Cl)cc(N[C@H](C3=CN(C4CCCC4)NC3)c3ccccn3)cc12
5920,8.864943291649707,CC(C)(CC#N)CNc1c(C#N)cnc2c(Cl)cc(N[C@H](C3=CN(C4CCC4)CC3)c3ccccn3)cc12
5921,8.534008845270904,Cc1nc(F)ccc1C(Nc1cc(Cl)c2ncc(C#N)c(NCC(C)(C)CC#N)c2c1)c1ccccn1
5922,8.748433058184066,CC(C)(CO)CNc1c(C#N)cnc2c(Cl)cc(N[C@H](C3=CN(C4CCC4)CC3)c3ccccn3)cc12
5923,8.873522650775126,CC(C)(C)N1CC=C([C@@H](Nc2cc(Cl)c3ncc(C#N)c(NCC4CC4)c3c2)c2ccccc2)NN1
5924,8.907516411659017,Cc1nc(F)ccc1C(Nc1cc(Cl)c2ncc(C#N)c(NCC3CC3)c2c1)C1=CN(C(C)C)CC1
5925,9.040823696337435,Cc1nc(F)ccc1C(Nc1cc(Cl)c2ncc(C#N)c(NCC3(C)CC3)c2c1)C1=CN(C(C)(C)C)CC1
5926,8.940969274008289,CC(C)(C)CNc1c(C#N)cnc2c(F)cc(N[C@H](C3=CN(C4CCCC4)NC3)c3ccccn3)cc12
5927,8.697315625185215,CC(C)(C)CNc1c(C#N)cnc2c(F)cc(N[C@H](C3=CN(C4CCC4)CC3)c3ccccn3)cc12
5928,9.35613768777894,CC(C)(C)Nc1c(C#N)cnc2c(C#N)cc(N[C@H](C3=CN(C4CCCC4)NN3)c3ccccn3)cc12
5929,9.285772276566371,CC(C)(C)Nc1c(C#N)cnc2c(Cl)cc(NC(C3=CN(C4CCCC4)NN3)c3cccnc3)cc12
5930,8.67750199010632,CC(C)(C)CNc1c(C#N)cnc2c(Cl)cc(N[C@@H](c3ccccn3)c3cn(C(C)(C)C)c(=O)[nH]3)cc12
5931,8.22849535302097,CC(C)(C)CNc1c(C#N)cnc2c(Cl)cc(N[C@@H](c3ccccc3)c3cn(C(C)(C)C)c(=O)[nH]3)cc12
5932,9.01920814391167,CC(C)(C)Nc1c(C#N)cnc2c(F)cc(N[C@H](C3=CN(C(C)(C)C)NN3)c3ccccn3)cc12
5933,9.19324500989793,CC(C)(C)Nc1c(C#N)cnc2c(F)cc(N[C@H](C3=CN(C4CCCC4)NN3)c3ccccn3)cc12
5934,9.643942612672287,CC(C)(C)CNc1c(C#N)cnc2c(C#N)cc(N[C@H](C3=CN(C4(C#N)CC4)NN3)c3ccccn3)cc12
5935,9.10010257415827,CC(C)(C)CNc1c(C#N)cnc2c(C#N)cc(N[C@H](C3=CN(C4(C#N)CC4)NN3)c3ccccc3)cc12
5936,9.66043305818763,CC(C)(C)CNc1c(C#N)cnc2c(Cl)cc(N[C@H](C3=CN(C4(C#N)CC4)NN3)c3ccccn3)cc12
5937,9.134264727764743,CC(C)(C)CNc1c(C#N)cnc2c(Cl)cc(N[C@H](C3=CN(C4(C#N)CC4)NN3)c3ccccc3)cc12
5938,9.643710946246944,CC(C)(C)CNc1c(C#N)cnc2c(F)cc(N[C@H](C3=CN(C4(C#N)CC4)NN3)c3ccccn3)cc12
5939,9.106754966384027,CC(C)(C)CNc1c(C#N)cnc2c(F)cc(N[C@H](C3=CN(C4(C#N)CC4)NN3)c3ccccc3)cc12
5940,9.013656244593603,COc1cc(NC(C2=CNNCC2)c2ccc(F)nc2)cc2c(NCC(C)(C)C)c(C#N)cnc12
5941,8.645309545785132,COc1cc(NC(C2=CN(C(C)C)NN2)c2ccccc2)cc2c(NCC(C)(C)C)c(C#N)cnc12
5942,8.763518954030578,Cc1nc(F)ccc1C(Nc1cc(C#N)c2ncc(C#N)c(NCC(C)(C)C)c2c1)C1=CNCC1
5943,9.109518805531236,Cc1nc(F)ccc1C(Nc1cc(C#N)c2ncc(C#N)c(NCC(C)(C)C)c2c1)C1=CNN(C)C1
5944,9.065880000808928,Cc1nc(F)ccc1C(Nc1cc(Cl)c2ncc(C#N)c(NCC(C)(C)C)c2c1)C1=CNNC(C)(C)C1
5945,8.43287521525905,Cc1ccccc1C(Nc1cc(C#N)c2ncc(C#N)c(NC3CCOCC3)c2c1)C1=CN(C(C)C)CC1
5946,8.453967747676531,Cc1ccccc1C(Nc1cc(C#N)c2ncc(C#N)c(NC3CCOCC3)c2c1)C1=CN(C(C)(C)C)CC1
5947,8.232727009707439,CC(C)(C)CNc1c(C#N)cnc2c(C#N)cc(N[C@H](C3=CCN(C(C)(C)C)C(=O)N3)c3ccccc3)cc12
5948,8.227781107479743,CC(C)(C)CNc1c(C#N)cnc2c(C#N)cc(N[C@H](C3=CCN(C(C)(C)C)CN3)c3ccccc3)cc12
5949,8.414112618340164,Cc1ccccc1[C@H](Nc1cc(Cl)c2ncc(C#N)c(N[C@@H]3CCOC[C@@H]3C)c2c1)C1=CN(C(C)C)CC1
5950,8.477385017052285,Cc1ccccc1[C@H](Nc1cc(Cl)c2ncc(C#N)c(N[C@@H]3CCOC[C@@H]3C)c2c1)C1=CN(C(C)(C)C)CC1
5951,8.855620876511104,Cc1nc(F)ccc1C(Nc1cc(Cl)c2ncc(C#N)c(NCC(C)(C)C)c2c1)C1=CN(C(C)C)CC1
5952,8.870596059794156,Cc1nc(F)ccc1[C@H](Nc1cc(Cl)c2ncc(C#N)c(NCC(C)(C)C)c2c1)C1=CN(C(C)C)CC1
5953,9.26693649994838,CC(C)(C)Nc1c(C#N)cnc2c(Cl)cc(NC(C3=CN(C4CCCC4)NN3)c3ccccn3)cc12
5954,9.68579042421232,CC(C)(C)CNc1c(C#N)cnc2c(C#N)cc(N[C@H](C3=CN(C4CCCC4)NN3)c3ccccn3)cc12
5955,9.50009740595405,CC(C)(C)CNc1c(C#N)cnc2c(Cl)cc(N[C@H](C3=CN(C4(C)CC4)NN3)c3ccccn3)cc12
5956,9.43558440935408,CC(C)(C)CNc1c(C#N)cnc2c(Cl)cc(N[C@H](C3=CN(C4(CO)CC4)NN3)c3ccccn3)cc12
5957,9.242140704060432,CC(C)(C)CNc1c(C#N)cnc2c(C#N)cc(N[C@H](C3=CN(C4(C(N)=O)CCC4)CC3)c3ccccn3)cc12
5958,8.619027760625634,CC(C)(C)CNc1c(C#N)cnc2c(C#N)cc(N[C@@H](c3ccccc3)c3cn(C4(C(N)=O)CCC4)[nH]3)cc12
5959,9.340818009242488,CC(C)(C)CNc1c(C#N)cnc2c(Cl)cc(N[C@H](C3=CN(C4(C(N)=O)CCC4)NC3)c3ccccn3)cc12
5960,8.492379176931292,CC(C)(C)CNc1c(C#N)cnc2c(Cl)cc(N[C@H](C3=CN(C(C)(C)C)CC3)c3ccccn3)cc12
5961,9.424474210478552,CC(C)(C)CNc1c(C#N)cnc2c(F)cc(N[C@H](C3=CN(C4(C(N)=O)CCC4)NC3)c3ccccn3)cc12
5962,7.930000085668054,Cc1ccccc1C(Nc1cc(C#N)c2ncc(C#N)c(NCC(C)(C)C)c2c1)C1=CN(C(C)(C)C)CCC1
5963,8.82477773251425,Cc1ccccc1C(Nc1cc(C#N)c2ncc(C#N)c(NCC(C)(C)C)c2c1)C1=CN(C2(C#N)CCC2)NC1
5964,9.74770891609866,CC(C)(C)CNc1c(C#N)cnc2c(Cl)cc(N[C@H](C3=CN(C4(C#N)CCC4)NN3)c3ccccn3)cc12
5965,8.52982425043896,CC(C)(C)CNc1c(C#N)cnc2c(Cl)cc(N[C@@H](c3ccccc3)c3cn(C4(C#N)CCC4)[nH]3)cc12
5966,9.142527642919307,CC(C)(C)CNc1c(C#N)cnc2c(C#N)cc(N[C@H](C3=CN(C4CCCC4)COC3)c3ccccn3)cc12
5967,8.838104563047885,CC(C)(C)CNc1c(C#N)cnc2c(C#N)cc(N[C@H](C3=CN(C(C)(C)C)COC3)c3ccccn3)cc12
5968,9.33381137216769,CC(C)(C)CNc1c(C#N)cnc2c(Cl)cc(N[C@H](C3=CN(C4(C)COC4)NN3)c3ccccn3)cc12
5969,8.79696604051897,CC(C)(C)CNc1c(C#N)cnc2c(C#N)cc(N[C@H](C3=CN(C4CCCC4)C3)c3ccccn3)cc12
5970,8.561998428281335,CC(C)(C)CNc1c(C#N)cnc2c(C#N)cc(N[C@@H](c3ccccc3)c3cn(C4CCCC4)[nH]3)cc12
5971,8.23739532668128,Cc1ccccc1C(Nc1cc(C#N)c2ncc(C#N)c(NCC(C)(C)C)c2c1)C1=CN(C)CCN1
5972,8.804805724025696,Cc1nc(F)ccc1C(Nc1cc(Cl)c2ncc(C#N)c(NCC(C)(C)C)c2c1)c1cn(C(C)C)[nH]1
5973,8.704593185770445,Cc1nc(F)ccc1C(Nc1cc(Cl)c2ncc(C#N)c(NCC(C)(C)C)c2c1)C1=CCNCC1
5974,9.080766341433685,Cc1nc(F)ccc1C(Nc1cc(Cl)c2ncc(C#N)c(NCC(C)(C)C)c2c1)C1=CN(C(C)C)NC1
5975,9.213108423573477,Cc1nc(F)ccc1C(Nc1cc(Cl)c2ncc(C#N)c(N[C@H](CCC#N)c3ccccn3)c2c1)C1=NNCCN1
5976,9.03784377314054,Cc1nc(F)ccc1C(Nc1cc(Cl)c2ncc(C#N)c(N[C@H](CCC#N)c3ccccn3)c2c1)C1=CN(C)CC1
5977,8.16981019813887,Cc1ccccc1C(Nc1cc(C#N)c2ncc(C#N)c(NCC(C)(C)C)c2c1)C1=CN(C)NC1
5978,8.790346497245466,CC(C)(C)CNc1c(C#N)cnc2c(Cl)cc(N[C@@H](c3ccccn3)c3cn(CC(C)(C)C)c(=O)[nH]3)cc12
5979,8.426642376826107,CC(C)(C)CNc1c(C#N)cnc2c(Cl)cc(N[C@H](C3=CN(CC(C)(C)C)C(=O)NN3)c3ccccc3)cc12
5980,8.624996815108528,CC(C)(C)CNc1c(C#N)cnc2c(C#N)cc(N[C@@H](c3ccccn3)c3cn(CC(C)(C)C)[nH]3)cc12
5981,8.112800811114967,CC(C)(C)CNc1c(C#N)cnc2c(C#N)cc(N[C@@H](c3ccccc3)c3cn(CC(C)(C)C)[nH]3)cc12
5982,9.21225135992417,CC(C)(C)CNc1c(C#N)cnc2c(Cl)cc(N[C@H](C3=CN(CC(F)(F)F)NN3)c3ccccn3)cc12
5983,9.410888647835518,CC(C)(C)CNc1c(C#N)cnc2c(Cl)cc(N[C@H](C3=CN(CC(C)(C)C)NN3)c3ccccn3)cc12
5984,8.897760040624304,CC(C)(C)CNc1c(C#N)cnc2c(C#N)cc(N[C@H](C3=CN(CC(F)(F)F)NN3)c3ccccc3)cc12
5985,8.87206405379371,CC(C)(C)CNc1c(C#N)cnc2c(C#N)cc(NC(C3=CN(CC(F)(F)F)NN3)c3ccccc3)cc12
5986,9.292016973671762,CC(C)(C)CNc1c(C#N)cnc2c(Cl)cc(N[C@H](C3=CN(CC(F)F)NN3)c3ccccn3)cc12
5987,8.313688650315964,CC(C)(C)CNc1c(C#N)cnc2c(C#N)cc(N[C@@H](c3ccccc3)C3CCN(CC(C)(C)C)C(=O)N3)cc12
5988,8.64703474160653,CC(C)(C)CNc1c(C#N)cnc2c(C#N)cc(N[C@H](C3=CN(CC(C)(C)C)CC3)c3ccccn3)cc12
5989,8.45034170112597,CC(C)(C)CNc1c(C#N)cnc2c(Cl)cc(N[C@H](c3cn(CC(C)(C)C)c(=O)[nH]3)c3ccccc3N)cc12
5990,8.237230732808749,CC(C)(C)CNc1c(C#N)cnc2c(C#N)cc(N[C@H](C3=CCN(CC(C)(C)C)C(=O)N3)c3ccccc3)cc12
5991,7.842781123091824,CC(C)(C)CNc1c(C#N)cnc2c(C#N)cc(N[C@@H](c3ccccc3)C3CCN(CC(C)(C)C)CC3)cc12
5992,8.511950340703995,CC(C)(C)CNc1c(C#N)cnc2c(Cl)cc(N[C@H](C3=CCN(CC(C)(C)C)C(=O)NN3)c3ccccc3)cc12
5993,8.794787362870778,CC(C)(C)CNc1c(C#N)cnc2c(Cl)cc(N[C@H](C3=CCN(CC(C)(C)C)N3)c3ccccn3)cc12
5994,9.469119829109195,CC(C)(C)CNc1c(C#N)cnc2c(C#N)cc(N[C@H](C3=CN(CC(C)(C)C)NN3)c3ccccn3)cc12
5995,8.70704764195964,CC(C)(C)CNc1c(C#N)cnc2c(Cl)cc(N[C@H](C3=CN(CC(C)(C)C)NN3)c3ccccc3)cc12
5996,8.944250987731566,Cc1cccc(CN2C=C(C(Nc3cc(C#N)c4ncc(C#N)c(NCC(C)(C)C)c4c3)c3ccccc3N)NN2)c1
5997,9.63554651594153,Cc1nc(F)ccc1C(Nc1cc(Cl)c2ncc(C#N)c(NCC(C)(C)C)c2c1)C1=CN(CCO)NN1
5998,8.747255214178727,CN(C)c1c(C#N)cnc2c(Cl)cc(N[C@H](C3=CN(CCCO)NN3)c3ccccn3)cc12
5999,8.683940212468038,CC(C)(C)CNc1c(C#N)cnc2c(C#N)cc(N[C@@H](c3ccccn3)c3n[nH]c(=O)[nH]3)cc12
6000,8.939915356235119,Cc1nc(F)ccc1C(Nc1cc(C#N)c2ncc(C#N)c(NCC(C)(C)C)c2c1)c1n[nH]n(C)c1=O
6001,8.918162937401338,CC(C)(C)CNc1c(C#N)cnc2c(Cl)cc(N[C@@H](C3=CN(C4CCCC4)NC3)c3ccccn3)cc12
6002,8.44452534628562,Cc1ncccc1C(Nc1cc(Cl)c2ncc(C#N)c(NCC(C)(C)C)c2c1)c1ccc(F)nc1C
6003,8.204731807251463,CN1C=C(C(Nc2cc(Cl)c3ncc(C#N)c(NCC(C)(C)C)c3c2)c2ccccc2)NNC1=O
6004,8.646727824440008,CN1C=C(C(Nc2cc(Cl)c3ncc(C#N)c(NCC(C)(C)C)c3c2)c2ccccn2)NNC1=O
6005,8.930821535032482,Cc1nc(F)ccc1C(O)(Nc1cc(Cl)c2ncc(C#N)c(N[C@H](CCC#N)c3ccccc3)c2c1)C1=NCCN1
6006,8.976297909995692,Cc1nc(F)ccc1C(O)(Nc1cc(Cl)c2ncc(C#N)c(N[C@@H](CCC#N)c3ccccn3)c2c1)C1=CN(C)C1
6007,9.139945342268904,Cc1nc(F)ccc1C(Nc1cc(C#CC(C)(C)O)c2ncc(C#N)c(NCC(C)(C)C)c2c1)C1=CN(C)C1=O
6008,8.839072839542965,CC(C)(C)Nc1c(C#N)cnc2c(Cl)cc(NC(C3=CN(C4CCCC4)NC3)c3ccccn3)cc12
6009,8.910324068478277,CC(C)(C)CNc1c(C#N)cnc2c(Cl)cc(NC(C3=CN(C4CCCC4)NC3)c3ccccn3)cc12
6010,8.836939594744054,Cc1nc(F)ccc1C(Nc1cc(Cl)c2ncc(C#N)c(N[C@H](CCC#N)c3ccccn3)c2c1)c1cn(C)[nH]1
6011,8.433948435160573,COc1ccc(C(Nc2cc(Cl)c3ncc(C#N)c(NCC(C)(C)C)c3c2)c2cccnc2)cn1
6012,8.429215525112626,COc1ccc(C(Nc2cc(Cl)c3ncc(C#N)c(NCC(C)(C)C)c3c2)c2ccccn2)cn1
6013,8.627993137585173,COc1ccc(C(Nc2cc(Cl)c3ncc(C#N)c(NCC(C)(C)C)c3c2)c2ccc(OC)nc2C)cn1
6014,9.507744688468343,CC(C)(C)CNc1c(C#N)cnc2c(Cl)cc(NC(C3=CN(C4CCCC4)NN3)c3ccncc3)cc12
6015,9.475185912631822,CC(C)(C)CNc1c(C#N)cnc2c(Cl)cc(NC(C3=CN(C4CCCC4)NN3)c3ccccn3)cc12
6016,9.669903913599189,Cc1c([C@@H](Nc2cc(Cl)c3ncc(C#N)c(NCC(C)(C)C)c3c2)C2=CN(C(C)C)NN2)ccc(=O)n1C
6017,7.948351184679625,Cc1c([C@@H](Nc2cc(Cl)c3ncc(C#N)c(NCC(C)(C)C)c3c2)c2ccc(F)cc2)ccc(=O)n1C
6018,9.062026462274554,CC(C)(C)CNc1ncnc2c(Cl)cc(N[C@@H](c3cccc(C#N)c3)c3cn(C4CC4)nn3)cc12
6019,8.184605591648564,CC(C)(C)CNc1ncnc2c(Cl)cc(N[C@H](c3cccc(Cl)c3)c3cccc(C#N)c3)cc12
6020,8.449915663408124,COc1cc2c(Nc3cccc(Cl)c3C)ncnc2cc1O[C@@H]1CCO[C@H]1C
6021,8.448861935144597,COc1cc2c(Nc3cccc(Cl)c3C)ncnc2cc1O[C@H]1CC[C@H](N(C)C)CC1
6022,9.39180878768304,Cc1c(Cl)cccc1Nc1c(-c2ccncc2OCCN2CCN(C)CC2)[nH]c2c1C(=O)NCC2
6023,7.009924772090623,Cc1c(Cl)cccc1Nc1c(-c2ccncc2)[nH]c2c1C(=O)CCC2
6024,7.24842834692644,Cc1c(Cl)cccc1Nc1c(-c2ccncc2)[nH]c2c1C(=O)NCC2
6025,9.49497410576597,Cc1cccc(Nc2c(-c3ccncc3OCCN3CCOCC3)[nH]c3c2C(=O)NCC3)c1C
6026,9.422184316939788,Cc1c(Cl)cccc1Nc1c(-c2ccncc2OCCN2CCNCC2)[nH]c2c1C(=O)NCC2
6027,8.549945171941562,COc1cc2c(Nc3cccc(Cl)c3C)ncnc2cc1O[C@@H]1CCN(C)[C@H]1C
6028,8.407492470835848,COc1cc2c(Nc3cccc(Cl)c3C)ncnc2cc1OC1CCOCC1
6029,7.0850029990773855,Cc1ccccc1Nc1c(-c2ccncc2)[nH]c2c1C(=O)NC(C)(C)C2
6030,7.977234633749766,CC1(C)Cc2[nH]c(-c3ccnc(NC(=O)c4ccccc4)c3)c(Nc3ccccc3)c2C(=O)N1
6031,9.66386030833996,Cc1c(F)cccc1Nc1c(-c2ccncc2OCCN2CCN(C)CC2)[nH]c2c1C(=O)NCC2
6032,9.009956564763584,Cc1ccccc1Nc1c(-c2ccncc2OCCN2CCCC2)[nH]c2c1C(=O)NCC2
6033,10.004156977637365,Cc1c(F)cccc1Nc1c(-c2ccncc2OCCN2CCOCC2)[nH]c2c1C(=O)NCC2
6034,9.567685977270099,Cc1c(F)cccc1Nc1c(-c2ccncc2OCCN2CCNCC2)[nH]c2c1C(=O)NCC2
6035,7.514649099915473,Cc1c(F)cccc1Nc1c(-c2cccnc2)[nH]c2c1C(=O)NCC2
6036,7.467917975479236,CNC(=O)c1nc(-c2ccc(Cl)c(S(=O)(=O)Nc3ccccc3)c2)cnc1N
6037,8.099923155717006,CNC(=O)c1nc(-c2ccc(Cl)c(S(=O)(=O)Nc3cccc(F)c3Cl)c2)cnc1N
6038,6.991206144282423,CCn1cc(-c2cccc(NC(=O)c3ccc(N(C)C)cc3)c2C)cc(Nc2ccc(C(=O)N(C)C)c(N)c2)c1=O
6039,6.817858720181141,CCn1cc(-c2cccc(NC(=O)c3ccc(N(C)C)cc3)c2C)cc(Nc2ccc(C(=O)N(C)C)cc2)c1=O
6040,7.1791600065050964,Cc1c(Nc2ccc(C(=O)Nc3cc4c(s3)CCCC4)cc2)cc(-c2ccc(C(=O)NCCO)cc2)c(=O)n1C
6041,7.256740406852137,Cc1c(Nc2ccc(C(=O)Nc3cc4c(s3)CCCC4)cc2)cc(-c2cccc(NC(=O)CO)c2)c(=O)n1C
6042,8.361059167542876,COc1ccc(-c2nc3ccccn3c2-c2ccnc(Nc3cccc(N4CCN(C)CC4)c3)n2)cc1C(=O)Nc1ccccc1
6043,8.54574505548403,CN1CCN(Cc2cccc(Nc3nccc(-c4c(-c5cccc(C(N)=O)c5)nc5ccccn45)n3)c2)CC1
6044,8.55266208339575,CN1CCN(Cc2cccc(Nc3nccc(-c4c(-c5cccc(S(N)(=O)=O)c5)nc5ccccn45)n3)c2)CC1
6045,8.106921721075553,Cc1cccc(Nc2nccc(-c3c(-c4cccc(C(=O)Nc5c(F)cccc5F)c4)nc4ccccn34)n2)c1
6046,8.19588841566973,Cn1cncc1C(Nc1cc(Cl)c2ncc(C#N)c(Nc3cccc(Cl)c3F)c2c1)c1ccccc1
6047,8.733057974482444,Cc1nc(C(Nc2cc(Cl)c3ncc(C#N)c(Nc4cccc(Cl)c4F)c3c2)c2cn(C)nc2C)c(C)[nH]1
6048,8.291030733775056,CC(C)N1C=C([C@@H](Nc2cc(Cl)c3ncc(C#N)c(N[C@H](C)c4ccccc4)c3c2)c2ccccc2)NNC1
6049,7.9452507013694085,CC(C)N1C=C([C@@H](Nc2cc(Cl)c3ncc(C#N)c(N[C@H](C)c4ccccc4)c3c2)c2ccccc2)NN(C)C1=O
6050,8.630900274640336,CC(C)N1C=C([C@@H](Nc2cc(Cl)c3ncc(C#N)c(Nc4cccc(Cl)c4F)c3c2)c2ccccc2)NNC1
6051,8.529708358696272,CC(C)N1C=C([C@@H](Nc2cc(Cl)c3ncc(C#N)c(Nc4cccc(Cl)c4)c3c2)c2ccccc2)NNC1
6052,8.729348134099657,Cc1ncccc1[C@H](Nc1cc(Cl)c2ncc(C#N)c(N[C@H](CCC#N)c3ccccc3)c2c1)c1nn(C(C)C)[nH]1
6053,8.806339135947358,Cc1ncccc1C(Nc1cc(Cl)c2ncc(C#N)c(N[C@H](CCC#N)c3ccccc3)c2c1)C1=CN(C)NC1
6054,8.67795896930894,Cc1ncccc1C(Nc1cc(Cl)c2ncc(C#N)c(N[C@H](C)c3ccccc3)c2c1)C1=CNCCN1
6055,8.525071255090369,Cc1ncccc1C(Nc1cc(Cl)c2ncc(C#N)c(N[C@H](C)c3ccccc3)c2c1)C1=CN(C(C)C)CC1
6056,7.925766232041001,Cc1ncccc1C(Nc1cc(Cl)c2ncc(C#N)c(Nc3ccc(Cl)c(Cl)c3)c2c1)c1ccccn1
6057,7.971742331594082,Cc1ncccc1C(Nc1cc(Cl)c2ncc(C#N)c(Nc3ccc(Cl)c(Cl)c3)c2c1)c1cccnc1
6058,8.345912391489502,Cc1ncccc1C(Nc1cc(Cl)c2ncc(C#N)c(Nc3ccc(F)c(Cl)c3)c2c1)c1cccnc1
6059,8.705414263986867,Cc1ncccc1C(Nc1cc(Cl)c2ncc(C#N)c(Nc3ccc(F)c(Cl)c3)c2c1)C1=CCNCC1
6060,8.400438991072312,Cc1ncccc1C(Nc1cc(Cl)c2ncc(C#N)c(Nc3cccc(Cl)c3)c2c1)C1=CCNCC1
6061,8.058129592725939,Cc1ncccc1C(Nc1cc(Cl)c2ncc(C#N)c(Nc3cccc(Cl)c3)c2c1)c1cccnc1
6062,9.627357889429788,Cc1ncccc1C(Nc1cc(Cl)c2ncc(C#N)c(N[C@H](C)c3ccccc3)c2c1)C1=CN(C2CCC2)NN1
6063,8.843304862849823,C[C@H](Nc1cc(Cl)c2ncc(C#N)c(N[C@H](C3=CN(C4CCCC4)NN3)c3ccccc3)c2c1)c1ccccc1
6064,8.114981372225419,Cc1cc(CNc2cc(Cl)c3ncc(C#N)c(Nc4ccc(F)c(Cl)c4)c3c2)nc(C)n1
6065,8.42048555332911,Cc1cc(C(Nc2cc(Cl)c3ncc(C#N)c(N[C@H](C)c4ccccc4)c3c2)c2c[nH][nH]2)cc(C)n1
6066,7.660482393487725,N#Cc1cnc2c(Cl)cc(NC(c3ccccc3)c3ccncc3)cc2c1N[C@H](CO)c1ccccc1
6067,7.736340818027659,N#Cc1cnc2c(Cl)cc(NC(c3ccccc3)c3ccncc3)cc2c1N[C@H](CO)Cc1ccccc1
6068,7.8451084552206245,N#Cc1cnc2c(Cl)cc(NC(c3ccccc3)c3ccncc3)cc2c1NCCO
6069,7.827423856889014,N#Cc1cnc2c(Cl)cc(NC(c3ccccc3)c3ccncc3)cc2c1NCCCO
6070,7.346582517498292,N#Cc1cnc2c(Cl)cc(NC(CCO)c3ccccc3)cc2c1Nc1ccc(Cl)c(Cl)c1
6071,7.868751783908699,N#Cc1cnc2c(Cl)cc(NC(CCO)c3cccnc3)cc2c1Nc1ccc(Cl)c(Cl)c1
6072,8.893553722535094,N#Cc1cnc2c(Cl)cc(NC(C3=CNNC3)c3cccnc3)cc2c1Nc1cccc(Cl)c1F
6073,8.34233988108839,N#Cc1cnc2c(Cl)cc(NC(C3=CNNC3)c3ccccc3)cc2c1Nc1cccc(Cl)c1F
6074,7.532294359670976,N#Cc1cnc2c(Cl)cc(NC(CCO)c3ccccc3)cc2c1Nc1ccc(F)c(Cl)c1
6075,8.466198950794054,N#Cc1cnc2c(Cl)cc(NC(C3=CNNC3)c3ccccc3)cc2c1Nc1ccc(F)c(Cl)c1
6076,8.03213271925223,N#Cc1cnc2c(Cl)cc(NC(CCO)c3ccccc3)cc2c1Nc1cnc(F)c(F)c1
6077,8.426437778311564,N#Cc1cnc2c(Cl)cc(N[C@@H](C(=O)NC3CC3)c3cccnc3)cc2c1Nc1ccc(F)c(F)c1
6078,8.31547357396184,N#Cc1cnc2c(Cl)cc(NC(c3cccnc3)c3c[nH][nH]3)cc2c1Nc1cccc(Cl)c1
6079,8.188588499653147,N#Cc1cnc2c(Cl)cc(NC(C3=CNNC3)c3ccccc3)cc2c1Nc1cccc(Cl)c1
6080,9.522729987173399,CC(C)(C)CNc1c(C#N)cnc2c(Cl)cc(N[C@@H](C3=CN(C4CCCC4)NN3)c3cccnc3)cc12
6081,11.53507083520577,CCn1cc(-c2ncnc3oc(-c4cccnc4)cc23)c(-c2ccc(F)cc2)n1
6082,8.302446127196665,CCOC(=O)CCCn1c(=O)oc2cc3ncnc(Nc4ccc(OCc5ccccn5)c(Cl)c4)c3cc21
6083,8.420790908817356,O=c1oc2cc3ncnc(Nc4cccc(OCc5ccccn5)c4)c3cc2n1CCCN1CCOCC1
6084,8.624791238194687,O=c1oc2cc3ncnc(Nc4ccc(OCc5ccccn5)c(Cl)c4)c3cc2n1CCCN1CCOCC1
6085,8.534017206568786,Cc1c([C@@H](Nc2cc(Cl)c3ncc(C#N)c(NCC(C)(C)C)c3c2)c2cc[nH]c(=O)c2)cc[nH]c1=O
6086,9.62110148937867,Cc1c([C@@H](Nc2cc(Cl)c3ncc(C#N)c(NCC(C)(C)C)c3c2)C2=CN(C(C)(C)C)NN2)cc[nH]c1=O
6087,8.082880549910056,COc1cc(N(C)CCN(C)C)c(F)cc1Nc1ncc(Cl)c(-c2cnn(C)c2)n1
6088,8.169111677004544,COc1cc(N2CCC(N(C)C)CC2)ccc1Nc1ncc(Cl)c(-c2cnn(C)c2)n1
6089,8.395023474453936,COc1cc(N2CCC(N(C)C)CC2)c(F)cc1Nc1ncc(Cl)c(-c2cnn(C)c2)n1
6090,8.236558750885683,CN1CCC(c2ccc3c(c2)nc(NC(=O)c2ccc(Br)s2)n3CC(C)(C)O)CC1
6091,7.964974659962206,CN1CCN(c2ccc3c(c2)nc(NC(=O)c2ccc(Br)s2)n3CC(C)(C)O)CC1
6092,8.135646218420176,O=C(Nc1nc2ccccc2n1C1CCCC1)c1ccc(Cl)c(-n2cccn2)c1
6093,9.031453963155013,CC(C)(O)Cn1c(NC(=O)c2ccnc(-c3cnn(CCO)c3)c2)nc2ccccc21
6094,8.416058035488522,CC(C)(O)Cn1c(NC(=O)c2ccnc(-c3cnn(CC(F)(F)F)c3)c2)nc2ccccc21
6095,8.778198615640742,Cc1oc2ncnc(N[C@@H](CO)c3ccccc3)c2c1-c1ccccc1
6096,8.641806562008481,Cc1oc2ncnc(N[C@H](CO)c3ccccc3)c2c1-c1cccc(Cl)c1
6097,8.282024742310675,O=C(O)c1cc2c(Nc3ccc(OCc4cccc(F)c4)c(Cl)c3)ncnc2s1
6098,8.426710010768655,O=C(O)c1coc2ncnc(Nc3ccc(OCc4cccc(F)c4)c(Cl)c3)c12
6099,7.295008945343982,Cc1oc2ncnc(Nc3cccc(C#N)c3)c2c1C(=O)O
6100,7.572440207995237,Cc1oc2ncnc(Nc3cccc(F)c3)c2c1C(=O)O
6101,8.145781439364123,Cc1oc2ncnc(Nc3cccc(Cl)c3)c2c1C(=O)Nc1ccccc1
6102,8.452457552238073,Cc1oc2ncnc(Nc3cccc(Cl)c3)c2c1C(=O)NCCN1CCOCC1
6103,7.575705496819361,Cc1oc2ncnc(Nc3ccc(F)cc3)c2c1C(=O)O
6104,8.726623866671812,Cc1sc2ncnc(N[C@@H](CO)c3ccccc3)c2c1-c1ccccc1
6105,8.537536137652737,Cc1sc2ncnc(N[C@H](CO)c3ccccc3)c2c1-c1cccc(Cl)c1
6106,7.7408206041166965,COc1ccc2c(c1)c(CC(=O)OCCOc1cc3ncnc(Nc4ccc(F)cc4)c3cc1OC)c(C)n2C(=O)c1ccccc1
6107,7.712050406339237,COc1ccc2c(c1)c(CC(=O)OCCOc1cc3ncnc(Nc4cccc(C)c4)c3cc1OC)c(C)n2C(=O)c1ccccc1
6108,6.706797207815892,Cc1c(C(=O)c2ccc(Cl)cc2)c2ccccc2n1Cc1ccc(O[C@@H](C)C(=O)O)cc1
6109,6.877120591815392,Cc1c(C(=O)c2ccc(Cl)cc2)c2cc(F)ccc2n1Cc1ccc(O[C@@H](C)C(=O)O)cc1
6110,8.194890848733367,Cc1ccc2cnc(Nc3ccc(N4CCN(C)CC4)cc3)nc2c1-c1cccc(CO)c1
6111,8.498330987605984,Cc1ccc2cnc(Nc3ccc(N4CCN(C)CC4)cc3)nc2c1-c1cccc(NC(=O)CCN)c1
6112,7.8938372527848815,Cc1nc(-c2ccccc2Cl)cc2c1cnn2-c1cc2c(c(C(C)C)n1)CCN(C)C2
6113,8.034740509961528,Cc1nc(-c2ccccc2Cl)cc2c1cnn2-c1cc2c(c(C(C)C)n1)CCN(C)C2=O
6114,8.481194500173332,Cc1c(C)n(C)c2c(N3CCOCC3)nc(-c3cnn4c(C)nc(-c5ccccc5)cc34)cc12
6115,8.269426669428041,Cc1nn2c(C)nc(-c3ccccc3)cc2c1-c1cc2c(C)c(C)n(C)c2c(N2CCOCC2)n1
6116,7.672266345011882,Cc1c(C(=O)N(C)C)n(C)c2c(N3CCOCC3)nc(-n3ncc(C(=O)NC4CC4)c3C)cc12
6117,10.524188931415996,Cc1nc(-c2cccnc2)cc2c1cnn2-c1nn(C)c2c(C)nc(N3CCOCC3)cc12
6118,9.014609277912918,Cc1c(C(=O)N2CCOCC2)n(C)c2c(N3CCOCC3)nc(-c3cnn4c(C)nc(-c5ccccc5)cc34)cc12
6119,8.50724212111456,Cc1c(C(=O)N2CCOCC2)sc2c1cc(-n1ncc3cc(N4CCOCC4)nc(C)c31)n2C
6120,8.086577155535421,Cc1c(C(=O)N2CC[C@H](O)C2)c(C)n(-n2ncc3c2cc(-c2ccc(Cl)cc2)n3C)c1C
6121,8.182979545838514,Cc1c(C(=O)N2CC[C@H](O)C2)c(C)n(-n2ncc3c(C)nc(-c4ccccc4Cl)cc32)c1C
6122,8.365280926037773,Cc1c(C(=O)N2CCC(O)CC2)c(C)n(-n2ncc3c(C)nc(-c4ccccc4Cl)cc32)c1C
6123,8.668157112142364,Cc1c(C(=O)N2CCC(O)CC2)c(C)n(-n2ncc3c(C)nc(-c4ccc(F)cc4)cc32)c1C
6124,7.444572179903977,Cc1c(C(=O)N2CCN(C)CC2)c(C)n(-c2cc3c(cn2)c(C)c(C)n3C)c1C
6125,7.335005664303165,Cc1c(C(=O)N2CCN(C)CC2)c(C)n(-c2cc3c(cn2)c(C)nn3C)c1C
6126,7.235685688325457,CC(=O)N1CCN(C(=O)c2c(C)cc3c(cnn3-c3ccc(F)cc3)c2C)CC1
6127,7.523561898193307,CC(=O)N1CCN(C(=O)c2c(C)cc3c(cnn3-c3ccc(F)cc3F)c2C)CC1
6128,8.474505217151567,CC(C)c1nc(-n2ncc3c2CCCC3)cc2c1c(C(=O)N1CCN(C3COC3)CC1)c(C(C)C)n2C
6129,8.29560592495864,Cc1c(C(=O)N2CCN(C3COC3)CC2)c2c(C(C)C)nc(-n3ncc4c3CCCC4)cc2n1C
6130,7.902322561186691,Cc1c(C(=O)N2CCN(C)CC2)c2c(C(C)C)nc(-n3ncc4c3CCCC4)cc2n1C
6131,7.006850644324125,Cc1c(C(=O)N2CCNCC2)c(C)n(-n2ncc3c2CCC(C)(C)C3)c1C
6132,7.038601123971105,Cc1c(C(=O)N2CCNCC2)c(C)n(-n2ncc3c2CC(C)(C)N3C)c1C
6133,8.061436317127551,Cc1c(C(=O)N2CCOCC2)c(C)n(-n2ncc3c2CCN(c2ccc(F)cc2)C3)c1C
6134,8.05701550651523,Cc1c(C(=O)N2CCOCC2)c(C)n(-n2ncc3c2CCN(c2ccc(Cl)cc2)C3)c1C
6135,9.591189880154474,Cc1nc(-c2c[nH]ccc2=O)cc2c1cnn2-c1cc2c(c(C(C)C)n1)c(C)c(C(=O)N(C)C)n2C
6136,9.871495136896757,Cc1nc(-c2c[nH]ccc2=O)cc2c1cnn2-c1cc2c(c(C(C)C)n1)c(C)c(C(=O)N1CCCC1)n2C
6137,6.797769465270257,Cc1nc2cc(-c3ccc(Cl)cc3)nn2cc1C(=O)N(C)C
6138,6.741073194544693,Cc1nc2cc(-c3ccc(Cl)nc3)nn2cc1C(=O)N(C)C
6139,8.338436564169081,CON(C)C(=O)c1c(C)c2c(cc(-n3ncc4cc(-c5ccccc5)ccc43)n2C)n1C
6140,7.425204354072934,Cc1c(C(=O)N2CC(F)(F)C2)c(C)n(-c2cc3c(cnn3C)c(C)n2)c1C
6141,7.178583951487003,Cc1c(C(=O)N2CCCC2)c(C)n(-n2ncc3c2CCN(C(=O)OC(C)(C)C)C3)c1C
6142,7.0150348280497345,Cc1c(C(=O)N2CCCC2)c(C)n(-n2ncc3c2CCN(C(=O)C2CC2)C3)c1C
6143,7.238158838701614,Cc1c(C(=O)N2CCOCC2)c(C)n(-n2ncc3c2CCN(C(=O)C2CC2)C3)c1C
6144,7.482099683074144,Cc1c(C(=O)N(C)C)c(C2CCCO2)nn1-c1cc2c(cn1)c(Cl)c(C)n2C
6145,8.380646191284587,Cc1c(C(=O)N(C)C)c(C2CCCO2)nn1-c1cc2c(cn1)c(Cl)nn2-c1ccccc1
6146,7.815423687651271,Cc1c(C(=O)N2CCCC2)c(C2CCCO2)nn1-c1ccc(-c2ccncc2)cc1
6147,7.08771712124749,Cc1c(C(=O)N2CCCC2)c(C2CCCO2)nn1-c1ccc(C(N)=O)cc1
6148,8.380296324412772,Cc1c(C(=O)N2CCCC2)c(C2CCOCC2)cc2c(-n3ncc4c3CCN(C(C)C)C4)n(C)c(C)c12
6149,9.343249447718884,Cc1nc(-c2ccccc2)cc2c1cnn2-c1cc2c(c(N3CC4(CCCO4)C3)n1)c(C)c(C(=O)N(C)C)n2C
6150,7.543071965576076,Cc1c(C(=O)N2CCCC2)c(C)n(-c2cc3c(c(N4CC5(CCCO5)C4)n2)CCC3)c1C
6151,7.776343331775783,Cc1c(C(=O)N(C)C)n(C)c2cc(-n3nc(C4CC4)c(C(=O)N(C)C)c3C)nc(N3CCOCC3)c12
6152,7.390205836886381,Cc1c(C(=O)N(C)C)n(C)c2cc(-n3nc(C4CC4)c(C(=O)N(C)C)c3C)ncc12
6153,8.577101114491823,Cc1nc(N(C)CCO)cc2c1cnn2-c1cc2c(c(N3CCOCC3)n1)c(C)c(C(=O)N(C)C)n2C
6154,8.802353631712718,Cc1nc(N(C)CCO)cc2c1cnn2-c1cc2c(c(N3CCOCC3)n1)c(C)c(C(=O)N(C)CCO)n2C
6155,8.386096143975536,Cc1c(C(=O)N2CC(F)(F)C2)c(C)n(-c2cc3c(cnn3-c3ccccc3)c(C)n2)c1C
6156,9.50612004182257,Cc1nc(-c2ccncc2)cc2c1cnn2-c1cc2c(C(=O)N3CCC3)c(C)n(C)c2n1C
6157,9.523976597681944,Cc1nc(-c2cccnc2)cc2c1cnn2-c1cc2c(C(=O)N3CCC3)c(C)n(C)c2n1C
6158,7.913605957643583,Cc1c(C(=O)N2CCCC2)c(C)n(-n2ncc3c2CCN(c2ccc(F)cc2)C3)c1C
6159,8.238664121796955,Cc1nc(N(C)C)cc2c1cnn2-c1cc2c(c(N3CCOCC3)n1)c(C)c(C(=O)O)n2C
6160,6.922218970638575,Cc1nc(C)c(/C=C2\CN(C)C/C(=C\c3ccccc3)C2=O)nc1C
6161,7.417236422061893,Cc1nc(C)c(/C=C2\CN(C)C/C(=C\c3cccc([N+](=O)[O-])c3)C2=O)nc1C
6162,7.50341831417718,Cc1nc(C)c(/C=C2\CN(C(C)C)CC(=Cc3ccc(F)cc3)\C2=N\O)nc1C
6163,7.480107788093733,COc1ccc(C=C2CN(C(C)C)CC(=C\c3nc(C)c(C)nc3C)/C2=N/O)cc1OC
6164,7.346939075905524,Cc1nc(C)c(/C=C2\CN(C)CC(=Cc3ccccc3)\C2=N/O)nc1C
6165,7.465476878504906,Cc1nc(C)c(/C=C2\CN(C)CC(=Cc3ccc(Cl)cc3)\C2=N/O)nc1C
6166,6.8411540505656045,Cc1nc(C)c(/C=C2\CN(C(C)C)C/C(=C\c3ccccc3)C2=O)[nH]1
6167,7.38537743521413,Cc1nc(C)c(/C=C2\CN(C(C)C)C/C(=C\c3ccc(N(C)C)cc3)C2=O)nc1C
6168,7.489465666681479,Cc1nc(C)c(/C=C2\CN(C(C)C)C/C(=C\c3nc(C)c(C)nc3C)C2=NO)nc1C
6169,7.589101333603344,Cc1nc(C)c(/C=C2\CN(C(C)C)C/C(=C\c3nc(C)c(C)nc3C)C2=N)nc1C
6170,7.346939075905524,Cc1nc(C)c(/C=C2\CN(C)C/C(=C\c3ccccc3)C2=NO)nc1C
6171,7.474547389453458,Cc1nc(C)c(/C=C2\CN(C)C/C(=C\c3ccc(N(C)C)cc3)C2=N)nc1C
6172,7.804426349653737,Cc1nc(C)c(/C=C2\CN(C(C)C)C/C(=C\c3nc(C)c(C)nc3C)C2=O)nc1C
6173,7.480994076391919,Cc1nc(C)c(/C=C2\CN(C(C)C)C/C(=C\c3nc(C)c(C)[nH]3)C2=O)nc1C
6174,7.471575025214192,Cc1nc(C)c(/C=C2\CN(C)C/C(=C\c3cn(C)c4ccccc34)C2=O)nc1C
6175,7.224979514227889,Cc1nc(C)c(/C=C2\CN(C)C/C(=C\c3ccccn3)C2=O)nc1C
6176,8.529422895542368,COc1ccc(NC(=O)CN2CCOCC2)cc1Nc1cc(-c2nc(SC)[nH]c2C)ccn1
6177,8.403505234921804,COc1ccc(NC(=O)CN2CCCCC2)cc1Nc1cc(-c2nc(SC)[nH]c2C)ccn1
6178,9.414589799603037,CC(C)(C)CNc1c(C#N)cnc2c(Cl)cc(N[C@H](C3=CN(C4(C)CC4)NN3)c3nccs3)cc12
6179,9.367411687454238,CC(C)(C)CNc1c(C#N)cnc2c(Cl)cc(N[C@H](C3=CN(C4CCCC4)NN3)c3nccs3)cc12
6180,8.772044642112105,Cc1nc([C@H](Nc2cc(Cl)c3ncc(C#N)c(Nc4ccc(F)c(Cl)c4)c3c2)C2=CNCC2)no1
6181,8.844625917636872,Cc1nc([C@H](Nc2cc(Cl)c3ncc(C#N)c(Nc4ccc(F)c(Cl)c4)c3c2)C2=CNCC2)[nH]c1C
6182,8.246320358513582,Cc1ncnc(Nc2ccc(OCc3cccc(F)c3)c(Cl)c2)c1C
6183,8.654120644390504,Cc1ncnc(Nc2ccc(OCc3cccc(F)c3)c(Cl)c2)c1C#CCN1CCN(CCO)CC1
6184,9.00825746300383,Cc1cc(N[C@H](C2=CCN(C3CCOCC3)CC2)c2ncco2)cc2c(Nc3ccc(F)c(Cl)c3)c(C#N)cnc12
6185,8.746278213712145,Cc1nc(C(Nc2cc(Cl)c3ncc(C#N)c(Nc4ccc(F)c(Cl)c4)c3c2)C2=CNCC2)co1
6186,9.410632347064002,CC(C)(C)CNc1c(C#N)cnc2c(C#N)cc(N[C@H](C3=CN(C4CCCC4)NN3)c3nccs3)cc12
6187,8.92469535006417,CC(C)(C)CNc1c(C#N)cnc2c(C#N)cc(N[C@H](C3=CN(CCO)CC3)c3nccs3)cc12
6188,9.355665217685303,CC(C)(C)CNc1c(C#N)cnc2c(Cl)cc(NC(C3=CN(C4CCCC4)NN3)c3nccs3)cc12
6189,6.974031395145977,Cc1c(C(=O)/C=C/c2ccccc2)nnn1-c1ccc(F)cc1
6190,7.045677143853548,Cc1c(C(=O)/C=C/c2ccccc2)nnn1-c1ccccc1F
6191,8.609807643568415,Cc1nc2c(F)cc(-c3ccnc(Nc4ccc(N5CCN(C)CC5)c(Cl)c4)n3)cn2c1C
6192,8.401179713941017,Cc1nc2c(F)cc(-c3ccnc(Nc4ccc(N5CCN(C)CC5)cc4)n3)cn2c1C
6193,8.815305680678424,C=CC(=O)Nc1cc(Nc2ncc(F)c(-c3cc(F)c4nc(C)c(C(=C)C)n4c3)n2)c(OC)cc1N(C)C
6194,8.859548233763192,C=CC(=O)Nc1cc(Nc2ncc(F)c(-c3cc(F)c4nc(C)c(C(C)=O)n4c3)n2)c(OC)cc1N(C)C
6195,8.791228167749491,COc1cc(N2CCN(C)CC2)ccc1Nc1ncc(F)c(-c2cc(F)c3nc(C)c(C(C)C)n3c2)n1
6196,8.695037357317586,COc1cc(N2CCN(C)CC2)ccc1Nc1ncc(F)c(-c2ccc3nc(C)c(C)n3c2)n1
6197,8.665860505601378,COc1cc(N2CCN(C)CC2)ccc1Nc1nccc(-c2cc(F)c3nc(C)c(C)n3c2)n1
6198,8.666410463672177,COc1cc(N2CCN(C)CC2)ccc1Nc1ncc(F)c(-c2ccc3nccn3c2)n1
6199,8.70343232624864,COc1cc(N2CCN(C)CC2)ccc1Nc1ncc(F)c(-c2ccc3ncc(C)n3c2)n1
6200,7.754596420627779,Cc1[nH]c(/C=C2\C(=O)Nc3ccc(S(=O)(=O)Cc4ccc(F)cc4)cc32)c(C)c1C(=O)N1CCCC1
6201,7.609278145027207,Cc1[nH]c(/C=C2\C(=O)Nc3ccc(S(=O)(=O)Cc4ccccc4)cc32)c(C)c1C(=O)N1CCCC1
6202,6.367836053836553,Cc1c(C(=O)c2ccccc2)[nH]c(-c2ccccc2)c1-c1ccccc1
6203,6.490747258652437,Cc1c(C(=O)c2ccc(O)cc2)[nH]c(-c2ccccc2)c1-c1ccccc1
6204,6.81876838082791,O=C(c1ccc(-c2ccccc2)[nH]1)c1coc2c1cc(O)c1ccccc12
6205,6.922508557090893,Cc1cc(C(=O)O)[nH]c1/C=C1\C(=O)Nc2ccc(C(=O)NNc3ccccc3)cc21
6206,6.803956614224572,Cc1[nH]c(/C=C2\C(=O)Nc3ccc(C(=O)NNc4ccccc4)cc32)c(C)c1CC(=O)O
6207,7.188461977024693,Cc1c(C(=O)NC(CO)Cc2ccccc2)[nH]c2ccc(Cl)cc12
6208,7.02685798083767,Cc1c(C(=O)NC(CO)Cc2ccccc2)[nH]c2ccc(F)cc12
6209,7.716265282617042,Cc1c(C(=O)NCCc2ccc(N3CCCCC3)cc2)[nH]c2ccc(Cl)cc12
6210,7.72389104725366,CCc1c(C(=O)NCCc2ccc(N3CCCCC3)cc2)[nH]c2ccc(Cl)cc12
6211,7.234952786980211,Cc1c(C(=O)NCCc2ccc(N3CCCCC3)cc2)[nH]c2ccccc12
6212,7.6979880028235375,Cc1c(C(=O)NCCc2ccc(N3CCCCC3)cc2)[nH]c2cc(Cl)ccc12
6213,8.180930496412024,Cc1c(C(=O)O)[nH]c2cnnc(Nc3ccc(OCc4cccc(F)c4)c(Cl)c3)c12
6214,8.566541597617139,Cc1c(C(=O)NCCN2CCOCC2)[nH]c2cnnc(Nc3ccc(OCc4ccccn4)c(Cl)c3)c12
6215,8.189017449738877,Cc1c(C(=O)O)[nH]c2cnnc(Nc3ccc(OCc4ccccn4)c(Cl)c3)c12
6216,9.565245297956523,CC(C)(C)CNc1c(C#N)cnc2c(C#N)cc(N[C@H](C3=CN(C4CCCC4)NN3)c3cncs3)cc12
6217,9.2345222071882,CC(C)(C)CNc1c(C#N)cnc2c(Cl)cc(N[C@H](C3=CN(C4CCCC4)NN3)c3ncccn3)cc12
6218,8.029594440690634,Cc1nc(CNc2cc(Cl)c3ncc(C#N)c(Nc4ccc(F)c(Cl)c4)c3c2)c(C)o1
6219,8.001671385984583,Cc1nc(CNc2cc(Cl)c3ncc(C#N)c(Nc4ccc(F)c(Cl)c4)c3c2)c(C)[nH]1
6220,7.042065539069334,CC(C)n1nc(-c2cc3c(c(C(F)(F)F)c2)OCO3)c2c(N)ncnc21
6221,6.826723956349338,CC(C)n1nc(-c2cc3c(c(C(=O)O)c2Cl)OCO3)c2c(N)ncnc21
6222,8.700972499711947,Cc1nc(C)c([C@H](Nc2cc(Cl)c3ncc(C#N)c(Nc4ccc(F)c(Cl)c4)c3c2)C2=CNCC2)s1
6223,8.780525577602303,Cc1nc(C)c([C@H](Nc2cc(Cl)c3ncc(C#N)c(Nc4ccc(F)c(Cl)c4)c3c2)C2=CN(C)CC2)s1
6224,6.715741075929289,CCNc1nc(C)c(C(=O)/C=C/c2cccc([N+](=O)[O-])c2)s1
6225,6.5073910794521606,CCNc1nc(C)c(C(=O)/C=C/c2ccccc2Cl)s1
6226,6.629781837867904,CNc1nc(C)c(C(=O)/C=C/c2ccccc2Cl)s1
6227,6.6457146757437995,CNc1nc(C)c(C(=O)/C=C/c2cccc(F)c2)s1
6228,6.417299871580953,CCNc1nc(C)c(C(=O)/C=C/c2ccccc2)s1
6229,8.378047911790953,CC(C)N1C=C([C@@H](Nc2cc(Cl)c3ncc(C#N)c(N[C@H](C)c4ccccc4)c3c2)c2ccccc2)NN1
6230,8.378047911790953,CC(C)N1C=C([C@@H](Nc2cc(Cl)c3ncc(C#N)c(N[C@@H](C)c4ccccc4)c3c2)c2ccccc2)NN1
6231,8.788199328607902,CC(C)N1C=C([C@@H](Nc2cc(Cl)c3ncc(C#N)c(Nc4cccc(Cl)c4F)c3c2)c2ccccc2)NN1
6232,8.968605095402623,CC(C)(C)CNc1c(C#N)cnc2c(C#N)cc(N[C@H](C3=CN(C4CCCC4)CC3)c3cncs3)cc12
6233,9.4674076858991,CC(C)(C)CNc1c(C#N)cnc2c(Cl)cc(N[C@H](C3=CN(C4(C)CC4)NN3)c3cncs3)cc12
6234,9.491884524294914,CC(C)(C)CNc1c(C#N)cnc2c(Cl)cc(N[C@H](C3=CN(C4CCCC4)NN3)c3cncs3)cc12
6235,8.925226771774867,CC(C)(C)CNc1c(C#N)cnc2c(C#N)cc(N[C@H](C3=CN(CCO)CC3)c3cncs3)cc12
6236,8.803176194587634,CC(C)(C)CNc1c(C#N)cnc2c(Cl)cc(N[C@H](C3=CN(CCO)CC3)c3cncs3)cc12
6237,8.841808255567253,CC(C)(C)CNc1c(C#N)cnc2c(Cl)cc(N[C@H](C3=CN(CCO)CC3)c3nccs3)cc12
6238,8.734819602141773,Cc1ncsc1[C@H](Nc1cc(Cl)c2ncc(C#N)c(N[C@H](C)c3ccccc3)c2c1)C1=CNCCN1
6239,8.52748275736104,Cc1ncsc1[C@H](Nc1cc(Cl)c2ncc(C#N)c(N[C@H](C)c3ccccc3)c2c1)C1=CN(C)CC1
6240,7.9209639093404185,Cc1nc(CNc2cc(Cl)c3ncc(C#N)c(Nc4ccc(Cl)c(Cl)c4F)c3c2)c(C)[nH]1
6241,8.686094225213699,Cc1nc([C@H](Nc2cc(Cl)c3ncc(C#N)c(Nc4ccc(Cl)c(Cl)c4F)c3c2)C2=COCC2)c(C)o1
6242,8.655137133935892,N#Cc1cnc2c(Cl)cc(NC(C3=NNCCN3)c3cccnc3)cc2c1Nc1ccc(Cl)c(Cl)c1
6243,7.905941978365762,N#Cc1cnc2c(Cl)cc(NC(C3=NCCN3)c3ccc(Cl)cc3)cc2c1Nc1ccc(Cl)c(Cl)c1
